<?xml version="1.0" ?>
<!DOCTYPE PubmedArticleSet PUBLIC "-//NLM//DTD PubMedArticle, 1st January 2023//EN" "https://dtd.nlm.nih.gov/ncbi/pubmed/out/pubmed_230101.dtd">
<PubmedArticleSet>
<PubmedArticle><MedlineCitation Status="MEDLINE" Owner="NLM" IndexingMethod="Automated"><PMID Version="1">34749630</PMID><DateCompleted><Year>2021</Year><Month>11</Month><Day>10</Day></DateCompleted><DateRevised><Year>2021</Year><Month>11</Month><Day>12</Day></DateRevised><Article PubModel="Electronic"><Journal><ISSN IssnType="Electronic">1471-2105</ISSN><JournalIssue CitedMedium="Internet"><Volume>22</Volume><Issue>Suppl 5</Issue><PubDate><Year>2021</Year><Month>Nov</Month><Day>08</Day></PubDate></JournalIssue><Title>BMC bioinformatics</Title><ISOAbbreviation>BMC Bioinformatics</ISOAbbreviation></Journal><ArticleTitle>Epidemic prediction of dengue fever based on vector compartment model and Markov chain Monte Carlo method.</ArticleTitle><Pagination><StartPage>118</StartPage><MedlinePgn>118</MedlinePgn></Pagination><ELocationID EIdType="pii" ValidYN="Y">118</ELocationID><ELocationID EIdType="doi" ValidYN="Y">10.1186/s12859-021-04059-x</ELocationID><Abstract><AbstractText Label="BACKGROUND" NlmCategory="BACKGROUND">Dengue epidemics is affected by vector-human interactive dynamics. Infectious disease prevention and control emphasize the timing intervention at the right diffusion phase. In such a way, control measures can be cost-effective, and epidemic incidents can be controlled before devastated consequence occurs. However, timing relations between a measurable signal and the onset of the pandemic are complex to be discovered, and the typical lag period regression is difficult to capture in these complex relations. This study investigates the dynamic diffusion pattern of the disease in terms of a probability distribution. We estimate the parameters of an epidemic compartment model with the cross-infection of patients and mosquitoes in various infection cycles. We comprehensively study the incorporated meteorological and mosquito factors that may affect the epidemic of dengue fever to predict dengue fever epidemics.</AbstractText><AbstractText Label="RESULTS" NlmCategory="RESULTS">We develop a dual-parameter estimation algorithm for a composite model of the partial differential equations for vector-susceptible-infectious-recovered with exogeneity compartment model, Markov chain Montel Carlo method, and boundary element method to evaluate the epidemic periodicity under the effect of environmental factors of dengue fever, given the time series data of 2000-2016 from three cities with a population of 4.7 million. The established computer model of "energy accumulation-delayed diffusion-epidemics" is proven to be effective to predict the future trend of reported and unreported infected incidents. Our artificial intelligent algorithm can inform the authority to cease the larvae at the highest vector infection time. We find that the estimated dengue report rate is about 20%, which is close to the number of official announcements, and the percentage of infected vectors increases exponentially yearly. We suggest that the executive authorities should seriously consider the accumulated effect among infected populations. This established epidemic prediction model of dengue fever can be used to simulate and evaluate the best time to prevent and control dengue fever.</AbstractText><AbstractText Label="CONCLUSIONS" NlmCategory="CONCLUSIONS">Given our developed model, government epidemic prevention teams can apply this platform before they physically carry out the prevention work. The optimal suggestions from these models can be promptly accommodated when real-time data have been continuously corrected from clinics and related agents.</AbstractText><CopyrightInformation>&#xa9; 2021. The Author(s).</CopyrightInformation></Abstract><AuthorList CompleteYN="Y"><Author ValidYN="Y"><LastName>Lee</LastName><ForeName>Chien-Hung</ForeName><Initials>CH</Initials><AffiliationInfo><Affiliation>Department of Public Health, College of Health Sciences, Kaohsiung Medical University, Kaohsiung, Taiwan.</Affiliation></AffiliationInfo><AffiliationInfo><Affiliation>Research Center for Environmental Medicine, Kaohsiung Medical University, Kaohsiung, Taiwan.</Affiliation></AffiliationInfo><AffiliationInfo><Affiliation>Department of Medical Research, Kaohsiung Medical University Hospital, Kaohsiung Medical University, Kaohsiung, Taiwan.</Affiliation></AffiliationInfo><AffiliationInfo><Affiliation>Office of Institutional Research and Planning Section, Kaohsiung Medical University, Kaohsiung, Taiwan.</Affiliation></AffiliationInfo></Author><Author ValidYN="Y"><LastName>Chang</LastName><ForeName>Ko</ForeName><Initials>K</Initials><AffiliationInfo><Affiliation>Department of Internal Medicine, Kaohsiung Municipal Hsiao-Kang Hospital, Kaohsiung Medical University, Kaohsiung, Taiwan.</Affiliation></AffiliationInfo></Author><Author ValidYN="Y"><LastName>Chen</LastName><ForeName>Yao-Mei</ForeName><Initials>YM</Initials><AffiliationInfo><Affiliation>School of Nursing, Kaohsiung Medical University, Kaohsiung, Taiwan.</Affiliation></AffiliationInfo><AffiliationInfo><Affiliation>Superintendent Office, Kaohsiung Medical University Hospital, Kaohsiung, Taiwan.</Affiliation></AffiliationInfo></Author><Author ValidYN="Y"><LastName>Tsai</LastName><ForeName>Jinn-Tsong</ForeName><Initials>JT</Initials><AffiliationInfo><Affiliation>Department of Computer Science, National Pingtung University, Pingtung, Taiwan.</Affiliation></AffiliationInfo><AffiliationInfo><Affiliation>Department of Healthcare Administration and Medical Informatics, Kaohsiung Medical University, Kaohsiung, Taiwan.</Affiliation></AffiliationInfo></Author><Author ValidYN="Y"><LastName>Chen</LastName><ForeName>Yenming J</ForeName><Initials>YJ</Initials><Identifier Source="ORCID">0000-0003-3072-0917</Identifier><AffiliationInfo><Affiliation>Management School, National Kaohsiung University of Science and Technology, Kaohsiung, Taiwan. yjjchen@nkust.edu.tw.</Affiliation></AffiliationInfo></Author><Author ValidYN="Y"><LastName>Ho</LastName><ForeName>Wen-Hsien</ForeName><Initials>WH</Initials><AffiliationInfo><Affiliation>Department of Medical Research, Kaohsiung Medical University Hospital, Kaohsiung Medical University, Kaohsiung, Taiwan. whho@kmu.edu.tw.</Affiliation></AffiliationInfo><AffiliationInfo><Affiliation>Department of Healthcare Administration and Medical Informatics, Kaohsiung Medical University, Kaohsiung, Taiwan. whho@kmu.edu.tw.</Affiliation></AffiliationInfo></Author></AuthorList><Language>eng</Language><GrantList CompleteYN="Y"><Grant><GrantID>106A1-MRCO-1017172</GrantID><Agency>National Health Research Institutes</Agency><Country/></Grant><Grant><GrantID>107-2410-H-992-014-MY2</GrantID><Agency>Ministry of Science and Technology, Taiwan</Agency><Country/></Grant><Grant><GrantID>109-2221-E-153-005-MY3</GrantID><Agency>Ministry of Science and Technology, Taiwan</Agency><Country/></Grant><Grant><GrantID>109-2221-E-037-005</GrantID><Agency>Ministry of Science and Technology, Taiwan</Agency><Country/></Grant><Grant><GrantID>KMU-TC109A01-1</GrantID><Agency>Research Center for Environmental Medicine, Kaohsiung Medical University</Agency><Country/></Grant></GrantList><PublicationTypeList><PublicationType UI="D016428">Journal Article</PublicationType></PublicationTypeList><ArticleDate DateType="Electronic"><Year>2021</Year><Month>11</Month><Day>08</Day></ArticleDate></Article><MedlineJournalInfo><Country>England</Country><MedlineTA>BMC Bioinformatics</MedlineTA><NlmUniqueID>100965194</NlmUniqueID><ISSNLinking>1471-2105</ISSNLinking></MedlineJournalInfo><CitationSubset>IM</CitationSubset><MeshHeadingList><MeshHeading><DescriptorName UI="D000330" MajorTopicYN="Y">Aedes</DescriptorName></MeshHeading><MeshHeading><DescriptorName UI="D000818" MajorTopicYN="N">Animals</DescriptorName></MeshHeading><MeshHeading><DescriptorName UI="D003715" MajorTopicYN="Y">Dengue</DescriptorName><QualifierName UI="Q000453" MajorTopicYN="N">epidemiology</QualifierName></MeshHeading><MeshHeading><DescriptorName UI="D058872" MajorTopicYN="Y">Epidemics</DescriptorName></MeshHeading><MeshHeading><DescriptorName UI="D006801" MajorTopicYN="N">Humans</DescriptorName></MeshHeading><MeshHeading><DescriptorName UI="D008390" MajorTopicYN="N">Markov Chains</DescriptorName></MeshHeading><MeshHeading><DescriptorName UI="D009010" MajorTopicYN="N">Monte Carlo Method</DescriptorName></MeshHeading><MeshHeading><DescriptorName UI="D000072138" MajorTopicYN="N">Mosquito Vectors</DescriptorName></MeshHeading></MeshHeadingList><KeywordList Owner="NOTNLM"><Keyword MajorTopicYN="N">Dengue transmission</Keyword><Keyword MajorTopicYN="N">Epidemic prevention timing</Keyword><Keyword MajorTopicYN="N">Vector-susceptible-infectious-recovered with exogeneity (VSIRX)</Keyword></KeywordList><CoiStatement>The authors declare that they have no competing interests.</CoiStatement></MedlineCitation><PubmedData><History><PubMedPubDate PubStatus="received"><Year>2021</Year><Month>2</Month><Day>21</Day></PubMedPubDate><PubMedPubDate PubStatus="accepted"><Year>2021</Year><Month>3</Month><Day>2</Day></PubMedPubDate><PubMedPubDate PubStatus="entrez"><Year>2021</Year><Month>11</Month><Day>9</Day><Hour>5</Hour><Minute>35</Minute></PubMedPubDate><PubMedPubDate PubStatus="pubmed"><Year>2021</Year><Month>11</Month><Day>10</Day><Hour>6</Hour><Minute>0</Minute></PubMedPubDate><PubMedPubDate PubStatus="medline"><Year>2021</Year><Month>11</Month><Day>11</Day><Hour>6</Hour><Minute>0</Minute></PubMedPubDate></History><PublicationStatus>epublish</PublicationStatus><ArticleIdList><ArticleId IdType="pubmed">34749630</ArticleId><ArticleId IdType="pmc">PMC8576924</ArticleId><ArticleId IdType="doi">10.1186/s12859-021-04059-x</ArticleId><ArticleId IdType="pii">10.1186/s12859-021-04059-x</ArticleId></ArticleIdList><ReferenceList><Reference><Citation>Kaohsiung-D.C.B. Dengue information. Disease Control Bureau, the Department of Health, Kaohsiung City Government, Kaohsiung; 2000&#x2013;2016.</Citation></Reference><Reference><Citation>Taiwan-CDC. Centers for disease control: Taiwan national infectious disease statistics system, 2000&#x2013;2019. Taiwan Ministry of Health and Welfare. http://nidss.cdc.gov.tw/en/SingleDisease.aspx?dc=1&amp;dt=2&amp;disease=055. Accessed 11 Aug 2019.</Citation></Reference><Reference><Citation>Shen Y, Christina A, John ND, Gregory FC. Estimating the joint disease outbreak-detection time when an automated biosurveillance system is augmenting traditional clinical case finding. J Biomed Inform. 2008;41(2):224&#x2013;231. doi: 10.1016/j.jbi.2007.11.002.</Citation><ArticleIdList><ArticleId IdType="doi">10.1016/j.jbi.2007.11.002</ArticleId><ArticleId IdType="pubmed">18194876</ArticleId></ArticleIdList></Reference><Reference><Citation>Andraud M, Niel H, Christiaan M, Philippe B. Dynamic epidemiological models for dengue transmission: a systematic review of structural approaches. PLoS ONE. 2012;7(11):e49085. doi: 10.1371/journal.pone.0049085.</Citation><ArticleIdList><ArticleId IdType="doi">10.1371/journal.pone.0049085</ArticleId><ArticleId IdType="pmc">PMC3490912</ArticleId><ArticleId IdType="pubmed">23139836</ArticleId></ArticleIdList></Reference><Reference><Citation>Nuraini N, Soewono E, Sidarto KA. Mathematical model of dengue disease transmission with severe DHF compartment. Bull Malays Math Sci Soc. 2007;30(2):143&#x2013;157.</Citation></Reference><Reference><Citation>Nishiura H. Mathematical and statistical analyses of the spread of dengue. Dengue Bull. 2006;30:51&#x2013;67.</Citation></Reference><Reference><Citation>Amaku M, Azevedo F, Burattini MN, Coutinho FAB, Lopez LF, Massad E. Interpretations and pitfalls in modelling vector-transmitted infections. Epidemiol Infect. 2015;143(09):1803&#x2013;1815. doi: 10.1017/S0950268814002660.</Citation><ArticleIdList><ArticleId IdType="doi">10.1017/S0950268814002660</ArticleId><ArticleId IdType="pubmed">25417817</ArticleId></ArticleIdList></Reference><Reference><Citation>Polwiang S. The seasonal reproduction number of dengue fever: impacts of climate on transmission. PeerJ. 2015;3:e1069. doi: 10.7717/peerj.1069.</Citation><ArticleIdList><ArticleId IdType="doi">10.7717/peerj.1069</ArticleId><ArticleId IdType="pmc">PMC4512769</ArticleId><ArticleId IdType="pubmed">26213648</ArticleId></ArticleIdList></Reference><Reference><Citation>Zamiri A, Yazdi HS, Goli SA. Temporal and spatial monitoring and prediction of epidemic outbreaks. IEEE J Biomed Health Inform. 2015;19(2):735&#x2013;744. doi: 10.1109/JBHI.2014.2338213.</Citation><ArticleIdList><ArticleId IdType="doi">10.1109/JBHI.2014.2338213</ArticleId><ArticleId IdType="pmc">PMC7186040</ArticleId><ArticleId IdType="pubmed">25122846</ArticleId></ArticleIdList></Reference><Reference><Citation>Chang FS, Tseng YT, Hsu PS, Chen CD, Lian Ie B, Chao DY. Re-assess vector indices threshold as an early warning tool for predicting dengue epidemic in a dengue non-endemic country. PLoS Negl Trop Dis. 2015;9(9):e0004043. doi: 10.1371/journal.pntd.0004043.</Citation><ArticleIdList><ArticleId IdType="doi">10.1371/journal.pntd.0004043</ArticleId><ArticleId IdType="pmc">PMC4569482</ArticleId><ArticleId IdType="pubmed">26366874</ArticleId></ArticleIdList></Reference><Reference><Citation>Kilicman A. A fractional order SIR epidemic model for dengue transmission. Chaos Solitons Fractals. 2018;114:55&#x2013;62. doi: 10.1016/j.chaos.2018.06.031.</Citation><ArticleIdList><ArticleId IdType="doi">10.1016/j.chaos.2018.06.031</ArticleId></ArticleIdList></Reference><Reference><Citation>Cahyono ES, Alfensi F, Bambang S. Analysis of dengue fever disease transmission using suspected-infected-recovered (SIR) model. In: Journal of physics: conference series, vol 1282. no 1. IOP Publishing; 2019.</Citation></Reference><Reference><Citation>Gersovitz M, Jeffrey SH. The economical control of infectious diseases. Econ J. 2004;114(492):1&#x2013;27. doi: 10.1046/j.0013-0133.2003.0174.x.</Citation><ArticleIdList><ArticleId IdType="doi">10.1046/j.0013-0133.2003.0174.x</ArticleId></ArticleIdList></Reference><Reference><Citation>Chanprasopchai P, Tang IM, Pongsumpun P. SIR model for dengue disease with effect of dengue vaccination. Comput Math Methods Med. 2018 doi: 10.1155/2018/9861572.</Citation><ArticleIdList><ArticleId IdType="doi">10.1155/2018/9861572</ArticleId><ArticleId IdType="pmc">PMC6136472</ArticleId><ArticleId IdType="pubmed">30228830</ArticleId></ArticleIdList></Reference><Reference><Citation>Luz PM, Vanni T, Medlock J, Paltiel AD, Galvani AP. Dengue vector control strategies in an urban setting: an economic modelling assessment. Lancet. 2011;377(9778):1673&#x2013;1680. doi: 10.1016/S0140-6736(11)60246-8.</Citation><ArticleIdList><ArticleId IdType="doi">10.1016/S0140-6736(11)60246-8</ArticleId><ArticleId IdType="pmc">PMC3409589</ArticleId><ArticleId IdType="pubmed">21546076</ArticleId></ArticleIdList></Reference><Reference><Citation>Kermack WO, Anderson GM. A contribution to the mathematical theory of epidemics. Proc R Soc Lond A Math Phys Eng Sci R Soc. 1927;115:700&#x2013;721.</Citation></Reference><Reference><Citation>Roche B, Gu&#xe9;gan JF, Bousquet F. Multi-agent systems in epidemiology: a first step for computational biology in the study of vector-borne disease transmission. BMC Bioinform. 2008;9(1):435. doi: 10.1186/1471-2105-9-435.</Citation><ArticleIdList><ArticleId IdType="doi">10.1186/1471-2105-9-435</ArticleId><ArticleId IdType="pmc">PMC2600827</ArticleId><ArticleId IdType="pubmed">18922166</ArticleId></ArticleIdList></Reference><Reference><Citation>Siriyasatien P, Phumee A, Ongruk P, Jampachaisri K, Kesorn K. Analysis of significant factors for dengue fever incidence prediction. BMC Bioinform. 2016;17(1):166. doi: 10.1186/s12859-016-1034-5.</Citation><ArticleIdList><ArticleId IdType="doi">10.1186/s12859-016-1034-5</ArticleId><ArticleId IdType="pmc">PMC4833916</ArticleId><ArticleId IdType="pubmed">27083696</ArticleId></ArticleIdList></Reference></ReferenceList></PubmedData></PubmedArticle></PubmedArticleSet>