<?xml version="1.0" ?>
<!DOCTYPE PubmedArticleSet PUBLIC "-//NLM//DTD PubMedArticle, 1st January 2023//EN" "https://dtd.nlm.nih.gov/ncbi/pubmed/out/pubmed_230101.dtd">
<PubmedArticleSet>
<PubmedArticle><MedlineCitation Status="PubMed-not-MEDLINE" Owner="NLM"><PMID Version="1">34805205</PMID><DateRevised><Year>2021</Year><Month>11</Month><Day>23</Day></DateRevised><Article PubModel="Electronic-eCollection"><Journal><ISSN IssnType="Print">2296-858X</ISSN><JournalIssue CitedMedium="Print"><Volume>8</Volume><PubDate><Year>2021</Year></PubDate></JournalIssue><Title>Frontiers in medicine</Title><ISOAbbreviation>Front Med (Lausanne)</ISOAbbreviation></Journal><ArticleTitle>Association Between a History of Dengue Fever and the Risk of Systemic Autoimmune Rheumatic Diseases: A Nationwide, Population-Based Case-Control Study.</ArticleTitle><Pagination><StartPage>738291</StartPage><MedlinePgn>738291</MedlinePgn></Pagination><ELocationID EIdType="pii" ValidYN="Y">738291</ELocationID><ELocationID EIdType="doi" ValidYN="Y">10.3389/fmed.2021.738291</ELocationID><Abstract><AbstractText><b>Purpose:</b> To determine the association between a history of clinically diagnosed dengue infection and the risk of systemic autoimmune rheumatic diseases (SARDs). <b>Methods:</b> Using claims data from the 1997-2013 Taiwanese National Health Insurance Research Database, we included 74,422 patients who were diagnosed with SARDs and 297,688 patients without SARDs who were matched (in a 1:4 ratio) for age, sex, year of SARDs index date, and city of residence. The associations between the development of SARDs and a history of dengue infection (International Classification of Diseases, Ninth Revision, Clinical Modification code 061) were investigated using conditional logistic regression analysis shown as odds ratios (ORs) with 95% confidence intervals (CIs) after adjusting for potential confounders. <b>Results:</b> We included 17,126 patients with systemic lupus erythematosus (SLE), 15,531 patients with Sjogren's syndrome (SS), 37,685 patients with rheumatoid arthritis (RA), 1,911 patients with systemic sclerosis (SSc), 1,277 patients with dermatomyositis (DM), and 892 patients with polymyositis (PM). SLE (OR, 4.55; 95% CI, 2.77-7.46; <i>p</i> &lt;0.001) risk was significantly associated with a history of dengue infection. However, no statistically significant association was found between dengue infection and SS (OR, 1.41; 95% CI, 0.88-2.26; <i>p</i> = 0.155), RA (OR, 1.03; 95% CI, 0.70-1.50; <i>p</i> = 0.888), SSc (OR, 1.97; 95% CI, 0.38-10.29; <i>p</i> = 0.420), DM (OR, 0.54; 95% CI, 0.04-7.27; <i>p</i> = 0.641), or PM (OR, 2.08; 95% CI, 0.23-18.79; <i>p</i> = 0.513). <b>Conclusion:</b> This study revealed that a history of dengue infection was significantly associated with the risk of SLE, but not SS, RA, SSc, DM, or PM.</AbstractText><CopyrightInformation>Copyright &#xa9; 2021 Chen, Hsieh, Lin, Chen, Lin and Chen.</CopyrightInformation></Abstract><AuthorList CompleteYN="Y"><Author ValidYN="Y"><LastName>Chen</LastName><ForeName>Yun-Wen</ForeName><Initials>YW</Initials><AffiliationInfo><Affiliation>Division of Allergy, Immunology and Rheumatology, Department of Internal Medicine, Taichung Veterans General Hospital, Taichung City, Taiwan.</Affiliation></AffiliationInfo></Author><Author ValidYN="Y"><LastName>Hsieh</LastName><ForeName>Tsu-Yi</ForeName><Initials>TY</Initials><AffiliationInfo><Affiliation>Division of Allergy, Immunology and Rheumatology, Department of Internal Medicine, Taichung Veterans General Hospital, Taichung City, Taiwan.</Affiliation></AffiliationInfo><AffiliationInfo><Affiliation>Department of Medical Education, Taichung Veterans General Hospital, Taichung City, Taiwan.</Affiliation></AffiliationInfo><AffiliationInfo><Affiliation>Ph.D. Program of Business, Feng Chia University, Taichung City, Taiwan.</Affiliation></AffiliationInfo><AffiliationInfo><Affiliation>School of Medicine, National Yang-Ming University, Taipei City, Taiwan.</Affiliation></AffiliationInfo></Author><Author ValidYN="Y"><LastName>Lin</LastName><ForeName>Ching-Heng</ForeName><Initials>CH</Initials><AffiliationInfo><Affiliation>Department of Industrial Engineering and Enterprise Information, Tunghai University, Taichung City, Taiwan.</Affiliation></AffiliationInfo><AffiliationInfo><Affiliation>Department of Medical Research, Taichung Veterans General Hospital, Taichung City, Taiwan.</Affiliation></AffiliationInfo><AffiliationInfo><Affiliation>Department of Healthcare Management, National Taipei University of Nursing and Health Sciences, Taipei City, Taiwan.</Affiliation></AffiliationInfo><AffiliationInfo><Affiliation>Department of Public Health, College of Medicine, Fu Jen Catholic University, New Taipei City, Taiwan.</Affiliation></AffiliationInfo></Author><Author ValidYN="Y"><LastName>Chen</LastName><ForeName>Hsian-Min</ForeName><Initials>HM</Initials><AffiliationInfo><Affiliation>Department of Medical Research, Taichung Veterans General Hospital, Taichung City, Taiwan.</Affiliation></AffiliationInfo><AffiliationInfo><Affiliation>Center for Quantitative Imaging in Medicine (CQUIM), Department of Medical Research, Taichung Veterans General Hospital, Taichung City, Taiwan.</Affiliation></AffiliationInfo><AffiliationInfo><Affiliation>Department of Computer Science and Information Engineering, National United University, Miaoli City, Taiwan.</Affiliation></AffiliationInfo><AffiliationInfo><Affiliation>Institute of Biomedical Science and Rong Hsing Research Center for Translational Medicine, Chung Hsing University, Taichung City, Taiwan.</Affiliation></AffiliationInfo></Author><Author ValidYN="Y"><LastName>Lin</LastName><ForeName>Chi-Chien</ForeName><Initials>CC</Initials><AffiliationInfo><Affiliation>Department of Public Health, College of Medicine, Fu Jen Catholic University, New Taipei City, Taiwan.</Affiliation></AffiliationInfo><AffiliationInfo><Affiliation>Center for Quantitative Imaging in Medicine (CQUIM), Department of Medical Research, Taichung Veterans General Hospital, Taichung City, Taiwan.</Affiliation></AffiliationInfo></Author><Author ValidYN="Y"><LastName>Chen</LastName><ForeName>Hsin-Hua</ForeName><Initials>HH</Initials><AffiliationInfo><Affiliation>Division of Allergy, Immunology and Rheumatology, Department of Internal Medicine, Taichung Veterans General Hospital, Taichung City, Taiwan.</Affiliation></AffiliationInfo><AffiliationInfo><Affiliation>School of Medicine, National Yang-Ming University, Taipei City, Taiwan.</Affiliation></AffiliationInfo><AffiliationInfo><Affiliation>Department of Industrial Engineering and Enterprise Information, Tunghai University, Taichung City, Taiwan.</Affiliation></AffiliationInfo><AffiliationInfo><Affiliation>Institute of Biomedical Science and Rong Hsing Research Center for Translational Medicine, Chung Hsing University, Taichung City, Taiwan.</Affiliation></AffiliationInfo></Author></AuthorList><Language>eng</Language><PublicationTypeList><PublicationType UI="D016428">Journal Article</PublicationType></PublicationTypeList><ArticleDate DateType="Electronic"><Year>2021</Year><Month>11</Month><Day>03</Day></ArticleDate></Article><MedlineJournalInfo><Country>Switzerland</Country><MedlineTA>Front Med (Lausanne)</MedlineTA><NlmUniqueID>101648047</NlmUniqueID><ISSNLinking>2296-858X</ISSNLinking></MedlineJournalInfo><KeywordList Owner="NOTNLM"><Keyword MajorTopicYN="N">claims data</Keyword><Keyword MajorTopicYN="N">dengue</Keyword><Keyword MajorTopicYN="N">history</Keyword><Keyword MajorTopicYN="N">risk</Keyword><Keyword MajorTopicYN="N">systemic autoimmune rheumatic disease (SARD)</Keyword></KeywordList><CoiStatement>The authors declare that the research was conducted in the absence of any commercial or financial relationships that could be construed as a potential conflict of interest.</CoiStatement></MedlineCitation><PubmedData><History><PubMedPubDate PubStatus="received"><Year>2021</Year><Month>7</Month><Day>8</Day></PubMedPubDate><PubMedPubDate PubStatus="accepted"><Year>2021</Year><Month>10</Month><Day>14</Day></PubMedPubDate><PubMedPubDate PubStatus="entrez"><Year>2021</Year><Month>11</Month><Day>22</Day><Hour>6</Hour><Minute>53</Minute></PubMedPubDate><PubMedPubDate PubStatus="pubmed"><Year>2021</Year><Month>11</Month><Day>23</Day><Hour>6</Hour><Minute>0</Minute></PubMedPubDate><PubMedPubDate PubStatus="medline"><Year>2021</Year><Month>11</Month><Day>23</Day><Hour>6</Hour><Minute>1</Minute></PubMedPubDate></History><PublicationStatus>epublish</PublicationStatus><ArticleIdList><ArticleId IdType="pubmed">34805205</ArticleId><ArticleId IdType="pmc">PMC8597927</ArticleId><ArticleId IdType="doi">10.3389/fmed.2021.738291</ArticleId></ArticleIdList><ReferenceList><Reference><Citation>Castro MC, Wilson ME, Bloom DE. Disease and economic burdens of dengue. Lancet Infect Dis. (2017) 17:e70&#x2013;e8. 10.1016/S1473-3099(16)30545-X</Citation><ArticleIdList><ArticleId IdType="doi">10.1016/S1473-3099(16)30545-X</ArticleId><ArticleId IdType="pubmed">28185869</ArticleId></ArticleIdList></Reference><Reference><Citation>Bhatt S, Gething PW, Brady OJ, Messina JP, Farlow AW, Moyes CL, et al. . The global distribution and burden of dengue. Nature. (2013) 496:504&#x2013;7. 10.1038/nature12060</Citation><ArticleIdList><ArticleId IdType="doi">10.1038/nature12060</ArticleId><ArticleId IdType="pmc">PMC3651993</ArticleId><ArticleId IdType="pubmed">23563266</ArticleId></ArticleIdList></Reference><Reference><Citation>Garc&#xed;a G, Gonz&#xe1;lez N, P&#xe9;rez AB, Sierra B, Aguirre E, Rizo D, et al. . Long-term persistence of clinical symptoms in dengue-infected persons and its association with immunological disorders. Int J Infect Dis. (2011) 15:e38&#x2013;43. 10.1016/j.ijid.2010.09.008</Citation><ArticleIdList><ArticleId IdType="doi">10.1016/j.ijid.2010.09.008</ArticleId><ArticleId IdType="pubmed">21112804</ArticleId></ArticleIdList></Reference><Reference><Citation>Chen HR, Chuang YC, Lin YS, Liu HS, Liu CC, Perng GC, et al. . Dengue virus nonstructural protein 1 induces vascular leakage through macrophage migration inhibitory factor and autophagy. PLoS Negl Trop Dis. (2016) 10:e0004828. 10.1371/journal.pntd.0004828</Citation><ArticleIdList><ArticleId IdType="doi">10.1371/journal.pntd.0004828</ArticleId><ArticleId IdType="pmc">PMC4943727</ArticleId><ArticleId IdType="pubmed">27409803</ArticleId></ArticleIdList></Reference><Reference><Citation>Shaio MF, Chang FY, Hou SC. Complement pathway activity in serum from patients with classical dengue fever. Trans R Soc Trop Med Hyg. (1992) 86:672&#x2013;5. 10.1016/0035-9203(92)90186-G</Citation><ArticleIdList><ArticleId IdType="doi">10.1016/0035-9203(92)90186-G</ArticleId><ArticleId IdType="pubmed">1287942</ArticleId></ArticleIdList></Reference><Reference><Citation>Sehrawat P, Biswas A, Kumar P, Singla P, Wig N, Dar L, et al. . Role of cytokines as molecular marker of dengue severity. Mediterr J Hematol Infect Dis. (2018) 10:e2018023. 10.4084/mjhid.2018.023</Citation><ArticleIdList><ArticleId IdType="doi">10.4084/mjhid.2018.023</ArticleId><ArticleId IdType="pmc">PMC5937971</ArticleId><ArticleId IdType="pubmed">29755701</ArticleId></ArticleIdList></Reference><Reference><Citation>Mahto H, Tripathy R, Meher BR, Prusty BK, Sharma M, Deogharia D, et al. . TNF-&#x3b1; promoter polymorphisms (G-238A and G-308A) are associated with susceptibility to systemic lupus erythematosus (SLE) and P. falciparum malaria: a study in malaria endemic area. Sci Rep. (2019) 9:11752. 10.1038/s41598-019-48182-5</Citation><ArticleIdList><ArticleId IdType="doi">10.1038/s41598-019-48182-5</ArticleId><ArticleId IdType="pmc">PMC6692415</ArticleId><ArticleId IdType="pubmed">31409832</ArticleId></ArticleIdList></Reference><Reference><Citation>Liu W, Li M, Wang Z, Wang J. IFN-&#x3b3; Mediates the development of systemic lupus erythematosus. Biomed Res Int. (2020) 2020:7176515. 10.1155/2020/7176515</Citation><ArticleIdList><ArticleId IdType="doi">10.1155/2020/7176515</ArticleId><ArticleId IdType="pmc">PMC7586164</ArticleId><ArticleId IdType="pubmed">33123584</ArticleId></ArticleIdList></Reference><Reference><Citation>Bhatt P, Sabeena SP, Varma M, Arunkumar G. Current Understanding of the pathogenesis of dengue virus infection. Curr Microbiol. (2021) 78:17&#x2013;32. 10.1007/s00284-020-02284-w</Citation><ArticleIdList><ArticleId IdType="doi">10.1007/s00284-020-02284-w</ArticleId><ArticleId IdType="pmc">PMC7815537</ArticleId><ArticleId IdType="pubmed">33231723</ArticleId></ArticleIdList></Reference><Reference><Citation>Li HM, Huang YK, Su YC, Kao CH. Increased risk of autoimmune diseases in dengue patients: a population-based cohort study. J Infect. (2018) 77:212&#x2013;9. 10.1016/j.jinf.2018.03.014</Citation><ArticleIdList><ArticleId IdType="doi">10.1016/j.jinf.2018.03.014</ArticleId><ArticleId IdType="pubmed">29746944</ArticleId></ArticleIdList></Reference><Reference><Citation>Chang CC, Yen YC, Lee CY, Lin CF, Huang CC, Tsai CW, et al. . Lower risk of primary Sjogren's syndrome in patients with dengue virus infection: a nationwide cohort study in Taiwan. Clin Rheumatol. (2021) 40:537&#x2013;46. 10.1007/s10067-020-05282-2</Citation><ArticleIdList><ArticleId IdType="doi">10.1007/s10067-020-05282-2</ArticleId><ArticleId IdType="pmc">PMC7817565</ArticleId><ArticleId IdType="pubmed">32671658</ArticleId></ArticleIdList></Reference><Reference><Citation>David Celentano MS. Gordis Epidemiology. 6th ed. Baltimore, MD: Elsevier; (2018).</Citation></Reference><Reference><Citation>Deyo RA, Cherkin DC, Ciol MA. Adapting a clinical comorbidity index for use with ICD-9-CM administrative databases. J Clin Epidemiol. (1992) 45:613&#x2013;9. 10.1016/0895-4356(92)90133-8</Citation><ArticleIdList><ArticleId IdType="doi">10.1016/0895-4356(92)90133-8</ArticleId><ArticleId IdType="pubmed">1607900</ArticleId></ArticleIdList></Reference><Reference><Citation>Pai HH, Lu YL. Seasonal abundance of vectors at outdoor environments in endemic and non-endemic districts of dengue in Kaohsiung, South Taiwan. J Environ Health. (2009) 71:56&#x2013;60.</Citation><ArticleIdList><ArticleId IdType="pubmed">19192745</ArticleId></ArticleIdList></Reference><Reference><Citation>Harris VK, Danda D, Murali NS, Das PK, Abraham M, Cherian AM, et al. . Unusual association of Kikuchi's disease and dengue virus infection evolving into systemic lupus erythematosus. J Indian Med Assoc. (2000) 98:391&#x2013;3.</Citation><ArticleIdList><ArticleId IdType="pubmed">11143862</ArticleId></ArticleIdList></Reference><Reference><Citation>Rajadhyaksha A, Mehra S. Dengue fever evolving into systemic lupus erythematosus and lupus nephritis: a case report. Lupus. (2012) 21:999&#x2013;1002. 10.1177/0961203312437807</Citation><ArticleIdList><ArticleId IdType="doi">10.1177/0961203312437807</ArticleId><ArticleId IdType="pubmed">22354536</ArticleId></ArticleIdList></Reference><Reference><Citation>Talib S, Bhattu S, Bhattu R, Deshpande S, Dahiphale D. Dengue fever triggering systemic lupus erythematosus and lupus nephritis: a case report. Int Med Case Rep J. (2013) 6:71&#x2013;5. 10.2147/IMCRJ.S50708</Citation><ArticleIdList><ArticleId IdType="doi">10.2147/IMCRJ.S50708</ArticleId><ArticleId IdType="pmc">PMC3818025</ArticleId><ArticleId IdType="pubmed">24204176</ArticleId></ArticleIdList></Reference><Reference><Citation>Kamoi K, Mochizuki M, Ohno-Matsui K. Dengue fever-associated necrotizing scleritis: a case report with long-term follow-up. Medicine. (2018) 97:e11875. 10.1097/MD.0000000000011875</Citation><ArticleIdList><ArticleId IdType="doi">10.1097/MD.0000000000011875</ArticleId><ArticleId IdType="pmc">PMC6133643</ArticleId><ArticleId IdType="pubmed">30095666</ArticleId></ArticleIdList></Reference><Reference><Citation>Higgoda R, Perera D, Thirumavalavan K. Multifocal motor neuropathy presenting as a post-infectious complication of dengue: a CASE report. BMC Infect Dis. (2018) 18:415. 10.1186/s12879-018-3334-z</Citation><ArticleIdList><ArticleId IdType="doi">10.1186/s12879-018-3334-z</ArticleId><ArticleId IdType="pmc">PMC6103970</ArticleId><ArticleId IdType="pubmed">30134860</ArticleId></ArticleIdList></Reference><Reference><Citation>Puccioni-Sohler M, Ornelas AMM, de Souza AS, Cabral-Castro MJ, Ramos J, Rosadas C, et al. . First report of persistent dengue-1-associated autoimmune neurological disturbance: neuromyelitis optica spectrum disorder. J Neurovirol. (2017) 23:768&#x2013;71. 10.1007/s13365-017-0555-7</Citation><ArticleIdList><ArticleId IdType="doi">10.1007/s13365-017-0555-7</ArticleId><ArticleId IdType="pubmed">28748449</ArticleId></ArticleIdList></Reference><Reference><Citation>Larik A, Chiong Y, Lee LC, Ng YS. Longitudinally extensive transverse myelitis associated with dengue fever. BMJ case reports. (2012) 2012. 10.1136/bcr.12.2011.5378</Citation><ArticleIdList><ArticleId IdType="doi">10.1136/bcr.12.2011.5378</ArticleId><ArticleId IdType="pmc">PMC3369397</ArticleId><ArticleId IdType="pubmed">22605876</ArticleId></ArticleIdList></Reference><Reference><Citation>Fong CY, Hlaing CS, Tay CG, Kadir KA, Goh KJ, Ong LC. Longitudinal extensive transverse myelitis with cervical epidural haematoma following dengue virus infection. Eur J Paediatr Neurol. (2016) 20:449&#x2013;53. 10.1016/j.ejpn.2016.01.012</Citation><ArticleIdList><ArticleId IdType="doi">10.1016/j.ejpn.2016.01.012</ArticleId><ArticleId IdType="pubmed">26900103</ArticleId></ArticleIdList></Reference><Reference><Citation>Malik S, Saran S, Dubey A, Punj A. Longitudinally extensive transverse myelitis following dengue virus infection: a rare entity. Ann Afr Med. (2018) 17:86&#x2013;9. 10.4103/aam.aam_30_17</Citation><ArticleIdList><ArticleId IdType="doi">10.4103/aam.aam_30_17</ArticleId><ArticleId IdType="pmc">PMC5875125</ArticleId><ArticleId IdType="pubmed">29536963</ArticleId></ArticleIdList></Reference><Reference><Citation>Lizarraga KJ, Florindez JA, Daftarian P, Andrews DM, Ortega LM, Mendoza JM, et al. . Anti-GBM disease and ANCA during dengue infection. Clin Nephrol. (2015) 83:104&#x2013;10. 10.5414/CN108217</Citation><ArticleIdList><ArticleId IdType="doi">10.5414/CN108217</ArticleId><ArticleId IdType="pubmed">24691016</ArticleId></ArticleIdList></Reference><Reference><Citation>Verma R, Holla VV, Kumar V, Jain A, Husain N, Malhotra KP, et al. . A study of acute muscle dysfunction with particular reference to dengue myopathy. Ann Indian Acad Neurol. (2017) 20:13&#x2013;22. 10.4103/0972-2327.199914</Citation><ArticleIdList><ArticleId IdType="doi">10.4103/0972-2327.199914</ArticleId><ArticleId IdType="pmc">PMC5341262</ArticleId><ArticleId IdType="pubmed">28298837</ArticleId></ArticleIdList></Reference><Reference><Citation>Ye X, Zhou XJ, Zhang H. Autophagy in immune-related renal disease. J Immunol Res. (2019) 2019:5071687. 10.1155/2019/5071687</Citation><ArticleIdList><ArticleId IdType="doi">10.1155/2019/5071687</ArticleId><ArticleId IdType="pmc">PMC6878805</ArticleId><ArticleId IdType="pubmed">31815154</ArticleId></ArticleIdList></Reference><Reference><Citation>Martina BE, Koraka P, Osterhaus AD. Dengue virus pathogenesis: an integrated view. Clin Microbiol Rev. (2009) 22:564&#x2013;81. 10.1128/CMR.00035-09</Citation><ArticleIdList><ArticleId IdType="doi">10.1128/CMR.00035-09</ArticleId><ArticleId IdType="pmc">PMC2772360</ArticleId><ArticleId IdType="pubmed">19822889</ArticleId></ArticleIdList></Reference><Reference><Citation>Leffler J, Bengtsson AA, Blom AM. The complement system in systemic lupus erythematosus: an update. Ann Rheum Dis. (2014) 73:1601&#x2013;6. 10.1136/annrheumdis-2014-205287</Citation><ArticleIdList><ArticleId IdType="doi">10.1136/annrheumdis-2014-205287</ArticleId><ArticleId IdType="pubmed">24845390</ArticleId></ArticleIdList></Reference><Reference><Citation>Lan NT, Hirayama K. Host genetic susceptibility to severe dengue infection. Trop Med Health. (2011) 39(Suppl. 4):73&#x2013;81. 10.2149/tmh.2011-S08</Citation><ArticleIdList><ArticleId IdType="doi">10.2149/tmh.2011-S08</ArticleId><ArticleId IdType="pmc">PMC3317601</ArticleId><ArticleId IdType="pubmed">22500139</ArticleId></ArticleIdList></Reference><Reference><Citation>Chen LC, Lei HY, Liu CC, Shiesh SC, Chen SH, Liu HS, et al. . Correlation of serum levels of macrophage migration inhibitory factor with disease severity and clinical outcome in dengue patients. Am J Trop Med Hyg. (2006) 74:142&#x2013;7. 10.4269/ajtmh.2006.74.142</Citation><ArticleIdList><ArticleId IdType="doi">10.4269/ajtmh.2006.74.142</ArticleId><ArticleId IdType="pubmed">16407359</ArticleId></ArticleIdList></Reference><Reference><Citation>Wang K, Zhu Q, Lu Y, Lu H, Zhang F, Wang X, et al. . CTLA-4 +49 G/A Polymorphism confers autoimmune disease risk: an updated meta-analysis. Genet Test Mol Biomarkers. (2017) 21:222&#x2013;7. 10.1089/gtmb.2016.0335</Citation><ArticleIdList><ArticleId IdType="doi">10.1089/gtmb.2016.0335</ArticleId><ArticleId IdType="pubmed">28384040</ArticleId></ArticleIdList></Reference><Reference><Citation>Zhai JX, Zou LW, Zhang ZX, Fan WJ, Wang HY, Liu T, et al. . CTLA-4 polymorphisms and systemic lupus erythematosus (SLE): a meta-analysis. Mol Biol Rep. (2013) 40:5213&#x2013;23. 10.1007/s11033-012-2125-7</Citation><ArticleIdList><ArticleId IdType="doi">10.1007/s11033-012-2125-7</ArticleId><ArticleId IdType="pubmed">23922195</ArticleId></ArticleIdList></Reference><Reference><Citation>Guzman MG, Harris E. Dengue. Lancet. (2015) 385:453&#x2013;65. 10.1016/S0140-6736(14)60572-9</Citation><ArticleIdList><ArticleId IdType="doi">10.1016/S0140-6736(14)60572-9</ArticleId><ArticleId IdType="pubmed">25230594</ArticleId></ArticleIdList></Reference><Reference><Citation>Kato Y, Park J, Takamatsu H, Konaka H, Aoki W, Aburaya S, et al. . Apoptosis-derived membrane vesicles drive the cGAS-STING pathway and enhance type I IFN production in systemic lupus erythematosus. Ann Rheum Dis. (2018) 77:1507&#x2013;15. 10.1136/annrheumdis-2018-212988</Citation><ArticleIdList><ArticleId IdType="doi">10.1136/annrheumdis-2018-212988</ArticleId><ArticleId IdType="pmc">PMC6161667</ArticleId><ArticleId IdType="pubmed">29945921</ArticleId></ArticleIdList></Reference><Reference><Citation>Crow MK. Type I interferon in the pathogenesis of lupus. J Immunol. (2014) 192:5459&#x2013;68. 10.4049/jimmunol.1002795</Citation><ArticleIdList><ArticleId IdType="doi">10.4049/jimmunol.1002795</ArticleId><ArticleId IdType="pmc">PMC4083591</ArticleId><ArticleId IdType="pubmed">24907379</ArticleId></ArticleIdList></Reference><Reference><Citation>de Abreu MM, Maiorano AC, Tedeschi SK, Yoshida K, Lin TC, Solomon DH. Outcomes of lupus and rheumatoid arthritis patients with primary dengue infection: a seven-year report from Brazil. Semin Arthritis Rheum. (2018) 47:749&#x2013;55. 10.1016/j.semarthrit.2017.09.001</Citation><ArticleIdList><ArticleId IdType="doi">10.1016/j.semarthrit.2017.09.001</ArticleId><ArticleId IdType="pubmed">29061443</ArticleId></ArticleIdList></Reference><Reference><Citation>Copeland KT, Checkoway H, McMichael AJ, Holbrook RH. Bias due to misclassification in the estimation of relative risk. Am J Epidemiol. (1977) 105:488&#x2013;95. 10.1093/oxfordjournals.aje.a112408</Citation><ArticleIdList><ArticleId IdType="doi">10.1093/oxfordjournals.aje.a112408</ArticleId><ArticleId IdType="pubmed">871121</ArticleId></ArticleIdList></Reference><Reference><Citation>Cheng TM. Taiwan's new national health insurance program: genesis and experience so far. Health affairs (Project Hope). (2003) 22:61&#x2013;76. 10.1377/hlthaff.22.3.61</Citation><ArticleIdList><ArticleId IdType="doi">10.1377/hlthaff.22.3.61</ArticleId><ArticleId IdType="pubmed">12757273</ArticleId></ArticleIdList></Reference></ReferenceList></PubmedData></PubmedArticle></PubmedArticleSet>