<?xml version="1.0" ?>
<!DOCTYPE PubmedArticleSet PUBLIC "-//NLM//DTD PubMedArticle, 1st January 2023//EN" "https://dtd.nlm.nih.gov/ncbi/pubmed/out/pubmed_230101.dtd">
<PubmedArticleSet>
<PubmedArticle><MedlineCitation Status="MEDLINE" Owner="NLM"><PMID Version="1">34831405</PMID><DateCompleted><Year>2021</Year><Month>12</Month><Day>16</Day></DateCompleted><DateRevised><Year>2021</Year><Month>12</Month><Day>16</Day></DateRevised><Article PubModel="Electronic"><Journal><ISSN IssnType="Electronic">2073-4409</ISSN><JournalIssue CitedMedium="Internet"><Volume>10</Volume><Issue>11</Issue><PubDate><Year>2021</Year><Month>Nov</Month><Day>15</Day></PubDate></JournalIssue><Title>Cells</Title><ISOAbbreviation>Cells</ISOAbbreviation></Journal><ArticleTitle>Polarization of Type 1 Macrophages Is Associated with the Severity of Viral Encephalitis Caused by Japanese Encephalitis Virus and Dengue Virus.</ArticleTitle><ELocationID EIdType="pii" ValidYN="Y">3181</ELocationID><ELocationID EIdType="doi" ValidYN="Y">10.3390/cells10113181</ELocationID><Abstract><AbstractText>Infection with flaviviruses causes mild to severe diseases, including viral hemorrhagic fever, vascular shock syndrome, and viral encephalitis. Several animal models explore the pathogenesis of viral encephalitis, as shown by neuron destruction due to neurotoxicity after viral infection. While neuronal cells are injuries caused by inflammatory cytokine production following microglial/macrophage activation, the blockade of inflammatory cytokines can reduce neurotoxicity to improve the survival rate. This study investigated the involvement of macrophage phenotypes in facilitating CNS inflammation and neurotoxicity during flavivirus infection, including the Japanese encephalitis virus, dengue virus (DENV), and Zika virus. Mice infected with different flaviviruses presented encephalitis-like symptoms, including limbic seizure and paralysis. Histology indicated that brain lesions were identified in the hippocampus and surrounded by mononuclear cells. In those regions, both the infiltrated macrophages and resident microglia were significantly increased. RNA-seq analysis showed the gene profile shifting toward type 1 macrophage (M1) polarization, while M1 markers validated this phenomenon. Pharmacologically blocking C-C chemokine receptor 2 and tumor necrosis factor-&#x3b1; partly retarded DENV-induced M1 polarization. In summary, flavivirus infection, such as JEV and DENV, promoted type 1 macrophage polarization in the brain associated with encephalitic severity.</AbstractText></Abstract><AuthorList CompleteYN="Y"><Author ValidYN="Y"><LastName>Jhan</LastName><ForeName>Ming-Kai</ForeName><Initials>MK</Initials><AffiliationInfo><Affiliation>Graduate Institute of Medical Sciences, College of Medicine, Taipei Medical University, Taipei 110, Taiwan.</Affiliation></AffiliationInfo><AffiliationInfo><Affiliation>Department of Microbiology and Immunology, School of Medicine, College of Medicine, Taipei Medical University, Taipei 110, Taiwan.</Affiliation></AffiliationInfo></Author><Author ValidYN="Y"><LastName>Chen</LastName><ForeName>Chia-Ling</ForeName><Initials>CL</Initials><AffiliationInfo><Affiliation>School of Respiratory Therapy, College of Medicine, Taipei Medical University, Taipei 110, Taiwan.</Affiliation></AffiliationInfo></Author><Author ValidYN="Y"><LastName>Shen</LastName><ForeName>Ting-Jing</ForeName><Initials>TJ</Initials><Identifier Source="ORCID">0000-0002-1714-0048</Identifier><AffiliationInfo><Affiliation>Graduate Institute of Medical Sciences, College of Medicine, Taipei Medical University, Taipei 110, Taiwan.</Affiliation></AffiliationInfo><AffiliationInfo><Affiliation>Department of Microbiology and Immunology, School of Medicine, College of Medicine, Taipei Medical University, Taipei 110, Taiwan.</Affiliation></AffiliationInfo></Author><Author ValidYN="Y"><LastName>Tseng</LastName><ForeName>Po-Chun</ForeName><Initials>PC</Initials><AffiliationInfo><Affiliation>Department of Microbiology and Immunology, School of Medicine, College of Medicine, Taipei Medical University, Taipei 110, Taiwan.</Affiliation></AffiliationInfo><AffiliationInfo><Affiliation>Core Laboratory of Immune Monitoring, Office of Research &amp; Development, Taipei Medical University, Taipei 110, Taiwan.</Affiliation></AffiliationInfo></Author><Author ValidYN="Y"><LastName>Wang</LastName><ForeName>Yung-Ting</ForeName><Initials>YT</Initials><AffiliationInfo><Affiliation>Department of Microbiology and Immunology, School of Medicine, College of Medicine, Taipei Medical University, Taipei 110, Taiwan.</Affiliation></AffiliationInfo></Author><Author ValidYN="Y"><LastName>Satria</LastName><ForeName>Rahmat Dani</ForeName><Initials>RD</Initials><AffiliationInfo><Affiliation>Department of Microbiology and Immunology, School of Medicine, College of Medicine, Taipei Medical University, Taipei 110, Taiwan.</Affiliation></AffiliationInfo><AffiliationInfo><Affiliation>International Ph.D. Program in Medicine, College of Medicine, Taipei Medical University, Taipei 110, Taiwan.</Affiliation></AffiliationInfo><AffiliationInfo><Affiliation>Laboratory Medicine, Department of Clinical Pathology, Faculty of Medicine, Public Health and Nursing, Universitas Gadjah Mada, Yogyakarta 55281, Indonesia.</Affiliation></AffiliationInfo><AffiliationInfo><Affiliation>Clinical Laboratory Installation, Dr. Sardjito Central General Hospital, Yogyakarta 55281, Indonesia.</Affiliation></AffiliationInfo></Author><Author ValidYN="Y"><LastName>Yu</LastName><ForeName>Chia-Yi</ForeName><Initials>CY</Initials><AffiliationInfo><Affiliation>National Institute of Infectious Diseases and Vaccinology, National Health Research Institutes, Miaoli 350, Taiwan.</Affiliation></AffiliationInfo></Author><Author ValidYN="Y"><LastName>Lin</LastName><ForeName>Chiou-Feng</ForeName><Initials>CF</Initials><Identifier Source="ORCID">0000-0003-4396-6086</Identifier><AffiliationInfo><Affiliation>Graduate Institute of Medical Sciences, College of Medicine, Taipei Medical University, Taipei 110, Taiwan.</Affiliation></AffiliationInfo><AffiliationInfo><Affiliation>Department of Microbiology and Immunology, School of Medicine, College of Medicine, Taipei Medical University, Taipei 110, Taiwan.</Affiliation></AffiliationInfo><AffiliationInfo><Affiliation>Core Laboratory of Immune Monitoring, Office of Research &amp; Development, Taipei Medical University, Taipei 110, Taiwan.</Affiliation></AffiliationInfo><AffiliationInfo><Affiliation>International Ph.D. Program in Medicine, College of Medicine, Taipei Medical University, Taipei 110, Taiwan.</Affiliation></AffiliationInfo></Author></AuthorList><Language>eng</Language><GrantList CompleteYN="Y"><Grant><GrantID>MOST109-2320-B-038-050, 109-2327-B-006-010, and 110-2320-B-038 -064 -MY3</GrantID><Agency>Ministry of Science and Technology, Taiwan</Agency><Country/></Grant></GrantList><PublicationTypeList><PublicationType UI="D016428">Journal Article</PublicationType><PublicationType UI="D013485">Research Support, Non-U.S. Gov't</PublicationType></PublicationTypeList><ArticleDate DateType="Electronic"><Year>2021</Year><Month>11</Month><Day>15</Day></ArticleDate></Article><MedlineJournalInfo><Country>Switzerland</Country><MedlineTA>Cells</MedlineTA><NlmUniqueID>101600052</NlmUniqueID><ISSNLinking>2073-4409</ISSNLinking></MedlineJournalInfo><ChemicalList><Chemical><RegistryNumber>0</RegistryNumber><NameOfSubstance UI="D009498">Neurotoxins</NameOfSubstance></Chemical><Chemical><RegistryNumber>0</RegistryNumber><NameOfSubstance UI="D054390">Receptors, CCR2</NameOfSubstance></Chemical><Chemical><RegistryNumber>0</RegistryNumber><NameOfSubstance UI="D014409">Tumor Necrosis Factor-alpha</NameOfSubstance></Chemical></ChemicalList><CitationSubset>IM</CitationSubset><MeshHeadingList><MeshHeading><DescriptorName UI="D000818" MajorTopicYN="N">Animals</DescriptorName></MeshHeading><MeshHeading><DescriptorName UI="D000833" MajorTopicYN="N">Animals, Suckling</DescriptorName></MeshHeading><MeshHeading><DescriptorName UI="D002460" MajorTopicYN="N">Cell Line</DescriptorName></MeshHeading><MeshHeading><DescriptorName UI="D016764" MajorTopicYN="Y">Cell Polarity</DescriptorName></MeshHeading><MeshHeading><DescriptorName UI="D003716" MajorTopicYN="N">Dengue Virus</DescriptorName><QualifierName UI="Q000502" MajorTopicYN="Y">physiology</QualifierName></MeshHeading><MeshHeading><DescriptorName UI="D004195" MajorTopicYN="N">Disease Models, Animal</DescriptorName></MeshHeading><MeshHeading><DescriptorName UI="D004664" MajorTopicYN="N">Encephalitis Virus, Japanese</DescriptorName><QualifierName UI="Q000502" MajorTopicYN="Y">physiology</QualifierName></MeshHeading><MeshHeading><DescriptorName UI="D004672" MajorTopicYN="N">Encephalitis, Japanese</DescriptorName><QualifierName UI="Q000276" MajorTopicYN="N">immunology</QualifierName><QualifierName UI="Q000473" MajorTopicYN="N">pathology</QualifierName><QualifierName UI="Q000821" MajorTopicYN="N">virology</QualifierName></MeshHeading><MeshHeading><DescriptorName UI="D018792" MajorTopicYN="N">Encephalitis, Viral</DescriptorName><QualifierName UI="Q000276" MajorTopicYN="N">immunology</QualifierName><QualifierName UI="Q000473" MajorTopicYN="Y">pathology</QualifierName><QualifierName UI="Q000821" MajorTopicYN="Y">virology</QualifierName></MeshHeading><MeshHeading><DescriptorName UI="D006624" MajorTopicYN="N">Hippocampus</DescriptorName><QualifierName UI="Q000473" MajorTopicYN="N">pathology</QualifierName></MeshHeading><MeshHeading><DescriptorName UI="D007249" MajorTopicYN="N">Inflammation</DescriptorName><QualifierName UI="Q000473" MajorTopicYN="N">pathology</QualifierName></MeshHeading><MeshHeading><DescriptorName UI="D008264" MajorTopicYN="N">Macrophages</DescriptorName><QualifierName UI="Q000473" MajorTopicYN="Y">pathology</QualifierName></MeshHeading><MeshHeading><DescriptorName UI="D008813" MajorTopicYN="N">Mice, Inbred ICR</DescriptorName></MeshHeading><MeshHeading><DescriptorName UI="D009498" MajorTopicYN="N">Neurotoxins</DescriptorName><QualifierName UI="Q000633" MajorTopicYN="N">toxicity</QualifierName></MeshHeading><MeshHeading><DescriptorName UI="D054390" MajorTopicYN="N">Receptors, CCR2</DescriptorName><QualifierName UI="Q000378" MajorTopicYN="N">metabolism</QualifierName></MeshHeading><MeshHeading><DescriptorName UI="D012720" MajorTopicYN="Y">Severity of Illness Index</DescriptorName></MeshHeading><MeshHeading><DescriptorName UI="D014409" MajorTopicYN="N">Tumor Necrosis Factor-alpha</DescriptorName><QualifierName UI="Q000378" MajorTopicYN="N">metabolism</QualifierName></MeshHeading></MeshHeadingList><KeywordList Owner="NOTNLM"><Keyword MajorTopicYN="N">dengue virus</Keyword><Keyword MajorTopicYN="N">encephalitis</Keyword><Keyword MajorTopicYN="N">flavivirus</Keyword><Keyword MajorTopicYN="N">macrophage</Keyword><Keyword MajorTopicYN="N">polarization</Keyword></KeywordList><CoiStatement>The authors declare no conflict of interest.</CoiStatement></MedlineCitation><PubmedData><History><PubMedPubDate PubStatus="received"><Year>2021</Year><Month>10</Month><Day>7</Day></PubMedPubDate><PubMedPubDate PubStatus="revised"><Year>2021</Year><Month>11</Month><Day>9</Day></PubMedPubDate><PubMedPubDate PubStatus="accepted"><Year>2021</Year><Month>11</Month><Day>11</Day></PubMedPubDate><PubMedPubDate PubStatus="entrez"><Year>2021</Year><Month>11</Month><Day>27</Day><Hour>1</Hour><Minute>15</Minute></PubMedPubDate><PubMedPubDate PubStatus="pubmed"><Year>2021</Year><Month>11</Month><Day>28</Day><Hour>6</Hour><Minute>0</Minute></PubMedPubDate><PubMedPubDate PubStatus="medline"><Year>2021</Year><Month>12</Month><Day>17</Day><Hour>6</Hour><Minute>0</Minute></PubMedPubDate></History><PublicationStatus>epublish</PublicationStatus><ArticleIdList><ArticleId IdType="pubmed">34831405</ArticleId><ArticleId IdType="pmc">PMC8621422</ArticleId><ArticleId IdType="doi">10.3390/cells10113181</ArticleId><ArticleId IdType="pii">cells10113181</ArticleId></ArticleIdList><ReferenceList><Reference><Citation>Pierson T.C., Diamond M.S. The continued threat of emerging flaviviruses. Nat. Microbiol. 2020;5:796&#x2013;812. doi: 10.1038/s41564-020-0714-0.</Citation><ArticleIdList><ArticleId IdType="doi">10.1038/s41564-020-0714-0</ArticleId><ArticleId IdType="pmc">PMC7696730</ArticleId><ArticleId IdType="pubmed">32367055</ArticleId></ArticleIdList></Reference><Reference><Citation>Appaiahgari M.B., Vrati S. Clinical development of IMOJEV &#xae;&#x2014;A recombinant Japanese encephalitis chimeric vaccine (JE-CV) Expert Opin. Biol. Ther. 2012;12:1251&#x2013;1263. doi: 10.1517/14712598.2012.704908.</Citation><ArticleIdList><ArticleId IdType="doi">10.1517/14712598.2012.704908</ArticleId><ArticleId IdType="pubmed">22775524</ArticleId></ArticleIdList></Reference><Reference><Citation>Lindenbach B.D., Pr&#xe1;gai B.M., Montserret R., Beran R.K., Pyle A.M., Penin F., Rice C.M. The C terminus of hepatitis C virus NS4A encodes an electrostatic switch that regulates NS5A hyperphosphorylation and viral replication. J. Virol. 2007;81:8905&#x2013;8918. doi: 10.1128/JVI.00937-07.</Citation><ArticleIdList><ArticleId IdType="doi">10.1128/JVI.00937-07</ArticleId><ArticleId IdType="pmc">PMC1951449</ArticleId><ArticleId IdType="pubmed">17581983</ArticleId></ArticleIdList></Reference><Reference><Citation>Clyde K., Harris E. RNA secondary structure in the coding region of dengue virus type 2 directs translation start codon selection and is required for viral replication. J. Virol. 2006;80:2170&#x2013;2182. doi: 10.1128/JVI.80.5.2170-2182.2006.</Citation><ArticleIdList><ArticleId IdType="doi">10.1128/JVI.80.5.2170-2182.2006</ArticleId><ArticleId IdType="pmc">PMC1395379</ArticleId><ArticleId IdType="pubmed">16474125</ArticleId></ArticleIdList></Reference><Reference><Citation>Leyssen P., De Clercq E., Neyts J. Perspectives for the treatment of infections with Flaviviridae. Clin. Microbiol. Rev. 2000;13:67&#x2013;82. doi: 10.1128/CMR.13.1.67.</Citation><ArticleIdList><ArticleId IdType="doi">10.1128/CMR.13.1.67</ArticleId><ArticleId IdType="pmc">PMC88934</ArticleId><ArticleId IdType="pubmed">10627492</ArticleId></ArticleIdList></Reference><Reference><Citation>Gould E.A., Solomon T. Pathogenic flaviviruses. Lancet. 2008;371:500&#x2013;509. doi: 10.1016/S0140-6736(08)60238-X.</Citation><ArticleIdList><ArticleId IdType="doi">10.1016/S0140-6736(08)60238-X</ArticleId><ArticleId IdType="pubmed">18262042</ArticleId></ArticleIdList></Reference><Reference><Citation>Solomon T., Dung N.M., Kneen R., Gainsborough M., Vaughn D.W., Khanh V.T. Japanese encephalitis. J. Neurol. Neurosurg. Psychiatry. 2000;68:405&#x2013;415. doi: 10.1136/jnnp.68.4.405.</Citation><ArticleIdList><ArticleId IdType="doi">10.1136/jnnp.68.4.405</ArticleId><ArticleId IdType="pmc">PMC1736874</ArticleId><ArticleId IdType="pubmed">10727474</ArticleId></ArticleIdList></Reference><Reference><Citation>Debiasi R.L., Tyler K.L. West Nile virus meningoencephalitis. Nat. Clin. Pract. Neurol. 2006;2:264&#x2013;275. doi: 10.1038/ncpneuro0176.</Citation><ArticleIdList><ArticleId IdType="doi">10.1038/ncpneuro0176</ArticleId><ArticleId IdType="pmc">PMC3773989</ArticleId><ArticleId IdType="pubmed">16932563</ArticleId></ArticleIdList></Reference><Reference><Citation>Bogovic P., Strle F. Tick-borne encephalitis: A review of epidemiology, clinical characteristics, and management. World J. Clin. Cases. 2015;3:430&#x2013;441. doi: 10.12998/wjcc.v3.i5.430.</Citation><ArticleIdList><ArticleId IdType="doi">10.12998/wjcc.v3.i5.430</ArticleId><ArticleId IdType="pmc">PMC4419106</ArticleId><ArticleId IdType="pubmed">25984517</ArticleId></ArticleIdList></Reference><Reference><Citation>Dengue: Guidelines for Diagnosis, Treatment, Prevention and Control: New Edition. World Health Organization; Geneva, Switzerland: 2009. WHO Guidelines Approved by the Guidelines Review Committee.</Citation></Reference><Reference><Citation>Velandia-Romero M.L., Acosta-Losada O., Castellanos J.E. In vivo infection by a neuroinvasive neurovirulent dengue virus. J. Neurovirol. 2012;18:374&#x2013;387. doi: 10.1007/s13365-012-0117-y.</Citation><ArticleIdList><ArticleId IdType="doi">10.1007/s13365-012-0117-y</ArticleId><ArticleId IdType="pubmed">22825914</ArticleId></ArticleIdList></Reference><Reference><Citation>Tsai T.T., Chen C.L., Lin Y.S., Chang C.P., Tsai C.C., Cheng Y.L., Huang C.C., Ho C.J., Lee Y.C., Lin L.T., et al. Microglia retard dengue virus-induced acute viral encephalitis. Sci. Rep. 2016;6:27670. doi: 10.1038/srep27670.</Citation><ArticleIdList><ArticleId IdType="doi">10.1038/srep27670</ArticleId><ArticleId IdType="pmc">PMC4899773</ArticleId><ArticleId IdType="pubmed">27279150</ArticleId></ArticleIdList></Reference><Reference><Citation>Wu-Hsieh B.A., Yen Y.T., Chen H.C. Dengue hemorrhage in a mouse model. Ann. N. Y. Acad. Sci. 2009;1171((Suppl. S1)):E42&#x2013;E47. doi: 10.1111/j.1749-6632.2009.05053.x.</Citation><ArticleIdList><ArticleId IdType="doi">10.1111/j.1749-6632.2009.05053.x</ArticleId><ArticleId IdType="pubmed">19751401</ArticleId></ArticleIdList></Reference><Reference><Citation>De Miranda A.S., Rodrigues D.H., Amaral D.C., de Lima Campos R.D., Cisalpino D., Vilela M.C., Lacerda-Queiroz N., de Souza K.P., Vago J.P., Campos M.A., et al. Dengue-3 encephalitis promotes anxiety-like behavior in mice. Behav. Brain Res. 2012;230:237&#x2013;242. doi: 10.1016/j.bbr.2012.02.020.</Citation><ArticleIdList><ArticleId IdType="doi">10.1016/j.bbr.2012.02.020</ArticleId><ArticleId IdType="pubmed">22366269</ArticleId></ArticleIdList></Reference><Reference><Citation>Jhan M.-K., Tsai T.-T., Chen C.-L., Tsai C.-C., Cheng Y.-L., Lee Y.-C., Ko C.-Y., Lin Y.-S., Chang C.-P., Lin L.-T. Dengue virus infection increases microglial cell migration. Sci. Rep. 2017;7:91. doi: 10.1038/s41598-017-00182-z.</Citation><ArticleIdList><ArticleId IdType="doi">10.1038/s41598-017-00182-z</ArticleId><ArticleId IdType="pmc">PMC5427823</ArticleId><ArticleId IdType="pubmed">28273893</ArticleId></ArticleIdList></Reference><Reference><Citation>Bhatt R.S., Kothari S.T., Gohil D.J., D&#x2019;Souza M., Chowdhary A.S. Novel evidence of microglial immune response in impairment of Dengue infection of CNS. Immunobiology. 2015;220:1170&#x2013;1176. doi: 10.1016/j.imbio.2015.06.002.</Citation><ArticleIdList><ArticleId IdType="doi">10.1016/j.imbio.2015.06.002</ArticleId><ArticleId IdType="pubmed">26074064</ArticleId></ArticleIdList></Reference><Reference><Citation>Jhan M.K., HuangFu W.C., Chen Y.F., Kao J.C., Tsai T.T., Ho M.R., Shen T.J., Tseng P.C., Wang Y.T., Lin C.F. Anti-TNF-&#x3b1; restricts dengue virus-induced neuropathy. J. Leukoc. Biol. 2018;104:961&#x2013;968. doi: 10.1002/JLB.MA1217-484R.</Citation><ArticleIdList><ArticleId IdType="doi">10.1002/JLB.MA1217-484R</ArticleId><ArticleId IdType="pubmed">30044892</ArticleId></ArticleIdList></Reference><Reference><Citation>Seitz S., Clarke P., Tyler K.L. Pharmacologic Depletion of Microglia Increases Viral Load in the Brain and Enhances Mortality in Murine Models of Flavivirus-Induced Encephalitis. J. Virol. 2018;92:e00525-18. doi: 10.1128/JVI.00525-18.</Citation><ArticleIdList><ArticleId IdType="doi">10.1128/JVI.00525-18</ArticleId><ArticleId IdType="pmc">PMC6069207</ArticleId><ArticleId IdType="pubmed">29899084</ArticleId></ArticleIdList></Reference><Reference><Citation>Wake H., Moorhouse A.J., Nabekura J. Functions of microglia in the central nervous system&#x2014;Beyond the immune response. Neuron Glia Biol. 2011;7:47&#x2013;53. doi: 10.1017/S1740925X12000063.</Citation><ArticleIdList><ArticleId IdType="doi">10.1017/S1740925X12000063</ArticleId><ArticleId IdType="pubmed">22613055</ArticleId></ArticleIdList></Reference><Reference><Citation>Obermeier B., Verma A., Ransohoff R.M. The blood-brain barrier. Handb. Clin. Neurol. 2016;133:39&#x2013;59. doi: 10.1016/b978-0-444-63432-0.00003-7.</Citation><ArticleIdList><ArticleId IdType="doi">10.1016/b978-0-444-63432-0.00003-7</ArticleId><ArticleId IdType="pubmed">27112670</ArticleId></ArticleIdList></Reference><Reference><Citation>Schafer D.P., Stevens B. Microglia Function in Central Nervous System Development and Plasticity. Cold Spring Harb. Perspect. Biol. 2015;7:a020545. doi: 10.1101/cshperspect.a020545.</Citation><ArticleIdList><ArticleId IdType="doi">10.1101/cshperspect.a020545</ArticleId><ArticleId IdType="pmc">PMC4588063</ArticleId><ArticleId IdType="pubmed">26187728</ArticleId></ArticleIdList></Reference><Reference><Citation>Nakagawa Y., Chiba K. Role of microglial m1/m2 polarization in relapse and remission of psychiatric disorders and diseases. Pharmaceuticals. 2014;7:1028&#x2013;1048. doi: 10.3390/ph7121028.</Citation><ArticleIdList><ArticleId IdType="doi">10.3390/ph7121028</ArticleId><ArticleId IdType="pmc">PMC4276905</ArticleId><ArticleId IdType="pubmed">25429645</ArticleId></ArticleIdList></Reference><Reference><Citation>Hu X., Leak R.K., Shi Y., Suenaga J., Gao Y., Zheng P., Chen J. Microglial and macrophage polarization&#x2014;New prospects for brain repair. Nat. Rev. Neurol. 2015;11:56&#x2013;64. doi: 10.1038/nrneurol.2014.207.</Citation><ArticleIdList><ArticleId IdType="doi">10.1038/nrneurol.2014.207</ArticleId><ArticleId IdType="pmc">PMC4395497</ArticleId><ArticleId IdType="pubmed">25385337</ArticleId></ArticleIdList></Reference><Reference><Citation>Zhou T., Huang Z., Sun X., Zhu X., Zhou L., Li M., Cheng B., Liu X., He C. Microglia Polarization with M1/M2 Phenotype Changes in rd1 Mouse Model of Retinal Degeneration. Front. Neuroanat. 2017;11:77. doi: 10.3389/fnana.2017.00077.</Citation><ArticleIdList><ArticleId IdType="doi">10.3389/fnana.2017.00077</ArticleId><ArticleId IdType="pmc">PMC5591873</ArticleId><ArticleId IdType="pubmed">28928639</ArticleId></ArticleIdList></Reference><Reference><Citation>Cherry J.D., Olschowka J.A., O&#x2019;Banion M.K. Neuroinflammation and M2 microglia: The good, the bad, and the inflamed. J. Neuroinflamm. 2014;11:98. doi: 10.1186/1742-2094-11-98.</Citation><ArticleIdList><ArticleId IdType="doi">10.1186/1742-2094-11-98</ArticleId><ArticleId IdType="pmc">PMC4060849</ArticleId><ArticleId IdType="pubmed">24889886</ArticleId></ArticleIdList></Reference><Reference><Citation>Li F., Wang Y., Yu L., Cao S., Wang K., Yuan J., Wang C., Wang K., Cui M., Fu Z.F. Viral Infection of the Central Nervous System and Neuroinflammation Precede Blood-Brain Barrier Disruption during Japanese Encephalitis Virus Infection. J. Virol. 2015;89:5602&#x2013;5614. doi: 10.1128/JVI.00143-15.</Citation><ArticleIdList><ArticleId IdType="doi">10.1128/JVI.00143-15</ArticleId><ArticleId IdType="pmc">PMC4442524</ArticleId><ArticleId IdType="pubmed">25762733</ArticleId></ArticleIdList></Reference><Reference><Citation>Mustaf&#xe1; Y.M., Meuren L.M., Coelho S.V.A., de Arruda L.B. Pathways Exploited by Flaviviruses to Counteract the Blood-Brain Barrier and Invade the Central Nervous System. Front. Microbiol. 2019;10:525. doi: 10.3389/fmicb.2019.00525.</Citation><ArticleIdList><ArticleId IdType="doi">10.3389/fmicb.2019.00525</ArticleId><ArticleId IdType="pmc">PMC6447710</ArticleId><ArticleId IdType="pubmed">30984122</ArticleId></ArticleIdList></Reference><Reference><Citation>Jurado K.A., Yockey L.J., Wong P.W., Lee S., Huttner A.J., Iwasaki A. Antiviral CD8 T cells induce Zika-virus-associated paralysis in mice. Nat. Microbiol. 2018;3:141&#x2013;147. doi: 10.1038/s41564-017-0060-z.</Citation><ArticleIdList><ArticleId IdType="doi">10.1038/s41564-017-0060-z</ArticleId><ArticleId IdType="pmc">PMC5780207</ArticleId><ArticleId IdType="pubmed">29158604</ArticleId></ArticleIdList></Reference><Reference><Citation>Wang K., Wang H., Lou W., Ma L., Li Y., Zhang N., Wang C., Li F., Awais M., Cao S., et al. IP-10 Promotes Blood-Brain Barrier Damage by Inducing Tumor Necrosis Factor Alpha Production in Japanese Encephalitis. Front. Immunol. 2018;9:1148. doi: 10.3389/fimmu.2018.01148.</Citation><ArticleIdList><ArticleId IdType="doi">10.3389/fimmu.2018.01148</ArticleId><ArticleId IdType="pmc">PMC5992377</ArticleId><ArticleId IdType="pubmed">29910805</ArticleId></ArticleIdList></Reference><Reference><Citation>Verma S., Kumar M., Gurjav U., Lum S., Nerurkar V.R. Reversal of West Nile virus-induced blood-brain barrier disruption and tight junction proteins degradation by matrix metalloproteinases inhibitor. Virology. 2010;397:130&#x2013;138. doi: 10.1016/j.virol.2009.10.036.</Citation><ArticleIdList><ArticleId IdType="doi">10.1016/j.virol.2009.10.036</ArticleId><ArticleId IdType="pmc">PMC3102050</ArticleId><ArticleId IdType="pubmed">19922973</ArticleId></ArticleIdList></Reference><Reference><Citation>Shen T.J., Chen C.L., Jhan M.K., Tseng P.C., Lin C.F. CNS Immune Profiling in a Dengue Virus-Infected Immunocompetent Outbred ICR Mice Strain. Front. Cell Infect. Microbiol. 2020;10:557610. doi: 10.3389/fcimb.2020.557610.</Citation><ArticleIdList><ArticleId IdType="doi">10.3389/fcimb.2020.557610</ArticleId><ArticleId IdType="pmc">PMC7539834</ArticleId><ArticleId IdType="pubmed">33072626</ArticleId></ArticleIdList></Reference><Reference><Citation>Shen T.J., Jhan M.K., Kao J.C., Ho M.R., Tsai T.T., Tseng P.C., Wang Y.T., Lin C.F. A Murine Model of Dengue Virus-induced Acute Viral Encephalitis-like Disease. J. Vis. Exp. 2019;28:146. doi: 10.3791/59132.</Citation><ArticleIdList><ArticleId IdType="doi">10.3791/59132</ArticleId><ArticleId IdType="pubmed">31081826</ArticleId></ArticleIdList></Reference><Reference><Citation>Orecchioni M., Ghosheh Y., Pramod A.B., Ley K. Macrophage Polarization: Different Gene Signatures in M1(LPS+) vs. Classically and M2(LPS&#x2013;) vs. Alternatively Activated Macrophages. Front. Immunol. 2019;10:1084. doi: 10.3389/fimmu.2019.01084.</Citation><ArticleIdList><ArticleId IdType="doi">10.3389/fimmu.2019.01084</ArticleId><ArticleId IdType="pmc">PMC6543837</ArticleId><ArticleId IdType="pubmed">31178859</ArticleId></ArticleIdList></Reference><Reference><Citation>Singh S., Singh G., Tiwari S., Kumar A. CCR2 Inhibition Reduces Neurotoxic Microglia Activation Phenotype After Japanese Encephalitis Viral Infection. Front. Cell. Neurosci. 2020;14:230. doi: 10.3389/fncel.2020.00230.</Citation><ArticleIdList><ArticleId IdType="doi">10.3389/fncel.2020.00230</ArticleId><ArticleId IdType="pmc">PMC7439097</ArticleId><ArticleId IdType="pubmed">32903799</ArticleId></ArticleIdList></Reference><Reference><Citation>Howe C.L., LaFrance-Corey R.G., Goddery E.N., Johnson R.K., Mirchia K. Neuronal CCL2 expression drives inflammatory monocyte infiltration into the brain during acute virus infection. J. Neuroinflamm. 2017;14:238. doi: 10.1186/s12974-017-1015-2.</Citation><ArticleIdList><ArticleId IdType="doi">10.1186/s12974-017-1015-2</ArticleId><ArticleId IdType="pmc">PMC5715496</ArticleId><ArticleId IdType="pubmed">29202854</ArticleId></ArticleIdList></Reference><Reference><Citation>Lively S., Schlichter L.C. Microglia Responses to Pro-inflammatory Stimuli (LPS, IFN&#x3b3;+TNF&#x3b1;) and Reprogramming by Resolving Cytokines (IL-4, IL-10) Front. Cell. Neurosci. 2018;12:215. doi: 10.3389/fncel.2018.00215.</Citation><ArticleIdList><ArticleId IdType="doi">10.3389/fncel.2018.00215</ArticleId><ArticleId IdType="pmc">PMC6066613</ArticleId><ArticleId IdType="pubmed">30087595</ArticleId></ArticleIdList></Reference><Reference><Citation>Hazra B., Chakraborty S., Bhaskar M., Mukherjee S., Mahadevan A., Basu A. miR-301a Regulates Inflammatory Response to Japanese Encephalitis Virus Infection via Suppression of NKRF Activity. J. Immunol. 2019;203:2222&#x2013;2238. doi: 10.4049/jimmunol.1900003.</Citation><ArticleIdList><ArticleId IdType="doi">10.4049/jimmunol.1900003</ArticleId><ArticleId IdType="pubmed">31527198</ArticleId></ArticleIdList></Reference><Reference><Citation>Simanjuntak Y., Liang J.-J., Lee Y.-L., Lin Y.-L. Japanese Encephalitis Virus Exploits Dopamine D2 Receptor-phospholipase C to Target Dopaminergic Human Neuronal Cells. Front. Microbiol. 2017;8:651. doi: 10.3389/fmicb.2017.00651.</Citation><ArticleIdList><ArticleId IdType="doi">10.3389/fmicb.2017.00651</ArticleId><ArticleId IdType="pmc">PMC5387065</ArticleId><ArticleId IdType="pubmed">28443089</ArticleId></ArticleIdList></Reference><Reference><Citation>Figueiredo C.P., Barros-Arag&#xe3;o F.G.Q., Neris R.L.S., Frost P.S., Soares C., Souza I.N.O., Zeidler J.D., Zamberlan D.C., de Sousa V.L., Souza A.S., et al. Zika virus replicates in adult human brain tissue and impairs synapses and memory in mice. Nat. Commun. 2019;10:3890. doi: 10.1038/s41467-019-11866-7.</Citation><ArticleIdList><ArticleId IdType="doi">10.1038/s41467-019-11866-7</ArticleId><ArticleId IdType="pmc">PMC6728367</ArticleId><ArticleId IdType="pubmed">31488835</ArticleId></ArticleIdList></Reference><Reference><Citation>Potokar M., Jorga&#x10d;evski J., Zorec R. Astrocytes in Flavivirus Infections. Int. J. Mol. Sci. 2019;20:691. doi: 10.3390/ijms20030691.</Citation><ArticleIdList><ArticleId IdType="doi">10.3390/ijms20030691</ArticleId><ArticleId IdType="pmc">PMC6386967</ArticleId><ArticleId IdType="pubmed">30736273</ArticleId></ArticleIdList></Reference><Reference><Citation>Ishii T., Matsushita M., Hamada S. Characteristic residual neuropathological features of Japanese B encephalitis. Acta Neuropathol. 1977;38:181&#x2013;186. doi: 10.1007/BF00688063.</Citation><ArticleIdList><ArticleId IdType="doi">10.1007/BF00688063</ArticleId><ArticleId IdType="pubmed">197769</ArticleId></ArticleIdList></Reference><Reference><Citation>Liao C.L., Lin Y.L., Shen S.C., Shen J.Y., Su H.L., Huang Y.L., Ma S.H., Sun Y.C., Chen K.P., Chen L.K. Antiapoptotic but not antiviral function of human bcl-2 assists establishment of Japanese encephalitis virus persistence in cultured cells. J. Virol. 1998;72:9844&#x2013;9854. doi: 10.1128/JVI.72.12.9844-9854.1998.</Citation><ArticleIdList><ArticleId IdType="doi">10.1128/JVI.72.12.9844-9854.1998</ArticleId><ArticleId IdType="pmc">PMC110496</ArticleId><ArticleId IdType="pubmed">9811720</ArticleId></ArticleIdList></Reference><Reference><Citation>Liao C.L., Lin Y.L., Wang J.J., Huang Y.L., Yeh C.T., Ma S.H., Chen L.K. Effect of enforced expression of human bcl-2 on Japanese encephalitis virus-induced apoptosis in cultured cells. J. Virol. 1997;71:5963&#x2013;5971. doi: 10.1128/jvi.71.8.5963-5971.1997.</Citation><ArticleIdList><ArticleId IdType="doi">10.1128/jvi.71.8.5963-5971.1997</ArticleId><ArticleId IdType="pmc">PMC191852</ArticleId><ArticleId IdType="pubmed">9223486</ArticleId></ArticleIdList></Reference><Reference><Citation>Sriurairatna S., Bhamarapravati N., Phalavadhtana O. Dengue virus infection of mice: Morphology and morphogenesis of dengue type-2 virus in suckling mouse neurones. Infect. Immun. 1973;8:1017&#x2013;1028. doi: 10.1128/iai.8.6.1017-1028.1973.</Citation><ArticleIdList><ArticleId IdType="doi">10.1128/iai.8.6.1017-1028.1973</ArticleId><ArticleId IdType="pmc">PMC422964</ArticleId><ArticleId IdType="pubmed">4594115</ArticleId></ArticleIdList></Reference><Reference><Citation>Shrivastava G., Valenzuela Leon P.C., Calvo E. Inflammasome Fuels Dengue Severity. Front. Cell. Infect. Microbiol. 2020;10:489. doi: 10.3389/fcimb.2020.00489.</Citation><ArticleIdList><ArticleId IdType="doi">10.3389/fcimb.2020.00489</ArticleId><ArticleId IdType="pmc">PMC7511630</ArticleId><ArticleId IdType="pubmed">33014899</ArticleId></ArticleIdList></Reference><Reference><Citation>Torrentes-Carvalho A., Azeredo E.L., Reis S.R., Miranda A.S., Gandini M., Barbosa L.S., Kubelka C.F. Dengue-2 infection and the induction of apoptosis in human primary monocytes. Mem&#xf3;rias Do Inst. Oswaldo Cruz. 2009;104:1091&#x2013;1099. doi: 10.1590/S0074-02762009000800005.</Citation><ArticleIdList><ArticleId IdType="doi">10.1590/S0074-02762009000800005</ArticleId><ArticleId IdType="pubmed">20140369</ArticleId></ArticleIdList></Reference><Reference><Citation>Nagata S., Tanaka M. Programmed cell death and the immune system. Nat. Rev. Immunol. 2017;17:333&#x2013;340. doi: 10.1038/nri.2016.153.</Citation><ArticleIdList><ArticleId IdType="doi">10.1038/nri.2016.153</ArticleId><ArticleId IdType="pubmed">28163302</ArticleId></ArticleIdList></Reference><Reference><Citation>Wang Z.Y., Zhen Z.D., Fan D.Y., Qin C.F., Han D.S., Zhou H.N., Wang P.G., An J. Axl Deficiency Promotes the Neuroinvasion of Japanese Encephalitis Virus by Enhancing IL-1&#x3b1; Production from Pyroptotic Macrophages. J. Virol. 2020;94:e00602-20. doi: 10.1128/JVI.00602-20.</Citation><ArticleIdList><ArticleId IdType="doi">10.1128/JVI.00602-20</ArticleId><ArticleId IdType="pmc">PMC7431807</ArticleId><ArticleId IdType="pubmed">32611752</ArticleId></ArticleIdList></Reference><Reference><Citation>Sarlus H., Heneka M.T. Microglia in Alzheimer&#x2019;s disease. J. Clin. Investig. 2017;127:3240&#x2013;3249. doi: 10.1172/JCI90606.</Citation><ArticleIdList><ArticleId IdType="doi">10.1172/JCI90606</ArticleId><ArticleId IdType="pmc">PMC5669553</ArticleId><ArticleId IdType="pubmed">28862638</ArticleId></ArticleIdList></Reference><Reference><Citation>Tang Y., Le W. Differential Roles of M1 and M2 Microglia in Neurodegenerative Diseases. Mol. Neurobiol. 2016;53:1181&#x2013;1194. doi: 10.1007/s12035-014-9070-5.</Citation><ArticleIdList><ArticleId IdType="doi">10.1007/s12035-014-9070-5</ArticleId><ArticleId IdType="pubmed">25598354</ArticleId></ArticleIdList></Reference><Reference><Citation>Klein R.S., Garber C., Funk K.E., Salimi H., Soung A., Kanmogne M., Manivasagam S., Agner S., Cain M. Neuroinflammation During RNA Viral Infections. Annu. Rev. Immunol. 2019;37:73&#x2013;95. doi: 10.1146/annurev-immunol-042718-041417.</Citation><ArticleIdList><ArticleId IdType="doi">10.1146/annurev-immunol-042718-041417</ArticleId><ArticleId IdType="pmc">PMC6731125</ArticleId><ArticleId IdType="pubmed">31026414</ArticleId></ArticleIdList></Reference><Reference><Citation>Ito D., Tanaka K., Suzuki S., Dembo T., Fukuuchi Y. Enhanced expression of Iba1, ionized calcium-binding adapter molecule 1, after transient focal cerebral ischemia in rat brain. Stroke. 2001;32:1208&#x2013;1215. doi: 10.1161/01.STR.32.5.1208.</Citation><ArticleIdList><ArticleId IdType="doi">10.1161/01.STR.32.5.1208</ArticleId><ArticleId IdType="pubmed">11340235</ArticleId></ArticleIdList></Reference><Reference><Citation>Du X., Xu Y., Chen S., Fang M. Inhibited CSF1R Alleviates Ischemia Injury via Inhibition of Microglia M1 Polarization and NLRP3 Pathway. Neural Plast. 2020;2020:8825954. doi: 10.1155/2020/8825954.</Citation><ArticleIdList><ArticleId IdType="doi">10.1155/2020/8825954</ArticleId><ArticleId IdType="pmc">PMC7474788</ArticleId><ArticleId IdType="pubmed">32908485</ArticleId></ArticleIdList></Reference><Reference><Citation>Jiang C.T., Wu W.F., Deng Y.H., Ge J.W. Modulators of microglia activation and polarization in ischemic stroke (Review) Mol. Med. Rep. 2020;21:2006&#x2013;2018. doi: 10.3892/mmr.2020.11003.</Citation><ArticleIdList><ArticleId IdType="doi">10.3892/mmr.2020.11003</ArticleId><ArticleId IdType="pmc">PMC7115206</ArticleId><ArticleId IdType="pubmed">32323760</ArticleId></ArticleIdList></Reference><Reference><Citation>Hao N.-B., L&#xfc; M.-H., Fan Y.-H., Cao Y.-L., Zhang Z.-R., Yang S.-M. Macrophages in Tumor Microenvironments and the Progression of Tumors. Clin. Dev. Immunol. 2012;2012:948098. doi: 10.1155/2012/948098.</Citation><ArticleIdList><ArticleId IdType="doi">10.1155/2012/948098</ArticleId><ArticleId IdType="pmc">PMC3385963</ArticleId><ArticleId IdType="pubmed">22778768</ArticleId></ArticleIdList></Reference><Reference><Citation>Pan Y., Yu Y., Wang X., Zhang T. Tumor-Associated Macrophages in Tumor Immunity. Front. Immunol. 2020;11:583084. doi: 10.3389/fimmu.2020.583084.</Citation><ArticleIdList><ArticleId IdType="doi">10.3389/fimmu.2020.583084</ArticleId><ArticleId IdType="pmc">PMC7751482</ArticleId><ArticleId IdType="pubmed">33365025</ArticleId></ArticleIdList></Reference><Reference><Citation>Shapouri-Moghaddam A., Mohammadian S., Vazini H., Taghadosi M., Esmaeili S.A., Mardani F., Seifi B., Mohammadi A., Afshari J.T., Sahebkar A. Macrophage plasticity, polarization, and function in health and disease. J. Cell. Physiol. 2018;233:6425&#x2013;6440. doi: 10.1002/jcp.26429.</Citation><ArticleIdList><ArticleId IdType="doi">10.1002/jcp.26429</ArticleId><ArticleId IdType="pubmed">29319160</ArticleId></ArticleIdList></Reference><Reference><Citation>Ley K. M1 Means Kill; M2 Means Heal. J. Immunol. 2017;199:2191&#x2013;2193. doi: 10.4049/jimmunol.1701135.</Citation><ArticleIdList><ArticleId IdType="doi">10.4049/jimmunol.1701135</ArticleId><ArticleId IdType="pubmed">28923980</ArticleId></ArticleIdList></Reference><Reference><Citation>Ye J., Jiang R., Cui M., Zhu B., Sun L., Wang Y., Zohaib A., Dong Q., Ruan X., Song Y., et al. Etanercept Reduces Neuroinflammation and Lethality in Mouse Model of Japanese Encephalitis. J. Infect. Dis. 2014;210:875&#x2013;889. doi: 10.1093/infdis/jiu179.</Citation><ArticleIdList><ArticleId IdType="doi">10.1093/infdis/jiu179</ArticleId><ArticleId IdType="pubmed">24652493</ArticleId></ArticleIdList></Reference></ReferenceList></PubmedData></PubmedArticle></PubmedArticleSet>