<?xml version="1.0" ?>
<!DOCTYPE PubmedArticleSet PUBLIC "-//NLM//DTD PubMedArticle, 1st January 2023//EN" "https://dtd.nlm.nih.gov/ncbi/pubmed/out/pubmed_230101.dtd">
<PubmedArticleSet>
<PubmedArticle><MedlineCitation Status="MEDLINE" Owner="NLM" IndexingMethod="Automated"><PMID Version="1">34864691</PMID><DateCompleted><Year>2022</Year><Month>04</Month><Day>27</Day></DateCompleted><DateRevised><Year>2022</Year><Month>04</Month><Day>27</Day></DateRevised><Article PubModel="Print"><Journal><ISSN IssnType="Electronic">1877-718X</ISSN><JournalIssue CitedMedium="Internet"><Volume>12</Volume><Issue>2</Issue><PubDate><Year>2022</Year></PubDate></JournalIssue><Title>Journal of Parkinson's disease</Title><ISOAbbreviation>J Parkinsons Dis</ISOAbbreviation></Journal><ArticleTitle>Dengue Virus Infection and Risk of Parkinson's Disease: A Nationwide Longitudinal Study.</ArticleTitle><Pagination><StartPage>679</StartPage><EndPage>687</EndPage><MedlinePgn>679-687</MedlinePgn></Pagination><ELocationID EIdType="doi" ValidYN="Y">10.3233/JPD-212938</ELocationID><AuthorList CompleteYN="Y"><Author ValidYN="Y"><LastName>Hsu</LastName><ForeName>Tien-Wei</ForeName><Initials>TW</Initials><AffiliationInfo><Affiliation>Department of Psychiatry, Kaohsiung Veterans General Hospital, Kaohsiung City, Taiwan.</Affiliation></AffiliationInfo></Author><Author ValidYN="Y"><LastName>Chu</LastName><ForeName>Che-Sheng</ForeName><Initials>CS</Initials><AffiliationInfo><Affiliation>Department of Psychiatry, Kaohsiung Veterans General Hospital, Kaohsiung City, Taiwan.</Affiliation></AffiliationInfo><AffiliationInfo><Affiliation>Center for Geriatric and Gerontology, Kaohsiung Veterans General Hospital, Kaohsiung City, Taiwan.</Affiliation></AffiliationInfo><AffiliationInfo><Affiliation>Non-invasive Neuromodulation Consortium for Mental Disorders, Society of Psychophysiology, Taipei, Taiwan.</Affiliation></AffiliationInfo><AffiliationInfo><Affiliation>Graduate Institute of Medicine, College of Medicine, Kaohsiung Medical University, Kaohsiung, Taiwan.</Affiliation></AffiliationInfo></Author><Author ValidYN="Y"><LastName>Tsai</LastName><ForeName>Shih-Jen</ForeName><Initials>SJ</Initials><AffiliationInfo><Affiliation>Department of Psychiatry, Taipei Veterans General Hospital, Taipei, Taiwan.</Affiliation></AffiliationInfo><AffiliationInfo><Affiliation>Department of Psychiatry, College of Medicine, National Yang Ming Chiao Tung University, Taipei, Taiwan.</Affiliation></AffiliationInfo></Author><Author ValidYN="Y"><LastName>Cheng</LastName><ForeName>Chih-Ming</ForeName><Initials>CM</Initials><AffiliationInfo><Affiliation>Department of Psychiatry, Taipei Veterans General Hospital, Taipei, Taiwan.</Affiliation></AffiliationInfo><AffiliationInfo><Affiliation>Department of Psychiatry, College of Medicine, National Yang Ming Chiao Tung University, Taipei, Taiwan.</Affiliation></AffiliationInfo></Author><Author ValidYN="Y"><LastName>Su</LastName><ForeName>Tung-Ping</ForeName><Initials>TP</Initials><AffiliationInfo><Affiliation>Department of Psychiatry, Taipei Veterans General Hospital, Taipei, Taiwan.</Affiliation></AffiliationInfo><AffiliationInfo><Affiliation>Department of Psychiatry, College of Medicine, National Yang Ming Chiao Tung University, Taipei, Taiwan.</Affiliation></AffiliationInfo><AffiliationInfo><Affiliation>Department of Psychiatry, General Cheng Hsin Hospital, Taipei, Taiwan.</Affiliation></AffiliationInfo></Author><Author ValidYN="Y"><LastName>Chen</LastName><ForeName>Tzeng-Ji</ForeName><Initials>TJ</Initials><AffiliationInfo><Affiliation>Department of Family Medicine, Taipei Veterans General Hospital, Taipei, Taiwan.</Affiliation></AffiliationInfo><AffiliationInfo><Affiliation>Institute of Hospital and Health Care Administration, National Yang Ming Chiao Tung University, Taipei, Taiwan.</Affiliation></AffiliationInfo></Author><Author ValidYN="Y"><LastName>Bai</LastName><ForeName>Ya-Mei</ForeName><Initials>YM</Initials><AffiliationInfo><Affiliation>Department of Psychiatry, Taipei Veterans General Hospital, Taipei, Taiwan.</Affiliation></AffiliationInfo><AffiliationInfo><Affiliation>Department of Psychiatry, College of Medicine, National Yang Ming Chiao Tung University, Taipei, Taiwan.</Affiliation></AffiliationInfo></Author><Author ValidYN="Y"><LastName>Liang</LastName><ForeName>Chih-Sung</ForeName><Initials>CS</Initials><AffiliationInfo><Affiliation>Department of Psychiatry, Beitou Branch, Tri-Service General Hospital, Taipei, Taiwan.</Affiliation></AffiliationInfo><AffiliationInfo><Affiliation>Department of Psychiatry, National Defense Medical Center, Taipei, Taiwan.</Affiliation></AffiliationInfo></Author><Author ValidYN="Y"><LastName>Chen</LastName><ForeName>Mu-Hong</ForeName><Initials>MH</Initials><AffiliationInfo><Affiliation>Department of Psychiatry, Taipei Veterans General Hospital, Taipei, Taiwan.</Affiliation></AffiliationInfo><AffiliationInfo><Affiliation>Department of Psychiatry, College of Medicine, National Yang Ming Chiao Tung University, Taipei, Taiwan.</Affiliation></AffiliationInfo></Author></AuthorList><Language>eng</Language><PublicationTypeList><PublicationType UI="D016428">Journal Article</PublicationType><PublicationType UI="D013485">Research Support, Non-U.S. Gov't</PublicationType></PublicationTypeList></Article><MedlineJournalInfo><Country>Netherlands</Country><MedlineTA>J Parkinsons Dis</MedlineTA><NlmUniqueID>101567362</NlmUniqueID><ISSNLinking>1877-7171</ISSNLinking></MedlineJournalInfo><CitationSubset>IM</CitationSubset><MeshHeadingList><MeshHeading><DescriptorName UI="D003715" MajorTopicYN="Y">Dengue</DescriptorName><QualifierName UI="Q000150" MajorTopicYN="N">complications</QualifierName><QualifierName UI="Q000453" MajorTopicYN="N">epidemiology</QualifierName></MeshHeading><MeshHeading><DescriptorName UI="D006801" MajorTopicYN="N">Humans</DescriptorName></MeshHeading><MeshHeading><DescriptorName UI="D008137" MajorTopicYN="N">Longitudinal Studies</DescriptorName></MeshHeading><MeshHeading><DescriptorName UI="D010300" MajorTopicYN="Y">Parkinson Disease</DescriptorName><QualifierName UI="Q000453" MajorTopicYN="N">epidemiology</QualifierName></MeshHeading></MeshHeadingList><KeywordList Owner="NOTNLM"><Keyword MajorTopicYN="N">Dengue</Keyword><Keyword MajorTopicYN="N">Parkinson&#x2019;s disease</Keyword><Keyword MajorTopicYN="N">Taiwan</Keyword><Keyword MajorTopicYN="N">neurological sequelae</Keyword><Keyword MajorTopicYN="N">virus infection</Keyword></KeywordList></MedlineCitation><PubmedData><History><PubMedPubDate PubStatus="pubmed"><Year>2021</Year><Month>12</Month><Day>6</Day><Hour>6</Hour><Minute>0</Minute></PubMedPubDate><PubMedPubDate PubStatus="medline"><Year>2022</Year><Month>4</Month><Day>28</Day><Hour>6</Hour><Minute>0</Minute></PubMedPubDate><PubMedPubDate PubStatus="entrez"><Year>2021</Year><Month>12</Month><Day>5</Day><Hour>21</Hour><Minute>31</Minute></PubMedPubDate></History><PublicationStatus>ppublish</PublicationStatus><ArticleIdList><ArticleId IdType="pubmed">34864691</ArticleId><ArticleId IdType="doi">10.3233/JPD-212938</ArticleId><ArticleId IdType="pii">JPD212938</ArticleId></ArticleIdList></PubmedData></PubmedArticle></PubmedArticleSet>