<?xml version="1.0" ?>
<!DOCTYPE PubmedArticleSet PUBLIC "-//NLM//DTD PubMedArticle, 1st January 2023//EN" "https://dtd.nlm.nih.gov/ncbi/pubmed/out/pubmed_230101.dtd">
<PubmedArticleSet>
<PubmedArticle><MedlineCitation Status="MEDLINE" Owner="NLM"><PMID Version="1">34903766</PMID><DateCompleted><Year>2022</Year><Month>01</Month><Day>27</Day></DateCompleted><DateRevised><Year>2022</Year><Month>01</Month><Day>27</Day></DateRevised><Article PubModel="Electronic"><Journal><ISSN IssnType="Electronic">2045-2322</ISSN><JournalIssue CitedMedium="Internet"><Volume>11</Volume><Issue>1</Issue><PubDate><Year>2021</Year><Month>Dec</Month><Day>13</Day></PubDate></JournalIssue><Title>Scientific reports</Title><ISOAbbreviation>Sci Rep</ISOAbbreviation></Journal><ArticleTitle>Transgenic refractory Aedes aegypti lines are resistant to multiple serotypes of dengue virus.</ArticleTitle><Pagination><StartPage>23865</StartPage><MedlinePgn>23865</MedlinePgn></Pagination><ELocationID EIdType="pii" ValidYN="Y">23865</ELocationID><ELocationID EIdType="doi" ValidYN="Y">10.1038/s41598-021-03229-4</ELocationID><Abstract><AbstractText>The areas where dengue virus (DENV) is endemic have expanded rapidly, driven in part by the global spread of Aedes species, which act as disease vectors. DENV replicates in the mosquito midgut and is disseminated to the mosquito's salivary glands for amplification. Thus, blocking virus infection or replication in the tissues of the mosquito may be a viable strategy for reducing the incidence of DENV transmission to humans. Here we used the mariner Mos1 transposase to create an Aedes aegypti line that expresses virus-specific miRNA hairpins capable of blocking DENV replication. These microRNA are driven by the blood-meal-inducible carboxypeptidase A promoter or by the polyubiquitin promoter. The transgenic mosquitoes exhibited significantly lower infection rates and viral titers for most DENV serotypes 7&#xa0;days after receiving an infectious blood meal. The treatment was also effective at day 14 post infection after a second blood meal had been administered. In viral transmission assay, we found there was significantly reduced transmission in these lines. These transgenic mosquitoes were effective in silencing most of the DENV genome; such an approach may be employed to control a dengue fever epidemic.</AbstractText><CopyrightInformation>&#xa9; 2021. The Author(s).</CopyrightInformation></Abstract><AuthorList CompleteYN="Y"><Author ValidYN="Y" EqualContrib="Y"><LastName>Liu</LastName><ForeName>Wei-Liang</ForeName><Initials>WL</Initials><AffiliationInfo><Affiliation>National Mosquito-Borne Diseases Control Research Center, National Health Research Institutes, Miaoli, Taiwan.</Affiliation></AffiliationInfo></Author><Author ValidYN="Y" EqualContrib="Y"><LastName>Hsu</LastName><ForeName>Chia-Wei</ForeName><Initials>CW</Initials><AffiliationInfo><Affiliation>Institutes of Molecular and Cellular Biology, National Taiwan University, Taipei, Taiwan.</Affiliation></AffiliationInfo></Author><Author ValidYN="Y"><LastName>Chan</LastName><ForeName>Shih-Peng</ForeName><Initials>SP</Initials><AffiliationInfo><Affiliation>Graduate Institute of Microbiology, College of Medicine, National Taiwan University, Taipei, Taiwan.</Affiliation></AffiliationInfo></Author><Author ValidYN="Y"><LastName>Yen</LastName><ForeName>Pei-Shi</ForeName><Initials>PS</Initials><AffiliationInfo><Affiliation>Unit of Arboviruses and Insect Vectors, Department of Virology, Institute Pasteur, Paris, France.</Affiliation></AffiliationInfo></Author><Author ValidYN="Y"><LastName>Su</LastName><ForeName>Matthew P</ForeName><Initials>MP</Initials><AffiliationInfo><Affiliation>Department of Biological Science, Nagoya University, Nagoya, Japan.</Affiliation></AffiliationInfo><AffiliationInfo><Affiliation>Institute for Advanced Research, Nagoya University, Nagoya, Japan.</Affiliation></AffiliationInfo></Author><Author ValidYN="Y"><LastName>Li</LastName><ForeName>Jian-Chiuan</ForeName><Initials>JC</Initials><AffiliationInfo><Affiliation>National Institute of Infectious Diseases and Vaccinology, National Health Research Institutes, Miaoli, Taiwan.</Affiliation></AffiliationInfo></Author><Author ValidYN="Y"><LastName>Li</LastName><ForeName>Hsing-Han</ForeName><Initials>HH</Initials><AffiliationInfo><Affiliation>National Institute of Infectious Diseases and Vaccinology, National Health Research Institutes, Miaoli, Taiwan.</Affiliation></AffiliationInfo></Author><Author ValidYN="Y"><LastName>Cheng</LastName><ForeName>Lie</ForeName><Initials>L</Initials><AffiliationInfo><Affiliation>National Mosquito-Borne Diseases Control Research Center, National Health Research Institutes, Miaoli, Taiwan.</Affiliation></AffiliationInfo></Author><Author ValidYN="Y"><LastName>Tang</LastName><ForeName>Cheng-Kang</ForeName><Initials>CK</Initials><AffiliationInfo><Affiliation>National Institute of Infectious Diseases and Vaccinology, National Health Research Institutes, Miaoli, Taiwan.</Affiliation></AffiliationInfo></Author><Author ValidYN="Y"><LastName>Ko</LastName><ForeName>Shih-Hsun</ForeName><Initials>SH</Initials><AffiliationInfo><Affiliation>National Mosquito-Borne Diseases Control Research Center, National Health Research Institutes, Miaoli, Taiwan.</Affiliation></AffiliationInfo></Author><Author ValidYN="Y"><LastName>Tsai</LastName><ForeName>Huai-Kuang</ForeName><Initials>HK</Initials><AffiliationInfo><Affiliation>Institute of Information Science, Academia Sinica, Taipei, Taiwan.</Affiliation></AffiliationInfo></Author><Author ValidYN="Y"><LastName>Tsai</LastName><ForeName>Zing Tsung-Yeh</ForeName><Initials>ZT</Initials><AffiliationInfo><Affiliation>Institute of Information Science, Academia Sinica, Taipei, Taiwan.</Affiliation></AffiliationInfo></Author><Author ValidYN="Y"><LastName>Akbari</LastName><ForeName>Omar S</ForeName><Initials>OS</Initials><AffiliationInfo><Affiliation>Section of Cell and Developmental Biology, Division of Biological Sciences, University of California, San Diego, La Jolla, CA, 92093, USA.</Affiliation></AffiliationInfo></Author><Author ValidYN="Y"><LastName>Failloux</LastName><ForeName>Anna-Bella</ForeName><Initials>AB</Initials><AffiliationInfo><Affiliation>Unit of Arboviruses and Insect Vectors, Department of Virology, Institute Pasteur, Paris, France.</Affiliation></AffiliationInfo></Author><Author ValidYN="Y"><LastName>Chen</LastName><ForeName>Chun-Hong</ForeName><Initials>CH</Initials><AffiliationInfo><Affiliation>National Mosquito-Borne Diseases Control Research Center, National Health Research Institutes, Miaoli, Taiwan. chunhong@gmail.com.</Affiliation></AffiliationInfo><AffiliationInfo><Affiliation>Institutes of Molecular and Cellular Biology, National Taiwan University, Taipei, Taiwan. chunhong@gmail.com.</Affiliation></AffiliationInfo><AffiliationInfo><Affiliation>National Institute of Infectious Diseases and Vaccinology, National Health Research Institutes, Miaoli, Taiwan. chunhong@gmail.com.</Affiliation></AffiliationInfo><AffiliationInfo><Affiliation>National Institute of Infectious Diseases and Vaccinology, National Mosquito-Borne Diseases Control Research Center, National Health Research Institutes, Zhunan, Taiwan. chunhong@gmail.com.</Affiliation></AffiliationInfo></Author></AuthorList><Language>eng</Language><PublicationTypeList><PublicationType UI="D016428">Journal Article</PublicationType><PublicationType UI="D013485">Research Support, Non-U.S. Gov't</PublicationType></PublicationTypeList><ArticleDate DateType="Electronic"><Year>2021</Year><Month>12</Month><Day>13</Day></ArticleDate></Article><MedlineJournalInfo><Country>England</Country><MedlineTA>Sci Rep</MedlineTA><NlmUniqueID>101563288</NlmUniqueID><ISSNLinking>2045-2322</ISSNLinking></MedlineJournalInfo><ChemicalList><Chemical><RegistryNumber>0</RegistryNumber><NameOfSubstance UI="D034741">RNA, Small Interfering</NameOfSubstance></Chemical><Chemical><RegistryNumber>EC 2.7.7.-</RegistryNumber><NameOfSubstance UI="D019895">Transposases</NameOfSubstance></Chemical></ChemicalList><CitationSubset>IM</CitationSubset><CommentsCorrectionsList><CommentsCorrections RefType="ErratumIn"><RefSource>Sci Rep. 2022 Jan 10;12(1):754</RefSource><PMID Version="1">35013523</PMID></CommentsCorrections></CommentsCorrectionsList><MeshHeadingList><MeshHeading><DescriptorName UI="D000330" MajorTopicYN="N">Aedes</DescriptorName><QualifierName UI="Q000235" MajorTopicYN="N">genetics</QualifierName><QualifierName UI="Q000821" MajorTopicYN="Y">virology</QualifierName></MeshHeading><MeshHeading><DescriptorName UI="D000818" MajorTopicYN="N">Animals</DescriptorName></MeshHeading><MeshHeading><DescriptorName UI="D030801" MajorTopicYN="Y">Animals, Genetically Modified</DescriptorName></MeshHeading><MeshHeading><DescriptorName UI="D002460" MajorTopicYN="N">Cell Line</DescriptorName></MeshHeading><MeshHeading><DescriptorName UI="D006224" MajorTopicYN="N">Cricetinae</DescriptorName></MeshHeading><MeshHeading><DescriptorName UI="D003412" MajorTopicYN="N">Cricetulus</DescriptorName></MeshHeading><MeshHeading><DescriptorName UI="D003715" MajorTopicYN="N">Dengue</DescriptorName><QualifierName UI="Q000517" MajorTopicYN="Y">prevention &amp; control</QualifierName><QualifierName UI="Q000635" MajorTopicYN="N">transmission</QualifierName></MeshHeading><MeshHeading><DescriptorName UI="D003716" MajorTopicYN="N">Dengue Virus</DescriptorName><QualifierName UI="Q000235" MajorTopicYN="N">genetics</QualifierName><QualifierName UI="Q000472" MajorTopicYN="Y">pathogenicity</QualifierName></MeshHeading><MeshHeading><DescriptorName UI="D005347" MajorTopicYN="N">Fibroblasts</DescriptorName><QualifierName UI="Q000821" MajorTopicYN="N">virology</QualifierName></MeshHeading><MeshHeading><DescriptorName UI="D009032" MajorTopicYN="N">Mosquito Control</DescriptorName><QualifierName UI="Q000379" MajorTopicYN="Y">methods</QualifierName></MeshHeading><MeshHeading><DescriptorName UI="D000072138" MajorTopicYN="N">Mosquito Vectors</DescriptorName><QualifierName UI="Q000235" MajorTopicYN="N">genetics</QualifierName><QualifierName UI="Q000821" MajorTopicYN="Y">virology</QualifierName></MeshHeading><MeshHeading><DescriptorName UI="D034741" MajorTopicYN="N">RNA, Small Interfering</DescriptorName><QualifierName UI="Q000235" MajorTopicYN="N">genetics</QualifierName><QualifierName UI="Q000378" MajorTopicYN="N">metabolism</QualifierName></MeshHeading><MeshHeading><DescriptorName UI="D065288" MajorTopicYN="N">Serogroup</DescriptorName></MeshHeading><MeshHeading><DescriptorName UI="D019895" MajorTopicYN="N">Transposases</DescriptorName><QualifierName UI="Q000235" MajorTopicYN="N">genetics</QualifierName><QualifierName UI="Q000378" MajorTopicYN="N">metabolism</QualifierName></MeshHeading><MeshHeading><DescriptorName UI="D019562" MajorTopicYN="N">Viral Load</DescriptorName></MeshHeading></MeshHeadingList><CoiStatement>The authors declare no competing interests.</CoiStatement></MedlineCitation><PubmedData><History><PubMedPubDate PubStatus="received"><Year>2021</Year><Month>3</Month><Day>22</Day></PubMedPubDate><PubMedPubDate PubStatus="accepted"><Year>2021</Year><Month>11</Month><Day>25</Day></PubMedPubDate><PubMedPubDate PubStatus="entrez"><Year>2021</Year><Month>12</Month><Day>14</Day><Hour>7</Hour><Minute>51</Minute></PubMedPubDate><PubMedPubDate PubStatus="pubmed"><Year>2021</Year><Month>12</Month><Day>15</Day><Hour>6</Hour><Minute>0</Minute></PubMedPubDate><PubMedPubDate PubStatus="medline"><Year>2022</Year><Month>1</Month><Day>28</Day><Hour>6</Hour><Minute>0</Minute></PubMedPubDate></History><PublicationStatus>epublish</PublicationStatus><ArticleIdList><ArticleId IdType="pubmed">34903766</ArticleId><ArticleId IdType="pmc">PMC8668939</ArticleId><ArticleId IdType="doi">10.1038/s41598-021-03229-4</ArticleId><ArticleId IdType="pii">10.1038/s41598-021-03229-4</ArticleId></ArticleIdList><ReferenceList><Reference><Citation>Gubler DJ. Dengue and dengue hemorrhagic fever. Clin. Microbiol. Rev. 1998;11:480&#x2013;496.</Citation><ArticleIdList><ArticleId IdType="pmc">PMC88892</ArticleId><ArticleId IdType="pubmed">9665979</ArticleId></ArticleIdList></Reference><Reference><Citation>Brady OJ, et al. Refining the global spatial limits of dengue virus transmission by evidence-based consensus. PLoS Negl. Trop. Dis. 2012;6:e1760. doi: 10.1371/journal.pntd.0001760.</Citation><ArticleIdList><ArticleId IdType="doi">10.1371/journal.pntd.0001760</ArticleId><ArticleId IdType="pmc">PMC3413714</ArticleId><ArticleId IdType="pubmed">22880140</ArticleId></ArticleIdList></Reference><Reference><Citation>Bhatt S, et al. The global distribution and burden of dengue. Nature. 2013;496:504&#x2013;507.</Citation><ArticleIdList><ArticleId IdType="pmc">PMC3651993</ArticleId><ArticleId IdType="pubmed">23563266</ArticleId></ArticleIdList></Reference><Reference><Citation>Mairuhu AT, Wagenaar J, Brandjes DP, Gorp EC. Dengue: An arthropod-borne disease of global importance. Eur. J. Clin. Microbiol. Infect. Dis. 2004;23:425&#x2013;433.</Citation><ArticleIdList><ArticleId IdType="pubmed">15148655</ArticleId></ArticleIdList></Reference><Reference><Citation>Rigau-P&#xe9;rez J, et al. Dengue and dengue haemorrhagic fever. Lancet. 1998;352:971&#x2013;977.</Citation><ArticleIdList><ArticleId IdType="pubmed">9752834</ArticleId></ArticleIdList></Reference><Reference><Citation>Cheng L, et al. Releasing intracellular NS1 from mosquito cells for the detection of dengue virus-infected mosquitoes. Viruses. 2020;12:1105.</Citation><ArticleIdList><ArticleId IdType="pmc">PMC7599882</ArticleId><ArticleId IdType="pubmed">33003584</ArticleId></ArticleIdList></Reference><Reference><Citation>Franz AWE, Kantor AM, Passarelli AL, Clem RJ. Tissue barriers to arbovirus infection in mosquitoes. Viruses. 2015;7:3741&#x2013;3767.</Citation><ArticleIdList><ArticleId IdType="pmc">PMC4517124</ArticleId><ArticleId IdType="pubmed">26184281</ArticleId></ArticleIdList></Reference><Reference><Citation>Salazar MI, Richardson JH, S&#xe1;nchez-Vargas I, et al. Dengue virus type 2: Replication and tropisms in orally infected Aedes aegypti mosquitoes. BMC Microbiol. 2007;7:9.</Citation><ArticleIdList><ArticleId IdType="pmc">PMC1797809</ArticleId><ArticleId IdType="pubmed">17263893</ArticleId></ArticleIdList></Reference><Reference><Citation>Iturbe-Ormaetxe I, Walker T, O'Neill SL. Wolbachia and the biological control of mosquito-borne disease. EMBO Rep. 2011;12:508&#x2013;518.</Citation><ArticleIdList><ArticleId IdType="pmc">PMC3128286</ArticleId><ArticleId IdType="pubmed">21546911</ArticleId></ArticleIdList></Reference><Reference><Citation>Franz AW, et al. Stability and loss of a virus resistance phenotype over time in transgenic mosquitoes harbouring an antiviral effector gene. Insect Mol. Biol. 2009;18:661&#x2013;672.</Citation><ArticleIdList><ArticleId IdType="pmc">PMC4839482</ArticleId><ArticleId IdType="pubmed">19754743</ArticleId></ArticleIdList></Reference><Reference><Citation>Mathur G, Sanchez-Vargas I, Alvarez D, Olson KE, Marinotti O, James AA. Transgene-mediated suppression of dengue viruses in the salivary glands of the yellow fever mosquito, Aedes aegypti. Insect Mol. Biol. 2010;19:753&#x2013;763.</Citation><ArticleIdList><ArticleId IdType="pmc">PMC2976824</ArticleId><ArticleId IdType="pubmed">20738425</ArticleId></ArticleIdList></Reference><Reference><Citation>Champer J, Buchman A, Akbari OS. Cheating evolution: Engineering gene drives to manipulate the fate of wild populations. Nat. Rev. Genet. 2016;17:146&#x2013;159.</Citation><ArticleIdList><ArticleId IdType="pubmed">26875679</ArticleId></ArticleIdList></Reference><Reference><Citation>Travanty EA, et al. Using RNA interference to develop dengue virus resistance in genetically modified Aedes aegypti. Insect Biochem. Mol. Biol. 2004;34:607&#x2013;613.</Citation><ArticleIdList><ArticleId IdType="pubmed">15242701</ArticleId></ArticleIdList></Reference><Reference><Citation>Carvalho DO, et al. Mass production of genetically modified Aedes aegypti for field releases in Brazil. J. Vis. Exp. 2014;83:e3579. doi: 10.3791/3579.</Citation><ArticleIdList><ArticleId IdType="doi">10.3791/3579</ArticleId><ArticleId IdType="pmc">PMC4063546</ArticleId><ArticleId IdType="pubmed">24430003</ArticleId></ArticleIdList></Reference><Reference><Citation>Wilke ABB, Beier JC, Benelli G. Transgenic mosquitoes&#x2014;Fact or fiction? Trends Parasitol. 2018;34:456&#x2013;465.</Citation><ArticleIdList><ArticleId IdType="pubmed">29526402</ArticleId></ArticleIdList></Reference><Reference><Citation>Catteruccia F, Crisanti A, Wimmer EA. Transgenic technologies to induce sterility. Malar. J. 2009;8:S7.</Citation><ArticleIdList><ArticleId IdType="pmc">PMC2777329</ArticleId><ArticleId IdType="pubmed">19917077</ArticleId></ArticleIdList></Reference><Reference><Citation>Saldana MA, et al. Zika virus alters the microRNA expression profile and elicits an RNAi response in Aedes aegypti mosquitoes. PLoS Negl. Trop. Dis. 2017;11:e0005760.</Citation><ArticleIdList><ArticleId IdType="pmc">PMC5531668</ArticleId><ArticleId IdType="pubmed">28715413</ArticleId></ArticleIdList></Reference><Reference><Citation>Campbell CL, Harrison T, Hess AM, Ebel GD. MicroRNA levels are modulated in Aedes aegypti after exposure to Dengue-2. Insect Mol. Biol. 2014;23:132&#x2013;139.</Citation><ArticleIdList><ArticleId IdType="pmc">PMC4120961</ArticleId><ArticleId IdType="pubmed">24237456</ArticleId></ArticleIdList></Reference><Reference><Citation>Maharaj PD, Widen SG, Huang J, Wood TG, Thangamani S. Discovery of mosquito saliva microRNAs during CHIKV infection. PLoS Negl. Trop. Dis. 2015;9:e0003386.</Citation><ArticleIdList><ArticleId IdType="pmc">PMC4303268</ArticleId><ArticleId IdType="pubmed">25612225</ArticleId></ArticleIdList></Reference><Reference><Citation>Fire A, Xu S, Montgomery M, Kostas S, Driver S, Mello C. Potent and specific genetic interference by double-stranded RNA in Caenorhabditis elegans. Nature. 1998;391:806&#x2013;811.</Citation><ArticleIdList><ArticleId IdType="pubmed">9486653</ArticleId></ArticleIdList></Reference><Reference><Citation>Ding SW, Li WX. Viral suppressors of RNA silencing. Curr. Opin. Biotechnol. 2001;12:150&#x2013;154.</Citation><ArticleIdList><ArticleId IdType="pubmed">11287229</ArticleId></ArticleIdList></Reference><Reference><Citation>Ghildiyal M, Xu J, Seitz H, Weng Z, Zamore PD. Sorting of Drosophila small silencing RNAs partitions microRNA strands into the RNA interference pathway. RNA. 2010;16:43&#x2013;56.</Citation><ArticleIdList><ArticleId IdType="pmc">PMC2802036</ArticleId><ArticleId IdType="pubmed">19917635</ArticleId></ArticleIdList></Reference><Reference><Citation>Forstemann K, Horwich MD, Wee L, Tomari Y, Zamore PD. Drosophila microRNAs are sorted into functionally distinct argonaute complexes after production by dicer-1. Cell. 2007;130:287&#x2013;297.</Citation><ArticleIdList><ArticleId IdType="pmc">PMC2686109</ArticleId><ArticleId IdType="pubmed">17662943</ArticleId></ArticleIdList></Reference><Reference><Citation>Yang JS, et al. Intertwined pathways for Argonaute-mediated microRNA biogenesis in Drosophila. Nucleic Acids Res. 2014;42:1987&#x2013;2002.</Citation><ArticleIdList><ArticleId IdType="pmc">PMC3919586</ArticleId><ArticleId IdType="pubmed">24220090</ArticleId></ArticleIdList></Reference><Reference><Citation>Li Z, Rana TM. Therapeutic targeting of microRNAs: Current status and future challenges. Nat. Rev. Drug Discov. 2014;13:622&#x2013;638.</Citation><ArticleIdList><ArticleId IdType="pubmed">25011539</ArticleId></ArticleIdList></Reference><Reference><Citation>Wilczynska A, Bushell M. The complexity of miRNA-mediated repression. Cell Death. Differ. 2015;22:22&#x2013;33.</Citation><ArticleIdList><ArticleId IdType="pmc">PMC4262769</ArticleId><ArticleId IdType="pubmed">25190144</ArticleId></ArticleIdList></Reference><Reference><Citation>Anderson MA, Gross TL, Myles KM, Adelman ZN. Validation of novel promoter sequences derived from two endogenous ubiquitin genes in transgenic Aedes aegypti. Insect Mol. Biol. 2010;19:441&#x2013;449.</Citation><ArticleIdList><ArticleId IdType="pmc">PMC3605713</ArticleId><ArticleId IdType="pubmed">20456509</ArticleId></ArticleIdList></Reference><Reference><Citation>Moreira LA, Edwards MJ, Adhami F, Jasinskiene N, James AA, Jacobs-Lorena M. Robust gut-specific gene expression in transgenic Aedes aegypti mosquitoes. Proc. Natl. Acad. Sci. 2000;97:10895&#x2013;10898.</Citation><ArticleIdList><ArticleId IdType="pmc">PMC27120</ArticleId><ArticleId IdType="pubmed">11005862</ArticleId></ArticleIdList></Reference><Reference><Citation>Scott TW, et al. Longitudinal studies of Aedes aegypti (Diptera: Culicidae) in Thailand and Puerto Rico: Blood feeding frequency. J. Med. Entomol. 2000;37:89&#x2013;101.</Citation><ArticleIdList><ArticleId IdType="pubmed">15218911</ArticleId></ArticleIdList></Reference><Reference><Citation>Lobo NF, Clayton JR, Fraser MJ, Kafatos FC, Collins FH. High efficiency germ-line transformation of mosquitoes. Nat. Protoc. 2006;1:1312&#x2013;1317.</Citation><ArticleIdList><ArticleId IdType="pubmed">17406416</ArticleId></ArticleIdList></Reference><Reference><Citation>Yen PS, James A, Li JC, Chen CH, Failloux AB. Synthetic miRNAs induce dual arboviral-resistance phenotypes in the vector mosquito Aedes aegypti. Commun. Biol. 2018;1:11&#x2013;19.</Citation><ArticleIdList><ArticleId IdType="pmc">PMC6053081</ArticleId><ArticleId IdType="pubmed">30271898</ArticleId></ArticleIdList></Reference><Reference><Citation>Buchman A, et al. Engineered resistance to Zika virus in transgenic Aedes aegypti expressing a polycistronic cluster of synthetic small RNAs. Proc. Natl. Acad. Sci. 2016;116:3656&#x2013;3661.</Citation><ArticleIdList><ArticleId IdType="pmc">PMC6397566</ArticleId><ArticleId IdType="pubmed">30723148</ArticleId></ArticleIdList></Reference><Reference><Citation>Hussain M, Asgari S. MicroRNA-like viral small RNA from Dengue virus 2 autoregulates its replication in mosquito cells. Proc. Natl. Acad. Sci. 2014;111:2746&#x2013;2751.</Citation><ArticleIdList><ArticleId IdType="pmc">PMC3932895</ArticleId><ArticleId IdType="pubmed">24550303</ArticleId></ArticleIdList></Reference><Reference><Citation>Franz AW, et al. Engineering RNA interference-based resistance to dengue virus type 2 in genetically modified Aedes aegypti. Proc. Natl. Acad. Sci. 2006;103:4198&#x2013;4203.</Citation><ArticleIdList><ArticleId IdType="pmc">PMC1449670</ArticleId><ArticleId IdType="pubmed">16537508</ArticleId></ArticleIdList></Reference><Reference><Citation>Olson K, et al. Genetically engineered resistance to dengue-2 virus transmission in mosquitoes. Science. 1996;272:884&#x2013;886.</Citation><ArticleIdList><ArticleId IdType="pubmed">8629025</ArticleId></ArticleIdList></Reference><Reference><Citation>Gaines P, et al. Pathogen-derived resistance to dengue type 2 virus in mosquito cells by expression of the premembrane coding region of the viral genome. J. Virol. 1996;70:2132&#x2013;2137.</Citation><ArticleIdList><ArticleId IdType="pmc">PMC190050</ArticleId><ArticleId IdType="pubmed">8642634</ArticleId></ArticleIdList></Reference><Reference><Citation>Ruktanonchai NW, Lounibos LP, Smith DL, Allan SA. Experience-and age-mediated oviposition behavior in the yellow fever mosquito Stegomyia aegypti (Aedes aegypti) Med. Vet. Entomol. 2015;29:255&#x2013;262.</Citation><ArticleIdList><ArticleId IdType="pubmed">25982411</ArticleId></ArticleIdList></Reference><Reference><Citation>Zeller M, Koella JC. Effects of food variability on growth and reproduction of Aedes aegypti. Ecol. Evol. 2016;6:552&#x2013;559.</Citation><ArticleIdList><ArticleId IdType="pmc">PMC4729249</ArticleId><ArticleId IdType="pubmed">26843938</ArticleId></ArticleIdList></Reference><Reference><Citation>Salazar MI, Richardson JH, S&#xe1;nchez-Vargas I, Olson KE, Beaty BJ. Dengue virus type 2: Replication and tropisms in orally infected Aedes aegypti mosquitoes. BMC Microbiol. 2007;7:9.</Citation><ArticleIdList><ArticleId IdType="pmc">PMC1797809</ArticleId><ArticleId IdType="pubmed">17263893</ArticleId></ArticleIdList></Reference><Reference><Citation>Cheng L, et al. Transgenic expression of human C-type lectin protein CLEC18A reduces dengue virus type 2 infectivity in Aedes aegypti. Front. Immunol. 2021;12:640367.</Citation><ArticleIdList><ArticleId IdType="pmc">PMC7985527</ArticleId><ArticleId IdType="pubmed">33767710</ArticleId></ArticleIdList></Reference><Reference><Citation>Fabian M, Sonenberg N. The mechanics of miRNA-mediated gene silencing: A look under the hood of miRISC. Nat. Struct. Mol. Biol. 2012;19:586.</Citation><ArticleIdList><ArticleId IdType="pubmed">22664986</ArticleId></ArticleIdList></Reference><Reference><Citation>Park S, et al. MicroRNA clustering on the biogenesis of suboptimal microRNAs. Appl. Biol. Chem. 2021;64:51.</Citation></Reference><Reference><Citation>Zhang X, et al. The expression of microRNA and microRNA clusters in the aging heart. PLoS ONE. 2012;7:e34688.</Citation><ArticleIdList><ArticleId IdType="pmc">PMC3329493</ArticleId><ArticleId IdType="pubmed">22529925</ArticleId></ArticleIdList></Reference><Reference><Citation>Seyhan AA. A multiplexed miRNA and transgene expression platform for simultaneous repression and expression of protein coding sequences. Mol. Biosyst. 2016;12:295.</Citation><ArticleIdList><ArticleId IdType="pubmed">26617199</ArticleId></ArticleIdList></Reference><Reference><Citation>O'Brien J, Hayder H, Zayed Y, Peng C. Overview of microRNA biogenesis, mechanisms of actions, and circulation. Front. Endocrinol. 2018;9:402.</Citation><ArticleIdList><ArticleId IdType="pmc">PMC6085463</ArticleId><ArticleId IdType="pubmed">30123182</ArticleId></ArticleIdList></Reference><Reference><Citation>Kumiko UT. Is the efficiency of RNA silencing evolutionarily regulated? Int. J. Mol. Sci. 2016;17:e719.</Citation><ArticleIdList><ArticleId IdType="pmc">PMC4881541</ArticleId><ArticleId IdType="pubmed">27187367</ArticleId></ArticleIdList></Reference><Reference><Citation>Patil BL, Fauquet CM. Light intensity and temperature affect systemic spread of silencing signal in transient agroinfiltration studies. Mol. Plant Pathol. 2015;16:484&#x2013;494.</Citation><ArticleIdList><ArticleId IdType="pmc">PMC6638542</ArticleId><ArticleId IdType="pubmed">25220764</ArticleId></ArticleIdList></Reference><Reference><Citation>Xiao FZ, et al. The effect of temperature on the extrinsic incubation period and infection rate of dengue virus serotype 2 infection in Aedes albopictus. Arch. Virol. 2014;159:3053&#x2013;3057.</Citation><ArticleIdList><ArticleId IdType="pubmed">24990415</ArticleId></ArticleIdList></Reference><Reference><Citation>Rohani A, Wong YC, Zamre I, Lee HL, Zurainee MN. The effect of extrinsic incubation temperature on development of dengue serotype 2 and 4 viruses in Aedes aegypti. Southeast Asian J. Trop. Med. Public Health. 2009;40:942&#x2013;950.</Citation><ArticleIdList><ArticleId IdType="pubmed">19842378</ArticleId></ArticleIdList></Reference><Reference><Citation>Richards SL, Mores CN, Lord CC, Tabachnick WJ. Impact of extrinsic incubation temperature and virus exposure on vector competence of Culex pipiens quinquefasciatus Say (Diptera: Culicidae) for West Nile virus. Vector Borne Zoonotic Dis. 2007;7:629&#x2013;636.</Citation><ArticleIdList><ArticleId IdType="pmc">PMC2724990</ArticleId><ArticleId IdType="pubmed">18021028</ArticleId></ArticleIdList></Reference><Reference><Citation>Chen CH, et al. A synthetic maternal-effect selfish genetic element drives population replacement in Drosophila. Science. 2007;316:597&#x2013;600.</Citation><ArticleIdList><ArticleId IdType="pubmed">17395794</ArticleId></ArticleIdList></Reference><Reference><Citation>Li HH, et al. C-type lectins link immunological and reproductive processes in Aedes aegypti. iScience. 2020;23:101486.</Citation><ArticleIdList><ArticleId IdType="pmc">PMC7481239</ArticleId><ArticleId IdType="pubmed">32891883</ArticleId></ArticleIdList></Reference><Reference><Citation>Roehrig JT, Hombac J, Barrett AD. Guidelines for plaque-reduction neutralization testing of human antibodies to dengue viruses. Viral Immunol. 2008;21:123&#x2013;132.</Citation><ArticleIdList><ArticleId IdType="pubmed">18476771</ArticleId></ArticleIdList></Reference><Reference><Citation>Dubrulle M, Mousson L, Moutailler S, Vazeille M, Failloux AB. Chikungunya virus and Aedes mosquitoes: Saliva is infectious as soon as two days after oral infection. PLoS ONE. 2009;4:e5895.</Citation><ArticleIdList><ArticleId IdType="pmc">PMC2690823</ArticleId><ArticleId IdType="pubmed">19521520</ArticleId></ArticleIdList></Reference></ReferenceList></PubmedData></PubmedArticle></PubmedArticleSet>