<?xml version="1.0" ?>
<!DOCTYPE PubmedArticleSet PUBLIC "-//NLM//DTD PubMedArticle, 1st January 2023//EN" "https://dtd.nlm.nih.gov/ncbi/pubmed/out/pubmed_230101.dtd">
<PubmedArticleSet>
<PubmedArticle><MedlineCitation Status="MEDLINE" Owner="NLM" IndexingMethod="Automated"><PMID Version="1">34931760</PMID><DateCompleted><Year>2022</Year><Month>04</Month><Day>07</Day></DateCompleted><DateRevised><Year>2022</Year><Month>04</Month><Day>07</Day></DateRevised><Article PubModel="Print-Electronic"><Journal><ISSN IssnType="Electronic">2410-8650</ISSN><JournalIssue CitedMedium="Internet"><Volume>38</Volume><Issue>4</Issue><PubDate><Year>2022</Year><Month>Apr</Month></PubDate></JournalIssue><Title>The Kaohsiung journal of medical sciences</Title><ISOAbbreviation>Kaohsiung J Med Sci</ISOAbbreviation></Journal><ArticleTitle>Evaluation of a new NS1 rapid diagnostic test using a single acute-phase serum panel collected during the largest dengue outbreak in Taiwan history in 2015.</ArticleTitle><Pagination><StartPage>385</StartPage><EndPage>389</EndPage><MedlinePgn>385-389</MedlinePgn></Pagination><ELocationID EIdType="doi" ValidYN="Y">10.1002/kjm2.12490</ELocationID><Abstract><AbstractText>Dengue virus (DENV) infection results mostly from the bites of virus-carrying Aedes mosquitoes, which results in dengue fever (DF) with or without warning signs, severe dengue, or asymptomatic infections in humans. For point-of care identification of DENV-infected patients, a rapid diagnostic test (RDT) for DENV nonstructural protein 1 (NS1) has been developed to achieve early diagnosis and timely clinical management. We evaluated the performance of a new commercially available dengue NS1 RDT AsiaGen Dengue NS1 Antigen Rapid Diagnosis Test using real-time qRT-PCR as a reference method and compared the results with SD BIOLINE Dengue NS1 Ag using a single acute-phase serum panel collected during the largest dengue outbreak in the history of Taiwan in 2015. The results suggested that the sensitivity and specificity of AsiaGen Dengue NS1 Antigen RDT (96.9% and 100%) were similar to those of SD BIOLINE Dengue NS1 RDT (100% and 100%) for detection in the acute phase of DENV-2 infection. The results suggested that the sensitivity of both RDTs was similar (95.4%&#x2009;~&#x2009;100%) for the sera collected at less than or equal to three days postsymptom onset (PSO). Our results suggested that the two DENV NS1 RDTs used in this study were promising for the timely diagnosis of DENV infection during dengue outbreaks, at least for DENV-2 in areas where authorized medical laboratories are not available or medical resources are limited. However, the performance of AsiaGen DENV NS1 RDTs in the detection of primary/secondary infections and infection by serotypes of DENV other than DENV-2 requires further investigation.</AbstractText><CopyrightInformation>&#xa9; 2021 The Authors. The Kaohsiung Journal of Medical Sciences published by John Wiley &amp; Sons Australia, Ltd on behalf of Kaohsiung Medical University.</CopyrightInformation></Abstract><AuthorList CompleteYN="Y"><Author ValidYN="Y"><LastName>Liu</LastName><ForeName>Li-Teh</ForeName><Initials>LT</Initials><AffiliationInfo><Affiliation>Department of Medical Laboratory Science and Biotechnology, College of Medical Technology, Chung-Hwa University of Medical Technology, Tainan City, Taiwan.</Affiliation></AffiliationInfo></Author><Author ValidYN="Y"><LastName>Chen</LastName><ForeName>Chun-Hong</ForeName><Initials>CH</Initials><AffiliationInfo><Affiliation>National Mosquito-Borne Diseases Control Research Center, National Health Research Institutes, Zhunan, Taiwan.</Affiliation></AffiliationInfo><AffiliationInfo><Affiliation>National Institute of Infectious Diseases and Vaccinology, National Health Research Institutes, Zhunan, Taiwan.</Affiliation></AffiliationInfo></Author><Author ValidYN="Y"><LastName>Lin</LastName><ForeName>Ping-Chang</ForeName><Initials>PC</Initials><AffiliationInfo><Affiliation>Tropical Medicine Center, Kaohsiung Medical University Hospital, Kaohsiung, Taiwan.</Affiliation></AffiliationInfo></Author><Author ValidYN="Y"><LastName>Tsai</LastName><ForeName>Ching-Yi</ForeName><Initials>CY</Initials><AffiliationInfo><Affiliation>Tropical Medicine Center, Kaohsiung Medical University Hospital, Kaohsiung, Taiwan.</Affiliation></AffiliationInfo></Author><Author ValidYN="Y"><LastName>Hsu</LastName><ForeName>Miao-Chen</ForeName><Initials>MC</Initials><AffiliationInfo><Affiliation>Tropical Medicine Center, Kaohsiung Medical University Hospital, Kaohsiung, Taiwan.</Affiliation></AffiliationInfo></Author><Author ValidYN="Y"><LastName>Huang</LastName><ForeName>Bo-Yi</ForeName><Initials>BY</Initials><AffiliationInfo><Affiliation>Tropical Medicine Center, Kaohsiung Medical University Hospital, Kaohsiung, Taiwan.</Affiliation></AffiliationInfo></Author><Author ValidYN="Y"><LastName>Tsai</LastName><ForeName>Yan-Yi</ForeName><Initials>YY</Initials><AffiliationInfo><Affiliation>Tropical Medicine Center, Kaohsiung Medical University Hospital, Kaohsiung, Taiwan.</Affiliation></AffiliationInfo></Author><Author ValidYN="Y"><LastName>Tsai</LastName><ForeName>Jih-Jin</ForeName><Initials>JJ</Initials><Identifier Source="ORCID">0000-0003-2226-8916</Identifier><AffiliationInfo><Affiliation>Tropical Medicine Center, Kaohsiung Medical University Hospital, Kaohsiung, Taiwan.</Affiliation></AffiliationInfo><AffiliationInfo><Affiliation>Division of Infectious Diseases, Department of Internal Medicine, Kaohsiung Medical University Hospital, Kaohsiung, Taiwan.</Affiliation></AffiliationInfo><AffiliationInfo><Affiliation>School of Medicine, College of Medicine, Kaohsiung Medical University, Kaohsiung, Taiwan.</Affiliation></AffiliationInfo></Author></AuthorList><Language>eng</Language><GrantList CompleteYN="Y"><Grant><GrantID>NHRI-110A1-MRCO-03212101</GrantID><Agency>National Health Research Institutes</Agency><Country/></Grant></GrantList><PublicationTypeList><PublicationType UI="D016428">Journal Article</PublicationType></PublicationTypeList><ArticleDate DateType="Electronic"><Year>2021</Year><Month>12</Month><Day>21</Day></ArticleDate></Article><MedlineJournalInfo><Country>China (Republic : 1949- )</Country><MedlineTA>Kaohsiung J Med Sci</MedlineTA><NlmUniqueID>100960562</NlmUniqueID><ISSNLinking>1607-551X</ISSNLinking></MedlineJournalInfo><ChemicalList><Chemical><RegistryNumber>0</RegistryNumber><NameOfSubstance UI="D000914">Antibodies, Viral</NameOfSubstance></Chemical><Chemical><RegistryNumber>0</RegistryNumber><NameOfSubstance UI="D000956">Antigens, Viral</NameOfSubstance></Chemical><Chemical><RegistryNumber>0</RegistryNumber><NameOfSubstance UI="D011933">Reagent Kits, Diagnostic</NameOfSubstance></Chemical><Chemical><RegistryNumber>0</RegistryNumber><NameOfSubstance UI="D017361">Viral Nonstructural Proteins</NameOfSubstance></Chemical></ChemicalList><CitationSubset>IM</CitationSubset><MeshHeadingList><MeshHeading><DescriptorName UI="D000818" MajorTopicYN="N">Animals</DescriptorName></MeshHeading><MeshHeading><DescriptorName UI="D000914" MajorTopicYN="N">Antibodies, Viral</DescriptorName></MeshHeading><MeshHeading><DescriptorName UI="D000956" MajorTopicYN="N">Antigens, Viral</DescriptorName><QualifierName UI="Q000378" MajorTopicYN="N">metabolism</QualifierName></MeshHeading><MeshHeading><DescriptorName UI="D003715" MajorTopicYN="Y">Dengue</DescriptorName><QualifierName UI="Q000175" MajorTopicYN="N">diagnosis</QualifierName><QualifierName UI="Q000453" MajorTopicYN="N">epidemiology</QualifierName></MeshHeading><MeshHeading><DescriptorName UI="D003716" MajorTopicYN="Y">Dengue Virus</DescriptorName><QualifierName UI="Q000235" MajorTopicYN="N">genetics</QualifierName><QualifierName UI="Q000378" MajorTopicYN="N">metabolism</QualifierName></MeshHeading><MeshHeading><DescriptorName UI="D003955" MajorTopicYN="N">Diagnostic Tests, Routine</DescriptorName></MeshHeading><MeshHeading><DescriptorName UI="D004196" MajorTopicYN="N">Disease Outbreaks</DescriptorName></MeshHeading><MeshHeading><DescriptorName UI="D004797" MajorTopicYN="N">Enzyme-Linked Immunosorbent Assay</DescriptorName></MeshHeading><MeshHeading><DescriptorName UI="D006801" MajorTopicYN="N">Humans</DescriptorName></MeshHeading><MeshHeading><DescriptorName UI="D011933" MajorTopicYN="N">Reagent Kits, Diagnostic</DescriptorName></MeshHeading><MeshHeading><DescriptorName UI="D012680" MajorTopicYN="N">Sensitivity and Specificity</DescriptorName></MeshHeading><MeshHeading><DescriptorName UI="D013624" MajorTopicYN="N" Type="Geographic">Taiwan</DescriptorName><QualifierName UI="Q000453" MajorTopicYN="N">epidemiology</QualifierName></MeshHeading><MeshHeading><DescriptorName UI="D017361" MajorTopicYN="N">Viral Nonstructural Proteins</DescriptorName><QualifierName UI="Q000235" MajorTopicYN="N">genetics</QualifierName></MeshHeading></MeshHeadingList><KeywordList Owner="NOTNLM"><Keyword MajorTopicYN="N">DENV-2</Keyword><Keyword MajorTopicYN="N">NS1</Keyword><Keyword MajorTopicYN="N">dengue fever</Keyword><Keyword MajorTopicYN="N">dengue virus</Keyword><Keyword MajorTopicYN="N">rapid diagnosis test</Keyword></KeywordList></MedlineCitation><PubmedData><History><PubMedPubDate PubStatus="revised"><Year>2021</Year><Month>11</Month><Day>15</Day></PubMedPubDate><PubMedPubDate PubStatus="received"><Year>2021</Year><Month>6</Month><Day>18</Day></PubMedPubDate><PubMedPubDate PubStatus="accepted"><Year>2021</Year><Month>11</Month><Day>25</Day></PubMedPubDate><PubMedPubDate PubStatus="pubmed"><Year>2021</Year><Month>12</Month><Day>22</Day><Hour>6</Hour><Minute>0</Minute></PubMedPubDate><PubMedPubDate PubStatus="medline"><Year>2022</Year><Month>4</Month><Day>8</Day><Hour>6</Hour><Minute>0</Minute></PubMedPubDate><PubMedPubDate PubStatus="entrez"><Year>2021</Year><Month>12</Month><Day>21</Day><Hour>8</Hour><Minute>51</Minute></PubMedPubDate></History><PublicationStatus>ppublish</PublicationStatus><ArticleIdList><ArticleId IdType="pubmed">34931760</ArticleId><ArticleId IdType="doi">10.1002/kjm2.12490</ArticleId></ArticleIdList><ReferenceList><Title>REFERENCES</Title><Reference><Citation>Guzman MG, Harris E. Dengue. Dengue Lancet. 2015;385(9966):453-65.</Citation></Reference><Reference><Citation>Bhatt S, Gething PW, Brady OJ, Messina JP, Farlow AW, Moyes CL, et al. The global distribution and burden of dengue. Nature. 2013;496(7446):504-7.</Citation></Reference><Reference><Citation>World Health Organization. Dengue: guidelines for diagnosis, treatment, prevention and control. 2009.</Citation></Reference><Reference><Citation>World Health Organization. Dengue Haemorrhagic fever: diagnosis, treatment, prevention and control. 2nd ed. Geneva: World Health Organization; 1997.</Citation></Reference><Reference><Citation>World Health Organization. Handbook for clinical management of dengue. 2012.</Citation></Reference><Reference><Citation>Young PR, Hilditch PA, Bletchly C, Halloran W. An antigen capture enzyme-linked immunosorbent assay reveals high levels of the dengue virus protein NS1 in the sera of infected patients. J Clin Microbiol. 2000;38(3):1053-7.</Citation></Reference><Reference><Citation>Alcon S, Talarmin A, Debruyne M, Falconar A, Deubel V, Flamand M. Enzyme-linked immunosorbent assay specific to dengue virus type 1 nonstructural protein NS1 reveals circulation of the antigen in the blood during the acute phase of disease in patients experiencing primary or secondary infections. J Clin Microbiol. 2002;40(2):376-81.</Citation></Reference><Reference><Citation>Lapphra K, Sangcharaswichai A, Chokephaibulkit K, Tiengrim S, Piriyakarnsakul W, Chakorn T, et al. Evaluation of an NS1 antigen detection for diagnosis of acute dengue infection in patients with acute febrile illness. Diagn Microbiol Infect Dis. 2008;60(4):387-91.</Citation></Reference><Reference><Citation>Dussart P, Petit L, Labeau B, Bremand L, Leduc A, Moua D, et al. Evaluation of two new commercial tests for the diagnosis of acute dengue virus infection using NS1 antigen detection in human serum. PLoS Negl Trop Dis. 2008;2(8):e280.</Citation></Reference><Reference><Citation>Chuansumrit A, Chaiyaratana W, Pongthanapisith V, Tangnararatchakit K, Lertwongrath S, Yoksan S. The use of dengue nonstructural protein 1 antigen for the early diagnosis during the febrile stage in patients with dengue infection. Pediatr Infect Dis J. 2008;27(1):43-8.</Citation></Reference><Reference><Citation>Bessoff K, Delorey M, Sun W, Hunsperger E. Comparison of two commercially available dengue virus (DENV) NS1 capture enzyme-linked immunosorbent assays using a single clinical sample for diagnosis of acute DENV infection. Clin Vaccine Immunol. 2008;15(10):1513-8.</Citation></Reference><Reference><Citation>Dussart P, Labeau B, Lagathu G, Louis P, Nunes MR, Rodrigues SG, et al. Evaluation of an enzyme immunoassay for detection of dengue virus NS1 antigen in human serum. Clin Vaccine Immunol. 2006;13(11):1185-9.</Citation></Reference><Reference><Citation>Blacksell SD, Bell D, Kelley J, Mammen MP Jr, Gibbons RV, Jarman RG, et al. Prospective study to determine accuracy of rapid serological assays for diagnosis of acute dengue virus infection in Laos. Clin Vaccine Immunol. 2007;14(11):1458-64.</Citation></Reference><Reference><Citation>Shu PY, Yang CF, Kao JF, Su CL, Chang SF, Lin CC, et al. Application of the dengue virus NS1 antigen rapid test for on-site detection of imported dengue cases at airports. Clin Vaccine Immunol. 2009;16(4):589-91.</Citation></Reference><Reference><Citation>Tricou V, Vu HT, Quynh NV, Nguyen CV, Tran HT, Farrar J, et al. Comparison of two dengue NS1 rapid tests for sensitivity, specificity and relationship to viraemia and antibody responses. BMC Infect Dis. 2010;10:142.</Citation></Reference><Reference><Citation>Tsai JJ, Lin PC, Tsai CY, Wang YH, Liu LT. Low frequency of asymptomatic dengue virus-infected donors in blood donor centers during the largest dengue outbreak in Taiwan. PLoS ONE. 2018;13(10):e0205248.</Citation></Reference><Reference><Citation>Liu LT, Dalipanda T, Jagilly R, Wang YH, Lin PC, Tsai CY, et al. Comparison of two rapid diagnostic tests during a large dengue virus serotype 3 outbreak in the Solomon Islands in 2013. PLoS ONE. 2018;13(8):e0202304.</Citation></Reference><Reference><Citation>Liu LT, Chen CH, Tsai CY, Lin PC, Hsu MC, Huang BY, et al. Evaluation of rapid diagnostic tests to detect dengue virus infections in Taiwan. PLoS ONE. 2020;15(9):e0239710.</Citation></Reference><Reference><Citation>Hang VT, Nguyet NM, Trung DT, Tricou V, Yoksan S, Dung NM, et al. Diagnostic accuracy of NS1 ELISA and lateral flow rapid tests for dengue sensitivity, specificity and relationship to viraemia and antibody responses. PLoS Negl Trop Dis. 2009;3(1):e360.</Citation></Reference><Reference><Citation>Osorio L, Ramirez M, Bonelo A, Villar LA, Parra B. Comparison of the diagnostic accuracy of commercial NS1-based diagnostic tests for early dengue infection. Virol J. 2010;7:361.</Citation></Reference><Reference><Citation>Kassim FM, Izati MN, TgRogayah TA, Apandi YM, Saat Z. Use of dengue NS1 antigen for early diagnosis of dengue virus infection. Southeast Asian J Trop Med Public Health. 2011;42(3):562-9.</Citation></Reference><Reference><Citation>Chuang YC, Lei HY, Liu HS, Lin YS, Fu TF, Yeh TM. Macrophage migration inhibitory factor induced by dengue virus infection increases vascular permeability. Cytokine. 2011;54(2):222-31.</Citation></Reference><Reference><Citation>Chen HR, Chuang YC, Lin YS, Liu HS, Liu CC, Perng GC, et al. Dengue virus nonstructural protein 1 induces vascular leakage through macrophage migration inhibitory factor and autophagy. PLoS Negl Trop Dis. 2016;10(7):e0004828.</Citation></Reference><Reference><Citation>Chen HR, Chao CH, Liu CC, Ho TS, Tsai HP, Perng GC, et al. Macrophage migration inhibitory factor is critical for dengue NS1-induced endothelial glycocalyx degradation and hyperpermeability. PLoS Pathog. 2018;14(4):e1007033.</Citation></Reference><Reference><Citation>Barbachano-Guerrero A, Endy TP, King CA. Dengue virus non-structural protein 1 activates the p38 MAPK pathway to decrease barrier integrity in primary human endothelial cells. J Gen Virol. 2020;101(5):484-96.</Citation></Reference><Reference><Citation>Chao CH, Wu WC, Lai YC, Tsai PJ, Perng GC, Lin YS, et al. Dengue virus nonstructural protein 1 activates platelets via toll-like receptor 4, leading to thrombocytopenia and hemorrhage. PLoS Pathog. 2019;15(4):e1007625.</Citation></Reference><Reference><Citation>Wang C, Puerta-Guardo H, Biering SB, Glasner DR, Tran EB, Patana M, et al. Endocytosis of flavivirus NS1 is required for NS1-mediated endothelial hyperpermeability and is abolished by a single N-glycosylation site mutation. PLoS Pathog. 2019;15(7):e1007938.</Citation></Reference><Reference><Citation>Lin CF, Lei HY, Shiau AL, Liu HS, Yeh TM, Chen SH, et al. Endothelial cell apoptosis induced by antibodies against dengue virus nonstructural protein 1 via production of nitric oxide. J Immunol. 2002;169(2):657-64.</Citation></Reference><Reference><Citation>Saito M, Oishi K, Inoue S, Dimaano EM, Alera MT, Robles AM, et al. Association of increased platelet-associated immunoglobulins with thrombocytopenia and the severity of disease in secondary dengue virus infections. Clin Exp Immunol. 2004;138(2):299-303.</Citation></Reference><Reference><Citation>Wan SW, Yang YW, Chu YT, Lin CF, Chang CP, Yeh TM, et al. Anti-dengue virus nonstructural protein 1 antibodies contribute to platelet phagocytosis by macrophages. Thromb Haemost. 2016;115(3):646-56.</Citation></Reference><Reference><Citation>Tsai JJ, Liu LT, Lin PC, Tsai CY, Chou PH, Tsai YL, et al. Validation of the Pockit dengue virus reagent set for rapid detection of dengue virus in human serum on a field-deployable PCR system. J Clin Microbiol. 2018;56(5):e01865-17.</Citation></Reference><Reference><Citation>Tsai JJ, Liu WL, Lin PC, Huang BY, Tsai CY, Chou PH, et al. An RT-PCR panel for rapid serotyping of dengue virus serotypes 1 to 4 in human serum and mosquito on a field-deployable PCR system. PLoS ONE. 2019;14(3):e0214328.</Citation></Reference><Reference><Citation>Tsai JJ, Liu WL, Lin PC, Huang BY, Tsai CY, Lee PA, et al. A fully automated sample-to-answer PCR system for easy and sensitive detection of dengue virus in human serum and mosquitos. PLoS ONE. 2019;14(7):e0218139.</Citation></Reference></ReferenceList></PubmedData></PubmedArticle></PubmedArticleSet>