<?xml version="1.0" ?>
<!DOCTYPE PubmedArticleSet PUBLIC "-//NLM//DTD PubMedArticle, 1st January 2023//EN" "https://dtd.nlm.nih.gov/ncbi/pubmed/out/pubmed_230101.dtd">
<PubmedArticleSet>
<PubmedArticle><MedlineCitation Status="MEDLINE" Owner="NLM" IndexingMethod="Automated"><PMID Version="1">34964513</PMID><DateCompleted><Year>2022</Year><Month>03</Month><Day>09</Day></DateCompleted><DateRevised><Year>2022</Year><Month>07</Month><Day>22</Day></DateRevised><Article PubModel="Print-Electronic"><Journal><ISSN IssnType="Electronic">1097-0258</ISSN><JournalIssue CitedMedium="Internet"><Volume>41</Volume><Issue>1</Issue><PubDate><Year>2022</Year><Month>Jan</Month><Day>15</Day></PubDate></JournalIssue><Title>Statistics in medicine</Title><ISOAbbreviation>Stat Med</ISOAbbreviation></Journal><ArticleTitle>Identification of geographic clusters for temporal heterogeneity with application to dengue surveillance.</ArticleTitle><Pagination><StartPage>146</StartPage><EndPage>162</EndPage><MedlinePgn>146-162</MedlinePgn></Pagination><ELocationID EIdType="doi" ValidYN="Y">10.1002/sim.9227</ELocationID><Abstract><AbstractText>Identifying transmission of hot spots with temporal trends is important for reducing infectious disease propagation. Cluster analysis is a particularly useful tool to explore underlying stochastic processes between observations by grouping items into categories by their similarity. In a study of epidemic propagation, clustering geographic regions that have similar time series could help researchers track diffusion routes from a common source of an infectious disease. In this article, we propose a two-stage scan statistic to classify regions into various geographic clusters by their temporal heterogeneity. The proposed scan statistic is more flexible than traditional methods in that contiguous and nonproximate regions with similar temporal patterns can be identified simultaneously. A simulation study and data analysis for a dengue fever infection are also presented for illustration.</AbstractText><CopyrightInformation>&#xa9; 2021 The Author. Statistics in Medicine published by John Wiley &amp; Sons Ltd.</CopyrightInformation></Abstract><AuthorList CompleteYN="Y"><Author ValidYN="Y"><LastName>Lin</LastName><ForeName>Pei-Sheng</ForeName><Initials>PS</Initials><Identifier Source="ORCID">0000-0002-3057-094X</Identifier><AffiliationInfo><Affiliation>Institute of Population Health Sciences, National Health Research Institutes, Miaoli, Taiwan.</Affiliation></AffiliationInfo><AffiliationInfo><Affiliation>Department of Mathematics, National Chung Cheng University, Minxiong, Taiwan.</Affiliation></AffiliationInfo></Author></AuthorList><Language>eng</Language><PublicationTypeList><PublicationType UI="D016428">Journal Article</PublicationType></PublicationTypeList><ArticleDate DateType="Electronic"><Year>2021</Year><Month>10</Month><Day>20</Day></ArticleDate></Article><MedlineJournalInfo><Country>England</Country><MedlineTA>Stat Med</MedlineTA><NlmUniqueID>8215016</NlmUniqueID><ISSNLinking>0277-6715</ISSNLinking></MedlineJournalInfo><CitationSubset>IM</CitationSubset><MeshHeadingList><MeshHeading><DescriptorName UI="D016000" MajorTopicYN="N">Cluster Analysis</DescriptorName></MeshHeading><MeshHeading><DescriptorName UI="D003715" MajorTopicYN="Y">Dengue</DescriptorName><QualifierName UI="Q000453" MajorTopicYN="N">epidemiology</QualifierName></MeshHeading><MeshHeading><DescriptorName UI="D004196" MajorTopicYN="N">Disease Outbreaks</DescriptorName></MeshHeading><MeshHeading><DescriptorName UI="D006801" MajorTopicYN="N">Humans</DescriptorName></MeshHeading></MeshHeadingList><KeywordList Owner="NOTNLM"><Keyword MajorTopicYN="N">dengue infection</Keyword><Keyword MajorTopicYN="N">disease surveillance</Keyword><Keyword MajorTopicYN="N">scan statistics</Keyword><Keyword MajorTopicYN="N">spatial cluster</Keyword><Keyword MajorTopicYN="N">temporal heterogeneity</Keyword></KeywordList></MedlineCitation><PubmedData><History><PubMedPubDate PubStatus="revised"><Year>2021</Year><Month>7</Month><Day>30</Day></PubMedPubDate><PubMedPubDate PubStatus="received"><Year>2020</Year><Month>11</Month><Day>17</Day></PubMedPubDate><PubMedPubDate PubStatus="accepted"><Year>2021</Year><Month>9</Month><Day>20</Day></PubMedPubDate><PubMedPubDate PubStatus="entrez"><Year>2021</Year><Month>12</Month><Day>29</Day><Hour>8</Hour><Minute>45</Minute></PubMedPubDate><PubMedPubDate PubStatus="pubmed"><Year>2021</Year><Month>12</Month><Day>30</Day><Hour>6</Hour><Minute>0</Minute></PubMedPubDate><PubMedPubDate PubStatus="medline"><Year>2022</Year><Month>3</Month><Day>11</Day><Hour>6</Hour><Minute>0</Minute></PubMedPubDate></History><PublicationStatus>ppublish</PublicationStatus><ArticleIdList><ArticleId IdType="pubmed">34964513</ArticleId><ArticleId IdType="pmc">PMC9298438</ArticleId><ArticleId IdType="doi">10.1002/sim.9227</ArticleId></ArticleIdList><ReferenceList><Reference><Citation>Waller L, Gotway C. Applied Spatial Statistics for Public Health Data. New York, NY: Wiley; 2004.</Citation></Reference><Reference><Citation>Yuan H, Wen T, Kung Y, et al. Prediction of annual dengue incidence by hydro&#x2010;climatic extremes for southern Taiwan. Int J Biometeorol. 2019;63:259&#x2010;268.</Citation><ArticleIdList><ArticleId IdType="pubmed">30680621</ArticleId></ArticleIdList></Reference><Reference><Citation>Cliff A, Haggett P, Ord J, Versey G. Spatial Diffusion: A Historical Geography of Epidemic in an Island Community. Cambridge, UK: Cambridge University Press; 1981.</Citation></Reference><Reference><Citation>Kuo F, Wen T, Sabel C. Characterizing diffusion dynamics of disease clustering: a modified space&#x2010;time DBSCAN (MST&#x2010;DBSCAN) algorithm. Ann Am Assoc Geogr. 2018;108:1168&#x2010;1186.</Citation></Reference><Reference><Citation>Lin P, Kung Y, Clayton M. Spatial scan statistics for detection of multiple clusters with arbitrary shapes. Biometrics. 2016;72:1226&#x2010;1234.</Citation><ArticleIdList><ArticleId IdType="pubmed">26953633</ArticleId></ArticleIdList></Reference><Reference><Citation>Kulldorff M. A spatial scan statistic. Commun Stat Theory Methods. 1997;26:1487&#x2010;1496.</Citation></Reference><Reference><Citation>McCullagh P, Nelder J. Generalized Linear Models. 2nd ed. Cambridge, UK: Chapman &amp; Hall; 1989.</Citation></Reference><Reference><Citation>Benjamini Y, Hochberg Y. Controlling the false discovery rate: a practical and powerful approach to multiple testing. J R Soc Ser B Stat Methodol. 1995;57:289&#x2010;300.</Citation></Reference><Reference><Citation>Cressie N. Statistics for Spatial Data. 2nd ed. New York, NY: Wiley; 1993.</Citation></Reference><Reference><Citation>Wang S, Wang W, Chang K, et al. Severe dengue fever outbreaks in Taiwan. Am J Trop Med Hyg. 2016;94:193&#x2010;197.</Citation><ArticleIdList><ArticleId IdType="pmc">PMC4710429</ArticleId><ArticleId IdType="pubmed">26572871</ArticleId></ArticleIdList></Reference><Reference><Citation>Lin P, Zhu J. A heterogeneity measure for cluster identification with application to disease mapping. Biometrics. 2020;76:403&#x2010;413.</Citation><ArticleIdList><ArticleId IdType="pubmed">31489979</ArticleId></ArticleIdList></Reference></ReferenceList></PubmedData></PubmedArticle></PubmedArticleSet>