<?xml version="1.0" ?>
<!DOCTYPE PubmedArticleSet PUBLIC "-//NLM//DTD PubMedArticle, 1st January 2023//EN" "https://dtd.nlm.nih.gov/ncbi/pubmed/out/pubmed_230101.dtd">
<PubmedArticleSet>
<PubmedArticle><MedlineCitation Status="MEDLINE" Owner="NLM" IndexingMethod="Automated"><PMID Version="1">34999567</PMID><DateCompleted><Year>2022</Year><Month>04</Month><Day>13</Day></DateCompleted><DateRevised><Year>2022</Year><Month>04</Month><Day>13</Day></DateRevised><Article PubModel="Print-Electronic"><Journal><ISSN IssnType="Electronic">1873-5967</ISSN><JournalIssue CitedMedium="Internet"><Volume>147</Volume><PubDate><Year>2022</Year><Month>Feb</Month></PubDate></JournalIssue><Title>Journal of clinical virology : the official publication of the Pan American Society for Clinical Virology</Title><ISOAbbreviation>J Clin Virol</ISOAbbreviation></Journal><ArticleTitle>Epidemiology of Dengue in Argentina: Antibodies seroprevalence in blood donors and circulating serotypes.</ArticleTitle><Pagination><StartPage>105078</StartPage><MedlinePgn>105078</MedlinePgn></Pagination><ELocationID EIdType="doi" ValidYN="Y">10.1016/j.jcv.2022.105078</ELocationID><ELocationID EIdType="pii" ValidYN="Y">S1386-6532(22)00014-2</ELocationID><AuthorList CompleteYN="Y"><Author ValidYN="Y"><LastName>Flichman</LastName><ForeName>Diego M</ForeName><Initials>DM</Initials><AffiliationInfo><Affiliation>Instituto de Investigaciones Biom&#xe9;dicas en Retrovirus y S&#xed;ndrome de Inmunodeficiencia Adquirida (INBIRS)-Consejo Nacional de Investigaciones Cient&#xed;ficas y T&#xe9;cnicas (CONICET), Universidad de Buenos Aires, Ciudad Aut&#xf3;noma de Buenos Aires, Argentina; Consejo Nacional de Investigaciones Cient&#xed;ficas y T&#xe9;cnicas (CONICET), Ciudad Aut&#xf3;noma de Buenos Aires, Argentina.</Affiliation></AffiliationInfo></Author><Author ValidYN="Y"><LastName>Pereson</LastName><ForeName>Mat&#xed;as J</ForeName><Initials>MJ</Initials><AffiliationInfo><Affiliation>Consejo Nacional de Investigaciones Cient&#xed;ficas y T&#xe9;cnicas (CONICET), Ciudad Aut&#xf3;noma de Buenos Aires, Argentina; Instituto de Investigaciones en Bacteriolog&#xed;a y Virolog&#xed;a Molecular (IBaViM), Facultad de Farmacia y Bioqu&#xed;mica, Universidad de Buenos Aires, Buenos Aires, Argentina.</Affiliation></AffiliationInfo></Author><Author ValidYN="Y"><LastName>Bar&#xe9;</LastName><ForeName>Patricia</ForeName><Initials>P</Initials><AffiliationInfo><Affiliation>Consejo Nacional de Investigaciones Cient&#xed;ficas y T&#xe9;cnicas (CONICET), Ciudad Aut&#xf3;noma de Buenos Aires, Argentina; Instituto de Medicina Experimental (IMEX), Academia Nacional de Medicina, Ciudad Aut&#xf3;noma de Buenos Aires, Argentina.</Affiliation></AffiliationInfo></Author><Author ValidYN="Y"><LastName>Espindola</LastName><ForeName>Sonia Lorena</ForeName><Initials>SL</Initials><AffiliationInfo><Affiliation>Consejo Nacional de Investigaciones Cient&#xed;ficas y T&#xe9;cnicas (CONICET), Ciudad Aut&#xf3;noma de Buenos Aires, Argentina; Laboratorio GIGA, Instituto de Biolog&#xed;a Subtropical (IBS), Facultad de Ciencias Exactas Qu&#xed;micas y Naturales, Universidad Nacional de Misiones (UNaM), Misiones, Argentina.</Affiliation></AffiliationInfo></Author><Author ValidYN="Y"><LastName>Carballo</LastName><ForeName>Graciela Mabel</ForeName><Initials>GM</Initials><AffiliationInfo><Affiliation>Laboratorios CEBAC SRL, Posadas, Misiones, Argentina.</Affiliation></AffiliationInfo></Author><Author ValidYN="Y"><LastName>Albrecht</LastName><ForeName>Andr&#xe9;s</ForeName><Initials>A</Initials><AffiliationInfo><Affiliation>Laboratorio Mega Rafaela, Departamento de Enfermedades Transmisibles por Transfusi&#xf3;n, Santa Fe, Argentina.</Affiliation></AffiliationInfo></Author><Author ValidYN="Y"><LastName>Agote</LastName><ForeName>Felicitas</ForeName><Initials>F</Initials><AffiliationInfo><Affiliation>Banco Central de Sangre "Dr. C&#xe9;sar Guerra", Tucum&#xe1;n (PRIS-SI.PRO.SA), Argentina.</Affiliation></AffiliationInfo></Author><Author ValidYN="Y"><LastName>Alter</LastName><ForeName>Adriana</ForeName><Initials>A</Initials><AffiliationInfo><Affiliation>Fundaci&#xf3;n Hemocentro Buenos Aires, Ciudad Aut&#xf3;noma de Buenos Aires, Argentina.</Affiliation></AffiliationInfo></Author><Author ValidYN="Y"><LastName>Bartoli</LastName><ForeName>Sonia</ForeName><Initials>S</Initials><AffiliationInfo><Affiliation>Centro regional de Hemoterapia Jujuy, San Salvador de Jujuy, Jujuy, Argentina.</Affiliation></AffiliationInfo></Author><Author ValidYN="Y"><LastName>Blanco</LastName><ForeName>Sebasti&#xe1;n</ForeName><Initials>S</Initials><AffiliationInfo><Affiliation>Facultad de Ciencias M&#xe9;dicas, Universidad Nacional de C&#xf3;rdoba, C&#xf3;rdoba, C&#xf3;rdoba, Argentina; Fundaci&#xf3;n Banco Central de Sangre, C&#xf3;rdoba, C&#xf3;rdoba, Argentina.</Affiliation></AffiliationInfo></Author><Author ValidYN="Y"><LastName>Blejer</LastName><ForeName>Jorgelina</ForeName><Initials>J</Initials><AffiliationInfo><Affiliation>Fundaci&#xf3;n Hemocentro Buenos Aires, Ciudad Aut&#xf3;noma de Buenos Aires, Argentina.</Affiliation></AffiliationInfo></Author><Author ValidYN="Y"><LastName>Borda</LastName><ForeName>Marcelo</ForeName><Initials>M</Initials><AffiliationInfo><Affiliation>Servicio de Hemoterapia, Instituto de Cardiolog&#xed;a de Corrientes "Juana F. Cabral", Corrientes, Argentina.</Affiliation></AffiliationInfo></Author><Author ValidYN="Y"><LastName>Bouzon</LastName><ForeName>N&#xe9;stor</ForeName><Initials>N</Initials><AffiliationInfo><Affiliation>Banco de Sangre Bouzon, Santiago del Estero, Argentina.</Affiliation></AffiliationInfo></Author><Author ValidYN="Y"><LastName>Carrizo</LastName><ForeName>Luis H</ForeName><Initials>LH</Initials><AffiliationInfo><Affiliation>Fundaci&#xf3;n Banco Central de Sangre, C&#xf3;rdoba, C&#xf3;rdoba, Argentina.</Affiliation></AffiliationInfo></Author><Author ValidYN="Y"><LastName>Etcheverry</LastName><ForeName>Lucrecia</ForeName><Initials>L</Initials><AffiliationInfo><Affiliation>Programa Provincial de Hemoterapia de Entre R&#xed;os, Paran&#xe1;, Entre R&#xed;os, Argentina.</Affiliation></AffiliationInfo></Author><Author ValidYN="Y"><LastName>Fernandez</LastName><ForeName>Roberto</ForeName><Initials>R</Initials><AffiliationInfo><Affiliation>Fundaci&#xf3;n Hemocentro Buenos Aires, Ciudad Aut&#xf3;noma de Buenos Aires, Argentina.</Affiliation></AffiliationInfo></Author><Author ValidYN="Y"><LastName>Reyes</LastName><ForeName>Mar&#xed;a In&#xe9;s Figueroa</ForeName><Initials>MIF</Initials><AffiliationInfo><Affiliation>Laboratorio de Detecci&#xf3;n de Infecciones Transmisibles por Transfusi&#xf3;n del Centro Regional de Hemoterapia, Salta, Argentina.</Affiliation></AffiliationInfo></Author><Author ValidYN="Y"><LastName>Gallego</LastName><ForeName>Sandra</ForeName><Initials>S</Initials><AffiliationInfo><Affiliation>Facultad de Ciencias M&#xe9;dicas, Universidad Nacional de C&#xf3;rdoba, C&#xf3;rdoba, C&#xf3;rdoba, Argentina; Fundaci&#xf3;n Banco Central de Sangre, C&#xf3;rdoba, C&#xf3;rdoba, Argentina.</Affiliation></AffiliationInfo></Author><Author ValidYN="Y"><LastName>Hahn</LastName><ForeName>Romina</ForeName><Initials>R</Initials><AffiliationInfo><Affiliation>Banco de Sangre, Tejidos y Biol&#xf3;gicos de la Provincia de Misiones, Misiones, Argentina.</Affiliation></AffiliationInfo></Author><Author ValidYN="Y"><LastName>Luna</LastName><ForeName>Silvana Gisela</ForeName><Initials>SG</Initials><AffiliationInfo><Affiliation>Laboratorio de Detecci&#xf3;n de Infecciones Transmisibles por Transfusi&#xf3;n del Centro Regional de Hemoterapia, Salta, Argentina.</Affiliation></AffiliationInfo></Author><Author ValidYN="Y"><LastName>Marranzino</LastName><ForeName>Gabriela</ForeName><Initials>G</Initials><AffiliationInfo><Affiliation>Banco Central de Sangre "Dr. C&#xe9;sar Guerra", Tucum&#xe1;n (PRIS-SI.PRO.SA), Argentina.</Affiliation></AffiliationInfo></Author><Author ValidYN="Y"><LastName>Romanazzi</LastName><ForeName>Joaqu&#xed;n Suarez</ForeName><Initials>JS</Initials><AffiliationInfo><Affiliation>Banco de Sangre, Tejidos y Biol&#xf3;gicos de la Provincia de Misiones, Misiones, Argentina.</Affiliation></AffiliationInfo></Author><Author ValidYN="Y"><LastName>Rossi</LastName><ForeName>Ariel</ForeName><Initials>A</Initials><AffiliationInfo><Affiliation>Servicio Hemoterapia, Hospital Delicia C. Masvernat, Concordia, Entre R&#xed;os, Argentina.</Affiliation></AffiliationInfo></Author><Author ValidYN="Y"><LastName>Troffe</LastName><ForeName>Antonia</ForeName><Initials>A</Initials><AffiliationInfo><Affiliation>Hospital Interzonal General de Agudos "San Felipe", San Nicol&#xe1;s, Argentina.</Affiliation></AffiliationInfo></Author><Author ValidYN="Y"><LastName>Lin</LastName><ForeName>Chang-Chi</ForeName><Initials>CC</Initials><AffiliationInfo><Affiliation>Institute of Preventive Medicine, National Defense Medical Center, Taipei City, Taiwan (Province of China).</Affiliation></AffiliationInfo></Author><Author ValidYN="Y"><LastName>Mart&#xed;nez</LastName><ForeName>Alfredo P</ForeName><Initials>AP</Initials><AffiliationInfo><Affiliation>Secci&#xf3;n Virolog&#xed;a, Centro de Educaci&#xf3;n M&#xe9;dica e Investigaciones Cl&#xed;nicas Norberto Quirno "CEMIC", Ciudad Aut&#xf3;noma de Buenos Aires, Argentina.</Affiliation></AffiliationInfo></Author><Author ValidYN="Y"><LastName>Garc&#xed;a</LastName><ForeName>Gabriel</ForeName><Initials>G</Initials><AffiliationInfo><Affiliation>Instituto de Investigaciones en Bacteriolog&#xed;a y Virolog&#xed;a Molecular (IBaViM), Facultad de Farmacia y Bioqu&#xed;mica, Universidad de Buenos Aires, Buenos Aires, Argentina.</Affiliation></AffiliationInfo></Author><Author ValidYN="Y"><LastName>Di Lello</LastName><ForeName>Federico A</ForeName><Initials>FA</Initials><AffiliationInfo><Affiliation>Consejo Nacional de Investigaciones Cient&#xed;ficas y T&#xe9;cnicas (CONICET), Ciudad Aut&#xf3;noma de Buenos Aires, Argentina; Instituto de Investigaciones en Bacteriolog&#xed;a y Virolog&#xed;a Molecular (IBaViM), Facultad de Farmacia y Bioqu&#xed;mica, Universidad de Buenos Aires, Buenos Aires, Argentina. Electronic address: fadilello@ffyb.uba.ar.</Affiliation></AffiliationInfo></Author></AuthorList><Language>eng</Language><PublicationTypeList><PublicationType UI="D016428">Journal Article</PublicationType></PublicationTypeList><ArticleDate DateType="Electronic"><Year>2022</Year><Month>01</Month><Day>05</Day></ArticleDate></Article><MedlineJournalInfo><Country>Netherlands</Country><MedlineTA>J Clin Virol</MedlineTA><NlmUniqueID>9815671</NlmUniqueID><ISSNLinking>1386-6532</ISSNLinking></MedlineJournalInfo><ChemicalList><Chemical><RegistryNumber>0</RegistryNumber><NameOfSubstance UI="D000914">Antibodies, Viral</NameOfSubstance></Chemical></ChemicalList><CitationSubset>IM</CitationSubset><MeshHeadingList><MeshHeading><DescriptorName UI="D000914" MajorTopicYN="N">Antibodies, Viral</DescriptorName></MeshHeading><MeshHeading><DescriptorName UI="D001118" MajorTopicYN="N" Type="Geographic">Argentina</DescriptorName><QualifierName UI="Q000453" MajorTopicYN="N">epidemiology</QualifierName></MeshHeading><MeshHeading><DescriptorName UI="D001782" MajorTopicYN="Y">Blood Donors</DescriptorName></MeshHeading><MeshHeading><DescriptorName UI="D003715" MajorTopicYN="Y">Dengue</DescriptorName></MeshHeading><MeshHeading><DescriptorName UI="D006801" MajorTopicYN="N">Humans</DescriptorName></MeshHeading><MeshHeading><DescriptorName UI="D016036" MajorTopicYN="N">Seroepidemiologic Studies</DescriptorName></MeshHeading><MeshHeading><DescriptorName UI="D065288" MajorTopicYN="N">Serogroup</DescriptorName></MeshHeading></MeshHeadingList></MedlineCitation><PubmedData><History><PubMedPubDate PubStatus="received"><Year>2021</Year><Month>10</Month><Day>22</Day></PubMedPubDate><PubMedPubDate PubStatus="revised"><Year>2021</Year><Month>12</Month><Day>14</Day></PubMedPubDate><PubMedPubDate PubStatus="accepted"><Year>2022</Year><Month>1</Month><Day>3</Day></PubMedPubDate><PubMedPubDate PubStatus="pubmed"><Year>2022</Year><Month>1</Month><Day>10</Day><Hour>6</Hour><Minute>0</Minute></PubMedPubDate><PubMedPubDate PubStatus="medline"><Year>2022</Year><Month>4</Month><Day>14</Day><Hour>6</Hour><Minute>0</Minute></PubMedPubDate><PubMedPubDate PubStatus="entrez"><Year>2022</Year><Month>1</Month><Day>9</Day><Hour>21</Hour><Minute>6</Minute></PubMedPubDate></History><PublicationStatus>ppublish</PublicationStatus><ArticleIdList><ArticleId IdType="pubmed">34999567</ArticleId><ArticleId IdType="doi">10.1016/j.jcv.2022.105078</ArticleId><ArticleId IdType="pii">S1386-6532(22)00014-2</ArticleId></ArticleIdList></PubmedData></PubmedArticle></PubmedArticleSet>