<?xml version="1.0" ?>
<!DOCTYPE PubmedArticleSet PUBLIC "-//NLM//DTD PubMedArticle, 1st January 2023//EN" "https://dtd.nlm.nih.gov/ncbi/pubmed/out/pubmed_230101.dtd">
<PubmedArticleSet>
<PubmedArticle><MedlineCitation Status="PubMed-not-MEDLINE" Owner="NLM"><PMID Version="1">35013523</PMID><DateRevised><Year>2022</Year><Month>01</Month><Day>16</Day></DateRevised><Article PubModel="Electronic"><Journal><ISSN IssnType="Electronic">2045-2322</ISSN><JournalIssue CitedMedium="Internet"><Volume>12</Volume><Issue>1</Issue><PubDate><Year>2022</Year><Month>Jan</Month><Day>10</Day></PubDate></JournalIssue><Title>Scientific reports</Title><ISOAbbreviation>Sci Rep</ISOAbbreviation></Journal><ArticleTitle>Author Correction: Transgenic refractory&#xa0;Aedes aegypti&#xa0;lines are resistant to multiple serotypes of dengue virus.</ArticleTitle><Pagination><StartPage>754</StartPage><MedlinePgn>754</MedlinePgn></Pagination><ELocationID EIdType="pii" ValidYN="Y">754</ELocationID><ELocationID EIdType="doi" ValidYN="Y">10.1038/s41598-022-05054-9</ELocationID><AuthorList CompleteYN="Y"><Author ValidYN="Y" EqualContrib="Y"><LastName>Liu</LastName><ForeName>Wei-Liang</ForeName><Initials>WL</Initials><AffiliationInfo><Affiliation>National Mosquito-Borne Diseases Control Research Center, National Health Research Institutes, Miaoli, Taiwan.</Affiliation></AffiliationInfo></Author><Author ValidYN="Y" EqualContrib="Y"><LastName>Hsu</LastName><ForeName>Chia-Wei</ForeName><Initials>CW</Initials><AffiliationInfo><Affiliation>Institutes of Molecular and Cellular Biology, National Taiwan University, Taipei, Taiwan.</Affiliation></AffiliationInfo></Author><Author ValidYN="Y"><LastName>Chan</LastName><ForeName>Shih-Peng</ForeName><Initials>SP</Initials><AffiliationInfo><Affiliation>Graduate Institute of Microbiology, College of Medicine, National Taiwan University, Taipei, Taiwan.</Affiliation></AffiliationInfo></Author><Author ValidYN="Y"><LastName>Yen</LastName><ForeName>Pei-Shi</ForeName><Initials>PS</Initials><AffiliationInfo><Affiliation>Unit of Arboviruses and Insect Vectors, Department of Virology, Institute Pasteur, Paris, France.</Affiliation></AffiliationInfo></Author><Author ValidYN="Y"><LastName>Su</LastName><ForeName>Matthew P</ForeName><Initials>MP</Initials><AffiliationInfo><Affiliation>Department of Biological Science, Nagoya University, Nagoya, Japan.</Affiliation></AffiliationInfo><AffiliationInfo><Affiliation>Institute for Advanced Research, Nagoya University, Nagoya, Japan.</Affiliation></AffiliationInfo></Author><Author ValidYN="Y"><LastName>Li</LastName><ForeName>Jian-Chiuan</ForeName><Initials>JC</Initials><AffiliationInfo><Affiliation>National Institute of Infectious Diseases and Vaccinology, National Health Research Institutes, Miaoli, Taiwan.</Affiliation></AffiliationInfo></Author><Author ValidYN="Y"><LastName>Li</LastName><ForeName>Hsing-Han</ForeName><Initials>HH</Initials><AffiliationInfo><Affiliation>National Institute of Infectious Diseases and Vaccinology, National Health Research Institutes, Miaoli, Taiwan.</Affiliation></AffiliationInfo></Author><Author ValidYN="Y"><LastName>Cheng</LastName><ForeName>Lie</ForeName><Initials>L</Initials><AffiliationInfo><Affiliation>National Mosquito-Borne Diseases Control Research Center, National Health Research Institutes, Miaoli, Taiwan.</Affiliation></AffiliationInfo></Author><Author ValidYN="Y"><LastName>Tang</LastName><ForeName>Cheng-Kang</ForeName><Initials>CK</Initials><AffiliationInfo><Affiliation>National Institute of Infectious Diseases and Vaccinology, National Health Research Institutes, Miaoli, Taiwan.</Affiliation></AffiliationInfo></Author><Author ValidYN="Y"><LastName>Ko</LastName><ForeName>Shih-Hsun</ForeName><Initials>SH</Initials><AffiliationInfo><Affiliation>National Mosquito-Borne Diseases Control Research Center, National Health Research Institutes, Miaoli, Taiwan.</Affiliation></AffiliationInfo></Author><Author ValidYN="Y"><LastName>Tsai</LastName><ForeName>Huai-Kuang</ForeName><Initials>HK</Initials><AffiliationInfo><Affiliation>Institute of Information Science, Academia Sinica, Taipei, Taiwan.</Affiliation></AffiliationInfo></Author><Author ValidYN="Y"><LastName>Tsai</LastName><ForeName>Zing Tsung-Yeh</ForeName><Initials>ZT</Initials><AffiliationInfo><Affiliation>Institute of Information Science, Academia Sinica, Taipei, Taiwan.</Affiliation></AffiliationInfo></Author><Author ValidYN="Y"><LastName>Akbari</LastName><ForeName>Omar S</ForeName><Initials>OS</Initials><AffiliationInfo><Affiliation>Section of Cell and Developmental Biology, Division of Biological Sciences, University of California, San Diego, La Jolla, CA, 92093, USA.</Affiliation></AffiliationInfo></Author><Author ValidYN="Y"><LastName>Failloux</LastName><ForeName>Anna-Bella</ForeName><Initials>AB</Initials><AffiliationInfo><Affiliation>Unit of Arboviruses and Insect Vectors, Department of Virology, Institute Pasteur, Paris, France.</Affiliation></AffiliationInfo></Author><Author ValidYN="Y"><LastName>Chen</LastName><ForeName>Chun-Hong</ForeName><Initials>CH</Initials><AffiliationInfo><Affiliation>National Mosquito-Borne Diseases Control Research Center, National Health Research Institutes, Miaoli, Taiwan. chunhong@gmail.com.</Affiliation></AffiliationInfo><AffiliationInfo><Affiliation>Institutes of Molecular and Cellular Biology, National Taiwan University, Taipei, Taiwan. chunhong@gmail.com.</Affiliation></AffiliationInfo><AffiliationInfo><Affiliation>National Institute of Infectious Diseases and Vaccinology, National Health Research Institutes, Miaoli, Taiwan. chunhong@gmail.com.</Affiliation></AffiliationInfo><AffiliationInfo><Affiliation>National Institute of Infectious Diseases and Vaccinology, National Mosquito-Borne Diseases Control Research Center, National Health Research Institutes, Zhunan, Taiwan. chunhong@gmail.com.</Affiliation></AffiliationInfo></Author></AuthorList><Language>eng</Language><PublicationTypeList><PublicationType UI="D016425">Published Erratum</PublicationType></PublicationTypeList><ArticleDate DateType="Electronic"><Year>2022</Year><Month>01</Month><Day>10</Day></ArticleDate></Article><MedlineJournalInfo><Country>England</Country><MedlineTA>Sci Rep</MedlineTA><NlmUniqueID>101563288</NlmUniqueID><ISSNLinking>2045-2322</ISSNLinking></MedlineJournalInfo><CitationSubset>IM</CitationSubset><CommentsCorrectionsList><CommentsCorrections RefType="ErratumFor"><RefSource>Sci Rep. 2021 Dec 13;11(1):23865</RefSource><PMID Version="1">34903766</PMID></CommentsCorrections></CommentsCorrectionsList></MedlineCitation><PubmedData><History><PubMedPubDate PubStatus="entrez"><Year>2022</Year><Month>1</Month><Day>11</Day><Hour>6</Hour><Minute>46</Minute></PubMedPubDate><PubMedPubDate PubStatus="pubmed"><Year>2022</Year><Month>1</Month><Day>12</Day><Hour>6</Hour><Minute>0</Minute></PubMedPubDate><PubMedPubDate PubStatus="medline"><Year>2022</Year><Month>1</Month><Day>12</Day><Hour>6</Hour><Minute>1</Minute></PubMedPubDate></History><PublicationStatus>epublish</PublicationStatus><ArticleIdList><ArticleId IdType="pubmed">35013523</ArticleId><ArticleId IdType="pmc">PMC8748990</ArticleId><ArticleId IdType="doi">10.1038/s41598-022-05054-9</ArticleId><ArticleId IdType="pii">10.1038/s41598-022-05054-9</ArticleId></ArticleIdList></PubmedData></PubmedArticle></PubmedArticleSet>