<?xml version="1.0" ?>
<!DOCTYPE PubmedArticleSet PUBLIC "-//NLM//DTD PubMedArticle, 1st January 2023//EN" "https://dtd.nlm.nih.gov/ncbi/pubmed/out/pubmed_230101.dtd">
<PubmedArticleSet>
<PubmedArticle><MedlineCitation Status="MEDLINE" Owner="NLM"><PMID Version="1">35015769</PMID><DateCompleted><Year>2022</Year><Month>02</Month><Day>16</Day></DateCompleted><DateRevised><Year>2022</Year><Month>02</Month><Day>16</Day></DateRevised><Article PubModel="Electronic-eCollection"><Journal><ISSN IssnType="Electronic">1935-2735</ISSN><JournalIssue CitedMedium="Internet"><Volume>16</Volume><Issue>1</Issue><PubDate><Year>2022</Year><Month>Jan</Month></PubDate></JournalIssue><Title>PLoS neglected tropical diseases</Title><ISOAbbreviation>PLoS Negl Trop Dis</ISOAbbreviation></Journal><ArticleTitle>Lab-scale characterization and semi-field trials of Wolbachia Strain wAlbB in a Taiwan Wolbachia introgressed Ae. aegypti strain.</ArticleTitle><Pagination><StartPage>e0010084</StartPage><MedlinePgn>e0010084</MedlinePgn></Pagination><ELocationID EIdType="pii" ValidYN="Y">e0010084</ELocationID><ELocationID EIdType="doi" ValidYN="Y">10.1371/journal.pntd.0010084</ELocationID><Abstract><AbstractText>Dengue fever is one of the most severe viral diseases transmitted by Aedes mosquitoes, with traditional approaches of disease control proving insufficient to prevent significant disease burden. Release of Wolbachia-transinfected mosquitoes offers a promising alternative control methodologies; Wolbachia-transinfected female Aedes aegypti demonstrate reduced dengue virus transmission, whilst Wolbachia-transinfected males cause zygotic lethality when crossed with uninfected females, providing a method for suppressing mosquito populations. Although highly promising, the delicate nature of population control strategies and differences between local species populations means that controlled releases of Wolbachia-transinfected mosquitoes cannot be performed without extensive testing on specific local Ae. aegypti populations. In order to investigate the potential for using Wolbachia to suppress local Ae. aegypti populations in Taiwan, we performed lab-based and semi-field fitness trials. We first transinfected the Wolbachia strain wAlbB into a local Ae. aegypti population (wAlbB-Tw) and found no significant changes in lifespan, fecundity and fertility when compared to controls. In the laboratory, we found that as the proportion of released male mosquitoes carrying Wolbachia was increased, population suppression could reach up to 100%. Equivalent experiments in semi-field experiments found suppression rates of up to 70%. The release of different ratios of wAlbB-Tw males in the semi-field system provided an estimate of the optimal size of male releases. Our results indicate that wAlbB-Tw has significant potential for use in vector control strategies aimed at Ae. aegypti population suppression in Taiwan. Open field release trials are now necessary to confirm that wAlbB-Tw mediated suppression is feasible in natural environments.</AbstractText></Abstract><AuthorList CompleteYN="Y"><Author ValidYN="Y"><LastName>Liu</LastName><ForeName>Wei-Liang</ForeName><Initials>WL</Initials><AffiliationInfo><Affiliation>National Mosquito-Borne Diseases Control Research Center, National Health Research Institutes, Miaoli, Taiwan.</Affiliation></AffiliationInfo></Author><Author ValidYN="Y"><LastName>Yu</LastName><ForeName>Hui-Ying</ForeName><Initials>HY</Initials><Identifier Source="ORCID">0000-0001-5942-3444</Identifier><AffiliationInfo><Affiliation>National Mosquito-Borne Diseases Control Research Center, National Health Research Institutes, Miaoli, Taiwan.</Affiliation></AffiliationInfo></Author><Author ValidYN="Y"><LastName>Chen</LastName><ForeName>Yu-Xuan</ForeName><Initials>YX</Initials><AffiliationInfo><Affiliation>National Mosquito-Borne Diseases Control Research Center, National Health Research Institutes, Miaoli, Taiwan.</Affiliation></AffiliationInfo></Author><Author ValidYN="Y"><LastName>Chen</LastName><ForeName>Bo-Yu</ForeName><Initials>BY</Initials><AffiliationInfo><Affiliation>National Mosquito-Borne Diseases Control Research Center, National Health Research Institutes, Miaoli, Taiwan.</Affiliation></AffiliationInfo></Author><Author ValidYN="Y"><LastName>Leaw</LastName><ForeName>Shiang Ning</ForeName><Initials>SN</Initials><AffiliationInfo><Affiliation>National Mosquito-Borne Diseases Control Research Center, National Health Research Institutes, Miaoli, Taiwan.</Affiliation></AffiliationInfo></Author><Author ValidYN="Y"><LastName>Lin</LastName><ForeName>Cheng-Han</ForeName><Initials>CH</Initials><Identifier Source="ORCID">0000-0001-5444-3999</Identifier><AffiliationInfo><Affiliation>Institute of Clinical Medicine, College of Medicine, National Cheng Kung University, Tainan, Taiwan.</Affiliation></AffiliationInfo><AffiliationInfo><Affiliation>School of Medicine, College of Medicine, I-Shou University, Kaohsiung, Taiwan.</Affiliation></AffiliationInfo></Author><Author ValidYN="Y"><LastName>Su</LastName><ForeName>Matthew-P</ForeName><Initials>MP</Initials><Identifier Source="ORCID">0000-0002-6186-211X</Identifier><AffiliationInfo><Affiliation>Institute for Advanced Research, Nagoya University, Nagoya, Japan.</Affiliation></AffiliationInfo><AffiliationInfo><Affiliation>Department of Biological Science, Nagoya University, Nagoya, Japan.</Affiliation></AffiliationInfo></Author><Author ValidYN="Y"><LastName>Tsai</LastName><ForeName>Ling-Shan</ForeName><Initials>LS</Initials><AffiliationInfo><Affiliation>Public Health Bureau, Tainan City Government, Tainan, Taiwan.</Affiliation></AffiliationInfo></Author><Author ValidYN="Y"><LastName>Chen</LastName><ForeName>Yi</ForeName><Initials>Y</Initials><AffiliationInfo><Affiliation>Chang Bing Show Chwan Memorial Hospital, Changhua, Taiwan.</Affiliation></AffiliationInfo></Author><Author ValidYN="Y"><LastName>Shiao</LastName><ForeName>Shin-Hong</ForeName><Initials>SH</Initials><Identifier Source="ORCID">0000-0002-7749-7807</Identifier><AffiliationInfo><Affiliation>Department of Tropical Medicine and Parasitology, College of Medicine, National Taiwan University, Taipei, Taiwan.</Affiliation></AffiliationInfo></Author><Author ValidYN="Y"><LastName>Xi</LastName><ForeName>Zhiyong</ForeName><Initials>Z</Initials><Identifier Source="ORCID">0000-0001-7786-012X</Identifier><AffiliationInfo><Affiliation>Department of Microbiology and Molecular Genetics, Michigan State University, East Lansing, Michigan, United States of America.</Affiliation></AffiliationInfo></Author><Author ValidYN="Y"><LastName>Jang</LastName><ForeName>Anna C-C</ForeName><Initials>AC</Initials><AffiliationInfo><Affiliation>Department of Biotechnology and Bioindustry Sciences, National Cheng Kung University, Tainan, Taiwan.</Affiliation></AffiliationInfo></Author><Author ValidYN="Y"><LastName>Chen</LastName><ForeName>Chun-Hong</ForeName><Initials>CH</Initials><Identifier Source="ORCID">0000-0001-6352-1370</Identifier><AffiliationInfo><Affiliation>National Mosquito-Borne Diseases Control Research Center, National Health Research Institutes, Miaoli, Taiwan.</Affiliation></AffiliationInfo><AffiliationInfo><Affiliation>National Institute of Infectious Diseases and Vaccinology, National Health Research Institutes, Miaoli, Taiwan.</Affiliation></AffiliationInfo><AffiliationInfo><Affiliation>Institutes of Molecular and Cellular Biology, National Taiwan University, Taipei, Taiwan.</Affiliation></AffiliationInfo></Author></AuthorList><Language>eng</Language><PublicationTypeList><PublicationType UI="D016428">Journal Article</PublicationType></PublicationTypeList><ArticleDate DateType="Electronic"><Year>2022</Year><Month>01</Month><Day>11</Day></ArticleDate></Article><MedlineJournalInfo><Country>United States</Country><MedlineTA>PLoS Negl Trop Dis</MedlineTA><NlmUniqueID>101291488</NlmUniqueID><ISSNLinking>1935-2727</ISSNLinking></MedlineJournalInfo><ChemicalList><Chemical><RegistryNumber>0</RegistryNumber><NameOfSubstance UI="D061046">Biological Control Agents</NameOfSubstance></Chemical></ChemicalList><CitationSubset>IM</CitationSubset><MeshHeadingList><MeshHeading><DescriptorName UI="D000330" MajorTopicYN="N">Aedes</DescriptorName><QualifierName UI="Q000382" MajorTopicYN="Y">microbiology</QualifierName></MeshHeading><MeshHeading><DescriptorName UI="D000818" MajorTopicYN="N">Animals</DescriptorName></MeshHeading><MeshHeading><DescriptorName UI="D061046" MajorTopicYN="N">Biological Control Agents</DescriptorName><QualifierName UI="Q000008" MajorTopicYN="N">administration &amp; dosage</QualifierName></MeshHeading><MeshHeading><DescriptorName UI="D003715" MajorTopicYN="N">Dengue</DescriptorName><QualifierName UI="Q000517" MajorTopicYN="Y">prevention &amp; control</QualifierName><QualifierName UI="Q000635" MajorTopicYN="N">transmission</QualifierName></MeshHeading><MeshHeading><DescriptorName UI="D003716" MajorTopicYN="N">Dengue Virus</DescriptorName><QualifierName UI="Q000302" MajorTopicYN="N">isolation &amp; purification</QualifierName></MeshHeading><MeshHeading><DescriptorName UI="D005260" MajorTopicYN="N">Female</DescriptorName></MeshHeading><MeshHeading><DescriptorName UI="D008297" MajorTopicYN="N">Male</DescriptorName></MeshHeading><MeshHeading><DescriptorName UI="D009032" MajorTopicYN="N">Mosquito Control</DescriptorName><QualifierName UI="Q000379" MajorTopicYN="Y">methods</QualifierName></MeshHeading><MeshHeading><DescriptorName UI="D000072138" MajorTopicYN="N">Mosquito Vectors</DescriptorName><QualifierName UI="Q000821" MajorTopicYN="N">virology</QualifierName></MeshHeading><MeshHeading><DescriptorName UI="D010572" MajorTopicYN="N">Pest Control, Biological</DescriptorName><QualifierName UI="Q000379" MajorTopicYN="Y">methods</QualifierName></MeshHeading><MeshHeading><DescriptorName UI="D013624" MajorTopicYN="N" Type="Geographic">Taiwan</DescriptorName></MeshHeading><MeshHeading><DescriptorName UI="D020577" MajorTopicYN="N">Wolbachia</DescriptorName><QualifierName UI="Q000145" MajorTopicYN="N">classification</QualifierName><QualifierName UI="Q000378" MajorTopicYN="Y">metabolism</QualifierName></MeshHeading><MeshHeading><DescriptorName UI="D015053" MajorTopicYN="N">Zygote</DescriptorName><QualifierName UI="Q000382" MajorTopicYN="N">microbiology</QualifierName></MeshHeading></MeshHeadingList><CoiStatement>The authors have declared that no competing interests exist.</CoiStatement></MedlineCitation><PubmedData><History><PubMedPubDate PubStatus="received"><Year>2021</Year><Month>6</Month><Day>8</Day></PubMedPubDate><PubMedPubDate PubStatus="accepted"><Year>2021</Year><Month>12</Month><Day>9</Day></PubMedPubDate><PubMedPubDate PubStatus="entrez"><Year>2022</Year><Month>1</Month><Day>11</Day><Hour>17</Hour><Minute>36</Minute></PubMedPubDate><PubMedPubDate PubStatus="pubmed"><Year>2022</Year><Month>1</Month><Day>12</Day><Hour>6</Hour><Minute>0</Minute></PubMedPubDate><PubMedPubDate PubStatus="medline"><Year>2022</Year><Month>2</Month><Day>17</Day><Hour>6</Hour><Minute>0</Minute></PubMedPubDate></History><PublicationStatus>epublish</PublicationStatus><ArticleIdList><ArticleId IdType="pubmed">35015769</ArticleId><ArticleId IdType="pmc">PMC8752028</ArticleId><ArticleId IdType="doi">10.1371/journal.pntd.0010084</ArticleId><ArticleId IdType="pii">PNTD-D-21-00844</ArticleId></ArticleIdList><ReferenceList><Reference><Citation>Bhatt S, Gething PW, Brady OJ, Messina JP, Farlow AW, Moyes CL, et al.. The global distribution and burden of dengue. Nature 2013; 496: 504&#x2013;507. doi: 10.1038/nature12060</Citation><ArticleIdList><ArticleId IdType="doi">10.1038/nature12060</ArticleId><ArticleId IdType="pmc">PMC3651993</ArticleId><ArticleId IdType="pubmed">23563266</ArticleId></ArticleIdList></Reference><Reference><Citation>World Health Organization. World Health Organization. Comprehensive guidelines for prevention and control of dengue and dengue haemorrhagic fever. WHO Regional Publication SEARO; 2011.</Citation></Reference><Reference><Citation>Simmons CP, Farrar JJ, Nguyen V and Wills B. Dengue. N Engl J Med. 2012; 366: 1423&#x2013;1432. doi: 10.1056/NEJMra1110265</Citation><ArticleIdList><ArticleId IdType="doi">10.1056/NEJMra1110265</ArticleId><ArticleId IdType="pubmed">22494122</ArticleId></ArticleIdList></Reference><Reference><Citation>Lim JK, Chanthavanich P, Limkittikul K, Lee J-S, Sirivichayakul C, Lee KS, et al.. Clinical and epidemiologic characteristics associated with dengue fever in 2011&#x2013;2016 in Bang Phae district, Ratchaburi province, Thailand. PLoS Negl Trop Dis 2021; 15: e0009513. 10.1371/journal.pntd.0009513.</Citation><ArticleIdList><ArticleId IdType="doi">10.1371/journal.pntd.0009513</ArticleId><ArticleId IdType="pmc">PMC8244866</ArticleId><ArticleId IdType="pubmed">34191799</ArticleId></ArticleIdList></Reference><Reference><Citation>Benelli G and Mehlhorn H. Declining malaria, rising of dengue and Zika virus: insights for mosquito vector control. Parasitol Res. 2016;115:1747&#x2013;54. doi: 10.1007/s00436-016-4971-z</Citation><ArticleIdList><ArticleId IdType="doi">10.1007/s00436-016-4971-z</ArticleId><ArticleId IdType="pubmed">26932263</ArticleId></ArticleIdList></Reference><Reference><Citation>Stephen LD, Seth RB and Robert IR. Wolbachia mosquito control: Regulated. Science 2016; 352: 526&#x2013;527. doi: 10.1126/science.352.6285.526-b</Citation><ArticleIdList><ArticleId IdType="doi">10.1126/science.352.6285.526-b</ArticleId><ArticleId IdType="pubmed">27126029</ArticleId></ArticleIdList></Reference><Reference><Citation>Werren JH, Baldo L and Clark ME. Wolbachia: master manipulators of invertebrate biology. Nat Rev Microbiol 2008; 6: 741&#x2013;751. doi: 10.1038/nrmicro1969</Citation><ArticleIdList><ArticleId IdType="doi">10.1038/nrmicro1969</ArticleId><ArticleId IdType="pubmed">18794912</ArticleId></ArticleIdList></Reference><Reference><Citation>Iturbe-Ormaetxe I, Walker T and O&#x2019;Neill SL. Wolbachia and the biological control of mosquito-borne disease. EMBO Rep 2011; 12: 508&#x2013;518. doi: 10.1038/embor.2011.84</Citation><ArticleIdList><ArticleId IdType="doi">10.1038/embor.2011.84</ArticleId><ArticleId IdType="pmc">PMC3128286</ArticleId><ArticleId IdType="pubmed">21546911</ArticleId></ArticleIdList></Reference><Reference><Citation>Kittayapong P, Baisley KJ, Baimai V and O&#x2019;Neill SL. Distribution and diversity of Wolbachia infections in Southeast Asian mosquitoes (Diptera: Culicidae). J Med Entomol. 2000; 37: 340&#x2013;345. doi: 10.1093/jmedent/37.3.340</Citation><ArticleIdList><ArticleId IdType="doi">10.1093/jmedent/37.3.340</ArticleId><ArticleId IdType="pubmed">15535575</ArticleId></ArticleIdList></Reference><Reference><Citation>Ricci I, Cancrini G, Gabrielli S, D&#x2019;Amelio S and Favi G. Searching for Wolbachia (Rickettsiales: Rickettsiaceae) in mosquitoes (Diptera: Culicidae): Large polymerase chain reaction survey and new identifications. J Med Entomol. 2002; 39: 562&#x2013;567. doi: 10.1603/0022-2585-39.4.562</Citation><ArticleIdList><ArticleId IdType="doi">10.1603/0022-2585-39.4.562</ArticleId><ArticleId IdType="pubmed">12144285</ArticleId></ArticleIdList></Reference><Reference><Citation>Rainey SM, Shah P, Kohl A and Dietrich I. Understanding the Wolbachia-mediated inhibition of arboviruses in mosquitoes: Progress and challenges. J. Gen. Virol. 2014; 95: 517&#x2013;530. doi: 10.1099/vir.0.057422-0</Citation><ArticleIdList><ArticleId IdType="doi">10.1099/vir.0.057422-0</ArticleId><ArticleId IdType="pubmed">24343914</ArticleId></ArticleIdList></Reference><Reference><Citation>Sinkins SP. Wolbachia and arbovirus inhibition in mosquitoes. Future Microbiol. 2013; 8: 1249&#x2013;1256. doi: 10.2217/fmb.13.95</Citation><ArticleIdList><ArticleId IdType="doi">10.2217/fmb.13.95</ArticleId><ArticleId IdType="pubmed">24059916</ArticleId></ArticleIdList></Reference><Reference><Citation>Tan CH, Wong PJ, LI MI, Yang H, Ng LC and O&#x2019;Neill SL. wMel limits zika and chikungunya virus infection in a Singapore Wolbachia- introgressed Ae. aegypti strain, wMel-Sg. PloS Negl Trop Dis 2017; 11: e0005496. doi: 10.1371/journal.pntd.0005496</Citation><ArticleIdList><ArticleId IdType="doi">10.1371/journal.pntd.0005496</ArticleId><ArticleId IdType="pmc">PMC5460886</ArticleId><ArticleId IdType="pubmed">28542240</ArticleId></ArticleIdList></Reference><Reference><Citation>Gomes FM, Hixson BL, Tyner MDW, Ramirez JL, Canepa GE, Alves E Silva TL. et al.. Effect of naturally occurring Wolbachia in Anopheles gambiae s.l. mosquitoes from Mali on Plasmodium falciparum malaria transmission. Proc Natl Acad Sci USA. 2017; 114: 12566&#x2013;12571. doi: 10.1073/pnas.1716181114</Citation><ArticleIdList><ArticleId IdType="doi">10.1073/pnas.1716181114</ArticleId><ArticleId IdType="pmc">PMC5703331</ArticleId><ArticleId IdType="pubmed">29114059</ArticleId></ArticleIdList></Reference><Reference><Citation>Utarini A, Indriani C, Ahmad RA, Tantowijoyo W, Arguni E, Ansari MR. et al.. Efficacy of Wolbachia-infected mosquito deployments for the control of dengue. N Engl J Med. 2021; 384: 2177&#x2013;2186. doi: 10.1056/NEJMoa2030243</Citation><ArticleIdList><ArticleId IdType="doi">10.1056/NEJMoa2030243</ArticleId><ArticleId IdType="pmc">PMC8103655</ArticleId><ArticleId IdType="pubmed">34107180</ArticleId></ArticleIdList></Reference><Reference><Citation>Hancock PA, Sinkins SP and Godfray HC. Strategies for introducing Wolbachia to reduce transmission of mosquito-borne diseases. PLoS Negl Trop Dis. 2011; 5: e1024. doi: 10.1371/journal.pntd.0001024</Citation><ArticleIdList><ArticleId IdType="doi">10.1371/journal.pntd.0001024</ArticleId><ArticleId IdType="pmc">PMC3082501</ArticleId><ArticleId IdType="pubmed">21541357</ArticleId></ArticleIdList></Reference><Reference><Citation>Hoffmann AA, Montgomery BL, Popovici J, Iturbe-Ormaetxe I, Johnson PH, Muzzi F et al.. Successful establishment of Wolbachia in Aedes populations to suppress dengue transmission. Nature 2011; 476: 454&#x2013;457. doi: 10.1038/nature10356</Citation><ArticleIdList><ArticleId IdType="doi">10.1038/nature10356</ArticleId><ArticleId IdType="pubmed">21866160</ArticleId></ArticleIdList></Reference><Reference><Citation>Zheng X, Zhang D, Li Y, Yang C, Wu Y, Liang X, et al.. Incompatible and sterile insect techniques combined eliminate mosquitoes. Nature 2019; 572: 56&#x2013;61. doi: 10.1038/s41586-019-1407-9</Citation><ArticleIdList><ArticleId IdType="doi">10.1038/s41586-019-1407-9</ArticleId><ArticleId IdType="pubmed">31316207</ArticleId></ArticleIdList></Reference><Reference><Citation>Crawford JE, Clarke DW, Criswell V, Desnoyer M, Cornel D, Deegan B, et al.. Efficient production of male Wolbachia infected Aedes aegypti mosquitoes enables large-scale suppression of wild populations. Nat Biotechnol 2020; 38: 482&#x2013;492. doi: 10.1038/s41587-020-0471-x</Citation><ArticleIdList><ArticleId IdType="doi">10.1038/s41587-020-0471-x</ArticleId><ArticleId IdType="pubmed">32265562</ArticleId></ArticleIdList></Reference><Reference><Citation>National Environment Agency, Singapore. Project Wolbachia Singapore. https://www.nea.gov.sg/corporate-functions/resources/research/wolbachia-aedes-mosquito-suppression-strategy.</Citation></Reference><Reference><Citation>Caputo B, Moretti R, Manica M, Serini P, Lampazzi E, Bonanni M. et al.. A bacterium against the tiger: preliminary evidence of fertility reduction after release of Aedes albopictus males with manipulated Wolbachia infection in an Italian urban area. Pest Manag Sci. 2020; 76: 1324&#x2013;1332. doi: 10.1002/ps.5643</Citation><ArticleIdList><ArticleId IdType="doi">10.1002/ps.5643</ArticleId><ArticleId IdType="pubmed">31603613</ArticleId></ArticleIdList></Reference><Reference><Citation>Osborne SE, Leong YS, O&#x2019;Neill SL and Johnson KN. Variation in antiviral protection mediated by different Wolbachia strains in Drosophila simulans. PLoS Pathogens 2009; 5: e1000656. Epub 2009/11/13. doi: 10.1371/journal.ppat.1000656</Citation><ArticleIdList><ArticleId IdType="doi">10.1371/journal.ppat.1000656</ArticleId><ArticleId IdType="pmc">PMC2768908</ArticleId><ArticleId IdType="pubmed">19911047</ArticleId></ArticleIdList></Reference><Reference><Citation>Martinez J, Longdon B, Bauer S, Chan YS, Miller WJ, Bourtzis K, et al.. Symbionts commonly provide broad spectrum resistance to viruses in insects: a comparative analysis of Wolbachia strains. PLoS Pathogens 2014;10: e1004369. doi: 10.1371/journal.ppat.1004369</Citation><ArticleIdList><ArticleId IdType="doi">10.1371/journal.ppat.1004369</ArticleId><ArticleId IdType="pmc">PMC4169468</ArticleId><ArticleId IdType="pubmed">25233341</ArticleId></ArticleIdList></Reference><Reference><Citation>Walker T, Johnson PH, Moreira LA, Iturbe-Ormaetxe I, Frentiu FD, McMeniman CJ et al.. The wMel Wolbachia strain blocks dengue and invades caged Aedes aegypti populations. Nature. 2011; 476: 450&#x2013;453. doi: 10.1038/nature10355</Citation><ArticleIdList><ArticleId IdType="doi">10.1038/nature10355</ArticleId><ArticleId IdType="pubmed">21866159</ArticleId></ArticleIdList></Reference><Reference><Citation>Hoffmann AA, Iturbe-Ormaetxe I, Callahan AG, Phillips B, Billington K, Axford JK, Montgomery B et al.. Stability of the wMel Wolbachia infection following invasion into Aedes aegypti populations. PloS Negl Trop Dis 2014; 8: e3115. doi: 10.1371/journal.pntd.0003115</Citation><ArticleIdList><ArticleId IdType="doi">10.1371/journal.pntd.0003115</ArticleId><ArticleId IdType="pmc">PMC4161343</ArticleId><ArticleId IdType="pubmed">25211492</ArticleId></ArticleIdList></Reference><Reference><Citation>McMeniman CJ, Lane RV, Cass BN, Fong AWC, Sidhu M, Wang YF and O&#x2019;Neill SL. Stable introduction of a life-shortening Wolbachia infection into the mosquito Aedes aegypti. Science 2009; 323:141&#x2013;144. doi: 10.1126/science.1165326</Citation><ArticleIdList><ArticleId IdType="doi">10.1126/science.1165326</ArticleId><ArticleId IdType="pubmed">19119237</ArticleId></ArticleIdList></Reference><Reference><Citation>Yeap HL, Mee P, Walker T, Weeks AR, O&#x2019;Neill SL, Johnson P, Ritchie SA et al.. Dynamics of the &#x201c;popcorn&#x201d; Wolbachia infection in outbred Aedes aegypti informs prospects for mosquito vector control. Genetics 2011; 187: 583&#x2013;595. doi: 10.1534/genetics.110.122390</Citation><ArticleIdList><ArticleId IdType="doi">10.1534/genetics.110.122390</ArticleId><ArticleId IdType="pmc">PMC3030498</ArticleId><ArticleId IdType="pubmed">21135075</ArticleId></ArticleIdList></Reference><Reference><Citation>Mancini MV, Herd CS, Ant TH, Murdochy SM, Sinkins SP. Wolbachia strain wAu efficiently blocks arbovirus transmission in Aedes albopictus. PLoS Negl Trop Dis 2020; 14: e0007926. doi: 10.1371/journal.pntd.0007926</Citation><ArticleIdList><ArticleId IdType="doi">10.1371/journal.pntd.0007926</ArticleId><ArticleId IdType="pmc">PMC7083328</ArticleId><ArticleId IdType="pubmed">32155143</ArticleId></ArticleIdList></Reference><Reference><Citation>Calvitti M, Moretti R, Lampazzi E, Bellini R and Dobson SL. Characterization of a new Aedes albopictus (Diptera: Culicidae)-Wolbachia pipientis (Rickettsiales: Rickettsiaceae) symbiotic association generated by artificial transfer of the wPip strain from Culex pipiens (Diptera: Culicidae). J Med Entomol. 2010; 47:179&#x2013;187. doi: 10.1603/me09140</Citation><ArticleIdList><ArticleId IdType="doi">10.1603/me09140</ArticleId><ArticleId IdType="pubmed">20380298</ArticleId></ArticleIdList></Reference><Reference><Citation>Nazni WA, Hoffmann AA, NoorAfizah A, Cheong YL, Maria V, Mancini MV et al.. Establishment of Wolbachia strain wAlbB in Malaysian populations of Aedes aegypti for dengue control. Current Biology 2019; 29: 4241&#x2013;4248. doi: 10.1016/j.cub.2019.11.007</Citation><ArticleIdList><ArticleId IdType="doi">10.1016/j.cub.2019.11.007</ArticleId><ArticleId IdType="pmc">PMC6926472</ArticleId><ArticleId IdType="pubmed">31761702</ArticleId></ArticleIdList></Reference><Reference><Citation>Ross PA, Wiwatanaratanabutr I, Axford JK, White VL, Endersby-Harshman NM and Hoffmann AA. Wolbachia infections in Aedes aegypti differ markedly in their response to cyclical heat stress. PLoS Pathogens 2017; 13: e1006006. doi: 10.1371/journal.ppat.1006006</Citation><ArticleIdList><ArticleId IdType="doi">10.1371/journal.ppat.1006006</ArticleId><ArticleId IdType="pmc">PMC5215852</ArticleId><ArticleId IdType="pubmed">28056065</ArticleId></ArticleIdList></Reference><Reference><Citation>Ekwudu O, Devine GJ, Aaskov JG and Frentiu FD. Wolbachia strain wAlbB blocks replication of flaviviruses and alphaviruses in mosquito cell culture. Parasites &amp; Vectors 2020; 13: 54. doi: 10.1186/s13071-020-3936-3</Citation><ArticleIdList><ArticleId IdType="doi">10.1186/s13071-020-3936-3</ArticleId><ArticleId IdType="pmc">PMC7011541</ArticleId><ArticleId IdType="pubmed">32041638</ArticleId></ArticleIdList></Reference><Reference><Citation>Deepak J, Michael JM, David B, Fengrui Z and Xi Z. Wolbachia strain wAlbB confers both fitness costs and benefit on Anopheles stephensi. Parasites &amp; Vectors. 2014; 7: 336. 10.1186/1756-3305-7-336</Citation><ArticleIdList><ArticleId IdType="doi">10.1186/1756-3305-7-336</ArticleId><ArticleId IdType="pmc">PMC4223616</ArticleId><ArticleId IdType="pubmed">25041943</ArticleId></ArticleIdList></Reference><Reference><Citation>Bian G, Xu Y, Lu P, Xie Y and Xi Z. The endosymbiotic bacterium Wolbachia induces resistance to dengue virus in Aedes aegypti. PLoS pathogens. 2010; 6: e1000833. doi: 10.1371/journal.ppat.1000833</Citation><ArticleIdList><ArticleId IdType="doi">10.1371/journal.ppat.1000833</ArticleId><ArticleId IdType="pmc">PMC2848556</ArticleId><ArticleId IdType="pubmed">20368968</ArticleId></ArticleIdList></Reference><Reference><Citation>Joubert DA, Walker T, Carrington LB, De Bruyne JT, Kien DH, Hoang Nle T, et al.. Establishment of a Wolbachia superinfection in Aedes aegypti mosquitoes as a potential approach for future resistance management. PLoS pathogens. 2016; 12: e1005434. doi: 10.1371/journal.ppat.1005434</Citation><ArticleIdList><ArticleId IdType="doi">10.1371/journal.ppat.1005434</ArticleId><ArticleId IdType="pmc">PMC4758728</ArticleId><ArticleId IdType="pubmed">26891349</ArticleId></ArticleIdList></Reference><Reference><Citation>Brelsfoard CL and Dobson SL. Population genetic structure of Aedes polynesiensis in the society islands of French Polynesia: implications for control using a Wolbachia-based autocidal strategy. Parasit Vectors. 2012; 5: 80. doi: 10.1186/1756-3305-5-80</Citation><ArticleIdList><ArticleId IdType="doi">10.1186/1756-3305-5-80</ArticleId><ArticleId IdType="pmc">PMC3349601</ArticleId><ArticleId IdType="pubmed">22531297</ArticleId></ArticleIdList></Reference><Reference><Citation>Kittayapong P, Ninphanomchai S, Limohpasmanee W, Chansang C, Chansang U and Mongkalangoon P. Combined sterile insect technique and incompatible insect technique: The first proof-of-concept to suppress Aedes aegypti vector populations in semi-rural settings in Thailand. PLoS Negl Trop Dis 2019; 13: e0007771. doi: 10.1371/journal.pntd.0007771</Citation><ArticleIdList><ArticleId IdType="doi">10.1371/journal.pntd.0007771</ArticleId><ArticleId IdType="pmc">PMC6837763</ArticleId><ArticleId IdType="pubmed">31658265</ArticleId></ArticleIdList></Reference><Reference><Citation>Knipling EF. Possibilities of insect control or eradication through the use of sexually sterile males. J Econ Entomol. 1995; 48: 459&#x2013;469. 10.1093/jee/48.4.459.</Citation><ArticleIdList><ArticleId IdType="doi">10.1093/jee/48.4.459</ArticleId></ArticleIdList></Reference><Reference><Citation>Oliva CF, Damiens D, Vreysen MJ, Lemperi&#xe8;re G and Gilles J. Reproductive strategies of Aedes albopictus (Diptera: Culicidae) and implications for the sterile insect technique. PLoS One 2013; 8: e78884. doi: 10.1371/journal.pone.0078884</Citation><ArticleIdList><ArticleId IdType="doi">10.1371/journal.pone.0078884</ArticleId><ArticleId IdType="pmc">PMC3827318</ArticleId><ArticleId IdType="pubmed">24236062</ArticleId></ArticleIdList></Reference><Reference><Citation>Damiens D, Vreysen MJ and Gilles JR. Anopheles arabiensis sperm production after genetic manipulation, dieldrin treatment, and irradiation. J Med Entomol. 2013; 50: 314&#x2013;316. doi: 10.1603/me12058</Citation><ArticleIdList><ArticleId IdType="doi">10.1603/me12058</ArticleId><ArticleId IdType="pubmed">23540119</ArticleId></ArticleIdList></Reference><Reference><Citation>Carvalho DO, Torres-Monzon JA, Koskinioti P, Wijegunawardana ND AD, Liang X, Pillwax G et al.. Aedes aegypti lines for combined sterile insect technique and incompatible insect technique applications: the importance of host genomic background. Entomologia Experimentalis et Applicata 2020; 168: 560&#x2013;572. 10.1111/eea.12892.</Citation><ArticleIdList><ArticleId IdType="doi">10.1111/eea.12892</ArticleId></ArticleIdList></Reference><Reference><Citation>Hu Y, Xi Z, Liu X, Wang J, Guo Y, Ren D, et al.. Identification and molecular characterization of Wolbachia strains in natural populations of Aedes albopictus in China. Parasit Vectors. 2020; 13: 28. doi: 10.1186/s13071-020-3899-4</Citation><ArticleIdList><ArticleId IdType="doi">10.1186/s13071-020-3899-4</ArticleId><ArticleId IdType="pmc">PMC6961339</ArticleId><ArticleId IdType="pubmed">31937373</ArticleId></ArticleIdList></Reference><Reference><Citation>Lu P, Bian G, Pan X and Xi Z. Wolbachia induces density-dependent inhibition to dengue virus in mosquito cells. PLoS Negl. Trop. Dis. 2012; 6: e1754. doi: 10.1371/journal.pntd.0001754</Citation><ArticleIdList><ArticleId IdType="doi">10.1371/journal.pntd.0001754</ArticleId><ArticleId IdType="pmc">PMC3404113</ArticleId><ArticleId IdType="pubmed">22848774</ArticleId></ArticleIdList></Reference><Reference><Citation>Zabalou S, Riegler M, Theodorakopoulou M, Stauffer C, Savakis C and Bourtzis K. Wolbachia-induced cytoplasmic incompatibility as a means for insect pest population control. Proc Natl Acad Sci USA. 2004; 101: 15042&#x2013;5. doi: 10.1073/pnas.0403853101</Citation><ArticleIdList><ArticleId IdType="doi">10.1073/pnas.0403853101</ArticleId><ArticleId IdType="pmc">PMC524042</ArticleId><ArticleId IdType="pubmed">15469918</ArticleId></ArticleIdList></Reference><Reference><Citation>Yen PS, James A, Li JC, Chen CH. and Failloux AB. Synthetic miRNAs induce dual arboviral-resistance phenotypes in the vector mosquito Aedes aegypti. Commun Biol. 2018; 1, 11&#x2013;19. doi: 10.1038/s42003-017-0011-5</Citation><ArticleIdList><ArticleId IdType="doi">10.1038/s42003-017-0011-5</ArticleId><ArticleId IdType="pmc">PMC6053081</ArticleId><ArticleId IdType="pubmed">30271898</ArticleId></ArticleIdList></Reference><Reference><Citation>Li HH, Cai Y, Li JC, Su MP, Liu WL, Cheng L et al.. C-Type lectins link immunological and reproductive processes in Aedes aegypti. iScience 2020; doi: 10.1016/j.isci.2020.101486</Citation><ArticleIdList><ArticleId IdType="doi">10.1016/j.isci.2020.101486</ArticleId><ArticleId IdType="pmc">PMC7481239</ArticleId><ArticleId IdType="pubmed">32891883</ArticleId></ArticleIdList></Reference><Reference><Citation>Gray L, Florez SD, Barreiro AM, Jos&#xe9; VS, Gabriela GO, Lenhart A et al.. Experimental evaluation of the impact of household aerosolized insecticides on pyrethroid resistant Aedes aegypti. Sci Rep. 2018; 8: 12535. doi: 10.1038/s41598-018-30968-8</Citation><ArticleIdList><ArticleId IdType="doi">10.1038/s41598-018-30968-8</ArticleId><ArticleId IdType="pmc">PMC6105583</ArticleId><ArticleId IdType="pubmed">30135460</ArticleId></ArticleIdList></Reference><Reference><Citation>R Core Team. R: A language and environment for statistical computing. R foundation for statistical computing, Vienna, Austria. 2020. https://www.R-project.org/.</Citation></Reference><Reference><Citation>Frentiu FD, Zakir T, Walker T, Popovici J, Pyke AT, van den Hurk A et al.. Limited dengue virus replication in field-collected Aedes aegypti mosquitoes infected with Wolbachia. PLoS Negl Trop Dis. 2014; 8: e2688 doi: 10.1371/journal.pntd.0002688</Citation><ArticleIdList><ArticleId IdType="doi">10.1371/journal.pntd.0002688</ArticleId><ArticleId IdType="pmc">PMC3930499</ArticleId><ArticleId IdType="pubmed">24587459</ArticleId></ArticleIdList></Reference><Reference><Citation>Ferguson NM, Hue Kien DT, Clapham H, Aguas R, Trung VT, Bich Chau TN et al.. Modeling the impact on virus transmission of Wolbachia-mediated blocking of dengue virus infection of Aedes aegypti. Sci Transl Med 2015; 7: 279ra37. doi: 10.1126/scitranslmed.3010370</Citation><ArticleIdList><ArticleId IdType="doi">10.1126/scitranslmed.3010370</ArticleId><ArticleId IdType="pmc">PMC4390297</ArticleId><ArticleId IdType="pubmed">25787763</ArticleId></ArticleIdList></Reference><Reference><Citation>Hoffmann AA, Ross PA and Ra&#x161;i&#x107; G. Wolbachia strains for disease control: ecological and evolutionary considerations. Evol Appl 2015; 8: 751&#x2013;768. doi: 10.1111/eva.12286</Citation><ArticleIdList><ArticleId IdType="doi">10.1111/eva.12286</ArticleId><ArticleId IdType="pmc">PMC4561566</ArticleId><ArticleId IdType="pubmed">26366194</ArticleId></ArticleIdList></Reference><Reference><Citation>Dean MD. A Wolbachia-associated fitness benefit depends on genetic background in Drosophila simulans. Proc R Soc Lond B Biol Sci 2006; 273: 1415&#x2013;1420. doi: 10.1098/rspb.2005.3453</Citation><ArticleIdList><ArticleId IdType="doi">10.1098/rspb.2005.3453</ArticleId><ArticleId IdType="pmc">PMC1560295</ArticleId><ArticleId IdType="pubmed">16777731</ArticleId></ArticleIdList></Reference><Reference><Citation>Oliva F., Jacquet M, Gilles J, Lemperiere G, Maquart P, Quilici S, Schooneman F, Vreysen M and Boyer S. The sterile insect technique for controlling populations of Aedes albopictus (Diptera: Culicidae) on Reunion Island: Mating vigour of sterilized males. PLoS One. 2012; 7: e49414. doi: 10.1371/journal.pone.0049414</Citation><ArticleIdList><ArticleId IdType="doi">10.1371/journal.pone.0049414</ArticleId><ArticleId IdType="pmc">PMC3504010</ArticleId><ArticleId IdType="pubmed">23185329</ArticleId></ArticleIdList></Reference><Reference><Citation>Cianci DJ, Broek VD, Caputo B, Marini F, Torre AD, Heesterbeek H, et al.. Estimating mosquito population size from mark&#x2013;release&#x2013;recapture data. J Med Entomol. 2013; 50: 533&#x2013;542. doi: 10.1603/me12126</Citation><ArticleIdList><ArticleId IdType="doi">10.1603/me12126</ArticleId><ArticleId IdType="pubmed">23802447</ArticleId></ArticleIdList></Reference><Reference><Citation>Reisen WK, Lothrop HD, Lothrop B. Factors influencing the outcome of mark-release-recapture studies with Culex tarsalis (Diptera: Culicidae). J Med Entomol. 2003; 40: 820&#x2013;829. doi: 10.1603/0022-2585-40.6.820</Citation><ArticleIdList><ArticleId IdType="doi">10.1603/0022-2585-40.6.820</ArticleId><ArticleId IdType="pubmed">14765659</ArticleId></ArticleIdList></Reference><Reference><Citation>Guerra CA, Reiner RC, Perkins TA, Lindsay SW, Midega JT, Brady OJ, et al.. A global assembly of adult female mosquito mark-release-recapture data to inform the control of mosquito-borne pathogens. Parasit &amp; Vectors. 2014; 7: 276. doi: 10.1186/1756-3305-7-276</Citation><ArticleIdList><ArticleId IdType="doi">10.1186/1756-3305-7-276</ArticleId><ArticleId IdType="pmc">PMC4067626</ArticleId><ArticleId IdType="pubmed">24946878</ArticleId></ArticleIdList></Reference><Reference><Citation>Schmidt TL, Chung J, Honnen A-C, Weeks AR and Hoffmann AA. Population genomics of two invasive mosquitoes (Aedes aegypti and Aedes albopictus) from the Indo-Pacific. PLoS Negl Trop Dis 2020; 14: e0008463. doi: 10.1371/journal.pntd.0008463</Citation><ArticleIdList><ArticleId IdType="doi">10.1371/journal.pntd.0008463</ArticleId><ArticleId IdType="pmc">PMC7390453</ArticleId><ArticleId IdType="pubmed">32678817</ArticleId></ArticleIdList></Reference><Reference><Citation>Endersby-Harshman NM, Schmidt TL, Chung J, van Rooyen A, Weeks AR and Hoffmann AA. Heterogeneous genetic invasions of three insecticide resistance mutations in Indo-Pacific populations of Aedes aegypti (L.). Mol Ecol. 2020; 29:1628&#x2013;1641. doi: 10.1111/mec.15430</Citation><ArticleIdList><ArticleId IdType="doi">10.1111/mec.15430</ArticleId><ArticleId IdType="pubmed">32246542</ArticleId></ArticleIdList></Reference><Reference><Citation>Guo Y, Song Z, Luo L, Wang Q, Zhou G, Yang D, et al.. Molecular evidence for new sympatric cryptic species of Aedes albopictus (Diptera: Culicidae) in China: A new threat from Aedes albopictus subgroup? Parasit &amp; Vectors. 2018; 11: 228&#x2013;241. doi: 10.1186/s13071-018-2814-8</Citation><ArticleIdList><ArticleId IdType="doi">10.1186/s13071-018-2814-8</ArticleId><ArticleId IdType="pmc">PMC5885320</ArticleId><ArticleId IdType="pubmed">29618379</ArticleId></ArticleIdList></Reference><Reference><Citation>Garcia G de A, Sylvestre G, Aguiar R, da Costa GB, Martins AJ, Lima JBP, et al.. Matching the genetics of released and local Aedes aegypti populations is critical to assure Wolbachia invasion. PLoS Negl Trop Dis. 2019; 13: e0007023. doi: 10.1371/journal.pntd.0007023</Citation><ArticleIdList><ArticleId IdType="doi">10.1371/journal.pntd.0007023</ArticleId><ArticleId IdType="pmc">PMC6338382</ArticleId><ArticleId IdType="pubmed">30620733</ArticleId></ArticleIdList></Reference><Reference><Citation>Schmidt TL, Ras&#x2c7;i&#x107; G, Zhang D, Zheng X, Xi Z, Hoffmann AA. Genome-wide SNPs reveal the drivers of gene flow in an urban population of the Asian Tiger Mosquito, Aedes albopictus. PLoS Negl Trop Dis 2017; 11: e0006009. doi: 10.1371/journal.pntd.0006009</Citation><ArticleIdList><ArticleId IdType="doi">10.1371/journal.pntd.0006009</ArticleId><ArticleId IdType="pmc">PMC5662242</ArticleId><ArticleId IdType="pubmed">29045401</ArticleId></ArticleIdList></Reference><Reference><Citation>Franz AW, Sanchez VI, Adelman ZN, Blair CD, Beaty BJ, James AA et al.. Engineering RNA interference-based resistance to dengue virus type 2 in genetically modified Aedes aegypti. Proc. Natl. Acad. Sci. USA 2006; 103: 4198&#x2013;4203. doi: 10.1073/pnas.0600479103</Citation><ArticleIdList><ArticleId IdType="doi">10.1073/pnas.0600479103</ArticleId><ArticleId IdType="pmc">PMC1449670</ArticleId><ArticleId IdType="pubmed">16537508</ArticleId></ArticleIdList></Reference><Reference><Citation>Mathur G, Sanchez-Vargas I, Alvarez D, Olson KE, Marinotti O and James AA. Transgene-mediated suppression of dengue viruses in the salivary glands of the yellow fever mosquito, Aedes aegypti. Insect Mol. Biol. 2010; 19: 753&#x2013;763. doi: 10.1111/j.1365-2583.2010.01032.x</Citation><ArticleIdList><ArticleId IdType="doi">10.1111/j.1365-2583.2010.01032.x</ArticleId><ArticleId IdType="pmc">PMC2976824</ArticleId><ArticleId IdType="pubmed">20738425</ArticleId></ArticleIdList></Reference><Reference><Citation>Buchman A, Gamez S, Li M, Antoshechkin I, Li HH, Wang HW et al.. Engineered resistance to Zika virus in transgenic Aedes aegypti expressing a polycistronic cluster of synthetic small RNAs. Proc. Natl. Acad. Sci. USA 2019; 116: 3656&#x2013;3661. doi: 10.1073/pnas.1810771116</Citation><ArticleIdList><ArticleId IdType="doi">10.1073/pnas.1810771116</ArticleId><ArticleId IdType="pmc">PMC6397566</ArticleId><ArticleId IdType="pubmed">30723148</ArticleId></ArticleIdList></Reference><Reference><Citation>Buchman A, Gamez S, Li M, Antoshechkin I, Li HH; Wang HW et al.. Broad dengue neutralization in mosquitoes expressing an engineered antibody. PLoS Pathogens. 2020; 16: e1008103. doi: 10.1371/journal.ppat.1008103</Citation><ArticleIdList><ArticleId IdType="doi">10.1371/journal.ppat.1008103</ArticleId><ArticleId IdType="pmc">PMC6964813</ArticleId><ArticleId IdType="pubmed">31945137</ArticleId></ArticleIdList></Reference></ReferenceList></PubmedData></PubmedArticle></PubmedArticleSet>