<?xml version="1.0" ?>
<!DOCTYPE PubmedArticleSet PUBLIC "-//NLM//DTD PubMedArticle, 1st January 2023//EN" "https://dtd.nlm.nih.gov/ncbi/pubmed/out/pubmed_230101.dtd">
<PubmedArticleSet>
<PubmedArticle><MedlineCitation Status="MEDLINE" Owner="NLM"><PMID Version="1">35045094</PMID><DateCompleted><Year>2022</Year><Month>02</Month><Day>10</Day></DateCompleted><DateRevised><Year>2022</Year><Month>02</Month><Day>10</Day></DateRevised><Article PubModel="Electronic-eCollection"><Journal><ISSN IssnType="Electronic">1935-2735</ISSN><JournalIssue CitedMedium="Internet"><Volume>16</Volume><Issue>1</Issue><PubDate><Year>2022</Year><Month>Jan</Month></PubDate></JournalIssue><Title>PLoS neglected tropical diseases</Title><ISOAbbreviation>PLoS Negl Trop Dis</ISOAbbreviation></Journal><ArticleTitle>Short-term, medium-term, and long-term risks of nonvariceal upper gastrointestinal bleeding after dengue virus infection.</ArticleTitle><Pagination><StartPage>e0010039</StartPage><MedlinePgn>e0010039</MedlinePgn></Pagination><ELocationID EIdType="pii" ValidYN="Y">e0010039</ELocationID><ELocationID EIdType="doi" ValidYN="Y">10.1371/journal.pntd.0010039</ELocationID><Abstract><AbstractText>Dengue patients have an increased risk of acute gastrointestinal (GI) bleeding. However, whether dengue virus (DENV) infection can cause an increased long-term risk of GI bleeding remains unknown, especially among elderly individuals who commonly take antithrombotic drugs. A retrospective population-based cohort study was conducted by analyzing the National Health Insurance Research Databases. Laboratory-confirmed dengue patients from 2002 to 2012 and four matched nondengue controls were identified. Multivariate Cox proportional hazard regression was used to evaluate the acute (&lt;30 days), medium-term (31-365 days), and long-term (&gt;365 days) risks of nonvariceal upper GI bleeding after DENV infection. Stratified analyses by age group (&#x2264;50, 51-64, &#x2265;65 years old) were also performed. In total, 13267 confirmed dengue patients and 53068 nondengue matched controls were included. After adjusting for sex, age, area of residence, comorbidities, and medications, dengue patients had a significantly increased risk of nonvariceal upper GI bleeding within 30 days of disease onset (adjusted HR 55.40; 95% CI: 32.17-95.42). However, DENV infection was not associated with increased medium-term and long-term risks of upper GI bleeding overall or in each age group. Even dengue patients who developed acute GI bleeding did not have increased medium-term (adjusted HR; 0.55, 95% CI 0.05-6.18) and long-term risks of upper GI bleeding (adjusted HR; 1.78, 95% CI 0.89-3.55). DENV infection was associated with a significantly increased risk of nonvariceal upper GI bleeding within 30 days but not thereafter. Recovered dengue patients with acute GI bleeding can resume antithrombotic treatments to minimize the risk of thrombosis.</AbstractText></Abstract><AuthorList CompleteYN="Y"><Author ValidYN="Y"><LastName>Chien</LastName><ForeName>Yu-Wen</ForeName><Initials>YW</Initials><AffiliationInfo><Affiliation>Department of Public Health, College of Medicine, National Cheng Kung University, Tainan, Taiwan.</Affiliation></AffiliationInfo><AffiliationInfo><Affiliation>Department of Occupational and Environmental Medicine, National Cheng Kung University Hospital, College of Medicine, National Cheng Kung University, Tainan, Taiwan.</Affiliation></AffiliationInfo></Author><Author ValidYN="Y"><LastName>Chuang</LastName><ForeName>Hui-Ning</ForeName><Initials>HN</Initials><AffiliationInfo><Affiliation>Department of Public Health, College of Medicine, National Cheng Kung University, Tainan, Taiwan.</Affiliation></AffiliationInfo></Author><Author ValidYN="Y"><LastName>Wang</LastName><ForeName>Yu-Ping</ForeName><Initials>YP</Initials><AffiliationInfo><Affiliation>Department of Public Health, College of Medicine, National Cheng Kung University, Tainan, Taiwan.</Affiliation></AffiliationInfo></Author><Author ValidYN="Y"><LastName>Perng</LastName><ForeName>Guey Chuen</ForeName><Initials>GC</Initials><Identifier Source="ORCID">0000-0001-7510-4486</Identifier><AffiliationInfo><Affiliation>Institute of Basic Medical Sciences, College of Medicine, National Cheng Kung University, Tainan, Taiwan.</Affiliation></AffiliationInfo><AffiliationInfo><Affiliation>Department of Microbiology and Immunology, College of Medicine, National Cheng Kung University, Tainan, Taiwan.</Affiliation></AffiliationInfo><AffiliationInfo><Affiliation>Center of Infectious Disease and Signaling Research, National Cheng Kung University, Tainan, Taiwan.</Affiliation></AffiliationInfo></Author><Author ValidYN="Y"><LastName>Chi</LastName><ForeName>Chia-Yu</ForeName><Initials>CY</Initials><Identifier Source="ORCID">0000-0003-4481-3102</Identifier><AffiliationInfo><Affiliation>Department of Microbiology and Immunology, College of Medicine, National Cheng Kung University, Tainan, Taiwan.</Affiliation></AffiliationInfo><AffiliationInfo><Affiliation>National Mosquito-Borne Diseases Control Research Center, National Health Research Institutes, Miaoli, Taiwan.</Affiliation></AffiliationInfo></Author><Author ValidYN="Y"><LastName>Shih</LastName><ForeName>Hsin-I</ForeName><Initials>HI</Initials><Identifier Source="ORCID">0000-0002-1103-8675</Identifier><AffiliationInfo><Affiliation>Department of Public Health, College of Medicine, National Cheng Kung University, Tainan, Taiwan.</Affiliation></AffiliationInfo><AffiliationInfo><Affiliation>Department of Emergency Medicine, National Cheng Kung University Hospital, College of Medicine, National Cheng Kung University, Tainan, Taiwan.</Affiliation></AffiliationInfo><AffiliationInfo><Affiliation>School of Medicine, College of Medicine, National Cheng Kung University, Tainan, Taiwan.</Affiliation></AffiliationInfo></Author></AuthorList><Language>eng</Language><PublicationTypeList><PublicationType UI="D016428">Journal Article</PublicationType></PublicationTypeList><ArticleDate DateType="Electronic"><Year>2022</Year><Month>01</Month><Day>19</Day></ArticleDate></Article><MedlineJournalInfo><Country>United States</Country><MedlineTA>PLoS Negl Trop Dis</MedlineTA><NlmUniqueID>101291488</NlmUniqueID><ISSNLinking>1935-2727</ISSNLinking></MedlineJournalInfo><CitationSubset>IM</CitationSubset><MeshHeadingList><MeshHeading><DescriptorName UI="D000293" MajorTopicYN="N">Adolescent</DescriptorName></MeshHeading><MeshHeading><DescriptorName UI="D000328" MajorTopicYN="N">Adult</DescriptorName></MeshHeading><MeshHeading><DescriptorName UI="D000368" MajorTopicYN="N">Aged</DescriptorName></MeshHeading><MeshHeading><DescriptorName UI="D002648" MajorTopicYN="N">Child</DescriptorName></MeshHeading><MeshHeading><DescriptorName UI="D002675" MajorTopicYN="N">Child, Preschool</DescriptorName></MeshHeading><MeshHeading><DescriptorName UI="D015331" MajorTopicYN="N">Cohort Studies</DescriptorName></MeshHeading><MeshHeading><DescriptorName UI="D003715" MajorTopicYN="N">Dengue</DescriptorName><QualifierName UI="Q000150" MajorTopicYN="Y">complications</QualifierName></MeshHeading><MeshHeading><DescriptorName UI="D005260" MajorTopicYN="N">Female</DescriptorName></MeshHeading><MeshHeading><DescriptorName UI="D006471" MajorTopicYN="N">Gastrointestinal Hemorrhage</DescriptorName><QualifierName UI="Q000209" MajorTopicYN="Y">etiology</QualifierName></MeshHeading><MeshHeading><DescriptorName UI="D006801" MajorTopicYN="N">Humans</DescriptorName></MeshHeading><MeshHeading><DescriptorName UI="D007223" MajorTopicYN="N">Infant</DescriptorName></MeshHeading><MeshHeading><DescriptorName UI="D008297" MajorTopicYN="N">Male</DescriptorName></MeshHeading><MeshHeading><DescriptorName UI="D008875" MajorTopicYN="N">Middle Aged</DescriptorName></MeshHeading><MeshHeading><DescriptorName UI="D012189" MajorTopicYN="N">Retrospective Studies</DescriptorName></MeshHeading><MeshHeading><DescriptorName UI="D055815" MajorTopicYN="N">Young Adult</DescriptorName></MeshHeading></MeshHeadingList><CoiStatement>The authors have declared that no competing interests exist.</CoiStatement></MedlineCitation><PubmedData><History><PubMedPubDate PubStatus="received"><Year>2021</Year><Month>5</Month><Day>24</Day></PubMedPubDate><PubMedPubDate PubStatus="accepted"><Year>2021</Year><Month>11</Month><Day>30</Day></PubMedPubDate><PubMedPubDate PubStatus="entrez"><Year>2022</Year><Month>1</Month><Day>19</Day><Hour>19</Hour><Minute>28</Minute></PubMedPubDate><PubMedPubDate PubStatus="pubmed"><Year>2022</Year><Month>1</Month><Day>20</Day><Hour>6</Hour><Minute>0</Minute></PubMedPubDate><PubMedPubDate PubStatus="medline"><Year>2022</Year><Month>2</Month><Day>11</Day><Hour>6</Hour><Minute>0</Minute></PubMedPubDate></History><PublicationStatus>epublish</PublicationStatus><ArticleIdList><ArticleId IdType="pubmed">35045094</ArticleId><ArticleId IdType="pmc">PMC8769317</ArticleId><ArticleId IdType="doi">10.1371/journal.pntd.0010039</ArticleId><ArticleId IdType="pii">PNTD-D-21-00754</ArticleId></ArticleIdList><ReferenceList><Reference><Citation>Bhatt S, Gething PW, Brady OJ, Messina JP, Farlow AW, Moyes CL, et al.. The global distribution and burden of dengue. Nature. 2013;496(7446):504&#x2013;7. Epub 2013/04/09. doi: 10.1038/nature12060</Citation><ArticleIdList><ArticleId IdType="doi">10.1038/nature12060</ArticleId><ArticleId IdType="pmc">PMC3651993</ArticleId><ArticleId IdType="pubmed">23563266</ArticleId></ArticleIdList></Reference><Reference><Citation>Murray NE, Quam MB, Wilder-Smith A. Epidemiology of dengue: past, present and future prospects. Clin. Epidemiol. 2013;5:299&#x2013;309. Epub 2013/08/31. doi: 10.2147/CLEP.S34440</Citation><ArticleIdList><ArticleId IdType="doi">10.2147/CLEP.S34440</ArticleId><ArticleId IdType="pmc">PMC3753061</ArticleId><ArticleId IdType="pubmed">23990732</ArticleId></ArticleIdList></Reference><Reference><Citation>World Health Organization. Dengue [updated 23 June 2020; cited 2020 October/19]. https://www.who.int/news-room/fact-sheets/detail/dengue-and-severe-dengue.</Citation></Reference><Reference><Citation>Kadam DB, Salvi S, Chandanwale A. Expanded Dengue. J Assoc Physicians India. 2016;64(7):59&#x2013;63. Epub 2016/10/21. .</Citation><ArticleIdList><ArticleId IdType="pubmed">27759344</ArticleId></ArticleIdList></Reference><Reference><Citation>Mohanty B, Sunder A, Pathak S. Clinicolaboratory profile of expanded dengue syndrome&#x2014;Our experience in a teaching hospital. J Family Med Prim Care. 2019;8(3):1022&#x2013;7. Epub 2019/05/02. doi: 10.4103/jfmpc.jfmpc_12_19</Citation><ArticleIdList><ArticleId IdType="doi">10.4103/jfmpc.jfmpc_12_19</ArticleId><ArticleId IdType="pmc">PMC6482768</ArticleId><ArticleId IdType="pubmed">31041245</ArticleId></ArticleIdList></Reference><Reference><Citation>World Health Organization. Regional Office for South-East Asia. Comprehensive Guideline for Prevention and Control of Dengue and Dengue Haemorrhagic Fever. Revised and expanded edition: Geneva; 2012 [cited 2021 Oct/05]. https://apps.who.int/iris/handle/10665/204894.</Citation></Reference><Reference><Citation>Hasan S, Jamdar SF, Alalowi M, Al Ageel Al Beaiji SM. Dengue virus: A global human threat: Review of literature. J Int Soc Prev Community Dent. 2016;6(1):1&#x2013;6. Epub 2016/03/25. doi: 10.4103/2231-0762.175416</Citation><ArticleIdList><ArticleId IdType="doi">10.4103/2231-0762.175416</ArticleId><ArticleId IdType="pmc">PMC4784057</ArticleId><ArticleId IdType="pubmed">27011925</ArticleId></ArticleIdList></Reference><Reference><Citation>Ong A, Sandar M, Chen MI, Sin LY. Fatal dengue hemorrhagic fever in adults during a dengue epidemic in Singapore. Int J Infect Dis. 2007;11(3):263&#x2013;7. Epub 2006/08/11. doi: 10.1016/j.ijid.2006.02.012 .</Citation><ArticleIdList><ArticleId IdType="doi">10.1016/j.ijid.2006.02.012</ArticleId><ArticleId IdType="pubmed">16899384</ArticleId></ArticleIdList></Reference><Reference><Citation>Sam SS, Omar SF, Teoh BT, Abd-Jamil J, AbuBakar S. Review of Dengue hemorrhagic fever fatal cases seen among adults: a retrospective study. PLoS Negl Trop Dis. 2013;7(5):e2194. Epub 2013/05/10. doi: 10.1371/journal.pntd.0002194</Citation><ArticleIdList><ArticleId IdType="doi">10.1371/journal.pntd.0002194</ArticleId><ArticleId IdType="pmc">PMC3642057</ArticleId><ArticleId IdType="pubmed">23658849</ArticleId></ArticleIdList></Reference><Reference><Citation>Garcia G, Gonzalez N, Perez AB, Sierra B, Aguirre E, Rizo D, et al.. Long-term persistence of clinical symptoms in dengue-infected persons and its association with immunological disorders. Int J Infect Dis. 2011;15(1):e38&#x2013;43. Epub 2010/11/30. doi: 10.1016/j.ijid.2010.09.008 .</Citation><ArticleIdList><ArticleId IdType="doi">10.1016/j.ijid.2010.09.008</ArticleId><ArticleId IdType="pubmed">21112804</ArticleId></ArticleIdList></Reference><Reference><Citation>Halsey ES, Williams M, Laguna-Torres VA, Vilcarromero S, Ocana V, Kochel TJ, et al.. Occurrence and correlates of symptom persistence following acute dengue fever in Peru. Am. J. Trop. Med. Hyg. 2014;90(3):449&#x2013;56. Epub 2014/01/29. doi: 10.4269/ajtmh.13-0544</Citation><ArticleIdList><ArticleId IdType="doi">10.4269/ajtmh.13-0544</ArticleId><ArticleId IdType="pmc">PMC3945690</ArticleId><ArticleId IdType="pubmed">24470564</ArticleId></ArticleIdList></Reference><Reference><Citation>Chien Y-W, Wang C-C, Wang Y-P, Lee C-Y, Perng GC. Risk of Leukemia after Dengue Virus Infection: A Population-Based Cohort Study. Cancer Epidemiol. Biomark. Prev. 2020;29(3):558&#x2013;64. doi: 10.1158/1055-9965.EPI-19-1214</Citation><ArticleIdList><ArticleId IdType="doi">10.1158/1055-9965.EPI-19-1214</ArticleId><ArticleId IdType="pubmed">32051189</ArticleId></ArticleIdList></Reference><Reference><Citation>Kongsomboon K, Singhasivanon P, Kaewkungwal J, Nimmannitya S, Mammen MP Jr., Nisalak A, et al.. Temporal trends of dengue fever/dengue hemorrhagic fever in Bangkok, Thailand from 1981 to 2000: an age-period-cohort analysis. Southeast Asian J. Trop. Med. Public Health. 2004;35(4):913&#x2013;7. Epub 2005/05/27. .</Citation><ArticleIdList><ArticleId IdType="pubmed">15916090</ArticleId></ArticleIdList></Reference><Reference><Citation>Cummings DA, Iamsirithaworn S, Lessler JT, McDermott A, Prasanthong R, Nisalak A, et al.. The impact of the demographic transition on dengue in Thailand: insights from a statistical analysis and mathematical modeling. PLoS Med. 2009;6(9):e1000139. Epub 2009/09/02. doi: 10.1371/journal.pmed.1000139</Citation><ArticleIdList><ArticleId IdType="doi">10.1371/journal.pmed.1000139</ArticleId><ArticleId IdType="pmc">PMC2726436</ArticleId><ArticleId IdType="pubmed">19721696</ArticleId></ArticleIdList></Reference><Reference><Citation>Kerdpanich P, Kongkiatngam S, Buddhari D, Simasathien S, Klungthong C, Rodpradit P, et al.. Comparative Analyses of Historical Trends in Confirmed Dengue Illnesses Detected at Public Hospitals in Bangkok and Northern Thailand, 2002&#x2013;2018. Am J Trop Med Hyg. 2021;104(3):1058&#x2013;66. doi: 10.4269/ajtmh.20-0396</Citation><ArticleIdList><ArticleId IdType="doi">10.4269/ajtmh.20-0396</ArticleId><ArticleId IdType="pmc">PMC7941814</ArticleId><ArticleId IdType="pubmed">33319725</ArticleId></ArticleIdList></Reference><Reference><Citation>Lin RJ, Lee TH, Leo YS. Dengue in the elderly: a review. Expert Rev Anti Infect Ther. 2017;15(8):729&#x2013;35. Epub 2017/07/22. doi: 10.1080/14787210.2017.1358610 .</Citation><ArticleIdList><ArticleId IdType="doi">10.1080/14787210.2017.1358610</ArticleId><ArticleId IdType="pubmed">28730853</ArticleId></ArticleIdList></Reference><Reference><Citation>Ooi E-E, Goh K-T, Gubler D. Dengue Prevention and 35 Years of Vector Control in Singapore. Emerg. Infect. Dis. 2006;12(6):887. doi: 10.3201/10.3201/eid1206.051210</Citation><ArticleIdList><ArticleId IdType="doi">10.3201/10.3201/eid1206.051210</ArticleId><ArticleId IdType="pmc">PMC3373041</ArticleId><ArticleId IdType="pubmed">16707042</ArticleId></ArticleIdList></Reference><Reference><Citation>Karyanti MR, Uiterwaal CS, Kusriastuti R, Hadinegoro SR, Rovers MM, Heesterbeek H, et al.. The changing incidence of dengue haemorrhagic fever in Indonesia: a 45-year registry-based analysis. BMC infectious diseases. 2014;14:412. Epub 2014/07/30. doi: 10.1186/1471-2334-14-412</Citation><ArticleIdList><ArticleId IdType="doi">10.1186/1471-2334-14-412</ArticleId><ArticleId IdType="pmc">PMC4122763</ArticleId><ArticleId IdType="pubmed">25064368</ArticleId></ArticleIdList></Reference><Reference><Citation>Mohd-Zaki AH, Brett J, Ismail E, L&#x2019;Azou M. Epidemiology of dengue disease in Malaysia (2000&#x2013;2012): a systematic literature review. PLoS Negl Trop Dis. 2014;8(11):e3159. Epub 2014/11/07. doi: 10.1371/journal.pntd.0003159</Citation><ArticleIdList><ArticleId IdType="doi">10.1371/journal.pntd.0003159</ArticleId><ArticleId IdType="pmc">PMC4222702</ArticleId><ArticleId IdType="pubmed">25375211</ArticleId></ArticleIdList></Reference><Reference><Citation>Zeng Z, Zhan J, Chen L, Chen H, Cheng S. Global, regional, and national dengue burden from 1990 to 2017: A systematic analysis based on the global burden of disease study 2017. EClinicalMedicine. 2021;32:100712. doi: 10.1016/j.eclinm.2020.100712</Citation><ArticleIdList><ArticleId IdType="doi">10.1016/j.eclinm.2020.100712</ArticleId><ArticleId IdType="pmc">PMC7910667</ArticleId><ArticleId IdType="pubmed">33681736</ArticleId></ArticleIdList></Reference><Reference><Citation>Sharp TM, Tomashek KM, Read JS, Margolis HS, Waterman SH. A New Look at an Old Disease: Recent Insights into the Global Epidemiology of Dengue. Curr Epidemiol Rep. 2017;4(1):11&#x2013;21. Epub 2017/03/03. doi: 10.1007/s40471-017-0095-y</Citation><ArticleIdList><ArticleId IdType="doi">10.1007/s40471-017-0095-y</ArticleId><ArticleId IdType="pmc">PMC5306284</ArticleId><ArticleId IdType="pubmed">28251039</ArticleId></ArticleIdList></Reference><Reference><Citation>Gimbel ME, Minderhoud SCS, Ten Berg JM. A practical guide on how to handle patients with bleeding events while on oral antithrombotic treatment. Neth Heart J. 2018;26(6):341&#x2013;51. Epub 2018/05/10. doi: 10.1007/s12471-018-1117-1</Citation><ArticleIdList><ArticleId IdType="doi">10.1007/s12471-018-1117-1</ArticleId><ArticleId IdType="pmc">PMC5968004</ArticleId><ArticleId IdType="pubmed">29740754</ArticleId></ArticleIdList></Reference><Reference><Citation>Lin LY, Warren-Gash C, Smeeth L, Chen PC. Data resource profile: the National Health Insurance Research Database (NHIRD). Epidemiology and health. 2018;40:e2018062. Epub 2019/02/08. doi: 10.4178/epih.e2018062</Citation><ArticleIdList><ArticleId IdType="doi">10.4178/epih.e2018062</ArticleId><ArticleId IdType="pmc">PMC6367203</ArticleId><ArticleId IdType="pubmed">30727703</ArticleId></ArticleIdList></Reference><Reference><Citation>Chang K, Lu PL, Ko WC, Tsai JJ, Tsai WH, Chen CD, et al.. Dengue fever scoring system: new strategy for the early detection of acute dengue virus infection in Taiwan. J Formos Med Assoc. 2009;108(11):879&#x2013;85. Epub 2009/11/26. doi: 10.1016/S0929-6646(09)60420-4 .</Citation><ArticleIdList><ArticleId IdType="doi">10.1016/S0929-6646(09)60420-4</ArticleId><ArticleId IdType="pubmed">19933032</ArticleId></ArticleIdList></Reference><Reference><Citation>Mamdani M, Sykora K, Li P, Normand SL, Streiner DL, Austin PC, et al.. Reader&#x2019;s guide to critical appraisal of cohort studies: 2. Assessing potential for confounding. BMJ (Clinical research ed). 2005;330(7497):960&#x2013;2. Epub 2005/04/23. doi: 10.1136/bmj.330.7497.960</Citation><ArticleIdList><ArticleId IdType="doi">10.1136/bmj.330.7497.960</ArticleId><ArticleId IdType="pmc">PMC556348</ArticleId><ArticleId IdType="pubmed">15845982</ArticleId></ArticleIdList></Reference><Reference><Citation>Austin PC, Lee DS, Fine JP. Introduction to the Analysis of Survival Data in the Presence of Competing Risks. Circulation. 2016;133(6):601&#x2013;9. Epub 2016/02/10. doi: 10.1161/CIRCULATIONAHA.115.017719</Citation><ArticleIdList><ArticleId IdType="doi">10.1161/CIRCULATIONAHA.115.017719</ArticleId><ArticleId IdType="pmc">PMC4741409</ArticleId><ArticleId IdType="pubmed">26858290</ArticleId></ArticleIdList></Reference><Reference><Citation>King CC, Wu YC, Chao DY, Lin TH, Chow L, Wang HT, et al.. Major Epidemics of Dengue in Taiwan in 1981&#x2013;2000: Related to Intensive Virus Activities in Asia. Dengue Bulletin 2000;21:1&#x2013;10.</Citation></Reference><Reference><Citation>Hsieh YH. Ascertaining the impact of catastrophic events on dengue outbreak: The 2014 gas explosions in Kaohsiung, Taiwan. PloS one. 2017;12(5):e0177422. Epub 2017/05/19. doi: 10.1371/journal.pone.0177422</Citation><ArticleIdList><ArticleId IdType="doi">10.1371/journal.pone.0177422</ArticleId><ArticleId IdType="pmc">PMC5435162</ArticleId><ArticleId IdType="pubmed">28520740</ArticleId></ArticleIdList></Reference><Reference><Citation>Ooi EE, Gubler DJ. Dengue in Southeast Asia: epidemiological characteristics and strategic challenges in disease prevention. Cadernos de saude publica. 2009;25 Suppl 1:S115&#x2013;24. Epub 2009/03/17. doi: 10.1590/s0102-311x2009001300011 .</Citation><ArticleIdList><ArticleId IdType="doi">10.1590/s0102-311x2009001300011</ArticleId><ArticleId IdType="pubmed">19287856</ArticleId></ArticleIdList></Reference><Reference><Citation>Huang WC, Lee IK, Chen YC, Tsai CY, Liu JW. Characteristics and predictors for gastrointestinal hemorrhage among adult patients with dengue virus infection: Emphasizing the impact of existing comorbid disease(s). PLoS One. 2018;13(2):e0192919. Epub 2018/02/21. doi: 10.1371/journal.pone.0192919</Citation><ArticleIdList><ArticleId IdType="doi">10.1371/journal.pone.0192919</ArticleId><ArticleId IdType="pmc">PMC5819790</ArticleId><ArticleId IdType="pubmed">29462169</ArticleId></ArticleIdList></Reference><Reference><Citation>Fariz-Safhan MN, Tee HP, Abu Dzarr GA, Sapari S, Lee YY. Bleeding outcome during a dengue outbreak in 2005 in the East-coast region of Peninsular Malaysia: a prospective study. Trop Biomed. 2014;31(2):270&#x2013;80. Epub 2014/08/20. .</Citation><ArticleIdList><ArticleId IdType="pubmed">25134895</ArticleId></ArticleIdList></Reference><Reference><Citation>Chiu YC, Wu KL, Kuo CH, Hu TH, Chou YP, Chuah SK, et al.. Endoscopic findings and management of dengue patients with upper gastrointestinal bleeding. The American journal of tropical medicine and hygiene. 2005;73(2):441&#x2013;4. Epub 2005/08/17. .</Citation><ArticleIdList><ArticleId IdType="pubmed">16103618</ArticleId></ArticleIdList></Reference><Reference><Citation>Pothapregada S, Kamalakannan B, Thulasingham M, Sampath S. Clinically Profiling Pediatric Patients with Dengue. J Glob Infect Dis. 2016;8(3):115&#x2013;20. Epub 2016/09/14. doi: 10.4103/0974-777X.188596</Citation><ArticleIdList><ArticleId IdType="doi">10.4103/0974-777X.188596</ArticleId><ArticleId IdType="pmc">PMC4997795</ArticleId><ArticleId IdType="pubmed">27621562</ArticleId></ArticleIdList></Reference><Reference><Citation>Lee IK, Liu JW, Yang KD. Fatal dengue hemorrhagic fever in adults: emphasizing the evolutionary pre-fatal clinical and laboratory manifestations. PLoS neglected tropical diseases. 2012;6(2):e1532. Epub 2012/03/01. doi: 10.1371/journal.pntd.0001532</Citation><ArticleIdList><ArticleId IdType="doi">10.1371/journal.pntd.0001532</ArticleId><ArticleId IdType="pmc">PMC3283557</ArticleId><ArticleId IdType="pubmed">22363829</ArticleId></ArticleIdList></Reference><Reference><Citation>de Azeredo EL, Monteiro RQ, de-Oliveira Pinto LM. Thrombocytopenia in Dengue: Interrelationship between Virus and the Imbalance between Coagulation and Fibrinolysis and Inflammatory Mediators. Mediators Inflamm. 2015;2015:313842. Epub 2015/05/23. doi: 10.1155/2015/313842</Citation><ArticleIdList><ArticleId IdType="doi">10.1155/2015/313842</ArticleId><ArticleId IdType="pmc">PMC4427128</ArticleId><ArticleId IdType="pubmed">25999666</ArticleId></ArticleIdList></Reference><Reference><Citation>Spiropoulou CF, Srikiatkhachorn A. The role of endothelial activation in dengue hemorrhagic fever and hantavirus pulmonary syndrome. Virulence. 2013;4(6):525&#x2013;36. Epub 2013/07/12. doi: 10.4161/viru.25569</Citation><ArticleIdList><ArticleId IdType="doi">10.4161/viru.25569</ArticleId><ArticleId IdType="pmc">PMC5359750</ArticleId><ArticleId IdType="pubmed">23841977</ArticleId></ArticleIdList></Reference><Reference><Citation>Glasner DR, Puerta-Guardo H, Beatty PR, Harris E. The Good, the Bad, and the Shocking: The Multiple Roles of Dengue Virus Nonstructural Protein 1 in Protection and Pathogenesis. Annu Rev Virol. 2018;5(1):227&#x2013;53. Epub 2018/07/26. doi: 10.1146/annurev-virology-101416-041848</Citation><ArticleIdList><ArticleId IdType="doi">10.1146/annurev-virology-101416-041848</ArticleId><ArticleId IdType="pmc">PMC6311996</ArticleId><ArticleId IdType="pubmed">30044715</ArticleId></ArticleIdList></Reference><Reference><Citation>Chao CH, Wu WC, Lai YC, Tsai PJ, Perng GC, Lin YS, et al.. Dengue virus nonstructural protein 1 activates platelets via Toll-like receptor 4, leading to thrombocytopenia and hemorrhage. PLoS Pathog. 2019;15(4):e1007625. Epub 2019/04/23. doi: 10.1371/journal.ppat.1007625</Citation><ArticleIdList><ArticleId IdType="doi">10.1371/journal.ppat.1007625</ArticleId><ArticleId IdType="pmc">PMC6497319</ArticleId><ArticleId IdType="pubmed">31009511</ArticleId></ArticleIdList></Reference><Reference><Citation>Vogt MB, Lahon A, Arya RP, Spencer Clinton JL, Rico-Hesse R. Dengue viruses infect human megakaryocytes, with probable clinical consequences. PLoS Negl Trop Dis. 2019;13(11):e0007837. Epub 2019/11/26. doi: 10.1371/journal.pntd.0007837</Citation><ArticleIdList><ArticleId IdType="doi">10.1371/journal.pntd.0007837</ArticleId><ArticleId IdType="pmc">PMC6901235</ArticleId><ArticleId IdType="pubmed">31765380</ArticleId></ArticleIdList></Reference><Reference><Citation>Imad HA, Phumratanaprapin W, Phonrat B, Chotivanich K, Charunwatthana P, Muangnoicharoen S, et al.. Cytokine Expression in Dengue Fever and Dengue Hemorrhagic Fever Patients with Bleeding and Severe Hepatitis. Am J Trop Med Hyg. 2020;102(5):943&#x2013;50. Epub 2020/03/04. doi: 10.4269/ajtmh.19-0487</Citation><ArticleIdList><ArticleId IdType="doi">10.4269/ajtmh.19-0487</ArticleId><ArticleId IdType="pmc">PMC7204576</ArticleId><ArticleId IdType="pubmed">32124729</ArticleId></ArticleIdList></Reference><Reference><Citation>Singh A, Bisht P, Bhattacharya S, Guchhait P. Role of Platelet Cytokines in Dengue Virus Infection. Front Cell Infect Microbiol. 2020;10:561366. Epub 2020/10/27. doi: 10.3389/fcimb.2020.561366</Citation><ArticleIdList><ArticleId IdType="doi">10.3389/fcimb.2020.561366</ArticleId><ArticleId IdType="pmc">PMC7554584</ArticleId><ArticleId IdType="pubmed">33102253</ArticleId></ArticleIdList></Reference><Reference><Citation>Bhaskar E, Sowmya G, Moorthy S, Sundar V. Prevalence, patterns, and factors associated with bleeding tendencies in dengue. J Infect Dev Ctries. 2015;9(1):105&#x2013;10. Epub 2015/01/18. doi: 10.3855/jidc.5031 .</Citation><ArticleIdList><ArticleId IdType="doi">10.3855/jidc.5031</ArticleId><ArticleId IdType="pubmed">25596579</ArticleId></ArticleIdList></Reference><Reference><Citation>Lye DC, Archuleta S, Syed-Omar SF, Low JG, Oh HM, Wei Y, et al.. Prophylactic platelet transfusion plus supportive care versus supportive care alone in adults with dengue and thrombocytopenia: a multicentre, open-label, randomised, superiority trial. Lancet. 2017;389(10079):1611&#x2013;8. Epub 2017/03/12. doi: 10.1016/S0140-6736(17)30269-6 .</Citation><ArticleIdList><ArticleId IdType="doi">10.1016/S0140-6736(17)30269-6</ArticleId><ArticleId IdType="pubmed">28283286</ArticleId></ArticleIdList></Reference><Reference><Citation>Huang HS, Hsu CC, Ye JC, Su SB, Huang CC, Lin HJ. Predicting the mortality in geriatric patients with dengue fever. Medicine (Baltimore). 2017;96(37):e7878. Epub 2017/09/15. doi: 10.1097/MD.0000000000007878</Citation><ArticleIdList><ArticleId IdType="doi">10.1097/MD.0000000000007878</ArticleId><ArticleId IdType="pmc">PMC5604636</ArticleId><ArticleId IdType="pubmed">28906367</ArticleId></ArticleIdList></Reference><Reference><Citation>Gutermann IK, Niggemeier V, Zimmerli LU, Holzer BM, Battegay E, Scharl M. Gastrointestinal bleeding and anticoagulant or antiplatelet drugs: systematic search for clinical practice guidelines. Medicine (Baltimore). 2015;94(1):e377. Epub 2015/01/09. doi: 10.1097/MD.0000000000000377</Citation><ArticleIdList><ArticleId IdType="doi">10.1097/MD.0000000000000377</ArticleId><ArticleId IdType="pmc">PMC4602853</ArticleId><ArticleId IdType="pubmed">25569664</ArticleId></ArticleIdList></Reference><Reference><Citation>Pesaro AE, D&#x2019;Amico E, Aranha LF. Dengue: cardiac manifestations and implications in antithrombotic treatment. Arquivos brasileiros de cardiologia. 2007;89(2):e12&#x2013;5. Epub 2007/09/18. doi: 10.1590/s0066-782x2007001400015 .</Citation><ArticleIdList><ArticleId IdType="doi">10.1590/s0066-782x2007001400015</ArticleId><ArticleId IdType="pubmed">17874007</ArticleId></ArticleIdList></Reference><Reference><Citation>Halstead SB. Dengue in the Americas and Southeast Asia: do they differ? Revista panamericana de salud publica. 2006;20(6):407&#x2013;15. Epub 2007/03/08. doi: 10.1590/s1020-49892006001100007 .</Citation><ArticleIdList><ArticleId IdType="doi">10.1590/s1020-49892006001100007</ArticleId><ArticleId IdType="pubmed">17341332</ArticleId></ArticleIdList></Reference><Reference><Citation>Gupta E, Ballani N. Current perspectives on the spread of dengue in India. Infect Drug Resist. 2014;7:337&#x2013;42. doi: 10.2147/IDR.S55376 .</Citation><ArticleIdList><ArticleId IdType="doi">10.2147/IDR.S55376</ArticleId><ArticleId IdType="pmc">PMC4266245</ArticleId><ArticleId IdType="pubmed">25525374</ArticleId></ArticleIdList></Reference><Reference><Citation>Rodr&#xed;guez-Barraquer I, Buathong R, Iamsirithaworn S, Nisalak A, Lessler J, Jarman RG, et al.. Revisiting Rayong: Shifting Seroprofiles of Dengue in Thailand and Their Implications for Transmission and Control. Am. J. Epidemiol. 2013;179(3):353&#x2013;60. doi: 10.1093/aje/kwt256</Citation><ArticleIdList><ArticleId IdType="doi">10.1093/aje/kwt256</ArticleId><ArticleId IdType="pmc">PMC3895094</ArticleId><ArticleId IdType="pubmed">24197388</ArticleId></ArticleIdList></Reference><Reference><Citation>Messina JP, Brady OJ, Golding N, Kraemer MUG, Wint GRW, Ray SE, et al.. The current and future global distribution and population at risk of dengue. Nat Microbiol. 2019;4(9):1508&#x2013;15. doi: 10.1038/s41564-019-0476-8</Citation><ArticleIdList><ArticleId IdType="doi">10.1038/s41564-019-0476-8</ArticleId><ArticleId IdType="pmc">PMC6784886</ArticleId><ArticleId IdType="pubmed">31182801</ArticleId></ArticleIdList></Reference><Reference><Citation>Halstead SB, Udomsakdi S, Scanlon JE, Rohitayodhin S. Dengue and chikungunya virus infection in man in Thailand, 1962&#x2013;1964. V. Epidemiologic observations outside Bangkok. Am. J. Trop. Med. Hyg. 1969;18(6):1022&#x2013;33. Epub 1969/11/01. doi: 10.4269/ajtmh.1969.18.1022 .</Citation><ArticleIdList><ArticleId IdType="doi">10.4269/ajtmh.1969.18.1022</ArticleId><ArticleId IdType="pubmed">4390976</ArticleId></ArticleIdList></Reference><Reference><Citation>Guzman MG, Gubler DJ, Izquierdo A, Martinez E, Halstead SB. Dengue infection. Nat Rev Dis Primers. 2016;2:16055. Epub 2016/08/19. doi: 10.1038/nrdp.2016.55 .</Citation><ArticleIdList><ArticleId IdType="doi">10.1038/nrdp.2016.55</ArticleId><ArticleId IdType="pubmed">27534439</ArticleId></ArticleIdList></Reference><Reference><Citation>Thai KT, Nishiura H, Hoang PL, Tran NT, Phan GT, Le HQ, et al.. Age-specificity of clinical dengue during primary and secondary infections. PLoS Negl Trop Dis. 2011;5(6):e1180. Epub 2011/06/30. doi: 10.1371/journal.pntd.0001180</Citation><ArticleIdList><ArticleId IdType="doi">10.1371/journal.pntd.0001180</ArticleId><ArticleId IdType="pmc">PMC3119638</ArticleId><ArticleId IdType="pubmed">21713018</ArticleId></ArticleIdList></Reference><Reference><Citation>Chien YW, Huang HM, Ho TC, Tseng FC, Ko NY, Ko WC, et al.. Seroepidemiology of dengue virus infection among adults during the ending phase of a severe dengue epidemic in southern Taiwan, 2015. BMC Infect Dis. 2019;19(1):338. Epub 2019/04/25. doi: 10.1186/s12879-019-3946-y</Citation><ArticleIdList><ArticleId IdType="doi">10.1186/s12879-019-3946-y</ArticleId><ArticleId IdType="pmc">PMC6480438</ArticleId><ArticleId IdType="pubmed">31014263</ArticleId></ArticleIdList></Reference></ReferenceList></PubmedData></PubmedArticle></PubmedArticleSet>