<?xml version="1.0" ?>
<!DOCTYPE PubmedArticleSet PUBLIC "-//NLM//DTD PubMedArticle, 1st January 2023//EN" "https://dtd.nlm.nih.gov/ncbi/pubmed/out/pubmed_230101.dtd">
<PubmedArticleSet>
<PubmedArticle><MedlineCitation Status="PubMed-not-MEDLINE" Owner="NLM"><PMID Version="1">35052326</PMID><DateRevised><Year>2022</Year><Month>01</Month><Day>28</Day></DateRevised><Article PubModel="Electronic"><Journal><ISSN IssnType="Print">2227-9032</ISSN><JournalIssue CitedMedium="Print"><Volume>10</Volume><Issue>1</Issue><PubDate><Year>2022</Year><Month>Jan</Month><Day>15</Day></PubDate></JournalIssue><Title>Healthcare (Basel, Switzerland)</Title><ISOAbbreviation>Healthcare (Basel)</ISOAbbreviation></Journal><ArticleTitle>Solving Patient Allocation Problem during an Epidemic Dengue Fever Outbreak by Mathematical Modelling.</ArticleTitle><ELocationID EIdType="pii" ValidYN="Y">163</ELocationID><ELocationID EIdType="doi" ValidYN="Y">10.3390/healthcare10010163</ELocationID><Abstract><AbstractText>Dengue fever is a mosquito-borne disease that has rapidly spread throughout the last few decades. Most preventive mechanisms to deal with the disease focus on the eradication of the vector mosquito and vaccination campaigns. However, appropriate mechanisms of response are indispensable to face the consequent events when an outbreak takes place. This study applied single and multiple objective linear programming models to optimize the allocation of patients and additional resources during an epidemic dengue fever outbreak, minimizing the summation of the distance travelled by all patients. An empirical study was set in Ciudad del Este, Paraguay. Data provided by a privately run health insurance cooperative was used to verify the applicability of the models in this study. The results can be used by analysts and decision makers to solve patient allocation problems for providing essential medical care during an epidemic dengue fever outbreak.</AbstractText></Abstract><AuthorList CompleteYN="Y"><Author ValidYN="Y"><LastName>Tsai</LastName><ForeName>Jung-Fa</ForeName><Initials>JF</Initials><AffiliationInfo><Affiliation>Department of Business Management, National Taipei University of Technology, Taipei 10608, Taiwan.</Affiliation></AffiliationInfo></Author><Author ValidYN="Y"><LastName>Chu</LastName><ForeName>Tai-Lin</ForeName><Initials>TL</Initials><AffiliationInfo><Affiliation>Department of Business Management, National Taipei University of Technology, Taipei 10608, Taiwan.</Affiliation></AffiliationInfo></Author><Author ValidYN="Y"><LastName>Cuevas Brun</LastName><ForeName>Edgar Hernan</ForeName><Initials>EH</Initials><AffiliationInfo><Affiliation>Department of Business Management, National Taipei University of Technology, Taipei 10608, Taiwan.</Affiliation></AffiliationInfo></Author><Author ValidYN="Y"><LastName>Lin</LastName><ForeName>Ming-Hua</ForeName><Initials>MH</Initials><AffiliationInfo><Affiliation>Department of Urban Industrial Management and Marketing, University of Taipei, Taipei 11153, Taiwan.</Affiliation></AffiliationInfo></Author></AuthorList><Language>eng</Language><PublicationTypeList><PublicationType UI="D016428">Journal Article</PublicationType></PublicationTypeList><ArticleDate DateType="Electronic"><Year>2022</Year><Month>01</Month><Day>15</Day></ArticleDate></Article><MedlineJournalInfo><Country>Switzerland</Country><MedlineTA>Healthcare (Basel)</MedlineTA><NlmUniqueID>101666525</NlmUniqueID><ISSNLinking>2227-9032</ISSNLinking></MedlineJournalInfo><KeywordList Owner="NOTNLM"><Keyword MajorTopicYN="N">dengue fever</Keyword><Keyword MajorTopicYN="N">epidemic</Keyword><Keyword MajorTopicYN="N">mathematical techniques</Keyword><Keyword MajorTopicYN="N">optimization</Keyword><Keyword MajorTopicYN="N">patient allocation</Keyword></KeywordList><CoiStatement>The authors declare no conflict of interest.</CoiStatement></MedlineCitation><PubmedData><History><PubMedPubDate PubStatus="received"><Year>2021</Year><Month>12</Month><Day>8</Day></PubMedPubDate><PubMedPubDate PubStatus="revised"><Year>2021</Year><Month>12</Month><Day>30</Day></PubMedPubDate><PubMedPubDate PubStatus="accepted"><Year>2022</Year><Month>1</Month><Day>10</Day></PubMedPubDate><PubMedPubDate PubStatus="entrez"><Year>2022</Year><Month>1</Month><Day>21</Day><Hour>1</Hour><Minute>2</Minute></PubMedPubDate><PubMedPubDate PubStatus="pubmed"><Year>2022</Year><Month>1</Month><Day>22</Day><Hour>6</Hour><Minute>0</Minute></PubMedPubDate><PubMedPubDate PubStatus="medline"><Year>2022</Year><Month>1</Month><Day>22</Day><Hour>6</Hour><Minute>1</Minute></PubMedPubDate></History><PublicationStatus>epublish</PublicationStatus><ArticleIdList><ArticleId IdType="pubmed">35052326</ArticleId><ArticleId IdType="pmc">PMC8775972</ArticleId><ArticleId IdType="doi">10.3390/healthcare10010163</ArticleId><ArticleId IdType="pii">healthcare10010163</ArticleId></ArticleIdList><ReferenceList><Reference><Citation>Guzman M.G., Harris E. Dengue. Lancet. 2015;385:453&#x2013;465. doi: 10.1016/S0140-6736(14)60572-9.</Citation><ArticleIdList><ArticleId IdType="doi">10.1016/S0140-6736(14)60572-9</ArticleId><ArticleId IdType="pubmed">25230594</ArticleId></ArticleIdList></Reference><Reference><Citation>Ng C.W.K., Tai P.Y., Mohamed S.O. Dengue maculopathy associated with choroidopathy and pseudohypopyon: A case series. Ocul. Immunol. Inflamm. 2018;26:666&#x2013;670. doi: 10.1080/09273948.2016.1254804.</Citation><ArticleIdList><ArticleId IdType="doi">10.1080/09273948.2016.1254804</ArticleId><ArticleId IdType="pubmed">27929712</ArticleId></ArticleIdList></Reference><Reference><Citation>World Health Organization  Dengue and Severe Dengue. 2018.  [(accessed on 2 March 2020)].  Available online:  https://www.who.int/news-room/fact-sheets/detail/dengue-and-severe-dengue.</Citation></Reference><Reference><Citation>Pollett S., Melendrez M.C., Maljkovic Berry I., Duchene S., Salje H., Cummings D.A.T., Jarman R.G. Understanding dengue virus evolution to support epidemic surveillance and counter-measure development. Infect. Genet. Evol. 2018;62:279&#x2013;295. doi: 10.1016/j.meegid.2018.04.032.</Citation><ArticleIdList><ArticleId IdType="doi">10.1016/j.meegid.2018.04.032</ArticleId><ArticleId IdType="pmc">PMC6396301</ArticleId><ArticleId IdType="pubmed">29704626</ArticleId></ArticleIdList></Reference><Reference><Citation>Beatty M.E., Stone A., Fitzsimons D.W., Hanna J.N., Lam S.K., Vong S., Guzman M.G., Mendez-Galvan J.F., Halstead S.B., Letson G.W., et al. Best practices in dengue surveillance: A report from the Asia-Pacific and Americas Dengue Prevention Boards. PLoS Negl. Trop. Dis. 2010;4:e890.</Citation><ArticleIdList><ArticleId IdType="pmc">PMC2982842</ArticleId><ArticleId IdType="pubmed">21103381</ArticleId></ArticleIdList></Reference><Reference><Citation>Shepard D.S., Coudeville L., Halasa Y.A., Zambrano B., Dayan G.H. Economic impact of dengue illness in the Americas. Am. J. Trop. Med. Hyg. 2011;84:200&#x2013;207. doi: 10.4269/ajtmh.2011.10-0503.</Citation><ArticleIdList><ArticleId IdType="doi">10.4269/ajtmh.2011.10-0503</ArticleId><ArticleId IdType="pmc">PMC3029168</ArticleId><ArticleId IdType="pubmed">21292885</ArticleId></ArticleIdList></Reference><Reference><Citation>Luh D.L., Liu C.C., Luo Y.R., Chen S.C. Economic cost and burden of dengue during epidemics and non-epidemic years in Taiwan. J. Infect. Public Health. 2018;11:215&#x2013;223. doi: 10.1016/j.jiph.2017.07.021.</Citation><ArticleIdList><ArticleId IdType="doi">10.1016/j.jiph.2017.07.021</ArticleId><ArticleId IdType="pubmed">28757293</ArticleId></ArticleIdList></Reference><Reference><Citation>Burdett R.L., Kozan E., Sinnott M., Cook D., Tian Y.-C. A mixed integer linear programing approach to perform hospital capacity assessments. Expert Syst. Appl. 2017;77:170&#x2013;188. doi: 10.1016/j.eswa.2017.01.050.</Citation><ArticleIdList><ArticleId IdType="doi">10.1016/j.eswa.2017.01.050</ArticleId></ArticleIdList></Reference><Reference><Citation>Zhou L., Geng N., Jiang Z., Wang X. Multi-objective capacity allocation of hospital wards combining revenue and equity. Omega. 2018;81:220&#x2013;233. doi: 10.1016/j.omega.2017.11.005.</Citation><ArticleIdList><ArticleId IdType="doi">10.1016/j.omega.2017.11.005</ArticleId></ArticleIdList></Reference><Reference><Citation>Molina-Pariente J.M., Fernandez-Viagas V., Framinan J.M. Integrated operating room planning and scheduling problem with assistant surgeon dependent surgery durations. Comput. Ind. Eng. 2015;82:8&#x2013;20. doi: 10.1016/j.cie.2015.01.006.</Citation><ArticleIdList><ArticleId IdType="doi">10.1016/j.cie.2015.01.006</ArticleId></ArticleIdList></Reference><Reference><Citation>Beroule B., Grunder O., Barakat O., Aujoulat O., Lustig H. Operating room scheduling including medical devices sterilization: Towards a transverse logistic. IFAC-PapersOnLine. 2016;49:1146&#x2013;1151. doi: 10.1016/j.ifacol.2016.07.657.</Citation><ArticleIdList><ArticleId IdType="doi">10.1016/j.ifacol.2016.07.657</ArticleId></ArticleIdList></Reference><Reference><Citation>Steiner M.T.A., Datta D., Steiner Neto P.J., Scarpin C.T., Rui Figueira J. Multi-objective optimization in partitioning the healthcare system of Parana State in Brazil. Omega. 2015;52:53&#x2013;64. doi: 10.1016/j.omega.2014.10.005.</Citation><ArticleIdList><ArticleId IdType="doi">10.1016/j.omega.2014.10.005</ArticleId></ArticleIdList></Reference><Reference><Citation>Heshmat M., Nakata K., Eltawil A. Solving the patient appointment scheduling problem in outpatient chemotherapy clinics using clustering and mathematical programming. Comput. Ind. Eng. 2018;124:347&#x2013;358. doi: 10.1016/j.cie.2018.07.033.</Citation><ArticleIdList><ArticleId IdType="doi">10.1016/j.cie.2018.07.033</ArticleId></ArticleIdList></Reference><Reference><Citation>Shahriari M., Bozorgi-Amiri A., Tavakoli S., Yousefi-Babadi A. Bi-objective approach for placing ground and air ambulance base and helipad locations in order to optimize EMS response. Am. J. Emerg. Med. 2017;35:1873&#x2013;1881. doi: 10.1016/j.ajem.2017.06.026.</Citation><ArticleIdList><ArticleId IdType="doi">10.1016/j.ajem.2017.06.026</ArticleId><ArticleId IdType="pubmed">28641984</ArticleId></ArticleIdList></Reference><Reference><Citation>Anparasan A., Lejeune M. Resource deployment and donation allocation for epidemic outbreaks. Ann. Oper. Res. 2017;6:1&#x2013;24. doi: 10.1007/s10479-016-2392-0.</Citation><ArticleIdList><ArticleId IdType="doi">10.1007/s10479-016-2392-0</ArticleId></ArticleIdList></Reference><Reference><Citation>Devi Y., Patra S., Singh S.P. A location-allocation model for influenza pandemic outbreaks: A case study in India. Oper. Manag. Res. 2021 doi: 10.1007/s12063-021-00216-w. article in press.</Citation><ArticleIdList><ArticleId IdType="doi">10.1007/s12063-021-00216-w</ArticleId></ArticleIdList></Reference><Reference><Citation>EsraB&#xfc;y&#xfc;ktahtak&#x131;n &#x130;.E., Des-Bordes E., K&#x131;b&#x131;&#x15f; E.Y. A new epidemics-logistics model: Insights into controlling the Ebola virus disease in West Africa. Eur. J. Oper. Res. 2018;265:1046&#x2013;1063. doi: 10.1016/j.ejor.2017.08.037.</Citation><ArticleIdList><ArticleId IdType="doi">10.1016/j.ejor.2017.08.037</ArticleId></ArticleIdList></Reference><Reference><Citation>Liu M., Xu X., Cao J., Zhang D. Integrated planning for public health emergencies: A modified model for controlling H1N1 pandemic. J. Oper. Res. Soc. 2000;71:748&#x2013;761. doi: 10.1080/01605682.2019.1582589.</Citation><ArticleIdList><ArticleId IdType="doi">10.1080/01605682.2019.1582589</ArticleId></ArticleIdList></Reference><Reference><Citation>Hern&#xe1;ndez-P&#xe9;rez L.G., Ponce-Ortega J.M. Multi-objective optimization approach based on deterministic and metaheuristic techniques to resource management in health crisis scenarios under uncertainty. Process. Integr. Optim. Sustain. 2021;5:429&#x2013;443. doi: 10.1007/s41660-020-00154-3.</Citation><ArticleIdList><ArticleId IdType="doi">10.1007/s41660-020-00154-3</ArticleId></ArticleIdList></Reference><Reference><Citation>Mehrotra S., Rahimian H., Barah M., Luo F., Schantz K. A model of supply-chain decisions for resource sharing with an application to ventilator allocation to combat COVID-19. Nav. Res. Logist. 2020;67:303&#x2013;320. doi: 10.1002/nav.21905.</Citation><ArticleIdList><ArticleId IdType="doi">10.1002/nav.21905</ArticleId></ArticleIdList></Reference><Reference><Citation>Lacasa L., Challen R., Brooks-Pollock E., Danon L. A flexible method for optimising sharing of healthcare resources and demand in the context of the COVID-19 pandemic. PLoS ONE. 2020;15:e0241027. doi: 10.1371/journal.pone.0241027.</Citation><ArticleIdList><ArticleId IdType="doi">10.1371/journal.pone.0241027</ArticleId><ArticleId IdType="pmc">PMC7577502</ArticleId><ArticleId IdType="pubmed">33085729</ArticleId></ArticleIdList></Reference><Reference><Citation>Frej E.A., Roselli L.R.P., Ferreira R.J.P., Alberti A.R., de Almeida A.T. Decision model for allocation of intensive care unit beds for suspected COVID-19 patients under scarce resources. Comput. Math. Methods Med. 2021;2021:8853787. doi: 10.1155/2021/8853787.</Citation><ArticleIdList><ArticleId IdType="doi">10.1155/2021/8853787</ArticleId><ArticleId IdType="pmc">PMC7861950</ArticleId><ArticleId IdType="pubmed">33574887</ArticleId></ArticleIdList></Reference><Reference><Citation>Wang C., Deng Y., Yuan Z., Zhang C., Zhang F., Cai Q., Gao C., Kurths J. How to optimize the supply and allocation of medical emergency resources during public health emergencies. Front. Phys. 2020;8:383. doi: 10.3389/fphy.2020.00383.</Citation><ArticleIdList><ArticleId IdType="doi">10.3389/fphy.2020.00383</ArticleId></ArticleIdList></Reference><Reference><Citation>Santini A. Optimising the assignment of swabs and reagent for PCR testing during a viral epidemic. Omega. 2021;102:102341. doi: 10.1016/j.omega.2020.102341.</Citation><ArticleIdList><ArticleId IdType="doi">10.1016/j.omega.2020.102341</ArticleId><ArticleId IdType="pmc">PMC7505804</ArticleId><ArticleId IdType="pubmed">32982016</ArticleId></ArticleIdList></Reference><Reference><Citation>Roy S., Dutta R., Ghosh P. Optimal time-varying vaccine allocation amid pandemics with uncertain immunity ratios. IEEE Access. 2021;9:15110&#x2013;15121. doi: 10.1109/ACCESS.2021.3053268.</Citation><ArticleIdList><ArticleId IdType="doi">10.1109/ACCESS.2021.3053268</ArticleId></ArticleIdList></Reference><Reference><Citation>Jordan E., Shin D.E., Leekha S., Azarm S. Optimization in the Context of COVID-19 Prediction and Control: A Literature Review. IEEE Access. 2021;9:130072&#x2013;130093. doi: 10.1109/ACCESS.2021.3113812.</Citation><ArticleIdList><ArticleId IdType="doi">10.1109/ACCESS.2021.3113812</ArticleId></ArticleIdList></Reference><Reference><Citation>Brown J., Cug J., Kolencik J. Internet of Things-based Smart Healthcare Systems: Real-Time Patient-Generated Medical Data from Networked Wearable Devices. Am. J. Med. Res. 2020;7:21&#x2013;26.</Citation></Reference><Reference><Citation>Moore C. Medical Internet of Things-based Healthcare Systems: Wearable Sensor-based Devices, Patient-Generated Big Data, and Real-Time Clinical Monitoring. Am. J. Med. Res. 2020;7:41&#x2013;47. doi: 10.22381/AJMR7120206.</Citation><ArticleIdList><ArticleId IdType="doi">10.22381/AJMR7120206</ArticleId></ArticleIdList></Reference><Reference><Citation>Lewis S. Wearable Internet of Things Healthcare Systems: Smart Biomedical Sensors, Wireless Connected Devices, and Real-Time Patient Monitoring. Am. J. Med. Res. 2020;7:55&#x2013;60.</Citation></Reference><Reference><Citation>Wells R., Miklencicova R. Emotional Fatigue, Elevated Anxiety Symptoms, and Sustained Psychological Distress in Frontline Medical Staff and Nurses Working with COVID-19 Patients. Psychosociol. Issues Hum. Resour. Manag. 2021;9:49&#x2013;62.</Citation></Reference><Reference><Citation>Gibson P., Janikova J. Moral Injury, Psychological Ill-Health, and Severe Stress among COVID-19 Frontline Respiratory and Intensive Care Physicians and Nurses. Psychosociol. Issues Hum. Resour. Manag. 2021;9:77&#x2013;90. doi: 10.22381/pihrm9220216.</Citation><ArticleIdList><ArticleId IdType="doi">10.22381/pihrm9220216</ArticleId></ArticleIdList></Reference><Reference><Citation>Adams D., Grupac M. Stress-related Psychiatric Disorders, Clinically Significant Depression, and Elevated Anxiety Symptoms among Medical Personnel Providing Care to COVID-19 Patients. Psychosociol. Issues Hum. Resour. Manag. 2021;9:133&#x2013;146.</Citation></Reference><Reference><Citation>Sun L., DePuy G.W., Evans G.W. Multi-objective optimization models for patient allocation during a pandemic influenza outbreak. Comput. Oper. Res. 2014;51:350&#x2013;359. doi: 10.1016/j.cor.2013.12.001.</Citation><ArticleIdList><ArticleId IdType="doi">10.1016/j.cor.2013.12.001</ArticleId></ArticleIdList></Reference><Reference><Citation>Gamhewage G. Evolutions in global epidemic and pandemic preparedness. Int. J. Infect. Dis. 2018;73:39. doi: 10.1016/j.ijid.2018.04.3511.</Citation><ArticleIdList><ArticleId IdType="doi">10.1016/j.ijid.2018.04.3511</ArticleId></ArticleIdList></Reference><Reference><Citation>Lovera D., Araya S., Mesquita M.J., Avalos C., Ledesma S., Arbo A. Prospective applicability study of the new dengue classification system for clinical management in children. Pediatric Infect. Dis. J. 2014;33:933&#x2013;935. doi: 10.1097/INF.0000000000000340.</Citation><ArticleIdList><ArticleId IdType="doi">10.1097/INF.0000000000000340</ArticleId><ArticleId IdType="pubmed">24642516</ArticleId></ArticleIdList></Reference><Reference><Citation>Lovera D., Mart&#xed;nez-Cuellar C., Galeano F., Amarilla S., Vazquez C., Arbo A. Clinical manifestations of primary and secondary dengue in Paraguay and its relation to virus serotype. J. Infect. Dev. Ctries. 2019;13:1127&#x2013;1134. doi: 10.3855/jidc.11584.</Citation><ArticleIdList><ArticleId IdType="doi">10.3855/jidc.11584</ArticleId><ArticleId IdType="pubmed">32088700</ArticleId></ArticleIdList></Reference><Reference><Citation>Direcci&#xf3;n General de Estad&#xed;stica E y C  Paraguay&#x2014;Proyecci&#xf3;n de la Poblaci&#xf3;n por Sexo y Edad, Seg&#xfa;n Distrito, 2000&#x2013;2025.  [(accessed on 28 September 2018)];2015  Available online:  https://www.datos.gov.py/dataset/paraguay-proyeccion-de-la-poblacion-por-sexo-y-edad-segun-distrito-2000-2025.</Citation></Reference></ReferenceList></PubmedData></PubmedArticle></PubmedArticleSet>