<?xml version="1.0" ?>
<!DOCTYPE PubmedArticleSet PUBLIC "-//NLM//DTD PubMedArticle, 1st January 2023//EN" "https://dtd.nlm.nih.gov/ncbi/pubmed/out/pubmed_230101.dtd">
<PubmedArticleSet>
<PubmedArticle><MedlineCitation Status="MEDLINE" Owner="NLM" IndexingMethod="Automated"><PMID Version="1">35074522</PMID><DateCompleted><Year>2022</Year><Month>05</Month><Day>06</Day></DateCompleted><DateRevised><Year>2022</Year><Month>05</Month><Day>06</Day></DateRevised><Article PubModel="Print-Electronic"><Journal><ISSN IssnType="Electronic">1879-0240</ISSN><JournalIssue CitedMedium="Internet"><Volume>142</Volume><PubDate><Year>2022</Year><Month>Mar</Month></PubDate></JournalIssue><Title>Insect biochemistry and molecular biology</Title><ISOAbbreviation>Insect Biochem Mol Biol</ISOAbbreviation></Journal><ArticleTitle>A flavivirus-inducible gene expression system that modulates broad-spectrum antiviral activity against dengue and Zika viruses.</ArticleTitle><Pagination><StartPage>103723</StartPage><MedlinePgn>103723</MedlinePgn></Pagination><ELocationID EIdType="doi" ValidYN="Y">10.1016/j.ibmb.2022.103723</ELocationID><ELocationID EIdType="pii" ValidYN="Y">S0965-1748(22)00005-4</ELocationID><Abstract><AbstractText>Incidence of dengue virus (DENV) and Zika virus (ZIKV), two mosquito-borne flaviviruses, is increasing in large parts of the world. Vaccination and medication for these diseases are unsatisfactory. Here, we developed a novel antiviral approach, using a virus-inducible gene expression system, to block virus replication and transmission. Constructs containing the smallest replication units of dengue virus serotype 2 (DENV2) with negative-stranded DENV2 artificial genomes and genes of interest were established in an Aedes aegypti cell line, resulting in expression of target genes after DENV2 infection. Green fluorescent protein (GFP) assays confirmed the system was virus-inducible. When we used one of two apoptosis-related genes, A. aegypti michelob_x (AaMx) and inhibitor of apoptosis (IAP)-antagonist michelob_x-like protein (AaIMP) instead of GFP, the production of viral RNA and proteins were inhibited for all five viruses tested (DENV1-4 and ZIKV), and effector caspase activity was induced. The system thus inhibited the production of infectious virus particles in vitro, and in mosquitoes it did so after DENV2 infection. This is a novel broad-spectrum antiviral approach using a flavivirus-inducible gene-expression system, which could lead to new avenues for mosquito-borne disease control.</AbstractText><CopyrightInformation>Copyright &#xa9; 2022 Elsevier Ltd. All rights reserved.</CopyrightInformation></Abstract><AuthorList CompleteYN="Y"><Author ValidYN="Y"><LastName>Weng</LastName><ForeName>Shih-Che</ForeName><Initials>SC</Initials><AffiliationInfo><Affiliation>Department of Tropical Medicine and Parasitology, College of Medicine, National Taiwan University, Taipei, Taiwan.</Affiliation></AffiliationInfo></Author><Author ValidYN="Y"><LastName>Zhou</LastName><ForeName>Yu-Xian</ForeName><Initials>YX</Initials><AffiliationInfo><Affiliation>Department of Tropical Medicine and Parasitology, College of Medicine, National Taiwan University, Taipei, Taiwan.</Affiliation></AffiliationInfo></Author><Author ValidYN="Y"><LastName>Shiao</LastName><ForeName>Shin-Hong</ForeName><Initials>SH</Initials><AffiliationInfo><Affiliation>Department of Tropical Medicine and Parasitology, College of Medicine, National Taiwan University, Taipei, Taiwan. Electronic address: shshiao@ntu.edu.tw.</Affiliation></AffiliationInfo></Author></AuthorList><Language>eng</Language><PublicationTypeList><PublicationType UI="D016428">Journal Article</PublicationType><PublicationType UI="D013485">Research Support, Non-U.S. Gov't</PublicationType></PublicationTypeList><ArticleDate DateType="Electronic"><Year>2022</Year><Month>01</Month><Day>21</Day></ArticleDate></Article><MedlineJournalInfo><Country>England</Country><MedlineTA>Insect Biochem Mol Biol</MedlineTA><NlmUniqueID>9207282</NlmUniqueID><ISSNLinking>0965-1748</ISSNLinking></MedlineJournalInfo><ChemicalList><Chemical><RegistryNumber>0</RegistryNumber><NameOfSubstance UI="D000998">Antiviral Agents</NameOfSubstance></Chemical></ChemicalList><CitationSubset>IM</CitationSubset><MeshHeadingList><MeshHeading><DescriptorName UI="D000330" MajorTopicYN="Y">Aedes</DescriptorName><QualifierName UI="Q000235" MajorTopicYN="N">genetics</QualifierName></MeshHeading><MeshHeading><DescriptorName UI="D000818" MajorTopicYN="N">Animals</DescriptorName></MeshHeading><MeshHeading><DescriptorName UI="D000998" MajorTopicYN="N">Antiviral Agents</DescriptorName><QualifierName UI="Q000378" MajorTopicYN="N">metabolism</QualifierName><QualifierName UI="Q000494" MajorTopicYN="N">pharmacology</QualifierName></MeshHeading><MeshHeading><DescriptorName UI="D003715" MajorTopicYN="Y">Dengue</DescriptorName></MeshHeading><MeshHeading><DescriptorName UI="D003716" MajorTopicYN="Y">Dengue Virus</DescriptorName></MeshHeading><MeshHeading><DescriptorName UI="D005416" MajorTopicYN="Y">Flavivirus</DescriptorName></MeshHeading><MeshHeading><DescriptorName UI="D015870" MajorTopicYN="N">Gene Expression</DescriptorName></MeshHeading><MeshHeading><DescriptorName UI="D000071244" MajorTopicYN="Y">Zika Virus</DescriptorName><QualifierName UI="Q000235" MajorTopicYN="N">genetics</QualifierName></MeshHeading><MeshHeading><DescriptorName UI="D000071243" MajorTopicYN="Y">Zika Virus Infection</DescriptorName></MeshHeading></MeshHeadingList><KeywordList Owner="NOTNLM"><Keyword MajorTopicYN="N">Aedes aegypti</Keyword><Keyword MajorTopicYN="N">Antiviral</Keyword><Keyword MajorTopicYN="N">Apoptosis</Keyword><Keyword MajorTopicYN="N">Dengue virus</Keyword><Keyword MajorTopicYN="N">Zika virus</Keyword></KeywordList></MedlineCitation><PubmedData><History><PubMedPubDate PubStatus="received"><Year>2021</Year><Month>10</Month><Day>27</Day></PubMedPubDate><PubMedPubDate PubStatus="revised"><Year>2022</Year><Month>1</Month><Day>17</Day></PubMedPubDate><PubMedPubDate PubStatus="accepted"><Year>2022</Year><Month>1</Month><Day>18</Day></PubMedPubDate><PubMedPubDate PubStatus="pubmed"><Year>2022</Year><Month>1</Month><Day>26</Day><Hour>6</Hour><Minute>0</Minute></PubMedPubDate><PubMedPubDate PubStatus="medline"><Year>2022</Year><Month>5</Month><Day>7</Day><Hour>6</Hour><Minute>0</Minute></PubMedPubDate><PubMedPubDate PubStatus="entrez"><Year>2022</Year><Month>1</Month><Day>25</Day><Hour>5</Hour><Minute>41</Minute></PubMedPubDate></History><PublicationStatus>ppublish</PublicationStatus><ArticleIdList><ArticleId IdType="pubmed">35074522</ArticleId><ArticleId IdType="doi">10.1016/j.ibmb.2022.103723</ArticleId><ArticleId IdType="pii">S0965-1748(22)00005-4</ArticleId></ArticleIdList></PubmedData></PubmedArticle></PubmedArticleSet>