<?xml version="1.0" ?>
<!DOCTYPE PubmedArticleSet PUBLIC "-//NLM//DTD PubMedArticle, 1st January 2023//EN" "https://dtd.nlm.nih.gov/ncbi/pubmed/out/pubmed_230101.dtd">
<PubmedArticleSet>
<PubmedArticle><MedlineCitation Status="MEDLINE" Owner="NLM" IndexingMethod="Automated"><PMID Version="1">35099021</PMID><DateCompleted><Year>2022</Year><Month>05</Month><Day>09</Day></DateCompleted><DateRevised><Year>2022</Year><Month>05</Month><Day>23</Day></DateRevised><Article PubModel="Print"><Journal><ISSN IssnType="Electronic">1537-6613</ISSN><JournalIssue CitedMedium="Internet"><Volume>225</Volume><Issue>9</Issue><PubDate><Year>2022</Year><Month>May</Month><Day>04</Day></PubDate></JournalIssue><Title>The Journal of infectious diseases</Title><ISOAbbreviation>J Infect Dis</ISOAbbreviation></Journal><ArticleTitle>Transfusion-Transmitted Infections: Lessons From Dengue in Taiwan.</ArticleTitle><Pagination><StartPage>1497</StartPage><EndPage>1499</EndPage><MedlinePgn>1497-1499</MedlinePgn></Pagination><ELocationID EIdType="doi" ValidYN="Y">10.1093/infdis/jiac015</ELocationID><AuthorList CompleteYN="Y"><Author ValidYN="Y"><LastName>Yan</LastName><ForeName>Gabriel</ForeName><Initials>G</Initials><AffiliationInfo><Affiliation>Department of Laboratory Medicine, National University Health System, Singapore, Singapore.</Affiliation></AffiliationInfo><AffiliationInfo><Affiliation>Department of Medicine, National University Health System, Singapore, Singapore.</Affiliation></AffiliationInfo></Author><Author ValidYN="Y"><LastName>Tambyah</LastName><ForeName>Paul</ForeName><Initials>P</Initials><Identifier Source="ORCID">0000-0003-0405-771X</Identifier><AffiliationInfo><Affiliation>Department of Medicine, National University Health System, Singapore, Singapore.</Affiliation></AffiliationInfo><AffiliationInfo><Affiliation>Infectious Diseases Translational Research Programme, Department of Medicine, Yong Loo Lin School of Medicine, National University of Singapore, Singapore, Singapore.</Affiliation></AffiliationInfo></Author></AuthorList><Language>eng</Language><PublicationTypeList><PublicationType UI="D016421">Editorial</PublicationType><PublicationType UI="D016420">Comment</PublicationType></PublicationTypeList></Article><MedlineJournalInfo><Country>United States</Country><MedlineTA>J Infect Dis</MedlineTA><NlmUniqueID>0413675</NlmUniqueID><ISSNLinking>0022-1899</ISSNLinking></MedlineJournalInfo><ChemicalList><Chemical><RegistryNumber>63231-63-0</RegistryNumber><NameOfSubstance UI="D012313">RNA</NameOfSubstance></Chemical></ChemicalList><CitationSubset>IM</CitationSubset><CommentsCorrectionsList><CommentsCorrections RefType="CommentOn"><RefSource>J Infect Dis. 2022 May 4;225(9):1504-1512</RefSource><PMID Version="1">35099002</PMID></CommentsCorrections></CommentsCorrectionsList><MeshHeadingList><MeshHeading><DescriptorName UI="D001782" MajorTopicYN="N">Blood Donors</DescriptorName></MeshHeading><MeshHeading><DescriptorName UI="D003715" MajorTopicYN="Y">Dengue</DescriptorName><QualifierName UI="Q000097" MajorTopicYN="N">blood</QualifierName><QualifierName UI="Q000453" MajorTopicYN="N">epidemiology</QualifierName><QualifierName UI="Q000517" MajorTopicYN="N">prevention &amp; control</QualifierName></MeshHeading><MeshHeading><DescriptorName UI="D003716" MajorTopicYN="Y">Dengue Virus</DescriptorName></MeshHeading><MeshHeading><DescriptorName UI="D004196" MajorTopicYN="N">Disease Outbreaks</DescriptorName></MeshHeading><MeshHeading><DescriptorName UI="D006801" MajorTopicYN="N">Humans</DescriptorName></MeshHeading><MeshHeading><DescriptorName UI="D015994" MajorTopicYN="N">Incidence</DescriptorName></MeshHeading><MeshHeading><DescriptorName UI="D012313" MajorTopicYN="N">RNA</DescriptorName></MeshHeading><MeshHeading><DescriptorName UI="D013624" MajorTopicYN="N" Type="Geographic">Taiwan</DescriptorName><QualifierName UI="Q000453" MajorTopicYN="N">epidemiology</QualifierName></MeshHeading><MeshHeading><DescriptorName UI="D065227" MajorTopicYN="Y">Transfusion Reaction</DescriptorName><QualifierName UI="Q000453" MajorTopicYN="N">epidemiology</QualifierName></MeshHeading></MeshHeadingList><KeywordList Owner="NOTNLM"><Keyword MajorTopicYN="N">blood-borne viruses</Keyword><Keyword MajorTopicYN="N">dengue</Keyword><Keyword MajorTopicYN="N">transfusion-transmitted infections</Keyword></KeywordList></MedlineCitation><PubmedData><History><PubMedPubDate PubStatus="received"><Year>2022</Year><Month>1</Month><Day>19</Day></PubMedPubDate><PubMedPubDate PubStatus="accepted"><Year>2022</Year><Month>1</Month><Day>24</Day></PubMedPubDate><PubMedPubDate PubStatus="pubmed"><Year>2022</Year><Month>2</Month><Day>1</Day><Hour>6</Hour><Minute>0</Minute></PubMedPubDate><PubMedPubDate PubStatus="medline"><Year>2022</Year><Month>5</Month><Day>10</Day><Hour>6</Hour><Minute>0</Minute></PubMedPubDate><PubMedPubDate PubStatus="entrez"><Year>2022</Year><Month>1</Month><Day>31</Day><Hour>8</Hour><Minute>43</Minute></PubMedPubDate></History><PublicationStatus>ppublish</PublicationStatus><ArticleIdList><ArticleId IdType="pubmed">35099021</ArticleId><ArticleId IdType="doi">10.1093/infdis/jiac015</ArticleId><ArticleId IdType="pii">6517711</ArticleId></ArticleIdList></PubmedData></PubmedArticle></PubmedArticleSet>