<?xml version="1.0" ?>
<!DOCTYPE PubmedArticleSet PUBLIC "-//NLM//DTD PubMedArticle, 1st January 2023//EN" "https://dtd.nlm.nih.gov/ncbi/pubmed/out/pubmed_230101.dtd">
<PubmedArticleSet>
<PubmedArticle><MedlineCitation Status="MEDLINE" Owner="NLM"><PMID Version="1">35130277</PMID><DateCompleted><Year>2022</Year><Month>02</Month><Day>25</Day></DateCompleted><DateRevised><Year>2022</Year><Month>02</Month><Day>25</Day></DateRevised><Article PubModel="Electronic-eCollection"><Journal><ISSN IssnType="Electronic">1935-2735</ISSN><JournalIssue CitedMedium="Internet"><Volume>16</Volume><Issue>2</Issue><PubDate><Year>2022</Year><Month>Feb</Month></PubDate></JournalIssue><Title>PLoS neglected tropical diseases</Title><ISOAbbreviation>PLoS Negl Trop Dis</ISOAbbreviation></Journal><ArticleTitle>Major acute cardiovascular events after dengue infection-A population-based observational study.</ArticleTitle><Pagination><StartPage>e0010134</StartPage><MedlinePgn>e0010134</MedlinePgn></Pagination><ELocationID EIdType="pii" ValidYN="Y">e0010134</ELocationID><ELocationID EIdType="doi" ValidYN="Y">10.1371/journal.pntd.0010134</ELocationID><Abstract><AbstractText Label="BACKGROUND">Dengue virus (DENV) infection may be associated with increased risks of major adverse cardiovascular effect (MACE), but a large-scale study evaluating the association between DENV infection and MACEs is still lacking.</AbstractText><AbstractText Label="METHODS AND FINDINGS">All laboratory confirmed dengue cases in Taiwan during 2009 and 2015 were included by CDC notifiable database. The self-controlled case-series design was used to evaluate the association between DENV infection and MACE (including acute myocardial infarction [AMI], heart failure and stroke). The "risk interval" was defined as the first 7 days after the diagnosis of DENV infection and the "control interval" as 1 year before and 1 year after the risk interval. The incidence rate ratio (IRR) and 95% confidence interval (CI) for MACE were estimated by conditional Poisson regression. Finally, the primary outcome of the incidence of MACEs within one year of dengue was observed in 1,247 patients. The IRR of MACEs was 17.9 (95% CI 15.80-20.37) during the first week after the onset of DENV infection observed from 1,244 eligible patients. IRR were significantly higher for hemorrhagic stroke (10.9, 95% CI 6.80-17.49), ischemic stroke (15.56, 95% CI 12.44-19.47), AMI (13.53, 95% CI 10.13-18.06), and heart failure (27.24, 95% CI 22.67-32.73). No increased IRR was observed after day 14.</AbstractText><AbstractText Label="CONCLUSIONS">The risks for MACEs are significantly higher in the immediate time period after dengue infection. Since dengue infection is potentially preventable by early recognition and vaccination, the dengue-associated MACE should be taken into consideration when making public health management policies.</AbstractText></Abstract><AuthorList CompleteYN="Y"><Author ValidYN="Y"><LastName>Wei</LastName><ForeName>Kai-Che</ForeName><Initials>KC</Initials><AffiliationInfo><Affiliation>Department of Dermatology, Kaohsiung Veterans General Hospital, Kaohsiung, Taiwan.</Affiliation></AffiliationInfo><AffiliationInfo><Affiliation>School of Medicine, College of Medicine, National Yang Ming Chiao Tung University, Taipei, Taiwan.</Affiliation></AffiliationInfo></Author><Author ValidYN="Y"><LastName>Sy</LastName><ForeName>Cheng-Len</ForeName><Initials>CL</Initials><Identifier Source="ORCID">0000-0001-8694-8588</Identifier><AffiliationInfo><Affiliation>Department of Internal Medicine, Division of Infectious Diseases, Kaohsiung Veterans General Hospital, Kaohsiung, Taiwan.</Affiliation></AffiliationInfo></Author><Author ValidYN="Y"><LastName>Wang</LastName><ForeName>Wen-Hwa</ForeName><Initials>WH</Initials><AffiliationInfo><Affiliation>Department of Internal Medicine, Division of Cardiology, Kaohsiung Veterans General Hospital, Kaohsiung, Taiwan.</Affiliation></AffiliationInfo><AffiliationInfo><Affiliation>Health Management Center, Kaohsiung Veterans General Hospital, Kaohsiung, Taiwan.</Affiliation></AffiliationInfo><AffiliationInfo><Affiliation>College of Management, I-Shou University, Kaohsiung, Taiwan.</Affiliation></AffiliationInfo></Author><Author ValidYN="Y"><LastName>Wu</LastName><ForeName>Chia-Ling</ForeName><Initials>CL</Initials><AffiliationInfo><Affiliation>Department of Medical Research and Development, Center for Big Data Analytics and Statistics, Chang Gung Memorial Hospital Linkou Main Branch, Taoyuan, Taiwan.</Affiliation></AffiliationInfo></Author><Author ValidYN="Y"><LastName>Chang</LastName><ForeName>Shang-Hung</ForeName><Initials>SH</Initials><AffiliationInfo><Affiliation>Department of Medical Research and Development, Center for Big Data Analytics and Statistics, Chang Gung Memorial Hospital Linkou Main Branch, Taoyuan, Taiwan.</Affiliation></AffiliationInfo><AffiliationInfo><Affiliation>Department of Internal Medicine, Division of Cardiology, Chang Gung Memorial Hospital Linkou Main Branch, Taoyuan, Taiwan.</Affiliation></AffiliationInfo><AffiliationInfo><Affiliation>College of Medicine, Chang Gung University, Taoyuan, Taiwan.</Affiliation></AffiliationInfo></Author><Author ValidYN="Y"><LastName>Huang</LastName><ForeName>Yu-Tung</ForeName><Initials>YT</Initials><Identifier Source="ORCID">0000-0003-3224-7238</Identifier><AffiliationInfo><Affiliation>Department of Medical Research and Development, Center for Big Data Analytics and Statistics, Chang Gung Memorial Hospital Linkou Main Branch, Taoyuan, Taiwan.</Affiliation></AffiliationInfo></Author></AuthorList><Language>eng</Language><PublicationTypeList><PublicationType UI="D016428">Journal Article</PublicationType><PublicationType UI="D013485">Research Support, Non-U.S. Gov't</PublicationType></PublicationTypeList><ArticleDate DateType="Electronic"><Year>2022</Year><Month>02</Month><Day>07</Day></ArticleDate></Article><MedlineJournalInfo><Country>United States</Country><MedlineTA>PLoS Negl Trop Dis</MedlineTA><NlmUniqueID>101291488</NlmUniqueID><ISSNLinking>1935-2727</ISSNLinking></MedlineJournalInfo><CitationSubset>IM</CitationSubset><MeshHeadingList><MeshHeading><DescriptorName UI="D000293" MajorTopicYN="N">Adolescent</DescriptorName></MeshHeading><MeshHeading><DescriptorName UI="D000328" MajorTopicYN="N">Adult</DescriptorName></MeshHeading><MeshHeading><DescriptorName UI="D002648" MajorTopicYN="N">Child</DescriptorName></MeshHeading><MeshHeading><DescriptorName UI="D002675" MajorTopicYN="N">Child, Preschool</DescriptorName></MeshHeading><MeshHeading><DescriptorName UI="D003715" MajorTopicYN="N">Dengue</DescriptorName><QualifierName UI="Q000150" MajorTopicYN="Y">complications</QualifierName><QualifierName UI="Q000453" MajorTopicYN="N">epidemiology</QualifierName></MeshHeading><MeshHeading><DescriptorName UI="D003716" MajorTopicYN="N">Dengue Virus</DescriptorName></MeshHeading><MeshHeading><DescriptorName UI="D005260" MajorTopicYN="N">Female</DescriptorName></MeshHeading><MeshHeading><DescriptorName UI="D006333" MajorTopicYN="N">Heart Failure</DescriptorName><QualifierName UI="Q000150" MajorTopicYN="Y">complications</QualifierName><QualifierName UI="Q000453" MajorTopicYN="N">epidemiology</QualifierName></MeshHeading><MeshHeading><DescriptorName UI="D006801" MajorTopicYN="N">Humans</DescriptorName></MeshHeading><MeshHeading><DescriptorName UI="D015994" MajorTopicYN="N">Incidence</DescriptorName></MeshHeading><MeshHeading><DescriptorName UI="D007223" MajorTopicYN="N">Infant</DescriptorName></MeshHeading><MeshHeading><DescriptorName UI="D008297" MajorTopicYN="N">Male</DescriptorName></MeshHeading><MeshHeading><DescriptorName UI="D008875" MajorTopicYN="N">Middle Aged</DescriptorName></MeshHeading><MeshHeading><DescriptorName UI="D009203" MajorTopicYN="N">Myocardial Infarction</DescriptorName><QualifierName UI="Q000150" MajorTopicYN="Y">complications</QualifierName><QualifierName UI="Q000453" MajorTopicYN="N">epidemiology</QualifierName></MeshHeading><MeshHeading><DescriptorName UI="D012307" MajorTopicYN="N">Risk Factors</DescriptorName></MeshHeading><MeshHeading><DescriptorName UI="D020521" MajorTopicYN="N">Stroke</DescriptorName><QualifierName UI="Q000150" MajorTopicYN="Y">complications</QualifierName><QualifierName UI="Q000453" MajorTopicYN="N">epidemiology</QualifierName></MeshHeading><MeshHeading><DescriptorName UI="D013624" MajorTopicYN="N" Type="Geographic">Taiwan</DescriptorName><QualifierName UI="Q000453" MajorTopicYN="N">epidemiology</QualifierName></MeshHeading></MeshHeadingList><CoiStatement>The authors have declared that no competing interests exist.</CoiStatement></MedlineCitation><PubmedData><History><PubMedPubDate PubStatus="received"><Year>2021</Year><Month>7</Month><Day>2</Day></PubMedPubDate><PubMedPubDate PubStatus="accepted"><Year>2022</Year><Month>1</Month><Day>3</Day></PubMedPubDate><PubMedPubDate PubStatus="revised"><Year>2022</Year><Month>2</Month><Day>17</Day></PubMedPubDate><PubMedPubDate PubStatus="pubmed"><Year>2022</Year><Month>2</Month><Day>8</Day><Hour>6</Hour><Minute>0</Minute></PubMedPubDate><PubMedPubDate PubStatus="medline"><Year>2022</Year><Month>2</Month><Day>26</Day><Hour>6</Hour><Minute>0</Minute></PubMedPubDate><PubMedPubDate PubStatus="entrez"><Year>2022</Year><Month>2</Month><Day>7</Day><Hour>17</Hour><Minute>13</Minute></PubMedPubDate></History><PublicationStatus>epublish</PublicationStatus><ArticleIdList><ArticleId IdType="pubmed">35130277</ArticleId><ArticleId IdType="pmc">PMC8853534</ArticleId><ArticleId IdType="doi">10.1371/journal.pntd.0010134</ArticleId><ArticleId IdType="pii">PNTD-D-21-00988</ArticleId></ArticleIdList><ReferenceList><Reference><Citation>Libby P, Loscalzo J, Rideker PM, Farkouh ME, Hsue PY, Fuster V, et al.. Inflammation, immunity, and infection in atherothrombosis: JACC review topic of the week. J Am Coll Cardiol 2018; 72(17): 2071&#x2013;81. doi: 10.1016/j.jacc.2018.08.1043</Citation><ArticleIdList><ArticleId IdType="doi">10.1016/j.jacc.2018.08.1043</ArticleId><ArticleId IdType="pmc">PMC6196735</ArticleId><ArticleId IdType="pubmed">30336831</ArticleId></ArticleIdList></Reference><Reference><Citation>Musher DM, Abers MS, Corrales-Medina VF. Acute infection and myocardial infarction. N Engl J Med 2019; 380(2): 171&#x2013;76. doi: 10.1056/NEJMra1808137</Citation><ArticleIdList><ArticleId IdType="doi">10.1056/NEJMra1808137</ArticleId><ArticleId IdType="pubmed">30625066</ArticleId></ArticleIdList></Reference><Reference><Citation>Gasecka A, Borovac JA, Guerreiro RA, Giustozzi M, Parker W, Caldeira D, et al.. Thrombotic complications in patients with COVID-19: pathophysiological mechanisms, diagnosis, and treatment. Cardiovasc Drugs Ther 2021; 35(2): 215&#x2013;29. doi: 10.1007/s10557-020-07084-9</Citation><ArticleIdList><ArticleId IdType="doi">10.1007/s10557-020-07084-9</ArticleId><ArticleId IdType="pmc">PMC7569200</ArticleId><ArticleId IdType="pubmed">33074525</ArticleId></ArticleIdList></Reference><Reference><Citation>Beristain-Covarrubias N, Perez-Toledo M, Thomas MR, Henderson IR, Watson SP, Cunningham AF. Understanding infection-induced thrombosis: lessons learned from animal models. Front Immunol 2019; 10: 2569. doi: 10.3389/fimmu.2019.02569 .</Citation><ArticleIdList><ArticleId IdType="doi">10.3389/fimmu.2019.02569</ArticleId><ArticleId IdType="pmc">PMC6848062</ArticleId><ArticleId IdType="pubmed">31749809</ArticleId></ArticleIdList></Reference><Reference><Citation>Schechter ME, Andrade BB, He T, Richter GH, Tosh KW, Policicchio BB, et al.. Inflammatory monocytes expressing tissue factor drive SIV and HIV coagulopathy. Sci Transl Med 2017; 9(405): eaam5441. doi: 10.1126/scitranslmed.aam5441</Citation><ArticleIdList><ArticleId IdType="doi">10.1126/scitranslmed.aam5441</ArticleId><ArticleId IdType="pmc">PMC5755598</ArticleId><ArticleId IdType="pubmed">28855397</ArticleId></ArticleIdList></Reference><Reference><Citation>McKay DG, Margaretten W. Disseminated intravascular coagulation in virus diseases. Arch Intern Med 1967; 120(2): 129&#x2013;52.</Citation><ArticleIdList><ArticleId IdType="pubmed">4952942</ArticleId></ArticleIdList></Reference><Reference><Citation>Agarwal A, Sharma S, Airun M. Life-threatening thrombo-embolic events in a case of dengue hemorrhagic fever. J Assoc Physicians India 2016; 64(8): 87&#x2013;89.</Citation><ArticleIdList><ArticleId IdType="pubmed">27762119</ArticleId></ArticleIdList></Reference><Reference><Citation>Kwong JC, Schwartz KL, Campitelli MA, Chung H, Crowcroft NS, Karnauchow T, et al.. Acute myocardial infarction after laboratory-confirmed influenza infection. N Engl J Med 2018; 378(4): 345&#x2013;53. doi: 10.1056/NEJMoa1702090</Citation><ArticleIdList><ArticleId IdType="doi">10.1056/NEJMoa1702090</ArticleId><ArticleId IdType="pubmed">29365305</ArticleId></ArticleIdList></Reference><Reference><Citation>Clar C, Oseni Z, Flowers N, Keshtkar-Jahromi M, Rees K. Influenza vaccines for preventing cardiovascular disease. Cochrane Database Syst Rev 2015; (5): CD005050. doi: 10.1002/14651858.CD005050.pub3</Citation><ArticleIdList><ArticleId IdType="doi">10.1002/14651858.CD005050.pub3</ArticleId><ArticleId IdType="pmc">PMC8511741</ArticleId><ArticleId IdType="pubmed">25940444</ArticleId></ArticleIdList></Reference><Reference><Citation>Ren S, Newby D, Li SC, Walkom E, Miller P, Hure A, et al.. Effect of the adult pneumococcal polysaccharide vaccine on cardiovascular disease: a systematic review and meta-analysis. Open Heart 2015; 2(1): e000247. doi: 10.1136/openhrt-2015-000247</Citation><ArticleIdList><ArticleId IdType="doi">10.1136/openhrt-2015-000247</ArticleId><ArticleId IdType="pmc">PMC4488890</ArticleId><ArticleId IdType="pubmed">26196020</ArticleId></ArticleIdList></Reference><Reference><Citation>Col&#xf3;n-Gonz&#xe1;lez FJ, Harris I, Osborn TJ, Steiner S&#xe3;o Bernardo C, Peres CA, Hunter PR, et al.. Limiting global-mean temperature increase to 1.5&#x2013;2&#xb0; C could reduce the incidence and spatial spread of dengue fever in Latin America. Proc Natl Acad Sci 2018; 115(24): 6243&#x2013;48. doi: 10.1073/pnas.1718945115</Citation><ArticleIdList><ArticleId IdType="doi">10.1073/pnas.1718945115</ArticleId><ArticleId IdType="pmc">PMC6004471</ArticleId><ArticleId IdType="pubmed">29844166</ArticleId></ArticleIdList></Reference><Reference><Citation>Messina JP, Brady OJ, Golding N, Kraemer MUG, Wint GRW, Ray SE, et al.. The current and future global distribution and population at risk of dengue. Nat Microbiol 2019; 4(9): 1508&#x2013;15. doi: 10.1038/s41564-019-0476-8</Citation><ArticleIdList><ArticleId IdType="doi">10.1038/s41564-019-0476-8</ArticleId><ArticleId IdType="pmc">PMC6784886</ArticleId><ArticleId IdType="pubmed">31182801</ArticleId></ArticleIdList></Reference><Reference><Citation>Hsieh CY, Su CC, Shao SC, Sung SF, Lin SJ, Kao Yang YH, et al.. Taiwan&#x2019;s National Health Insurance Research Database: past and future. Clin Epidemiol 2019; 11: 349&#x2013;58. doi: 10.2147/CLEP.S196293</Citation><ArticleIdList><ArticleId IdType="doi">10.2147/CLEP.S196293</ArticleId><ArticleId IdType="pmc">PMC6509937</ArticleId><ArticleId IdType="pubmed">31118821</ArticleId></ArticleIdList></Reference><Reference><Citation>Salgado DM, Eltit JM, Mansfield K, Panqueba C, Castro D, Vega MR, et al.. Heart and skeletal muscle are targets of dengue virus infection. Pediatr Infect Dis J 2010; 29(3): 238&#x2013;42. doi: 10.1097/INF.0b013e3181bc3c5b</Citation><ArticleIdList><ArticleId IdType="doi">10.1097/INF.0b013e3181bc3c5b</ArticleId><ArticleId IdType="pmc">PMC2833338</ArticleId><ArticleId IdType="pubmed">20032806</ArticleId></ArticleIdList></Reference><Reference><Citation>Versteege T, Karyanti MR, Septiani W, Widjanarko AL, Idris NS, Hendarto A, et al.. Increased carotid intima-media thickness in children with a history of dengue hemorrhagic fever. Am J Trop Med Hyg 2019; 100(3): 630&#x2013;34. doi: 10.4269/ajtmh.18-0672</Citation><ArticleIdList><ArticleId IdType="doi">10.4269/ajtmh.18-0672</ArticleId><ArticleId IdType="pmc">PMC6402935</ArticleId><ArticleId IdType="pubmed">30675845</ArticleId></ArticleIdList></Reference><Reference><Citation>Margetic S. Inflammation and hemostasis. Biochem Med (Zagreb) 2012; 22(1): 49&#x2013;62. 10.11613/BM.2012.006</Citation><ArticleIdList><ArticleId IdType="doi">10.11613/BM.2012.006</ArticleId><ArticleId IdType="pmc">PMC4062321</ArticleId><ArticleId IdType="pubmed">22384519</ArticleId></ArticleIdList></Reference><Reference><Citation>Yacoub S, Wertheim H, Simmons CP, Screaton G, Wills B. Cardiovascular manifestations of the emerging dengue pandemic. Nat Rev Cardiol 2014; 11(6): 335&#x2013;45. doi: 10.1038/nrcardio.2014.40</Citation><ArticleIdList><ArticleId IdType="doi">10.1038/nrcardio.2014.40</ArticleId><ArticleId IdType="pubmed">24710495</ArticleId></ArticleIdList></Reference><Reference><Citation>Ghatak T, Singh RK, Baronia AK. Spontaneous central vein thrombosis in a patient with activated protein C resistance and dengue infection: an association or causation? J Anaesthesiol Clin Pharmacol 2013; 29(4): 547&#x2013;49. doi: 10.4103/0970-9185.119145</Citation><ArticleIdList><ArticleId IdType="doi">10.4103/0970-9185.119145</ArticleId><ArticleId IdType="pmc">PMC3819853</ArticleId><ArticleId IdType="pubmed">24249996</ArticleId></ArticleIdList></Reference><Reference><Citation>da Costa PS, Ribeiro GM, Junior CS, da Costa Campos L. Severe thrombotic events associated with dengue fever, Brazil. Am J Trop Med Hyg 2012; 87(4): 741&#x2013;42. doi: 10.4269/ajtmh.2012.11-0692</Citation><ArticleIdList><ArticleId IdType="doi">10.4269/ajtmh.2012.11-0692</ArticleId><ArticleId IdType="pmc">PMC3516329</ArticleId><ArticleId IdType="pubmed">22949517</ArticleId></ArticleIdList></Reference><Reference><Citation>Li HM, Huang YK, Su YC, Kao CH. Risk of stroke in patients with dengue fever: a population-based cohort study. CMAJ 2018; 190(10): E285&#x2013;E90. doi: 10.1503/cmaj.170994</Citation><ArticleIdList><ArticleId IdType="doi">10.1503/cmaj.170994</ArticleId><ArticleId IdType="pmc">PMC5849447</ArticleId><ArticleId IdType="pubmed">29530869</ArticleId></ArticleIdList></Reference><Reference><Citation>Dinh The T, Le Thi Thu T, Nguyen Minh D, Tran Van N, Tran Tinh H, Nguyen Van Vinh C, et al.. Clinical features of dengue in a large Vietnamese cohort: intrinsically lower platelet counts and greater risk for bleeding in adults than children. PLoS Negl Trop Dis 2012; 6(6): e1679. doi: 10.1371/journal.pntd.0001679</Citation><ArticleIdList><ArticleId IdType="doi">10.1371/journal.pntd.0001679</ArticleId><ArticleId IdType="pmc">PMC3383761</ArticleId><ArticleId IdType="pubmed">22745839</ArticleId></ArticleIdList></Reference><Reference><Citation>Dalager-Pedersen M, Sogaard M, Schonheyder HC, Nielsen H, Thomsen RW. Risk for myocardial infarction and stroke after community-acquired bacteremia: a 20-year population-based cohort study. Circulation 2014; 129(13): 1387&#x2013;96. doi: 10.1161/CIRCULATIONAHA.113.006699</Citation><ArticleIdList><ArticleId IdType="doi">10.1161/CIRCULATIONAHA.113.006699</ArticleId><ArticleId IdType="pubmed">24523433</ArticleId></ArticleIdList></Reference><Reference><Citation>Estofolete CF, Machado LF, Zini N, Luckemeyer GD, Moraes MM, Dos Santos TMIL, et al.. Fatal stroke as presentation of SARS-CoV-2 and dengue virus coinfection. J Med Virol 2021; 93(3): 1770&#x2013;75. doi: 10.1002/jmv.26476</Citation><ArticleIdList><ArticleId IdType="doi">10.1002/jmv.26476</ArticleId><ArticleId IdType="pubmed">32881018</ArticleId></ArticleIdList></Reference><Reference><Citation>Roy A, Chaudhuri J, Chakraborty S. Deep vein thrombosis associated with dengue fever. Indian Pediatr 2013; 50(11): 1053&#x2013;54. doi: 10.1007/s13312-013-0269-8</Citation><ArticleIdList><ArticleId IdType="doi">10.1007/s13312-013-0269-8</ArticleId><ArticleId IdType="pubmed">24382902</ArticleId></ArticleIdList></Reference><Reference><Citation>Cabrera-Rego JO, Rojas-Quiroz AF, Vidal-Turruelles Y, Yanes-Quintana AA. Cardiovascular disorders in hospitalized patients with dengue infection. Enferm Infecc Microbiol Clin 2021; 39(3): 115&#x2013;18. doi: 10.1016/j.eimc.2020.02.032</Citation><ArticleIdList><ArticleId IdType="doi">10.1016/j.eimc.2020.02.032</ArticleId><ArticleId IdType="pubmed">32345488</ArticleId></ArticleIdList></Reference><Reference><Citation>Furlan-Daniel RA, Santos LFS, Geleilete TJM, Restini CBA, Bestetti RB. Abnormalities in electrocardiographic ventricular repolarization in patients with dengue virus infection. J Infect Dev Cries 2019; 13(8): 759&#x2013;63. doi: 10.3855/jidc.10746</Citation><ArticleIdList><ArticleId IdType="doi">10.3855/jidc.10746</ArticleId><ArticleId IdType="pubmed">32069262</ArticleId></ArticleIdList></Reference><Reference><Citation>Kularatne S, Pathirage M, Kumarasiri P, Gunasena S, Mahindawanse S. Cardiac complications of a dengue fever outbreak in Sri Lanka, 2005. Trans R Soc Trop Med Hyg 2007; 101(8): 804&#x2013;08. doi: 10.1016/j.trstmh.2007.02.021</Citation><ArticleIdList><ArticleId IdType="doi">10.1016/j.trstmh.2007.02.021</ArticleId><ArticleId IdType="pubmed">17428513</ArticleId></ArticleIdList></Reference></ReferenceList></PubmedData></PubmedArticle></PubmedArticleSet>