<?xml version="1.0" ?>
<!DOCTYPE PubmedArticleSet PUBLIC "-//NLM//DTD PubMedArticle, 1st January 2023//EN" "https://dtd.nlm.nih.gov/ncbi/pubmed/out/pubmed_230101.dtd">
<PubmedArticleSet>
<PubmedArticle><MedlineCitation Status="MEDLINE" Owner="NLM" IndexingMethod="Automated"><PMID Version="1">35140906</PMID><DateCompleted><Year>2022</Year><Month>05</Month><Day>10</Day></DateCompleted><DateRevised><Year>2022</Year><Month>05</Month><Day>10</Day></DateRevised><Article PubModel="Electronic-eCollection"><Journal><ISSN IssnType="Electronic">2040-2309</ISSN><JournalIssue CitedMedium="Internet"><Volume>2022</Volume><PubDate><Year>2022</Year></PubDate></JournalIssue><Title>Journal of healthcare engineering</Title><ISOAbbreviation>J Healthc Eng</ISOAbbreviation></Journal><ArticleTitle>An Advance Computing Numerical Heuristic of Nonlinear SIR Dengue Fever System Using the Morlet Wavelet Kernel.</ArticleTitle><Pagination><StartPage>9981355</StartPage><MedlinePgn>9981355</MedlinePgn></Pagination><ELocationID EIdType="pii" ValidYN="Y">9981355</ELocationID><ELocationID EIdType="doi" ValidYN="Y">10.1155/2022/9981355</ELocationID><Abstract><AbstractText>This study is associated to solve the nonlinear SIR dengue fever system using a computational methodology by operating the neural networks based on the designed Morlet wavelet (MWNNs), global scheme as genetic algorithm (GA), and rapid local search scheme as interior-point algorithm (IPA), i.e., GA-IPA. The optimization of fitness function based on MWNNs is performed for solving the nonlinear SIR dengue fever system. This MWNNs-based fitness function is accessible using the differential system and initial conditions of the nonlinear SIR dengue fever system. The designed procedures based on the MWNN-GA-IPA are applied to solve the nonlinear SIR dengue fever system to check the exactness, precision, constancy, and efficiency. The achieved numerical form of the nonlinear SIR dengue fever system via MWNN-GA-IPA was compared with the Runge-Kutta numerical results that verify the significance of MWNN-GA-IPA. Moreover, statistical reflections through different measures for the nonlinear SIR dengue fever system endorse the precision and convergence of the computational MWNN-GA-IPA.</AbstractText><CopyrightInformation>Copyright &#xa9; 2022 Muhammad Umar et al.</CopyrightInformation></Abstract><AuthorList CompleteYN="Y"><Author ValidYN="Y"><LastName>Umar</LastName><ForeName>Muhammad</ForeName><Initials>M</Initials><AffiliationInfo><Affiliation>Department of Mathematics and Statistics, Hazara University, Mansehra, Pakistan.</Affiliation></AffiliationInfo></Author><Author ValidYN="Y"><LastName>Sabir</LastName><ForeName>Zulqurnain</ForeName><Initials>Z</Initials><AffiliationInfo><Affiliation>Department of Mathematics and Statistics, Hazara University, Mansehra, Pakistan.</Affiliation></AffiliationInfo></Author><Author ValidYN="Y"><LastName>Zahoor Raja</LastName><ForeName>Muhammad Asif</ForeName><Initials>MA</Initials><AffiliationInfo><Affiliation>Future Technology Research Center, National Yunlin University of Science and Technology, 123 University Road, Section 3, Douliou, Yunlin 64002, Taiwan.</Affiliation></AffiliationInfo></Author><Author ValidYN="Y"><LastName>Al-Basyouni</LastName><ForeName>K S</ForeName><Initials>KS</Initials><AffiliationInfo><Affiliation>Mathematics Department, Faculty of Science, King Abdulaziz University, Jeddah, Saudi Arabia.</Affiliation></AffiliationInfo></Author><Author ValidYN="Y"><LastName>Mahmoud</LastName><ForeName>S R</ForeName><Initials>SR</Initials><AffiliationInfo><Affiliation>GRC Department, Faculty of Applied Studies, King Abdulaziz University, Jeddah, Saudi Arabia.</Affiliation></AffiliationInfo></Author><Author ValidYN="Y"><LastName>S&#xe1;nchez</LastName><ForeName>Yolanda Guerrero</ForeName><Initials>YG</Initials><Identifier Source="ORCID">0000-0002-4228-2355</Identifier><AffiliationInfo><Affiliation>Department of Dermatology, Stomatology, Radiology and Physical Medicine, University of Murcia, Murcia, Spain.</Affiliation></AffiliationInfo></Author></AuthorList><Language>eng</Language><PublicationTypeList><PublicationType UI="D016428">Journal Article</PublicationType></PublicationTypeList><ArticleDate DateType="Electronic"><Year>2022</Year><Month>01</Month><Day>31</Day></ArticleDate></Article><MedlineJournalInfo><Country>England</Country><MedlineTA>J Healthc Eng</MedlineTA><NlmUniqueID>101528166</NlmUniqueID><ISSNLinking>2040-2295</ISSNLinking></MedlineJournalInfo><CitationSubset>IM</CitationSubset><MeshHeadingList><MeshHeading><DescriptorName UI="D000465" MajorTopicYN="N">Algorithms</DescriptorName></MeshHeading><MeshHeading><DescriptorName UI="D003715" MajorTopicYN="Y">Dengue</DescriptorName></MeshHeading><MeshHeading><DescriptorName UI="D015444" MajorTopicYN="N">Exercise</DescriptorName></MeshHeading><MeshHeading><DescriptorName UI="D000066506" MajorTopicYN="Y">Heuristics</DescriptorName></MeshHeading><MeshHeading><DescriptorName UI="D006801" MajorTopicYN="N">Humans</DescriptorName></MeshHeading><MeshHeading><DescriptorName UI="D016571" MajorTopicYN="N">Neural Networks, Computer</DescriptorName></MeshHeading></MeshHeadingList><CoiStatement>The authors declare that they have no conflicts of interest.</CoiStatement></MedlineCitation><PubmedData><History><PubMedPubDate PubStatus="received"><Year>2021</Year><Month>3</Month><Day>11</Day></PubMedPubDate><PubMedPubDate PubStatus="accepted"><Year>2022</Year><Month>1</Month><Day>5</Day></PubMedPubDate><PubMedPubDate PubStatus="entrez"><Year>2022</Year><Month>2</Month><Day>10</Day><Hour>5</Hour><Minute>36</Minute></PubMedPubDate><PubMedPubDate PubStatus="pubmed"><Year>2022</Year><Month>2</Month><Day>11</Day><Hour>6</Hour><Minute>0</Minute></PubMedPubDate><PubMedPubDate PubStatus="medline"><Year>2022</Year><Month>5</Month><Day>11</Day><Hour>6</Hour><Minute>0</Minute></PubMedPubDate></History><PublicationStatus>epublish</PublicationStatus><ArticleIdList><ArticleId IdType="pubmed">35140906</ArticleId><ArticleId IdType="pmc">PMC8820869</ArticleId><ArticleId IdType="doi">10.1155/2022/9981355</ArticleId></ArticleIdList><ReferenceList><Reference><Citation>Side S., Noorani M. S. M. A SIR model for spread of dengue fever disease (simulation for South Sulawesi, Indonesia and Selangor, Malaysia) World Journal of Modelling and Simulation . 2013;9(2):96&#x2013;105.</Citation></Reference><Reference><Citation>Bhatt S., Gething P. W., Brady O. J., et al. The global distribution and burden of dengue. Nature . 2013;496(7446):504&#x2013;507. doi: 10.1038/nature12060.</Citation><ArticleIdList><ArticleId IdType="doi">10.1038/nature12060</ArticleId><ArticleId IdType="pmc">PMC3651993</ArticleId><ArticleId IdType="pubmed">23563266</ArticleId></ArticleIdList></Reference><Reference><Citation>Lai Y. C., Chuang Y. C., Liu C. C., et al. Antibodies against modified NS1 wing domain peptide protect against dengue virus infection. Scientific reports . 2017;7(1):1&#x2013;15. doi: 10.1038/s41598-017-07308-3.</Citation><ArticleIdList><ArticleId IdType="doi">10.1038/s41598-017-07308-3</ArticleId><ArticleId IdType="pmc">PMC5539099</ArticleId><ArticleId IdType="pubmed">28765561</ArticleId></ArticleIdList></Reference><Reference><Citation>Medina F., Medina J. F., Col&#xf3;n C., Vergne E., Santiago G. A., Mu&#xf1;oz-Jord&#xe1;n J. L. Dengue virus: isolation, propagation, quantification, and storage. Current protocols in microbiology . 2012;27(1) doi: 10.1002/9780471729259.mc15d02s27.</Citation><ArticleIdList><ArticleId IdType="doi">10.1002/9780471729259.mc15d02s27</ArticleId><ArticleId IdType="pubmed">23184594</ArticleId></ArticleIdList></Reference><Reference><Citation>Cabrera-Romo S., del &#xc1;ngel R. M., Recio-T&#xf3;toro B., et al. Experimental inoculation of Artibeus jamaicensis bats with dengue virus serotypes 1 or 4 showed no evidence of sustained replication. The American Journal of Tropical Medicine and Hygiene . 2014;91(6):1227&#x2013;1234. doi: 10.4269/ajtmh.14-0361.</Citation><ArticleIdList><ArticleId IdType="doi">10.4269/ajtmh.14-0361</ArticleId><ArticleId IdType="pmc">PMC4257650</ArticleId><ArticleId IdType="pubmed">25311698</ArticleId></ArticleIdList></Reference><Reference><Citation>Li G., Pan P., He Q., et al. Molecular epidemiology demonstrates that imported and local strains circulated during the 2014 dengue outbreak in Guangzhou, China. Virologica Sinica . 2017;32(1):63&#x2013;72. doi: 10.1007/s12250-016-3872-8.</Citation><ArticleIdList><ArticleId IdType="doi">10.1007/s12250-016-3872-8</ArticleId><ArticleId IdType="pmc">PMC6702253</ArticleId><ArticleId IdType="pubmed">28120220</ArticleId></ArticleIdList></Reference><Reference><Citation>Liu J., Liu Y., Nie K., et al. Flavivirus NS1 protein in infected host sera enhances viral acquisition by mosquitoes. Nature microbiology . 2016;1(9):1&#x2013;11. doi: 10.1038/nmicrobiol.2016.87.</Citation><ArticleIdList><ArticleId IdType="doi">10.1038/nmicrobiol.2016.87</ArticleId><ArticleId IdType="pmc">PMC5003325</ArticleId><ArticleId IdType="pubmed">27562253</ArticleId></ArticleIdList></Reference><Reference><Citation>S&#xe1;nchez Y. G., Sabir Z., Guirao J. L. G. Design of a nonlinear SITR fractal model based on the dynamics of a novel coronavirus (COVID) Fractals . 2020;28(8) doi: 10.1142/S0218348X20400265.</Citation><ArticleIdList><ArticleId IdType="doi">10.1142/S0218348X20400265</ArticleId></ArticleIdList></Reference><Reference><Citation>Alphey L., Benedict M., Bellini R., et al. Sterile-insect methods for control of mosquito-borne diseases: an analysis. Vector Borne and Zoonotic Diseases . 2010;10(3):295&#x2013;311. doi: 10.1089/vbz.2009.0014.</Citation><ArticleIdList><ArticleId IdType="doi">10.1089/vbz.2009.0014</ArticleId><ArticleId IdType="pmc">PMC2946175</ArticleId><ArticleId IdType="pubmed">19725763</ArticleId></ArticleIdList></Reference><Reference><Citation>Baumhover A. H., Graham A. J., Bitter B. A., et al. Screw-worm control through release of sterilized Flies1. Journal of Economic Entomology . 1955;48(4):462&#x2013;466. doi: 10.1093/jee/48.4.462.</Citation><ArticleIdList><ArticleId IdType="doi">10.1093/jee/48.4.462</ArticleId></ArticleIdList></Reference><Reference><Citation>Sabir Z., Saoud S., ZahoorRaja M. A., AbdulWahab H., Arbief A. Heuristic computing technique for numerical solutions of nonlinear fourth order Emden&#x2013;Fowler equation. Mathematics and Computers in Simulation . 2020;178 doi: 10.1016/j.matcom.2020.06.021.</Citation><ArticleIdList><ArticleId IdType="doi">10.1016/j.matcom.2020.06.021</ArticleId></ArticleIdList></Reference><Reference><Citation>Sabir Z., Fazli A., Daniel P., Guirao J. L. G. Intelligence computing approach for solving second order system of Emden&#x2013;Fowler model. Journal of Intelligent and Fuzzy Systems . 2020;38(6):1&#x2013;16. doi: 10.3233/JIFS-179813.</Citation><ArticleIdList><ArticleId IdType="doi">10.3233/JIFS-179813</ArticleId></ArticleIdList></Reference><Reference><Citation>Umar M., Amin F., Wahab H., Baleanu D. Unsupervised constrained neural network modeling of boundary value corneal model for eye surgery. Applied Soft Computing . 2019;85 doi: 10.1016/j.asoc.2019.105826.105826</Citation><ArticleIdList><ArticleId IdType="doi">10.1016/j.asoc.2019.105826</ArticleId></ArticleIdList></Reference><Reference><Citation>Sabir Z., Zahoor Raja M. A., Umar M., Shoaib M. Neuro-swarm intelligent computing to solve the second-order singular functional differential model. The European Physical Journal Plus . 2020;135(6) doi: 10.1140/epjp/s13360-020-00440-6.474</Citation><ArticleIdList><ArticleId IdType="doi">10.1140/epjp/s13360-020-00440-6</ArticleId></ArticleIdList></Reference><Reference><Citation>Guirao J. L. G., Sabir Z., Saeed T. Design and numerical solutions of a novel third-order nonlinear emden&#x2013;fowler delay differential model. Mathematical Problems in Engineering . 2020;2020:9. doi: 10.1155/2020/7359242.7359242</Citation><ArticleIdList><ArticleId IdType="doi">10.1155/2020/7359242</ArticleId></ArticleIdList></Reference><Reference><Citation>Umar M., Sabir Z., Zahoor Raja M. A., S&#xe1;nchezd Y. G. A stochastic numerical computing heuristic of SIR nonlinear model based on dengue fever. Results in Physics . 2020;19 doi: 10.1016/j.rinp.2020.103585.103585</Citation><ArticleIdList><ArticleId IdType="doi">10.1016/j.rinp.2020.103585</ArticleId></ArticleIdList></Reference><Reference><Citation>Jiang Y., Wu P., Zeng J., Zhang Y., Zhang Y., Wang S. Multi-parameter and multi-objective optimisation of articulated monorail vehicle system dynamics using genetic algorithm. Vehicle System Dynamics . 2020;58(1):74&#x2013;91. doi: 10.1080/00423114.2019.1566557.</Citation><ArticleIdList><ArticleId IdType="doi">10.1080/00423114.2019.1566557</ArticleId></ArticleIdList></Reference><Reference><Citation>Sabir Z., Wahab H. A., Umar M., Sakar M. G., Raja M. A. Z. Novel design of Morlet wavelet neural network for solving second order Lane-Emden equation. Mathematics and Computers in Simulation . 2020;172:1&#x2013;14. doi: 10.1016/j.matcom.2020.01.005.</Citation><ArticleIdList><ArticleId IdType="doi">10.1016/j.matcom.2020.01.005</ArticleId></ArticleIdList></Reference><Reference><Citation>Tao Z., Huiling L., Wenwen W., Xia Y. GA-SVM based feature selection and parameter optimization in hospitalization expense modeling. Applied Soft Computing . 2019;75:323&#x2013;332. doi: 10.1016/j.asoc.2018.11.001.</Citation><ArticleIdList><ArticleId IdType="doi">10.1016/j.asoc.2018.11.001</ArticleId></ArticleIdList></Reference><Reference><Citation>Sayed S., Nassef M., Badr A., Farag I. A nested genetic algorithm for feature selection in high-dimensional cancer microarray datasets. Expert Systems with Applications . 2019;121:233&#x2013;243. doi: 10.1016/j.eswa.2018.12.022.</Citation><ArticleIdList><ArticleId IdType="doi">10.1016/j.eswa.2018.12.022</ArticleId></ArticleIdList></Reference><Reference><Citation>Jude Hemanth D., Anitha J. Modified genetic algorithm approaches for classification of abnormal magnetic resonance brain tumour images. Applied Soft Computing . 2019;75:21&#x2013;28. doi: 10.1016/j.asoc.2018.10.054.</Citation><ArticleIdList><ArticleId IdType="doi">10.1016/j.asoc.2018.10.054</ArticleId></ArticleIdList></Reference><Reference><Citation>Mohammed M. A., Abd Ghani M. K., Hamed R. I., Mostafa S. A., Ahmad M. S., Ibrahim D. A. Solving vehicle routing problem by using improved genetic algorithm for optimal solution. Journal of Computational Science . 2017;21:255&#x2013;262. doi: 10.1016/j.jocs.2017.04.003.</Citation><ArticleIdList><ArticleId IdType="doi">10.1016/j.jocs.2017.04.003</ArticleId></ArticleIdList></Reference><Reference><Citation>Luo X., Niu L., Zhang S. An algorithm for traffic flow prediction based on improved sarima and GA. KSCE Journal of Civil Engineering . 2018;22(10):4107&#x2013;4115. doi: 10.1007/s12205-018-0429-4.</Citation><ArticleIdList><ArticleId IdType="doi">10.1007/s12205-018-0429-4</ArticleId></ArticleIdList></Reference><Reference><Citation>Wilson M. Optimization of the radiation shielding capabilities of bismuth-borate glasses using the genetic algorithm. Materials Chemistry and Physics . 2019;224:238&#x2013;245. doi: 10.1016/j.matchemphys.2018.12.022.</Citation><ArticleIdList><ArticleId IdType="doi">10.1016/j.matchemphys.2018.12.022</ArticleId></ArticleIdList></Reference><Reference><Citation>Jahed Armaghani D., Hasanipanah M., Mahdiyar A., Abd Majid M. Z., Bakhshandeh Amnieh H., Tahir M. M. D. Airblast prediction through a hybrid genetic algorithm-ANN model. Neural Computing &amp; Applications . 2018;29(9):619&#x2013;629. doi: 10.1007/s00521-016-2598-8.</Citation><ArticleIdList><ArticleId IdType="doi">10.1007/s00521-016-2598-8</ArticleId></ArticleIdList></Reference><Reference><Citation>Yang Y., Yang B., Wang S., Liu F., Wang Y., Shu X. A dynamic ant-colony genetic algorithm for cloud service composition optimization. International Journal of Advanced Manufacturing Technology . 2019;102(1&#x2013;4):355&#x2013;368. doi: 10.1007/s00170-018-03215-7.</Citation><ArticleIdList><ArticleId IdType="doi">10.1007/s00170-018-03215-7</ArticleId></ArticleIdList></Reference><Reference><Citation>Motieghader H., Najafi A., Sadeghi B., Masoudi-Nejad A. A hybrid gene selection algorithm for microarray cancer classification using genetic algorithm and learning automata. Informatics in Medicine Unlocked . 2017;9:246&#x2013;254. doi: 10.1016/j.imu.2017.10.004.</Citation><ArticleIdList><ArticleId IdType="doi">10.1016/j.imu.2017.10.004</ArticleId></ArticleIdList></Reference><Reference><Citation>Zhang H., Xie J., Ge J., Zhang Z., Zong B. A hybrid adaptively genetic algorithm for task scheduling problem in the phased array radar. European Journal of Operational Research . 2019;272(3):868&#x2013;878. doi: 10.1016/j.ejor.2018.07.012.</Citation><ArticleIdList><ArticleId IdType="doi">10.1016/j.ejor.2018.07.012</ArticleId></ArticleIdList></Reference><Reference><Citation>Hassoon M., Kouhi M. S., Zomorodi-Moghadam M., Abdar M. Rule Optimization of Boosted C5. 0 classification using genetic algorithm for liver disease prediction. Proceedings of the 2017 International Conference on Computer and Applications (ICCA); September 2017; Doha, Qatar. IEEE;</Citation><ArticleIdList><ArticleId IdType="doi">10.1109/COMAPP.2017.8079783</ArticleId></ArticleIdList></Reference><Reference><Citation>Bertocchi C., Chouzenoux E., Corbineau M. C., Pesquet J. C., Prato M. Deep unfolding of a proximal interior point method for image restoration. Inverse Problems . 2020;36(3)34005</Citation></Reference><Reference><Citation>Zanelli A., Domahidi A., Jerez J., Morari M. Forces nlp: an efficient implementation of interior-point methods for multistage nonlinear nonconvex programs. International Journal of Control . 2020;93(1):13&#x2013;29. doi: 10.1080/00207179.2017.1316017.</Citation><ArticleIdList><ArticleId IdType="doi">10.1080/00207179.2017.1316017</ArticleId></ArticleIdList></Reference><Reference><Citation>Bleyer J. Advances in the simulation of viscoplastic fluid flows using interior-point methods. Computer Methods in Applied Mechanics and Engineering . 2018;330:368&#x2013;394. doi: 10.1016/j.cma.2017.11.006.</Citation><ArticleIdList><ArticleId IdType="doi">10.1016/j.cma.2017.11.006</ArticleId></ArticleIdList></Reference><Reference><Citation>Mangoni D., Tasora A., Garziera R. A primal-dual predictor-corrector interior point method for non-smooth contact dynamics. Computer Methods in Applied Mechanics and Engineering . 2018;330:351&#x2013;367. doi: 10.1016/j.cma.2017.10.030.</Citation><ArticleIdList><ArticleId IdType="doi">10.1016/j.cma.2017.10.030</ArticleId></ArticleIdList></Reference><Reference><Citation>Theodorakatos N. P. A nonlinear well-determined model for power system observability using Interior-Point methods. Measurement . 2020;152 doi: 10.1016/j.measurement.2019.107305.107305</Citation><ArticleIdList><ArticleId IdType="doi">10.1016/j.measurement.2019.107305</ArticleId></ArticleIdList></Reference><Reference><Citation>Scott F., Wilson P., Conejeros R., Vassiliadis V. S. Simulation and optimization of dynamic flux balance analysis models using an interior point method reformulation. Computers &amp; Chemical Engineering . 2018;119:152&#x2013;170. doi: 10.1016/j.compchemeng.2018.08.041.</Citation><ArticleIdList><ArticleId IdType="doi">10.1016/j.compchemeng.2018.08.041</ArticleId></ArticleIdList></Reference></ReferenceList></PubmedData></PubmedArticle></PubmedArticleSet>