<?xml version="1.0" ?>
<!DOCTYPE PubmedArticleSet PUBLIC "-//NLM//DTD PubMedArticle, 1st January 2023//EN" "https://dtd.nlm.nih.gov/ncbi/pubmed/out/pubmed_230101.dtd">
<PubmedArticleSet>
<PubmedArticle><MedlineCitation Status="PubMed-not-MEDLINE" Owner="NLM"><PMID Version="1">35178398</PMID><DateRevised><Year>2022</Year><Month>02</Month><Day>18</Day></DateRevised><Article PubModel="Electronic-eCollection"><Journal><ISSN IssnType="Print">2296-634X</ISSN><JournalIssue CitedMedium="Print"><Volume>9</Volume><PubDate><Year>2021</Year></PubDate></JournalIssue><Title>Frontiers in cell and developmental biology</Title><ISOAbbreviation>Front Cell Dev Biol</ISOAbbreviation></Journal><ArticleTitle>Corrigendum: Stem Cell Therapy in Dengue Virus-Infected BALB/C Mice Improves Hepatic Injury.</ArticleTitle><Pagination><StartPage>800659</StartPage><MedlinePgn>800659</MedlinePgn></Pagination><ELocationID EIdType="pii" ValidYN="Y">800659</ELocationID><ELocationID EIdType="doi" ValidYN="Y">10.3389/fcell.2021.800659</ELocationID><Abstract><AbstractText>[This corrects the article DOI: 10.3389/fcell.2021.637270.].</AbstractText><CopyrightInformation>Copyright &#xa9; 2022 Sakinah, Priya, Mok, Munisvaradass, Teh, Sun, Alzahrani, Bakar, Chee, Hamat, He, Xiong, Joseph, Tong, Wu, Maniam, Samrot, Higuchi and Kumar.</CopyrightInformation></Abstract><AuthorList CompleteYN="Y"><Author ValidYN="Y"><LastName>Sakinah</LastName><ForeName>S</ForeName><Initials>S</Initials><AffiliationInfo><Affiliation>Department of Medical Microbiology, Faculty of Medicine and Health Sciences, Universiti Putra Malaysia, Seri Kembangan, Malaysia.</Affiliation></AffiliationInfo></Author><Author ValidYN="Y"><LastName>Priya</LastName><ForeName>Sivan Padma</ForeName><Initials>SP</Initials><AffiliationInfo><Affiliation>Department of Medical Microbiology, Faculty of Medicine and Health Sciences, Universiti Putra Malaysia, Seri Kembangan, Malaysia.</Affiliation></AffiliationInfo></Author><Author ValidYN="Y"><LastName>Mok</LastName><ForeName>Pooi Ling</ForeName><Initials>PL</Initials><AffiliationInfo><Affiliation>Department of Clinical Laboratory Sciences, College of Applied Medical Sciences, Jouf University, Sakakah, Saudi Arabia.</Affiliation></AffiliationInfo><AffiliationInfo><Affiliation>Department of Biomedical Sciences, Faculty of Medicine and Health Sciences, Universiti Putra Malaysia, Seri Kembangan, Malaysia.</Affiliation></AffiliationInfo></Author><Author ValidYN="Y"><LastName>Munisvaradass</LastName><ForeName>Rusheni</ForeName><Initials>R</Initials><AffiliationInfo><Affiliation>Department of Biomedical Sciences, Faculty of Medicine and Health Sciences, Universiti Putra Malaysia, Seri Kembangan, Malaysia.</Affiliation></AffiliationInfo></Author><Author ValidYN="Y"><LastName>Teh</LastName><ForeName>Seoh Wei</ForeName><Initials>SW</Initials><AffiliationInfo><Affiliation>Department of Medical Microbiology, Faculty of Medicine and Health Sciences, Universiti Putra Malaysia, Seri Kembangan, Malaysia.</Affiliation></AffiliationInfo></Author><Author ValidYN="Y"><LastName>Sun</LastName><ForeName>Zhong</ForeName><Initials>Z</Initials><AffiliationInfo><Affiliation>Department of Biomedical Sciences, Faculty of Medicine and Health Sciences, Universiti Putra Malaysia, Seri Kembangan, Malaysia.</Affiliation></AffiliationInfo></Author><Author ValidYN="Y"><LastName>Alzahrani</LastName><ForeName>Badr</ForeName><Initials>B</Initials><AffiliationInfo><Affiliation>Department of Clinical Laboratory Sciences, College of Applied Medical Sciences, Jouf University, Sakakah, Saudi Arabia.</Affiliation></AffiliationInfo></Author><Author ValidYN="Y"><LastName>Bakar</LastName><ForeName>Faizal Abu</ForeName><Initials>FA</Initials><AffiliationInfo><Affiliation>Bioinformatics and Computational Biology, Malaysia Genome Institute, National Institute of Biotechnology Malaysia (NIBM), Kajang, Malaysia.</Affiliation></AffiliationInfo></Author><Author ValidYN="Y"><LastName>Chee</LastName><ForeName>Hui-Yee</ForeName><Initials>HY</Initials><AffiliationInfo><Affiliation>Department of Medical Microbiology, Faculty of Medicine and Health Sciences, Universiti Putra Malaysia, Seri Kembangan, Malaysia.</Affiliation></AffiliationInfo></Author><Author ValidYN="Y"><LastName>Hamat</LastName><ForeName>Rukman Awang</ForeName><Initials>RA</Initials><AffiliationInfo><Affiliation>Department of Medical Microbiology, Faculty of Medicine and Health Sciences, Universiti Putra Malaysia, Seri Kembangan, Malaysia.</Affiliation></AffiliationInfo></Author><Author ValidYN="Y"><LastName>He</LastName><ForeName>Guozhong</ForeName><Initials>G</Initials><AffiliationInfo><Affiliation>Institute of Health, Kunming Medical University, Kunming, China.</Affiliation></AffiliationInfo></Author><Author ValidYN="Y"><LastName>Xiong</LastName><ForeName>Chenglong</ForeName><Initials>C</Initials><AffiliationInfo><Affiliation>Department of Medical Microbiology, School of Public Health, Fudan University, Shanghai, China.</Affiliation></AffiliationInfo></Author><Author ValidYN="Y"><LastName>Joseph</LastName><ForeName>Narcisse</ForeName><Initials>N</Initials><AffiliationInfo><Affiliation>Department of Medical Microbiology, Faculty of Medicine and Health Sciences, Universiti Putra Malaysia, Seri Kembangan, Malaysia.</Affiliation></AffiliationInfo></Author><Author ValidYN="Y"><LastName>Tong</LastName><ForeName>Jia Bei</ForeName><Initials>JB</Initials><AffiliationInfo><Affiliation>Department of Medical Microbiology, Faculty of Medicine and Health Sciences, Universiti Putra Malaysia, Seri Kembangan, Malaysia.</Affiliation></AffiliationInfo></Author><Author ValidYN="Y"><LastName>Wu</LastName><ForeName>Xiaoyun</ForeName><Initials>X</Initials><AffiliationInfo><Affiliation>First Affiliated Hospital of Baotou Medical College, Inner Mongolia University of Science and Technology, Baotou, China.</Affiliation></AffiliationInfo></Author><Author ValidYN="Y"><LastName>Maniam</LastName><ForeName>Mahendran</ForeName><Initials>M</Initials><AffiliationInfo><Affiliation>Sultan Idris Education University, Tanjong Malim, Malaysia.</Affiliation></AffiliationInfo></Author><Author ValidYN="Y"><LastName>Samrot</LastName><ForeName>Antony V</ForeName><Initials>AV</Initials><AffiliationInfo><Affiliation>School of Bioscience, Faculty of Medicine, Bioscience and Nursing, MAHSA University, Jenjarom, Malaysia.</Affiliation></AffiliationInfo></Author><Author ValidYN="Y"><LastName>Higuchi</LastName><ForeName>Akon</ForeName><Initials>A</Initials><AffiliationInfo><Affiliation>Department of Chemical and Materials Engineering, National Central University, Taoyuan City, Taiwan.</Affiliation></AffiliationInfo><AffiliationInfo><Affiliation>R&amp;D Center for Membrane Technology, Chung Yuan Christian University, Taoyuan City, Taiwan.</Affiliation></AffiliationInfo></Author><Author ValidYN="Y"><LastName>Kumar</LastName><ForeName>S Suresh</ForeName><Initials>SS</Initials><AffiliationInfo><Affiliation>Department of Medical Microbiology, Faculty of Medicine and Health Sciences, Universiti Putra Malaysia, Seri Kembangan, Malaysia.</Affiliation></AffiliationInfo><AffiliationInfo><Affiliation>Centre for Materials Engineering and Regenerative Medicine, Bharath Institute of Higher Education and Research, Chennai, India.</Affiliation></AffiliationInfo></Author></AuthorList><Language>eng</Language><PublicationTypeList><PublicationType UI="D016425">Published Erratum</PublicationType></PublicationTypeList><ArticleDate DateType="Electronic"><Year>2022</Year><Month>02</Month><Day>01</Day></ArticleDate></Article><MedlineJournalInfo><Country>Switzerland</Country><MedlineTA>Front Cell Dev Biol</MedlineTA><NlmUniqueID>101630250</NlmUniqueID><ISSNLinking>2296-634X</ISSNLinking></MedlineJournalInfo><CommentsCorrectionsList><CommentsCorrections RefType="ErratumFor"><RefSource>Front Cell Dev Biol. 2021 Jul 05;9:637270</RefSource><PMID Version="1">34291043</PMID></CommentsCorrections></CommentsCorrectionsList><KeywordList Owner="NOTNLM"><Keyword MajorTopicYN="N">DENV 2</Keyword><Keyword MajorTopicYN="N">dengue infection</Keyword><Keyword MajorTopicYN="N">hepatology</Keyword><Keyword MajorTopicYN="N">next-generation sequencing</Keyword><Keyword MajorTopicYN="N">stem cell therapy</Keyword></KeywordList><CoiStatement>The authors declare that the research was conducted in the absence of any commercial or financial relationships that could be construed as a potential conflict of interest. The reviewer RR declared a shared affiliation, with no collaboration, with one of the authors, AH, to the handling editor at the time of the review.</CoiStatement></MedlineCitation><PubmedData><History><PubMedPubDate PubStatus="received"><Year>2021</Year><Month>10</Month><Day>23</Day></PubMedPubDate><PubMedPubDate PubStatus="accepted"><Year>2021</Year><Month>11</Month><Day>3</Day></PubMedPubDate><PubMedPubDate PubStatus="entrez"><Year>2022</Year><Month>2</Month><Day>18</Day><Hour>5</Hour><Minute>51</Minute></PubMedPubDate><PubMedPubDate PubStatus="pubmed"><Year>2022</Year><Month>2</Month><Day>19</Day><Hour>6</Hour><Minute>0</Minute></PubMedPubDate><PubMedPubDate PubStatus="medline"><Year>2022</Year><Month>2</Month><Day>19</Day><Hour>6</Hour><Minute>1</Minute></PubMedPubDate></History><PublicationStatus>epublish</PublicationStatus><ArticleIdList><ArticleId IdType="pubmed">35178398</ArticleId><ArticleId IdType="pmc">PMC8846376</ArticleId><ArticleId IdType="doi">10.3389/fcell.2021.800659</ArticleId><ArticleId IdType="pii">800659</ArticleId></ArticleIdList></PubmedData></PubmedArticle></PubmedArticleSet>