<?xml version="1.0" ?>
<!DOCTYPE PubmedArticleSet PUBLIC "-//NLM//DTD PubMedArticle, 1st January 2023//EN" "https://dtd.nlm.nih.gov/ncbi/pubmed/out/pubmed_230101.dtd">
<PubmedArticleSet>
<PubmedArticle><MedlineCitation Status="MEDLINE" Owner="NLM" IndexingMethod="Automated"><PMID Version="1">35188837</PMID><DateCompleted><Year>2022</Year><Month>11</Month><Day>15</Day></DateCompleted><DateRevised><Year>2022</Year><Month>11</Month><Day>15</Day></DateRevised><Article PubModel="Print-Electronic"><Journal><ISSN IssnType="Electronic">1476-8259</ISSN><JournalIssue CitedMedium="Internet"><Volume>25</Volume><Issue>16</Issue><PubDate><Year>2022</Year><Month>Dec</Month></PubDate></JournalIssue><Title>Computer methods in biomechanics and biomedical engineering</Title><ISOAbbreviation>Comput Methods Biomech Biomed Engin</ISOAbbreviation></Journal><ArticleTitle>A computational framework to solve the nonlinear dengue fever SIR system.</ArticleTitle><Pagination><StartPage>1821</StartPage><EndPage>1834</EndPage><MedlinePgn>1821-1834</MedlinePgn></Pagination><ELocationID EIdType="doi" ValidYN="Y">10.1080/10255842.2022.2039640</ELocationID><Abstract><AbstractText>This study is relevant to present the numerical form of the nonlinear dengue fever SIR system are presented using the artificial neural networks along with the Levenberg-Marquardt backpropagation technique, i.e. ANNs-LMB. The procedures of ANNs-LMB are applied with three different sample data scales based on testing, training and authentication. The statistics to solve three cases of the nonlinear dengue fever based on susceptible, infected and recovered system are selected with 75%, 15% and 10% for training, validation and testing, respectively. To find the numerical results of the nonlinear dengue fever system, the reference dataset is designed on the basis of Adams scheme for the numerical solution. The numerical results based on the nonlinear dengue fever system are obtained through the ANNs-LMB to reduce the mean square error. In order to check the exactness, reliability, effectiveness and competence of the proposed ANNs-LMB, the numerical outcomes are proficient to the proportional measures using the topographies of the fitness attained in mean squared error sense, correlation, error histograms and regression.</AbstractText></Abstract><AuthorList CompleteYN="Y"><Author ValidYN="Y"><LastName>Umar</LastName><ForeName>Muhammad</ForeName><Initials>M</Initials><AffiliationInfo><Affiliation>Department of Mathematics and Statistics, Hazara University, Mansehra, Pakistan.</Affiliation></AffiliationInfo></Author><Author ValidYN="Y"><LastName>Kusen</LastName><AffiliationInfo><Affiliation>Department of Islamic Religious Education, Institut Agama Islam Negeri Curup, Bengkulu, Indonesia.</Affiliation></AffiliationInfo></Author><Author ValidYN="Y"><LastName>Raja</LastName><ForeName>Muhammad Asif Zahoor</ForeName><Initials>MAZ</Initials><AffiliationInfo><Affiliation>Future Technology Research Center, National Yunlin University of Science and Technology, Douliou, Taiwan.</Affiliation></AffiliationInfo></Author><Author ValidYN="Y"><LastName>Sabir</LastName><ForeName>Zulqurnain</ForeName><Initials>Z</Initials><AffiliationInfo><Affiliation>Department of Mathematics and Statistics, Hazara University, Mansehra, Pakistan.</Affiliation></AffiliationInfo></Author><Author ValidYN="Y"><LastName>Al-Mdallal</LastName><ForeName>Qasem</ForeName><Initials>Q</Initials><AffiliationInfo><Affiliation>Department of Mathematical Sciences, United Arab Emirates University, Al Ain, UAE.</Affiliation></AffiliationInfo></Author></AuthorList><Language>eng</Language><PublicationTypeList><PublicationType UI="D016428">Journal Article</PublicationType></PublicationTypeList><ArticleDate DateType="Electronic"><Year>2022</Year><Month>02</Month><Day>21</Day></ArticleDate></Article><MedlineJournalInfo><Country>England</Country><MedlineTA>Comput Methods Biomech Biomed Engin</MedlineTA><NlmUniqueID>9802899</NlmUniqueID><ISSNLinking>1025-5842</ISSNLinking></MedlineJournalInfo><CitationSubset>IM</CitationSubset><MeshHeadingList><MeshHeading><DescriptorName UI="D006801" MajorTopicYN="N">Humans</DescriptorName></MeshHeading><MeshHeading><DescriptorName UI="D015203" MajorTopicYN="N">Reproducibility of Results</DescriptorName></MeshHeading><MeshHeading><DescriptorName UI="D016571" MajorTopicYN="Y">Neural Networks, Computer</DescriptorName></MeshHeading><MeshHeading><DescriptorName UI="D003715" MajorTopicYN="Y">Dengue</DescriptorName></MeshHeading></MeshHeadingList><KeywordList Owner="NOTNLM"><Keyword MajorTopicYN="N">Levenberg-Marquardt backpropagation</Keyword><Keyword MajorTopicYN="N">Nonlinear dengue fever</Keyword><Keyword MajorTopicYN="N">SIR system</Keyword><Keyword MajorTopicYN="N">numerical measures</Keyword><Keyword MajorTopicYN="N">reference dataset</Keyword></KeywordList></MedlineCitation><PubmedData><History><PubMedPubDate PubStatus="pubmed"><Year>2022</Year><Month>2</Month><Day>22</Day><Hour>6</Hour><Minute>0</Minute></PubMedPubDate><PubMedPubDate PubStatus="medline"><Year>2022</Year><Month>11</Month><Day>16</Day><Hour>6</Hour><Minute>0</Minute></PubMedPubDate><PubMedPubDate PubStatus="entrez"><Year>2022</Year><Month>2</Month><Day>21</Day><Hour>17</Hour><Minute>9</Minute></PubMedPubDate></History><PublicationStatus>ppublish</PublicationStatus><ArticleIdList><ArticleId IdType="pubmed">35188837</ArticleId><ArticleId IdType="doi">10.1080/10255842.2022.2039640</ArticleId></ArticleIdList></PubmedData></PubmedArticle></PubmedArticleSet>