<?xml version="1.0" ?>
<!DOCTYPE PubmedArticleSet PUBLIC "-//NLM//DTD PubMedArticle, 1st January 2023//EN" "https://dtd.nlm.nih.gov/ncbi/pubmed/out/pubmed_230101.dtd">
<PubmedArticleSet>
<PubmedArticle><MedlineCitation Status="MEDLINE" Owner="NLM" IndexingMethod="Automated"><PMID Version="1">35223554</PMID><DateCompleted><Year>2022</Year><Month>04</Month><Day>06</Day></DateCompleted><DateRevised><Year>2022</Year><Month>04</Month><Day>06</Day></DateRevised><Article PubModel="Electronic-eCollection"><Journal><ISSN IssnType="Electronic">2235-2988</ISSN><JournalIssue CitedMedium="Internet"><Volume>12</Volume><PubDate><Year>2022</Year></PubDate></JournalIssue><Title>Frontiers in cellular and infection microbiology</Title><ISOAbbreviation>Front Cell Infect Microbiol</ISOAbbreviation></Journal><ArticleTitle>Assessment of the Risk of Severe Dengue Using Intrahost Viral Population in Dengue Virus Serotype 2 Patients <i>via</i> Machine Learning.</ArticleTitle><Pagination><StartPage>831281</StartPage><MedlinePgn>831281</MedlinePgn></Pagination><ELocationID EIdType="pii" ValidYN="Y">831281</ELocationID><ELocationID EIdType="doi" ValidYN="Y">10.3389/fcimb.2022.831281</ELocationID><Abstract><AbstractText>Dengue virus, a positive-sense single-stranded RNA virus, continuously threatens human health. Although several criteria for evaluation of severe dengue have been recently established, the ability to prognose the risk of severe outcomes for dengue patients remains limited. Mutant spectra of RNA viruses, including single nucleotide variants (SNVs) and defective virus genomes (DVGs), contribute to viral virulence and growth. Here, we determine the potency of intrahost viral population in dengue patients with primary infection that progresses into severe dengue. A total of 65 dengue virus serotype 2 infected patients in primary infection including 17 severe cases were enrolled. We utilized deep sequencing to directly define the frequency of SNVs and detection times of DVGs in sera of dengue patients and analyzed their associations with severe dengue. Among the detected SNVs and DVGs, the frequencies of 9 SNVs and the detection time of 1 DVG exhibited statistically significant differences between patients with dengue fever and those with severe dengue. By utilizing the detected frequencies/times of the selected SNVs/DVG as features, the machine learning model showed high average with a value of area under the receiver operating characteristic curve (AUROC, 0.966 &#xb1; 0.064). The elevation of the frequency of SNVs at E (nucleotide position 995 and 2216), NS2A (nucleotide position 4105), NS3 (nucleotide position 4536, 4606), and NS5 protein (nucleotide position 7643 and 10067) and the detection times of the selected DVG that had a deletion junction in the E protein region (nucleotide positions of the junction: between 969 and 1022) increased the possibility of dengue patients for severe dengue. In summary, we demonstrated the detected frequencies/times of SNVs/DVG in dengue patients associated with severe disease and successfully utilized them to discriminate severe patients using machine learning algorithm. The identified SNVs and DVGs that are associated with severe dengue will expand our understanding of intrahost viral population in dengue pathogenesis.</AbstractText><CopyrightInformation>Copyright &#xa9; 2022 Hung, Tsai, Wang, Ko, Wang and Huang.</CopyrightInformation></Abstract><AuthorList CompleteYN="Y"><Author ValidYN="Y"><LastName>Hung</LastName><ForeName>Su-Jhen</ForeName><Initials>SJ</Initials><AffiliationInfo><Affiliation>National Mosquito-Borne Diseases Control Research Center, National Health Research Institutes, Tainan, Taiwan.</Affiliation></AffiliationInfo></Author><Author ValidYN="Y"><LastName>Tsai</LastName><ForeName>Huey-Pin</ForeName><Initials>HP</Initials><AffiliationInfo><Affiliation>Department of Pathology, National Cheng Kung University Hospital, College of Medicine, National Cheng Kung University, Tainan, Taiwan.</Affiliation></AffiliationInfo><AffiliationInfo><Affiliation>Department of Medical Laboratory Science and Biotechnology, College of Medicine, National Cheng Kung University, Tainan, Taiwan.</Affiliation></AffiliationInfo></Author><Author ValidYN="Y"><LastName>Wang</LastName><ForeName>Ya-Fang</ForeName><Initials>YF</Initials><AffiliationInfo><Affiliation>National Institute of Infectious Diseases and Vaccinology, National Health Research Institutes, Tainan, Taiwan.</Affiliation></AffiliationInfo></Author><Author ValidYN="Y"><LastName>Ko</LastName><ForeName>Wen-Chien</ForeName><Initials>WC</Initials><AffiliationInfo><Affiliation>Department of Internal Medicine, National Cheng Kung University Hospital, College of Medicine, National Cheng Kung University, Tainan, Taiwan.</Affiliation></AffiliationInfo><AffiliationInfo><Affiliation>Department of Medicine, College of Medicine, National Cheng Kung University, Tainan, Taiwan.</Affiliation></AffiliationInfo></Author><Author ValidYN="Y"><LastName>Wang</LastName><ForeName>Jen-Ren</ForeName><Initials>JR</Initials><AffiliationInfo><Affiliation>Department of Pathology, National Cheng Kung University Hospital, College of Medicine, National Cheng Kung University, Tainan, Taiwan.</Affiliation></AffiliationInfo><AffiliationInfo><Affiliation>Department of Medical Laboratory Science and Biotechnology, College of Medicine, National Cheng Kung University, Tainan, Taiwan.</Affiliation></AffiliationInfo><AffiliationInfo><Affiliation>National Institute of Infectious Diseases and Vaccinology, National Health Research Institutes, Tainan, Taiwan.</Affiliation></AffiliationInfo><AffiliationInfo><Affiliation>Center of Infectious Disease and Signaling Research, National Cheng Kung University, Tainan, Taiwan.</Affiliation></AffiliationInfo></Author><Author ValidYN="Y"><LastName>Huang</LastName><ForeName>Sheng-Wen</ForeName><Initials>SW</Initials><AffiliationInfo><Affiliation>National Mosquito-Borne Diseases Control Research Center, National Health Research Institutes, Tainan, Taiwan.</Affiliation></AffiliationInfo></Author></AuthorList><Language>eng</Language><PublicationTypeList><PublicationType UI="D016428">Journal Article</PublicationType><PublicationType UI="D013485">Research Support, Non-U.S. Gov't</PublicationType></PublicationTypeList><ArticleDate DateType="Electronic"><Year>2022</Year><Month>02</Month><Day>10</Day></ArticleDate></Article><MedlineJournalInfo><Country>Switzerland</Country><MedlineTA>Front Cell Infect Microbiol</MedlineTA><NlmUniqueID>101585359</NlmUniqueID><ISSNLinking>2235-2988</ISSNLinking></MedlineJournalInfo><CitationSubset>IM</CitationSubset><MeshHeadingList><MeshHeading><DescriptorName UI="D003716" MajorTopicYN="Y">Dengue Virus</DescriptorName><QualifierName UI="Q000235" MajorTopicYN="N">genetics</QualifierName></MeshHeading><MeshHeading><DescriptorName UI="D016679" MajorTopicYN="N">Genome, Viral</DescriptorName></MeshHeading><MeshHeading><DescriptorName UI="D006801" MajorTopicYN="N">Humans</DescriptorName></MeshHeading><MeshHeading><DescriptorName UI="D000069550" MajorTopicYN="N">Machine Learning</DescriptorName></MeshHeading><MeshHeading><DescriptorName UI="D065288" MajorTopicYN="N">Serogroup</DescriptorName></MeshHeading><MeshHeading><DescriptorName UI="D019595" MajorTopicYN="Y">Severe Dengue</DescriptorName><QualifierName UI="Q000235" MajorTopicYN="N">genetics</QualifierName></MeshHeading></MeshHeadingList><KeywordList Owner="NOTNLM"><Keyword MajorTopicYN="N">defective viral genomes</Keyword><Keyword MajorTopicYN="N">dengue virus</Keyword><Keyword MajorTopicYN="N">machine learning</Keyword><Keyword MajorTopicYN="N">severity</Keyword><Keyword MajorTopicYN="N">single nucleotide variants</Keyword></KeywordList><CoiStatement>The authors declare that the research was conducted in the absence of any commercial or financial relationships that could be construed as a potential conflict of interest.</CoiStatement></MedlineCitation><PubmedData><History><PubMedPubDate PubStatus="received"><Year>2021</Year><Month>12</Month><Day>8</Day></PubMedPubDate><PubMedPubDate PubStatus="accepted"><Year>2022</Year><Month>1</Month><Day>10</Day></PubMedPubDate><PubMedPubDate PubStatus="entrez"><Year>2022</Year><Month>2</Month><Day>28</Day><Hour>5</Hour><Minute>38</Minute></PubMedPubDate><PubMedPubDate PubStatus="pubmed"><Year>2022</Year><Month>3</Month><Day>1</Day><Hour>6</Hour><Minute>0</Minute></PubMedPubDate><PubMedPubDate PubStatus="medline"><Year>2022</Year><Month>4</Month><Day>7</Day><Hour>6</Hour><Minute>0</Minute></PubMedPubDate></History><PublicationStatus>epublish</PublicationStatus><ArticleIdList><ArticleId IdType="pubmed">35223554</ArticleId><ArticleId IdType="pmc">PMC8866709</ArticleId><ArticleId IdType="doi">10.3389/fcimb.2022.831281</ArticleId></ArticleIdList><ReferenceList><Reference><Citation>Aaskov J., Buzacott K., Thu H. M., Lowry K., Holmes E. C. (2006). Long-Term Transmission of Defective RNA Viruses in Humans and Aedes Mosquitoes. Science 311, 236&#x2013;238. doi:&#xa0;10.1126/science.1115030</Citation><ArticleIdList><ArticleId IdType="doi">10.1126/science.1115030</ArticleId><ArticleId IdType="pubmed">16410525</ArticleId></ArticleIdList></Reference><Reference><Citation>Abadir A. P., Ali M. F., Karnes W., Samarasena J. B. (2020). Artificial Intelligence in Gastrointestinal Endoscopy. Clin. Endosc. 53, 132&#x2013;141. doi:&#xa0;10.5946/ce.2020.038</Citation><ArticleIdList><ArticleId IdType="doi">10.5946/ce.2020.038</ArticleId><ArticleId IdType="pmc">PMC7137570</ArticleId><ArticleId IdType="pubmed">32252506</ArticleId></ArticleIdList></Reference><Reference><Citation>Acevedo A., Brodsky L., Andino R. (2014). Mutational and Fitness Landscapes of an RNA Virus Revealed Through Population Sequencing. Nature 505, 686&#x2013;690. doi:&#xa0;10.1038/nature12861</Citation><ArticleIdList><ArticleId IdType="doi">10.1038/nature12861</ArticleId><ArticleId IdType="pmc">PMC4111796</ArticleId><ArticleId IdType="pubmed">24284629</ArticleId></ArticleIdList></Reference><Reference><Citation>Ajlan B. A., Alafif M. M., Alawi M. M., Akbar N. A., Aldigs E. K., Madani T. A. (2019). Assessment of the New World Health Organization&#x2019;s Dengue Classification for Predicting Severity of Illness and Level of Healthcare Required. PloS Negl. Trop. Dis. 13, e0007144. doi:&#xa0;10.1371/journal.pntd.0007144</Citation><ArticleIdList><ArticleId IdType="doi">10.1371/journal.pntd.0007144</ArticleId><ArticleId IdType="pmc">PMC6716674</ArticleId><ArticleId IdType="pubmed">31430283</ArticleId></ArticleIdList></Reference><Reference><Citation>
Akiba T. S., Sano S., Yanase T., Ohta T., Koyama M. (2019)Optuna: A Next-Generation Hyperparameter Optimization Framework. Available at: https://arxiv.org/abs/1907.10902.</Citation></Reference><Reference><Citation>Allonso D., Meneses M. D., Fernandes C. A., Ferreira D. F., Mohana-Borges R. (2014). Assessing Positivity and Circulating Levels of NS1 in Samples From a 2012 Dengue Outbreak in Rio De Janeiro, Brazil. PloS One 9, e113634. doi:&#xa0;10.1371/journal.pone.0113634</Citation><ArticleIdList><ArticleId IdType="doi">10.1371/journal.pone.0113634</ArticleId><ArticleId IdType="pmc">PMC4239100</ArticleId><ArticleId IdType="pubmed">25412084</ArticleId></ArticleIdList></Reference><Reference><Citation>Bhatt S., Gething P. W., Brady O. J., Messina J. P., Farlow A. W., Moyes C. L., et al. . (2013). The Global Distribution and Burden of Dengue. Nature 496, 504&#x2013;507. doi:&#xa0;10.1038/nature12060</Citation><ArticleIdList><ArticleId IdType="doi">10.1038/nature12060</ArticleId><ArticleId IdType="pmc">PMC3651993</ArticleId><ArticleId IdType="pubmed">23563266</ArticleId></ArticleIdList></Reference><Reference><Citation>Blank A., Dekker C. A. (1981). Ribonucleases of Human Serum, Urine, Cerebrospinal Fluid, and Leukocytes. Activity Staining Following Electrophoresis in Sodium Dodecyl Sulfate-Polyacrylamide Gels. Biochemistry 20, 2261&#x2013;2267. doi:&#xa0;10.1021/bi00511a030</Citation><ArticleIdList><ArticleId IdType="doi">10.1021/bi00511a030</ArticleId><ArticleId IdType="pubmed">7236597</ArticleId></ArticleIdList></Reference><Reference><Citation>Bolger A. M., Lohse M., Usadel B. (2014). Trimmomatic: A Flexible Trimmer for Illumina Sequence Data. Bioinformatics 30, 2114&#x2013;2120. doi:&#xa0;10.1093/bioinformatics/btu170</Citation><ArticleIdList><ArticleId IdType="doi">10.1093/bioinformatics/btu170</ArticleId><ArticleId IdType="pmc">PMC4103590</ArticleId><ArticleId IdType="pubmed">24695404</ArticleId></ArticleIdList></Reference><Reference><Citation>Butthep P., Chunhakan S., Yoksan S., Tangnararatchakit K., Chuansumrit A. (2012). Alteration of Cytokines and Chemokines During Febrile Episodes Associated With Endothelial Cell Damage and Plasma Leakage in Dengue Hemorrhagic Fever. Pediatr. Infect. Dis. J. 31, e232&#x2013;e238. doi:&#xa0;10.1097/INF.0b013e31826fd456</Citation><ArticleIdList><ArticleId IdType="doi">10.1097/INF.0b013e31826fd456</ArticleId><ArticleId IdType="pubmed">22926216</ArticleId></ArticleIdList></Reference><Reference><Citation>Chen T., Guestrin C. (2016). &#x201c;XGBoost: A Scalable Tree Boosting System,&#x201d; in Proceedings of the 22nd ACM SIGKDD International Conference on Knowledge Discovery and Data Mining (San Francisco, California, USA: Association for Computing Machinery; ). doi: 10.1145/2939672.2939785</Citation><ArticleIdList><ArticleId IdType="doi">10.1145/2939672.2939785</ArticleId></ArticleIdList></Reference><Reference><Citation>Chew M. F., Poh K. S., Poh C. L. (2017). Peptides as Therapeutic Agents for Dengue Virus. Int. J. Med. Sci. 14 (13), 1342&#x2013;1359. doi:&#xa0;10.7150/ijms.21875</Citation><ArticleIdList><ArticleId IdType="doi">10.7150/ijms.21875</ArticleId><ArticleId IdType="pmc">PMC5707751</ArticleId><ArticleId IdType="pubmed">29200948</ArticleId></ArticleIdList></Reference><Reference><Citation>Ciota A. T., Ehrbar D. J., Van Slyke G. A., Willsey G. G., Kramer L. D. (2012). Cooperative Interactions in the West Nile Virus Mutant Swarm. BMC Evol. Biol. 12, 58. doi:&#xa0;10.1186/1471-2148-12-58</Citation><ArticleIdList><ArticleId IdType="doi">10.1186/1471-2148-12-58</ArticleId><ArticleId IdType="pmc">PMC3358237</ArticleId><ArticleId IdType="pubmed">22541042</ArticleId></ArticleIdList></Reference><Reference><Citation>Coffey L. L., Beeharry Y., Borderia A. V., Blanc H., Vignuzzi M. (2011). Arbovirus High Fidelity Variant Loses Fitness in Mosquitoes and Mice. Proc. Natl. Acad. Sci. U.S.A. 108, 16038&#x2013;16043. doi:&#xa0;10.1073/pnas.1111650108</Citation><ArticleIdList><ArticleId IdType="doi">10.1073/pnas.1111650108</ArticleId><ArticleId IdType="pmc">PMC3179076</ArticleId><ArticleId IdType="pubmed">21896755</ArticleId></ArticleIdList></Reference><Reference><Citation>Davi C., Pastor A., Oliveira T., Neto F. B. L., Braga-Neto U., Bigham A. W., et al. . (2019). Severe Dengue Prognosis Using Human Genome Data and Machine Learning. IEEE Trans. Biomed. Eng. 66, 2861&#x2013;2868. doi:&#xa0;10.1109/TBME.2019.2897285</Citation><ArticleIdList><ArticleId IdType="doi">10.1109/TBME.2019.2897285</ArticleId><ArticleId IdType="pubmed">30716030</ArticleId></ArticleIdList></Reference><Reference><Citation>de Alwis R., Williams K. L., Schmid M. A., Lai C. Y., Patel B., Smith S. A., et al. . (2014). Dengue Viruses are Enhanced by Distinct Populations of Serotype Cross-Reactive Antibodies in Human Immune Sera. PloS Pathog. 10 (10), e1004386. doi:&#xa0;10.1371/journal.ppat.1004386</Citation><ArticleIdList><ArticleId IdType="doi">10.1371/journal.ppat.1004386</ArticleId><ArticleId IdType="pmc">PMC4183589</ArticleId><ArticleId IdType="pubmed">25275316</ArticleId></ArticleIdList></Reference><Reference><Citation>Dejnirattisai W., Jumnainsong A., Onsirisakul N., Fitton P., Vasanawathana S., Limpitikul W., et al. . (2010). Cross-Reacting Antibodies Enhance Dengue Virus Infection in Humans. Science 328 (5979), 745&#x2013;748. doi:&#xa0;10.1126/science.1185181</Citation><ArticleIdList><ArticleId IdType="doi">10.1126/science.1185181</ArticleId><ArticleId IdType="pmc">PMC3837288</ArticleId><ArticleId IdType="pubmed">20448183</ArticleId></ArticleIdList></Reference><Reference><Citation>de Mel S., Thilakawardana B. U., de Mel P., Clarice C. S. H., Shalindi M., de Mel C., et al. . (2020). Triple Positivity for Nonstructural Antigen 1, Immunoglobulin M and Immunoglobulin G is Predictive of Severe Thrombocytopaenia Related to Dengue Infection. J. Clin. Virol. 129, 104509. doi:&#xa0;10.1016/j.jcv.2020.104509</Citation><ArticleIdList><ArticleId IdType="doi">10.1016/j.jcv.2020.104509</ArticleId><ArticleId IdType="pubmed">32554305</ArticleId></ArticleIdList></Reference><Reference><Citation>Deo R. C. (2015). Machine Learning in Medicine. Circulation 132, 1920&#x2013;1930. doi:&#xa0;10.1161/CIRCULATIONAHA.115.001593</Citation><ArticleIdList><ArticleId IdType="doi">10.1161/CIRCULATIONAHA.115.001593</ArticleId><ArticleId IdType="pmc">PMC5831252</ArticleId><ArticleId IdType="pubmed">26572668</ArticleId></ArticleIdList></Reference><Reference><Citation>Dimmock N. J., Easton A. J. (2014). Defective Interfering Influenza Virus RNAs: Time to Reevaluate Their Clinical Potential as Broad-Spectrum Antivirals? J. Virol. 88, 5217&#x2013;5227. doi:&#xa0;10.1128/jvi.03193-13</Citation><ArticleIdList><ArticleId IdType="doi">10.1128/jvi.03193-13</ArticleId><ArticleId IdType="pmc">PMC4019098</ArticleId><ArticleId IdType="pubmed">24574404</ArticleId></ArticleIdList></Reference><Reference><Citation>Gopala Reddy S. B., Chin W. X., Shivananju N. S. (2018). Dengue Virus NS2 and NS4: Minor Proteins, Mammoth Roles. Biochem. Pharmacol. 154, 54&#x2013;63. doi:&#xa0;10.1016/j.bcp.2018.04.008</Citation><ArticleIdList><ArticleId IdType="doi">10.1016/j.bcp.2018.04.008</ArticleId><ArticleId IdType="pubmed">29674002</ArticleId></ArticleIdList></Reference><Reference><Citation>Grabherr M. G., Haas B. J., Yassour M., Levin J. Z., Thompson D. A., Amit I., et al. . (2011). Full-Length Transcriptome Assembly From RNA-Seq Data Without a Reference Genome. Nat. Biotechnol. 29, 644&#x2013;652. doi:&#xa0;10.1038/nbt.1883</Citation><ArticleIdList><ArticleId IdType="doi">10.1038/nbt.1883</ArticleId><ArticleId IdType="pmc">PMC3571712</ArticleId><ArticleId IdType="pubmed">21572440</ArticleId></ArticleIdList></Reference><Reference><Citation>Gubler D. J. (2002). The Global Emergence/Resurgence of Arboviral Diseases as Public Health Problems. Arch. Med. Res. 33, 330&#x2013;342. doi:&#xa0;10.1016/s0188-4409(02)00378-8</Citation><ArticleIdList><ArticleId IdType="doi">10.1016/s0188-4409(02)00378-8</ArticleId><ArticleId IdType="pubmed">12234522</ArticleId></ArticleIdList></Reference><Reference><Citation>Henderson B. R., Saeedi B. J., Campagnola G., Geiss B. J. (2011). Analysis of RNA Binding by the Dengue Virus NS5 RNA Capping Enzyme. PloS One 6 (10), e25795. doi:&#xa0;10.1371/journal.pone.0025795</Citation><ArticleIdList><ArticleId IdType="doi">10.1371/journal.pone.0025795</ArticleId><ArticleId IdType="pmc">PMC3192115</ArticleId><ArticleId IdType="pubmed">22022449</ArticleId></ArticleIdList></Reference><Reference><Citation>Hoang L. T., Lynn D. J., Henn M., Birren B. W., Lennon N. J., Le P. T., et al. . (2010). The Early Whole-Blood Transcriptional Signature of Dengue Virus and Features Associated With Progression to Dengue Shock Syndrome in Vietnamese Children and Young Adults. J. Virol. 84, 12982&#x2013;12994. doi:&#xa0;10.1128/JVI.01224-10</Citation><ArticleIdList><ArticleId IdType="doi">10.1128/JVI.01224-10</ArticleId><ArticleId IdType="pmc">PMC3004338</ArticleId><ArticleId IdType="pubmed">20943967</ArticleId></ArticleIdList></Reference><Reference><Citation>Ho T. H., Kew C., Lui P. Y., Chan C. P., Satoh T., Akira S., et al. . (2016). PACT- and RIG-I-Dependent Activation of Type I Interferon Production by a Defective Interfering RNA Derived From Measles Virus Vaccine. J. Virol. 90, 1557&#x2013;1568. doi:&#xa0;10.1128/JVI.02161-15</Citation><ArticleIdList><ArticleId IdType="doi">10.1128/JVI.02161-15</ArticleId><ArticleId IdType="pmc">PMC4719617</ArticleId><ArticleId IdType="pubmed">26608320</ArticleId></ArticleIdList></Reference><Reference><Citation>Ho T. S., Weng T. C., Wang J. D., Han H. C., Cheng H. C., Yang C. C., et al. . (2020). Comparing Machine Learning With Case-Control Models to Identify Confirmed Dengue Cases. PloS Negl. Trop. Dis. 14, e0008843. doi:&#xa0;10.1371/journal.pntd.0008843</Citation><ArticleIdList><ArticleId IdType="doi">10.1371/journal.pntd.0008843</ArticleId><ArticleId IdType="pmc">PMC7654779</ArticleId><ArticleId IdType="pubmed">33170848</ArticleId></ArticleIdList></Reference><Reference><Citation>Huang Y., Cheng W., Zhao N., Qu H., Tian J. (2020). CT Screening for Early Diagnosis of SARS-CoV-2 Infection. Lancet Infect. Dis. 20, 1010&#x2013;1011. doi:&#xa0;10.1016/s1473-3099(20)30241-3</Citation><ArticleIdList><ArticleId IdType="doi">10.1016/s1473-3099(20)30241-3</ArticleId><ArticleId IdType="pmc">PMC7195153</ArticleId><ArticleId IdType="pubmed">32222164</ArticleId></ArticleIdList></Reference><Reference><Citation>Huang S. W., Tsai H. P., Hung S. J., Ko W. C., Wang J. R. (2020). Assessing the Risk of Dengue Severity Using Demographic Information and Laboratory Test Results With Machine Learning. PloS Negl. Trop. Dis. 14, e0008960. doi:&#xa0;10.1371/journal.pntd.0008960</Citation><ArticleIdList><ArticleId IdType="doi">10.1371/journal.pntd.0008960</ArticleId><ArticleId IdType="pmc">PMC7757819</ArticleId><ArticleId IdType="pubmed">33362244</ArticleId></ArticleIdList></Reference><Reference><Citation>Hugle M., Omoumi P., van Laar J. M., Boedecker J., Hugle T. (2020). Applied Machine Learning and Artificial Intelligence in Rheumatology. Rheumatol. Adv. Pract. 4, rkaa005. doi:&#xa0;10.1093/rap/rkaa005</Citation><ArticleIdList><ArticleId IdType="doi">10.1093/rap/rkaa005</ArticleId><ArticleId IdType="pmc">PMC7151725</ArticleId><ArticleId IdType="pubmed">32296743</ArticleId></ArticleIdList></Reference><Reference><Citation>Hunsperger E. A., Munoz-Jordan J., Beltran M., Colon C., Carrion J., Vazquez J., et al. . (2016). Performance of Dengue Diagnostic Tests in a Single-Specimen Diagnostic Algorithm. J. Infect. Dis. 214, 836&#x2013;844. doi:&#xa0;10.1093/infdis/jiw103</Citation><ArticleIdList><ArticleId IdType="doi">10.1093/infdis/jiw103</ArticleId><ArticleId IdType="pubmed">26984143</ArticleId></ArticleIdList></Reference><Reference><Citation>Islam M. M., Poly T. N., Walther B. A., Yang H. C., Li Y. J. (2020). Artificial Intelligence in Ophthalmology: A Meta-Analysis of Deep Learning Models for Retinal Vessels Segmentation. J. Clin. Med. 9, 1018. doi:&#xa0;10.3390/jcm9041018</Citation><ArticleIdList><ArticleId IdType="doi">10.3390/jcm9041018</ArticleId><ArticleId IdType="pmc">PMC7231106</ArticleId><ArticleId IdType="pubmed">32260311</ArticleId></ArticleIdList></Reference><Reference><Citation>Jamal S., Khubaib M., Gangwar R., Grover S., Grover A., Hasnain S. E. (2020). Artificial Intelligence and Machine Learning Based Prediction of Resistant and Susceptible Mutations in Mycobacterium Tuberculosis. Sci. Rep. 10, 5487. doi:&#xa0;10.1038/s41598-020-62368-2</Citation><ArticleIdList><ArticleId IdType="doi">10.1038/s41598-020-62368-2</ArticleId><ArticleId IdType="pmc">PMC7099008</ArticleId><ArticleId IdType="pubmed">32218465</ArticleId></ArticleIdList></Reference><Reference><Citation>Jerzak G. V., Bernard K., Kramer L. D., Shi P. Y., Ebel G. D. (2007). The West Nile Virus Mutant Spectrum Is Host-Dependant and a Determinant of Mortality in Mice. Virology 360, 469&#x2013;476. doi:&#xa0;10.1016/j.virol.2006.10.029</Citation><ArticleIdList><ArticleId IdType="doi">10.1016/j.virol.2006.10.029</ArticleId><ArticleId IdType="pmc">PMC1934562</ArticleId><ArticleId IdType="pubmed">17134731</ArticleId></ArticleIdList></Reference><Reference><Citation>Khursheed M., Khan U. R., Ejaz K., Fayyaz J., Qamar I., Razzak J. A. (2013). A Comparison of WHO Guidelines Issued in 1997 and 2009 for Dengue Fever - Single Centre Experience. J. Pak. Med. Assoc. 63, 670&#x2013;674.</Citation><ArticleIdList><ArticleId IdType="pubmed">23901662</ArticleId></ArticleIdList></Reference><Reference><Citation>Kim D., Pertea G., Trapnell C., Pimentel H., Kelley R., Salzberg S. L. (2013). TopHat2: Accurate Alignment of Transcriptomes in the Presence of Insertions, Deletions and Gene Fusions. Genome. Biol. 14, R36. doi:&#xa0;10.1186/gb-2013-14-4-r36</Citation><ArticleIdList><ArticleId IdType="doi">10.1186/gb-2013-14-4-r36</ArticleId><ArticleId IdType="pmc">PMC4053844</ArticleId><ArticleId IdType="pubmed">23618408</ArticleId></ArticleIdList></Reference><Reference><Citation>Klein D. E., Choi J. L., Harrison S. C. (2013). Structure of a Dengue Virus Envelope Protein Late-Stage Fusion Intermediate. J. Virol. 87 (4), 2287&#x2013;2293. doi:&#xa0;10.1128/JVI.02957-12</Citation><ArticleIdList><ArticleId IdType="doi">10.1128/JVI.02957-12</ArticleId><ArticleId IdType="pmc">PMC3571469</ArticleId><ArticleId IdType="pubmed">23236058</ArticleId></ArticleIdList></Reference><Reference><Citation>Lauring A. S., Andino R. (2010). Quasispecies Theory and the Behavior of RNA Viruses. PloS Pathog. 6, e1001005. doi:&#xa0;10.1371/journal.ppat.1001005</Citation><ArticleIdList><ArticleId IdType="doi">10.1371/journal.ppat.1001005</ArticleId><ArticleId IdType="pmc">PMC2908548</ArticleId><ArticleId IdType="pubmed">20661479</ArticleId></ArticleIdList></Reference><Reference><Citation>Lee T., Lee H. (2020). Prediction of Alzheimer&#x2019;s Disease Using Blood Gene Expression Data. Sci. Rep. 10, 3485. doi:&#xa0;10.1038/s41598-020-60595-1</Citation><ArticleIdList><ArticleId IdType="doi">10.1038/s41598-020-60595-1</ArticleId><ArticleId IdType="pmc">PMC7044318</ArticleId><ArticleId IdType="pubmed">32103140</ArticleId></ArticleIdList></Reference><Reference><Citation>Lee Y. H., Leong W. Y., Wilder-Smith A. (2016). Markers of Dengue Severity: A Systematic Review of Cytokines and Chemokines. J. Gen. Virol. 97 (12), 3103&#x2013;3119. doi:&#xa0;10.1099/jgv.0.000637</Citation><ArticleIdList><ArticleId IdType="doi">10.1099/jgv.0.000637</ArticleId><ArticleId IdType="pubmed">27902364</ArticleId></ArticleIdList></Reference><Reference><Citation>Lei H. Y., Yeh T. M., Liu H. S., Lin Y. S., Chen S. H., Liu C. C. (2001). Immunopathogenesis of Dengue Virus Infection. J. Biomed. Sci. 8, 377&#x2013;388. doi:&#xa0;10.1007/BF02255946</Citation><ArticleIdList><ArticleId IdType="doi">10.1007/BF02255946</ArticleId><ArticleId IdType="pubmed">11549879</ArticleId></ArticleIdList></Reference><Reference><Citation>Lequime S., Fontaine A., Ar Gouilh M., Moltini-Conclois I., Lambrechts L. (2016). Genetic Drift, Purifying Selection and Vector Genotype Shape Dengue Virus Intra-Host Genetic Diversity in Mosquitoes. PloS Genet. 12, e1006111. doi:&#xa0;10.1371/journal.pgen.1006111</Citation><ArticleIdList><ArticleId IdType="doi">10.1371/journal.pgen.1006111</ArticleId><ArticleId IdType="pmc">PMC4909269</ArticleId><ArticleId IdType="pubmed">27304978</ArticleId></ArticleIdList></Reference><Reference><Citation>Liao B., Tang Y., Hu F., Zhou W., Yao X., Hong W., et al. . (2015). Serum Levels of Soluble Vascular Cell Adhesion Molecules may Correlate With the Severity of Dengue Virus-1 Infection in Adults. Emerg. Microbes Infect. 4, e24. doi:&#xa0;10.1038/emi.2015.24</Citation><ArticleIdList><ArticleId IdType="doi">10.1038/emi.2015.24</ArticleId><ArticleId IdType="pmc">PMC4575393</ArticleId><ArticleId IdType="pubmed">26421267</ArticleId></ArticleIdList></Reference><Reference><Citation>Li H., Durbin R. (2009). Fast and Accurate Short Read Alignment With Burrows-Wheeler Transform. Bioinformatics 25, 1754&#x2013;1760. doi:&#xa0;10.1093/bioinformatics/btp324</Citation><ArticleIdList><ArticleId IdType="doi">10.1093/bioinformatics/btp324</ArticleId><ArticleId IdType="pmc">PMC2705234</ArticleId><ArticleId IdType="pubmed">19451168</ArticleId></ArticleIdList></Reference><Reference><Citation>Li D., Lott W. B., Lowry K., Jones A., Thu H. M., Aaskov J. (2011). Defective Interfering Viral Particles in Acute Dengue Infections. PloS One 6, e19447. doi:&#xa0;10.1371/journal.pone.0019447</Citation><ArticleIdList><ArticleId IdType="doi">10.1371/journal.pone.0019447</ArticleId><ArticleId IdType="pmc">PMC3084866</ArticleId><ArticleId IdType="pubmed">21559384</ArticleId></ArticleIdList></Reference><Reference><Citation>Lindenbarch B.D.T., H. J., Rice C. M. (2007). Flaviviridae: Their Viruses and Their Replication (Philadelphia, PA, USA: Lippincott-Raven Publishers; ).</Citation></Reference><Reference><Citation>Linder A., Bothe V., Linder N., Schwarzlmueller P., Dahlstrom F., Bartenhagen C., et al. . (2021). Defective Interfering Genomes and the Full-Length Viral Genome Trigger RIG-I After Infection With Vesicular Stomatitis Virus in a Replication Dependent Manner. Front. Immunol. 12. doi:&#xa0;10.3389/fimmu.2021.595390</Citation><ArticleIdList><ArticleId IdType="doi">10.3389/fimmu.2021.595390</ArticleId><ArticleId IdType="pmc">PMC8119886</ArticleId><ArticleId IdType="pubmed">33995343</ArticleId></ArticleIdList></Reference><Reference><Citation>Li Q., Tong Y., Xu Y., Niu J., Zhong J. (2018). Genetic Analysis of Serum-Derived Defective Hepatitis C Virus Genomes Revealed Novel Viral Cis Elements for Virus Replication and Assembly. J. Virol. 92, e02182-17 doi:&#xa0;10.1128/JVI.02182-17</Citation><ArticleIdList><ArticleId IdType="doi">10.1128/JVI.02182-17</ArticleId><ArticleId IdType="pmc">PMC5972877</ArticleId><ArticleId IdType="pubmed">29367245</ArticleId></ArticleIdList></Reference><Reference><Citation>Lundberg S. M., Lee S. I. (2017). &#x201c;A Unified Approach to Interpreting Model Predictions,&#x201d; in Advances in Neural Information Processing Systems 30 (NIPS 2017). (Curran Associates Inc., 57 Morehouse Lane, Red Hook, NY, United States; ).</Citation></Reference><Reference><Citation>Luo D., Wei N., Doan D. N., Paradkar P. N., Chong Y., Davidson A. D., et al. . (2010). Flexibility Between the Protease and Helicase Domains of the Dengue Virus NS3 Protein Conferred by the Linker Region and its Functional Implications. J. Biol. Chem. 285 (24), 18817&#x2013;18827. doi:&#xa0;10.1074/jbc.M109.090936</Citation><ArticleIdList><ArticleId IdType="doi">10.1074/jbc.M109.090936</ArticleId><ArticleId IdType="pmc">PMC2881804</ArticleId><ArticleId IdType="pubmed">20375022</ArticleId></ArticleIdList></Reference><Reference><Citation>Majerova T., Novotny P., Krysova E., Konvalinka J. (2019). Exploiting the Unique Features of Zika and Dengue Proteases for Inhibitor Design. Biochimie 166, 132&#x2013;141. doi:&#xa0;10.1016/j.biochi.2019.05.004</Citation><ArticleIdList><ArticleId IdType="doi">10.1016/j.biochi.2019.05.004</ArticleId><ArticleId IdType="pubmed">31077760</ArticleId></ArticleIdList></Reference><Reference><Citation>Martinez-Cuellar C., Lovera D., Galeano F., Gatti L., Arbo A. (2020). Non-Structural Protein 1 (NS1) of Dengue Virus Detection Correlates With Severity in Primary But Not in Secondary Dengue Infection. J. Clin. Virol. 124, 104259. doi:&#xa0;10.1016/j.jcv.2020.104259</Citation><ArticleIdList><ArticleId IdType="doi">10.1016/j.jcv.2020.104259</ArticleId><ArticleId IdType="pubmed">31968278</ArticleId></ArticleIdList></Reference><Reference><Citation>Matranga C. B., Gladden-Young A., Qu J., Winnicki S., Nosamiefan D., Levin J. Z., et al. . (2016). Unbiased Deep Sequencing of RNA Viruses From Clinical Samples. J. Vis. Exp. 113, 54117. doi:&#xa0;10.3791/54117</Citation><ArticleIdList><ArticleId IdType="doi">10.3791/54117</ArticleId><ArticleId IdType="pmc">PMC4993327</ArticleId><ArticleId IdType="pubmed">27403729</ArticleId></ArticleIdList></Reference><Reference><Citation>Mekov E., Miravitlles M., Petkov R. (2020). Artificial Intelligence and Machine Learning in Respiratory Medicine. Expert. Rev. Respir. Med. 14, 559&#x2013;564. doi:&#xa0;10.1080/17476348.2020.1743181</Citation><ArticleIdList><ArticleId IdType="doi">10.1080/17476348.2020.1743181</ArticleId><ArticleId IdType="pubmed">32166988</ArticleId></ArticleIdList></Reference><Reference><Citation>Melo C., Navarro L. C., de Oliveira D. N., Guerreiro T. M., Lima E. O., Delafiori J., et al. . (2018). A Machine Learning Application Based in Random Forest for Integrating Mass Spectrometry-Based Metabolomic Data: A Simple Screening Method for Patients With Zika Virus. Front. Bioeng. Biotechnol. 6. doi:&#xa0;10.3389/fbioe.2018.00031</Citation><ArticleIdList><ArticleId IdType="doi">10.3389/fbioe.2018.00031</ArticleId><ArticleId IdType="pmc">PMC5904215</ArticleId><ArticleId IdType="pubmed">29696139</ArticleId></ArticleIdList></Reference><Reference><Citation>Milanez-Almeida P., Martins A. J., Germain R. N., Tsang J. S. (2020). Cancer Prognosis With Shallow Tumor RNA Sequencing. Nat. Med. 26, 188&#x2013;192. doi:&#xa0;10.1038/s41591-019-0729-3</Citation><ArticleIdList><ArticleId IdType="doi">10.1038/s41591-019-0729-3</ArticleId><ArticleId IdType="pubmed">32042193</ArticleId></ArticleIdList></Reference><Reference><Citation>Modis Y., Ogata S., Clements D., Harrison S. C. (2004). Structure of the Dengue Virus Envelope Protein After Membrane Fusion. Nature 427 (6972), 313&#x2013;319. doi:&#xa0;10.1038/nature02165</Citation><ArticleIdList><ArticleId IdType="doi">10.1038/nature02165</ArticleId><ArticleId IdType="pubmed">14737159</ArticleId></ArticleIdList></Reference><Reference><Citation>Nagori A., Dhingra L. S., Bhatnagar A., Lodha R., Sethi T. (2019). Predicting Hemodynamic Shock From Thermal Images Using Machine Learning. Sci. Rep. 9, 91. doi:&#xa0;10.1038/s41598-018-36586-8</Citation><ArticleIdList><ArticleId IdType="doi">10.1038/s41598-018-36586-8</ArticleId><ArticleId IdType="pmc">PMC6331545</ArticleId><ArticleId IdType="pubmed">30643187</ArticleId></ArticleIdList></Reference><Reference><Citation>Nanayakkara S., Fogarty S., Tremeer M., Ross K., Richards B., Bergmeir C., et al. . (2018). Characterising Risk of in-Hospital Mortality Following Cardiac Arrest Using Machine Learning: A Retrospective International Registry Study. PloS Med. 15, e1002709. doi:&#xa0;10.1371/journal.pmed.1002709</Citation><ArticleIdList><ArticleId IdType="doi">10.1371/journal.pmed.1002709</ArticleId><ArticleId IdType="pmc">PMC6267953</ArticleId><ArticleId IdType="pubmed">30500816</ArticleId></ArticleIdList></Reference><Reference><Citation>Nascimento I., Santos-Junior P., Aquino T. M., Araujo-Junior J. X., Silva-Junior E. F. D. (2021). Insights on Dengue and Zika NS5 RNA-Dependent RNA Polymerase (RdRp) Inhibitors. Eur. J. Med. Chem. 224, 113698. doi:&#xa0;10.1016/j.ejmech.2021.113698</Citation><ArticleIdList><ArticleId IdType="doi">10.1016/j.ejmech.2021.113698</ArticleId><ArticleId IdType="pubmed">34274831</ArticleId></ArticleIdList></Reference><Reference><Citation>Ogunrinade A. (1980). The Measurement of Blood Meal Size in Aedes Aegypti (L.). Afr. J. Med. Med. Sci. 9, 69&#x2013;71.</Citation><ArticleIdList><ArticleId IdType="pubmed">6282090</ArticleId></ArticleIdList></Reference><Reference><Citation>Ozer I., Cetin O., Gorur K., Temurtas F. (2021). Improved Machine Learning Performances With Transfer Learning to Predicting Need for Hospitalization in Arboviral Infections Against the Small Dataset. Neural. Comput. Appl. 33, 14975&#x2013;14989. doi:&#xa0;10.1007/s00521-021-06133-0</Citation><ArticleIdList><ArticleId IdType="doi">10.1007/s00521-021-06133-0</ArticleId><ArticleId IdType="pmc">PMC8169423</ArticleId><ArticleId IdType="pubmed">34092929</ArticleId></ArticleIdList></Reference><Reference><Citation>Parameswaran P., Wang C., Trivedi S. B., Eswarappa M., Montoya M., Balmaseda A., et al. . (2017). Intrahost Selection Pressures Drive Rapid Dengue Virus Microevolution in Acute Human Infections. Cell. Host. Microbe 22, 400&#x2013;410 e405. doi:&#xa0;10.1016/j.chom.2017.08.003</Citation><ArticleIdList><ArticleId IdType="doi">10.1016/j.chom.2017.08.003</ArticleId><ArticleId IdType="pmc">PMC5616187</ArticleId><ArticleId IdType="pubmed">28910637</ArticleId></ArticleIdList></Reference><Reference><Citation>Pedregosa F., Varoquaux G., Gramfort A., Michel V., Thirion B., Grisel O., et al. . (2011). Scikit-Learn: Machine Learning in Python. J. Mach. Learn. Res. 12, 2825&#x2013;2830.</Citation></Reference><Reference><Citation>Pesko K. N., Fitzpatrick K. A., Ryan E. M., Shi P. Y., Zhang B., Lennon N. J., et al. . (2012). Internally Deleted WNV Genomes Isolated From Exotic Birds in New Mexico: Function in Cells, Mosquitoes, and Mice. Virology 427, 10&#x2013;17. doi:&#xa0;10.1016/j.virol.2012.01.028</Citation><ArticleIdList><ArticleId IdType="doi">10.1016/j.virol.2012.01.028</ArticleId><ArticleId IdType="pmc">PMC3312038</ArticleId><ArticleId IdType="pubmed">22365325</ArticleId></ArticleIdList></Reference><Reference><Citation>Pilgrim M. (2009). Strings. In: Dive Into Python 3 (Apress; ). doi:&#xa0;10.1007/978-1-4302-2416-7_4</Citation><ArticleIdList><ArticleId IdType="doi">10.1007/978-1-4302-2416-7_4</ArticleId></ArticleIdList></Reference><Reference><Citation>Poirier E. Z., Goic B., Tome-Poderti L., Frangeul L., Boussier J., Gausson V., et al. . (2018). Dicer-2-Dependent Generation of Viral DNA From Defective Genomes of RNA Viruses Modulates Antiviral Immunity in Insects. Cell. Host. Microbe 23, 353&#x2013;365 e358. doi:&#xa0;10.1016/j.chom.2018.02.001</Citation><ArticleIdList><ArticleId IdType="doi">10.1016/j.chom.2018.02.001</ArticleId><ArticleId IdType="pmc">PMC5857290</ArticleId><ArticleId IdType="pubmed">29503180</ArticleId></ArticleIdList></Reference><Reference><Citation>Rathore A. P., Farouk F. S., St John A. L. (2020). Risk Factors and Biomarkers of Severe Dengue. Curr. Opin. Virol. 43, 1&#x2013;8. doi:&#xa0;10.1016/j.coviro.2020.06.008</Citation><ArticleIdList><ArticleId IdType="doi">10.1016/j.coviro.2020.06.008</ArticleId><ArticleId IdType="pubmed">32688269</ArticleId></ArticleIdList></Reference><Reference><Citation>Rezelj V. V., Carrau L., Merwaiss F., Levi L. I., Erazo D., Tran Q. D., et al. . (2021). Defective Viral Genomes as Therapeutic Interfering Particles Against Flavivirus Infection in Mammalian and Mosquito Hosts. Nat. Commun. 12, 2290. doi:&#xa0;10.1038/s41467-021-22341-7</Citation><ArticleIdList><ArticleId IdType="doi">10.1038/s41467-021-22341-7</ArticleId><ArticleId IdType="pmc">PMC8052367</ArticleId><ArticleId IdType="pubmed">33863888</ArticleId></ArticleIdList></Reference><Reference><Citation>Rivino L., Kumaran E. A., Jovanovic V., Nadua K., Teo E. W., Pang S. W., et al. . (2013). Differential Targeting of Viral Components by CD4+ Versus CD8+ T Lymphocytes in Dengue Virus Infection. J. Virol. 87 (5), 2693&#x2013;2706. doi:&#xa0;10.1128/JVI.02675-12</Citation><ArticleIdList><ArticleId IdType="doi">10.1128/JVI.02675-12</ArticleId><ArticleId IdType="pmc">PMC3571409</ArticleId><ArticleId IdType="pubmed">23255803</ArticleId></ArticleIdList></Reference><Reference><Citation>Robinson M., Einav S. (2020). Towards Predicting Progression to Severe Dengue. Trends Microbiol. 28 (6), 478&#x2013;486. doi:&#xa0;10.1016/j.tim.2019.12.003</Citation><ArticleIdList><ArticleId IdType="doi">10.1016/j.tim.2019.12.003</ArticleId><ArticleId IdType="pubmed">31982232</ArticleId></ArticleIdList></Reference><Reference><Citation>Roehrig J. T. (2003). Antigenic Structure of Flavivirus Proteins. Adv. Virus Res. 59, 141&#x2013;175. doi:&#xa0;10.1016/s0065-3527(03)59005-4</Citation><ArticleIdList><ArticleId IdType="doi">10.1016/s0065-3527(03)59005-4</ArticleId><ArticleId IdType="pubmed">14696329</ArticleId></ArticleIdList></Reference><Reference><Citation>Rozen-Gagnon K., Stapleford K. A., Mongelli V., Blanc H., Failloux A. B., Saleh M. C., et al. . (2014). Alphavirus Mutator Variants Present Host-Specific Defects and Attenuation in Mammalian and Insect Models. PloS Pathog. 10, e1003877. doi:&#xa0;10.1371/journal.ppat.1003877</Citation><ArticleIdList><ArticleId IdType="doi">10.1371/journal.ppat.1003877</ArticleId><ArticleId IdType="pmc">PMC3894214</ArticleId><ArticleId IdType="pubmed">24453971</ArticleId></ArticleIdList></Reference><Reference><Citation>Simmons C. P., Dong T., Chau N. V., Dung N. T., Chau T. N., Thao le T. T., et al. . (2005). Early T-Cell Responses to Dengue Virus Epitopes in Vietnamese Adults With Secondary Dengue Virus Infections. J. Virol. 79 (9), 5665&#x2013;5675. doi:&#xa0;10.1128/JVI.79.9.5665-5675.2005</Citation><ArticleIdList><ArticleId IdType="doi">10.1128/JVI.79.9.5665-5675.2005</ArticleId><ArticleId IdType="pmc">PMC1082776</ArticleId><ArticleId IdType="pubmed">15827181</ArticleId></ArticleIdList></Reference><Reference><Citation>Simon O., Williams T., Caballero P., Lopez-Ferber M. (2006). Dynamics of Deletion Genotypes in an Experimental Insect Virus Population. Proc. Biol. Sci. 273, 783&#x2013;790. doi:&#xa0;10.1098/rspb.2005.3394</Citation><ArticleIdList><ArticleId IdType="doi">10.1098/rspb.2005.3394</ArticleId><ArticleId IdType="pmc">PMC1560231</ArticleId><ArticleId IdType="pubmed">16618670</ArticleId></ArticleIdList></Reference><Reference><Citation>Sippy R., Farrell D. F., Lichtenstein D. A., Nightingale R., Harris M. A., Toth J., et al. . (2020). Severity Index for Suspected Arbovirus (SISA): Machine Learning for Accurate Prediction of Hospitalization in Subjects Suspected of Arboviral Infection. PloS Negl. Trop. Dis. 14, e0007969. doi:&#xa0;10.1371/journal.pntd.0007969</Citation><ArticleIdList><ArticleId IdType="doi">10.1371/journal.pntd.0007969</ArticleId><ArticleId IdType="pmc">PMC7046343</ArticleId><ArticleId IdType="pubmed">32059026</ArticleId></ArticleIdList></Reference><Reference><Citation>Sun Y., Jain D., Koziol-White C. J., Genoyer E., Gilbert M., Tapia K., et al. . (2015). Immunostimulatory Defective Viral Genomes From Respiratory Syncytial Virus Promote a Strong Innate Antiviral Response During Infection in Mice and Humans. PloS Pathog. 11, e1005122. doi:&#xa0;10.1371/journal.ppat.1005122</Citation><ArticleIdList><ArticleId IdType="doi">10.1371/journal.ppat.1005122</ArticleId><ArticleId IdType="pmc">PMC4559413</ArticleId><ArticleId IdType="pubmed">26336095</ArticleId></ArticleIdList></Reference><Reference><Citation>Tamura K., Stecher G., Kumar S. (2021). MEGA11: Molecular Evolutionary Genetics Analysis Version 11. Mol. Biol. Evol. 38, 3022&#x2013;3027. doi:&#xa0;10.1093/molbev/msab120</Citation><ArticleIdList><ArticleId IdType="doi">10.1093/molbev/msab120</ArticleId><ArticleId IdType="pmc">PMC8233496</ArticleId><ArticleId IdType="pubmed">33892491</ArticleId></ArticleIdList></Reference><Reference><Citation>Tapia K., Kim W. K., Sun Y., Mercado-Lopez X., Dunay E., Wise M., et al. . (2013). Defective Viral Genomes Arising In Vivo Provide Critical Danger Signals for the Triggering of Lung Antiviral Immunity. PloS Pathog. 9, e1003703. doi:&#xa0;10.1371/journal.ppat.1003703</Citation><ArticleIdList><ArticleId IdType="doi">10.1371/journal.ppat.1003703</ArticleId><ArticleId IdType="pmc">PMC3814336</ArticleId><ArticleId IdType="pubmed">24204261</ArticleId></ArticleIdList></Reference><Reference><Citation>Torres M. C., Lima de Mendonca M. C., Damasceno Dos Santos Rodrigues C., Fonseca V., Ribeiro M. S., Brandao A. P., et al. . (2021). Dengue Virus Serotype 2 Intrahost Diversity in Patients With Different Clinical Outcomes. Viruses 13, 349. doi:&#xa0;10.3390/v13020349</Citation><ArticleIdList><ArticleId IdType="doi">10.3390/v13020349</ArticleId><ArticleId IdType="pmc">PMC7926750</ArticleId><ArticleId IdType="pubmed">33672226</ArticleId></ArticleIdList></Reference><Reference><Citation>Tsai H. P., Tsai Y. Y., Lin I. T., Kuo P. H., Chang K. C., Chen J. C., et al. . (2016). Validation and Application of a Commercial Quantitative Real-Time Reverse Transcriptase-PCR Assay in Investigation of a Large Dengue Virus Outbreak in Southern Taiwan. PloS Negl. Trop. Dis. 10, e0005036. doi:&#xa0;10.1371/journal.pntd.0005036</Citation><ArticleIdList><ArticleId IdType="doi">10.1371/journal.pntd.0005036</ArticleId><ArticleId IdType="pmc">PMC5061319</ArticleId><ArticleId IdType="pubmed">27732593</ArticleId></ArticleIdList></Reference><Reference><Citation>Uchiyama Y., Nakashima M., Watanabe S., Miyajima M., Taguri M., Miyatake S., et al. . (2016). Ultra-Sensitive Droplet Digital PCR for Detecting a Low-Prevalence Somatic GNAQ Mutation in Sturge-Weber Syndrome. Sci. Rep. 6, 22985. doi:&#xa0;10.1038/srep22985</Citation><ArticleIdList><ArticleId IdType="doi">10.1038/srep22985</ArticleId><ArticleId IdType="pmc">PMC4783707</ArticleId><ArticleId IdType="pubmed">26957145</ArticleId></ArticleIdList></Reference><Reference><Citation>Vasilijevic J., Zamarreno N., Oliveros J. C., Rodriguez-Frandsen A., Gomez G., Rodriguez G., et al. . (2017). Reduced Accumulation of Defective Viral Genomes Contributes to Severe Outcome in Influenza Virus Infected Patients. PloS Pathog. 13, e1006650. doi:&#xa0;10.1371/journal.ppat.1006650</Citation><ArticleIdList><ArticleId IdType="doi">10.1371/journal.ppat.1006650</ArticleId><ArticleId IdType="pmc">PMC5638565</ArticleId><ArticleId IdType="pubmed">29023600</ArticleId></ArticleIdList></Reference><Reference><Citation>Wang W. K., Lin S. R., Lee C. M., King C. C., Chang S. C. (2002). Dengue Type 3 Virus in Plasma is a Population of Closely Related Genomes: Quasispecies. J. Virol. 76, 4662&#x2013;4665. doi:&#xa0;10.1128/jvi.76.9.4662-4665.2002</Citation><ArticleIdList><ArticleId IdType="doi">10.1128/jvi.76.9.4662-4665.2002</ArticleId><ArticleId IdType="pmc">PMC155095</ArticleId><ArticleId IdType="pubmed">11932434</ArticleId></ArticleIdList></Reference><Reference><Citation>Wang B., Thurmond S., Zhou K., Sanchez-Aparicio M. T., Fang J., Lu J., et al. . (2020). Structural Basis for STAT2 Suppression by Flavivirus NS5. Nat. Struct. Mol. Biol. 27 (10), 875&#x2013;885. doi:&#xa0;10.1038/s41594-020-0472-y</Citation><ArticleIdList><ArticleId IdType="doi">10.1038/s41594-020-0472-y</ArticleId><ArticleId IdType="pmc">PMC7554153</ArticleId><ArticleId IdType="pubmed">32778820</ArticleId></ArticleIdList></Reference><Reference><Citation>Wilm A., Aw P. P., Bertrand D., Yeo G. H., Ong S. H., Wong C. H., et al. . (2012). LoFreq: A Sequence-Quality Aware, Ultra-Sensitive Variant Caller for Uncovering Cell-Population Heterogeneity From High-Throughput Sequencing Datasets. Nucleic Acids Res. 40, 11189&#x2013;11201. doi:&#xa0;10.1093/nar/gks918</Citation><ArticleIdList><ArticleId IdType="doi">10.1093/nar/gks918</ArticleId><ArticleId IdType="pmc">PMC3526318</ArticleId><ArticleId IdType="pubmed">23066108</ArticleId></ArticleIdList></Reference><Reference><Citation>
World Health Organization  (2010) Working to Overcome the Global Impact of Neglected Tropical Diseases: First WHO Report on Neglected Tropical Diseases. Available at: https://apps.who.int/iris/handle/10665/44440 (Accessed November 18, 2021).</Citation></Reference><Reference><Citation>Yount J. S., Kraus T. A., Horvath C. M., Moran T. M., Lopez C. B. (2006). A Novel Role for Viral-Defective Interfering Particles in Enhancing Dendritic Cell Maturation. J. Immunol. 177, 4503&#x2013;4513. doi:&#xa0;10.4049/jimmunol.177.7.4503</Citation><ArticleIdList><ArticleId IdType="doi">10.4049/jimmunol.177.7.4503</ArticleId><ArticleId IdType="pubmed">16982887</ArticleId></ArticleIdList></Reference><Reference><Citation>Zhang X., Ge P., Yu X., Brannan J. M., Bi G., Zhang Q., et al. . (2013). Cryo-EM Structure of the Mature Dengue Virus at 3.5-A Resolution. Nat. Struct. Mol. Biol. 20 (1), 105&#x2013;110. doi:&#xa0;10.1038/nsmb.2463</Citation><ArticleIdList><ArticleId IdType="doi">10.1038/nsmb.2463</ArticleId><ArticleId IdType="pmc">PMC3593067</ArticleId><ArticleId IdType="pubmed">23241927</ArticleId></ArticleIdList></Reference></ReferenceList></PubmedData></PubmedArticle></PubmedArticleSet>