<?xml version="1.0" ?>
<!DOCTYPE PubmedArticleSet PUBLIC "-//NLM//DTD PubMedArticle, 1st January 2023//EN" "https://dtd.nlm.nih.gov/ncbi/pubmed/out/pubmed_230101.dtd">
<PubmedArticleSet>
<PubmedArticle><MedlineCitation Status="MEDLINE" Owner="NLM"><PMID Version="1">35226674</PMID><DateCompleted><Year>2022</Year><Month>03</Month><Day>11</Day></DateCompleted><DateRevised><Year>2022</Year><Month>03</Month><Day>11</Day></DateRevised><Article PubModel="Electronic-eCollection"><Journal><ISSN IssnType="Electronic">1935-2735</ISSN><JournalIssue CitedMedium="Internet"><Volume>16</Volume><Issue>2</Issue><PubDate><Year>2022</Year><Month>Feb</Month></PubDate></JournalIssue><Title>PLoS neglected tropical diseases</Title><ISOAbbreviation>PLoS Negl Trop Dis</ISOAbbreviation></Journal><ArticleTitle>Population-based assessment of factors influencing antibiotic prescribing for adults with dengue infection in Taiwan.</ArticleTitle><Pagination><StartPage>e0010198</StartPage><MedlinePgn>e0010198</MedlinePgn></Pagination><ELocationID EIdType="pii" ValidYN="Y">e0010198</ELocationID><ELocationID EIdType="doi" ValidYN="Y">10.1371/journal.pntd.0010198</ELocationID><Abstract><AbstractText Label="BACKGROUND">Antibiotic treatment for dengue is likely considerable and potentially avoidable but has not been well characterized. This study aimed to assess antibiotic prescribing for confirmed dengue cases in outpatient and inpatient settings and to identify associated patient, physician and contextual factors.</AbstractText><AbstractText Label="METHODS">57,301 adult dengue cases reported in Taiwan between 2008-2015 were analyzed. We assessed both outpatient and inpatient claims data of dengue patients from a week before to a week after their dengue infections were confirmed under Taiwan's National Health Insurance program. A multivariable logistic regression with generalized estimating equations was used to estimate the probability of antibiotic prescribing in dengue patients.</AbstractText><AbstractText Label="RESULTS">Overall, 24.6% of dengue patients were prescribed an antibiotic during the 14 day-assessment period. Antibiotics were prescribed in 6.1% and 30.1% of outpatient visits and inpatient admissions, respectively. Antibiotic prescriptions were reduced by ~50% in epidemic years. Among inpatients, advanced age, females, and major comorbidities were risk factors for receipt of an antibiotic; antibiotics were used in 26.0% of inpatients after dengue was diagnosed. Significant differences in antibiotic prescribing practices were observed among physicians in outpatient settings but not in inpatient settings.</AbstractText><AbstractText Label="CONCLUSIONS">In addition to patient and physician demographic characteristics, contextual factors such as care setting and during epidemics significantly influenced prescription of antibiotics. Characterization of prescribing patterns should help direct programs to curb antibiotic prescribing.</AbstractText></Abstract><AuthorList CompleteYN="Y"><Author ValidYN="Y"><LastName>Lien</LastName><ForeName>Chia-En</ForeName><Initials>CE</Initials><AffiliationInfo><Affiliation>Research Center for Epidemic Prevention, National Yang Ming Chiao Tung University, Taipei, Taiwan.</Affiliation></AffiliationInfo></Author><Author ValidYN="Y"><LastName>Chou</LastName><ForeName>Yiing-Jenq</ForeName><Initials>YJ</Initials><Identifier Source="ORCID">0000-0002-6424-5977</Identifier><AffiliationInfo><Affiliation>Institute of Public Health, College of Medicine, National Yang Ming Chiao Tung University, Taipei, Taiwan.</Affiliation></AffiliationInfo><AffiliationInfo><Affiliation>Office of the Deputy Superintendent, National Yang Ming Chiao Tung University Hospital, Yilan County, Taiwan.</Affiliation></AffiliationInfo></Author><Author ValidYN="Y"><LastName>Shen</LastName><ForeName>Yi-Jung</ForeName><Initials>YJ</Initials><AffiliationInfo><Affiliation>Institute of Hospital and Health Care Administration, College of Medicine, National Yang Ming Chiao Tung University, Taipei, Taiwan.</Affiliation></AffiliationInfo></Author><Author ValidYN="Y"><LastName>Tsai</LastName><ForeName>Theodore</ForeName><Initials>T</Initials><AffiliationInfo><Affiliation>Takeda Vaccines, Cambridge, Massachusetts, United States of America.</Affiliation></AffiliationInfo></Author><Author ValidYN="Y"><LastName>Huang</LastName><ForeName>Nicole</ForeName><Initials>N</Initials><Identifier Source="ORCID">0000-0002-6629-1176</Identifier><AffiliationInfo><Affiliation>Institute of Hospital and Health Care Administration, College of Medicine, National Yang Ming Chiao Tung University, Taipei, Taiwan.</Affiliation></AffiliationInfo></Author></AuthorList><Language>eng</Language><PublicationTypeList><PublicationType UI="D016428">Journal Article</PublicationType><PublicationType UI="D013485">Research Support, Non-U.S. Gov't</PublicationType></PublicationTypeList><ArticleDate DateType="Electronic"><Year>2022</Year><Month>02</Month><Day>28</Day></ArticleDate></Article><MedlineJournalInfo><Country>United States</Country><MedlineTA>PLoS Negl Trop Dis</MedlineTA><NlmUniqueID>101291488</NlmUniqueID><ISSNLinking>1935-2727</ISSNLinking></MedlineJournalInfo><ChemicalList><Chemical><RegistryNumber>0</RegistryNumber><NameOfSubstance UI="D000900">Anti-Bacterial Agents</NameOfSubstance></Chemical></ChemicalList><CitationSubset>IM</CitationSubset><MeshHeadingList><MeshHeading><DescriptorName UI="D000293" MajorTopicYN="N">Adolescent</DescriptorName></MeshHeading><MeshHeading><DescriptorName UI="D000328" MajorTopicYN="N">Adult</DescriptorName></MeshHeading><MeshHeading><DescriptorName UI="D000368" MajorTopicYN="N">Aged</DescriptorName></MeshHeading><MeshHeading><DescriptorName UI="D000900" MajorTopicYN="N">Anti-Bacterial Agents</DescriptorName><QualifierName UI="Q000627" MajorTopicYN="Y">therapeutic use</QualifierName></MeshHeading><MeshHeading><DescriptorName UI="D001424" MajorTopicYN="N">Bacterial Infections</DescriptorName><QualifierName UI="Q000188" MajorTopicYN="Y">drug therapy</QualifierName></MeshHeading><MeshHeading><DescriptorName UI="D003715" MajorTopicYN="N">Dengue</DescriptorName><QualifierName UI="Q000175" MajorTopicYN="N">diagnosis</QualifierName><QualifierName UI="Q000453" MajorTopicYN="Y">epidemiology</QualifierName></MeshHeading><MeshHeading><DescriptorName UI="D011307" MajorTopicYN="N">Drug Prescriptions</DescriptorName><QualifierName UI="Q000706" MajorTopicYN="Y">statistics &amp; numerical data</QualifierName></MeshHeading><MeshHeading><DescriptorName UI="D005260" MajorTopicYN="N">Female</DescriptorName></MeshHeading><MeshHeading><DescriptorName UI="D006801" MajorTopicYN="N">Humans</DescriptorName></MeshHeading><MeshHeading><DescriptorName UI="D008297" MajorTopicYN="N">Male</DescriptorName></MeshHeading><MeshHeading><DescriptorName UI="D008875" MajorTopicYN="N">Middle Aged</DescriptorName></MeshHeading><MeshHeading><DescriptorName UI="D010820" MajorTopicYN="N">Physicians</DescriptorName><QualifierName UI="Q000523" MajorTopicYN="N">psychology</QualifierName></MeshHeading><MeshHeading><DescriptorName UI="D010818" MajorTopicYN="N">Practice Patterns, Physicians'</DescriptorName></MeshHeading><MeshHeading><DescriptorName UI="D013624" MajorTopicYN="N" Type="Geographic">Taiwan</DescriptorName><QualifierName UI="Q000453" MajorTopicYN="N">epidemiology</QualifierName></MeshHeading><MeshHeading><DescriptorName UI="D055815" MajorTopicYN="N">Young Adult</DescriptorName></MeshHeading></MeshHeadingList><CoiStatement>I have read the journal&#x2019;s policy and the authors of this manuscript have the following competing interests: CE. L., YJ. S., YJ. C., and N. H received the research grant from Takeda Vaccines. T. T. reports personal fees as an employee of Takeda Vaccines (MA, United States) during the conduct of the study.</CoiStatement></MedlineCitation><PubmedData><History><PubMedPubDate PubStatus="received"><Year>2021</Year><Month>6</Month><Day>14</Day></PubMedPubDate><PubMedPubDate PubStatus="accepted"><Year>2022</Year><Month>1</Month><Day>24</Day></PubMedPubDate><PubMedPubDate PubStatus="entrez"><Year>2022</Year><Month>2</Month><Day>28</Day><Hour>17</Hour><Minute>11</Minute></PubMedPubDate><PubMedPubDate PubStatus="pubmed"><Year>2022</Year><Month>3</Month><Day>1</Day><Hour>6</Hour><Minute>0</Minute></PubMedPubDate><PubMedPubDate PubStatus="medline"><Year>2022</Year><Month>3</Month><Day>12</Day><Hour>6</Hour><Minute>0</Minute></PubMedPubDate></History><PublicationStatus>epublish</PublicationStatus><ArticleIdList><ArticleId IdType="pubmed">35226674</ArticleId><ArticleId IdType="pmc">PMC8884547</ArticleId><ArticleId IdType="doi">10.1371/journal.pntd.0010198</ArticleId><ArticleId IdType="pii">PNTD-D-21-00876</ArticleId></ArticleIdList><ReferenceList><Reference><Citation>Van Boeckel TP, Gandra S, Ashok A, Caudron Q, Grenfell BT, Levin SA, et al.. Global antibiotic consumption 2000 to 2010: an analysis of national pharmaceutical sales data. Lancet Infect Dis. 2014;14(8):742&#x2013;50. Epub 2014/07/16. doi: 10.1016/S1473-3099(14)70780-7 .</Citation><ArticleIdList><ArticleId IdType="doi">10.1016/S1473-3099(14)70780-7</ArticleId><ArticleId IdType="pubmed">25022435</ArticleId></ArticleIdList></Reference><Reference><Citation>Adrizain R, Setiabudi D, Chairulfatah A. The inappropriate use of antibiotics in hospitalized dengue virus-infected children with presumed concurrent bacterial infection in teaching and private hospitals in Bandung, Indonesia. PLoS neglected tropical diseases. 2019;13(6):e0007438. Epub 2019/06/22. doi: 10.1371/journal.pntd.0007438 ; PubMed Central PMCID: PMC6608981.</Citation><ArticleIdList><ArticleId IdType="doi">10.1371/journal.pntd.0007438</ArticleId><ArticleId IdType="pmc">PMC6608981</ArticleId><ArticleId IdType="pubmed">31226110</ArticleId></ArticleIdList></Reference><Reference><Citation>Kurauchi A, Struchiner CJ, Wilder-Smith A, Massad E. Modelling the effect of a dengue vaccine on reducing the evolution of resistance against antibiotic due to misuse in dengue cases. Theoretical biology &amp; medical modelling. 2020;17(1):7. Epub 2020/05/15. doi: 10.1186/s12976-020-00125-8 ; PubMed Central PMCID: PMC7218541.</Citation><ArticleIdList><ArticleId IdType="doi">10.1186/s12976-020-00125-8</ArticleId><ArticleId IdType="pmc">PMC7218541</ArticleId><ArticleId IdType="pubmed">32404100</ArticleId></ArticleIdList></Reference><Reference><Citation>Sandopa D, Nethi SK, Sreeram SC, Vijay NKG, Biradavolu V, Kakimani JV. Prescribing antibiotics to pediatric dengue: increasing risk of bacterial resistance. Paediatrica Indonesiana. 2018;58(1):53&#x2013;8.</Citation></Reference><Reference><Citation>Aabenhus R, Siersma V, Hansen MP, Bjerrum L. Antibiotic prescribing in Danish general practice 2004&#x2013;13. J Antimicrob Chemother. 2016;71(8):2286&#x2013;94. Epub 2016/04/24. doi: 10.1093/jac/dkw117 .</Citation><ArticleIdList><ArticleId IdType="doi">10.1093/jac/dkw117</ArticleId><ArticleId IdType="pubmed">27107098</ArticleId></ArticleIdList></Reference><Reference><Citation>Murray NE, Quam MB, Wilder-Smith A. Epidemiology of dengue: past, present and future prospects. Clin Epidemiol. 2013;5:299&#x2013;309. Epub 2013/08/31. doi: 10.2147/CLEP.S34440 ; PubMed Central PMCID: PMC3753061.</Citation><ArticleIdList><ArticleId IdType="doi">10.2147/CLEP.S34440</ArticleId><ArticleId IdType="pmc">PMC3753061</ArticleId><ArticleId IdType="pubmed">23990732</ArticleId></ArticleIdList></Reference><Reference><Citation>Tello-Cajiao ME, Osorio L. Impact of Dengue Rapid Diagnostic Tests on the Prescription of Antibiotics and Anti-Inflammatory Drugs by Physicians in an Endemic Area in Colombia. Am J Trop Med Hyg. 2019;101(3):696&#x2013;704. Epub 2019/07/25. doi: 10.4269/ajtmh.19-0222 ; PubMed Central PMCID: PMC6726934.</Citation><ArticleIdList><ArticleId IdType="doi">10.4269/ajtmh.19-0222</ArticleId><ArticleId IdType="pmc">PMC6726934</ArticleId><ArticleId IdType="pubmed">31333163</ArticleId></ArticleIdList></Reference><Reference><Citation>Fernandez-Carballo BL, Escadafal C, MacLean E, Kapasi AJ, Dittrich S. Distinguishing bacterial versus non-bacterial causes of febrile illness&#x2013;a systematic review of host biomarkers. Journal of Infection. 2021.</Citation><ArticleIdList><ArticleId IdType="pubmed">33610683</ArticleId></ArticleIdList></Reference><Reference><Citation>Hebert C, Beaumont J, Schwartz G, Robicsek A. The influence of context on antimicrobial prescribing for febrile respiratory illness: a cohort study. Ann Intern Med. 2012;157(3):160&#x2013;9. Epub 2012/08/08. doi: 10.7326/0003-4819-157-3-201208070-00005 .</Citation><ArticleIdList><ArticleId IdType="doi">10.7326/0003-4819-157-3-201208070-00005</ArticleId><ArticleId IdType="pubmed">22868833</ArticleId></ArticleIdList></Reference><Reference><Citation>Butler CC, Hood K, Verheij T, Little P, Melbye H, Nuttall J, et al.. Variation in antibiotic prescribing and its impact on recovery in patients with acute cough in primary care: prospective study in 13 countries. BMJ. 2009;338:b2242. Epub 2009/06/25. doi: 10.1136/bmj.b2242 ; PubMed Central PMCID: PMC3272656.</Citation><ArticleIdList><ArticleId IdType="doi">10.1136/bmj.b2242</ArticleId><ArticleId IdType="pmc">PMC3272656</ArticleId><ArticleId IdType="pubmed">19549995</ArticleId></ArticleIdList></Reference><Reference><Citation>Gonzales R, Steiner JF, Sande MA. Antibiotic prescribing for adults with colds, upper respiratory tract infections, and bronchitis by ambulatory care physicians. JAMA. 1997;278(11):901&#x2013;4. Epub 1997/09/25. .</Citation><ArticleIdList><ArticleId IdType="pubmed">9302241</ArticleId></ArticleIdList></Reference><Reference><Citation>Havers FP, Hicks LA, Chung JR, Gaglani M, Murthy K, Zimmerman RK, et al.. Outpatient Antibiotic Prescribing for Acute Respiratory Infections During Influenza Seasons. JAMA Netw Open. 2018;1(2):e180243. Epub 2019/01/16. doi: 10.1001/jamanetworkopen.2018.0243 ; PubMed Central PMCID: PMC6324415.</Citation><ArticleIdList><ArticleId IdType="doi">10.1001/jamanetworkopen.2018.0243</ArticleId><ArticleId IdType="pmc">PMC6324415</ArticleId><ArticleId IdType="pubmed">30646067</ArticleId></ArticleIdList></Reference><Reference><Citation>Huang N, Chou YJ, Chang HJ, Ho M, Morlock L. Antibiotic prescribing by ambulatory care physicians for adults with nasopharyngitis, URIs, and acute bronchitis in Taiwan: a multi-level modeling approach. Fam Pract. 2005;22(2):160&#x2013;7. Epub 2005/02/22. doi: 10.1093/fampra/cmh734 .</Citation><ArticleIdList><ArticleId IdType="doi">10.1093/fampra/cmh734</ArticleId><ArticleId IdType="pubmed">15722399</ArticleId></ArticleIdList></Reference><Reference><Citation>Jones BE, Sauer B, Jones MM, Campo J, Damal K, He T, et al.. Variation in Outpatient Antibiotic Prescribing for Acute Respiratory Infections in the Veteran Population: A Cross-sectional Study. Ann Intern Med. 2015;163(2):73&#x2013;80. Epub 2015/07/21. doi: 10.7326/M14-1933 .</Citation><ArticleIdList><ArticleId IdType="doi">10.7326/M14-1933</ArticleId><ArticleId IdType="pubmed">26192562</ArticleId></ArticleIdList></Reference><Reference><Citation>Kimura Y, Fukuda H, Hayakawa K, Ide S, Ota M, Saito S, et al.. Longitudinal trends of and factors associated with inappropriate antibiotic prescribing for non-bacterial acute respiratory tract infection in Japan: A retrospective claims database study, 2012&#x2013;2017. PLoS One. 2019;14(10):e0223835. Epub 2019/10/17. doi: 10.1371/journal.pone.0223835 ; PubMed Central PMCID: PMC6795458.</Citation><ArticleIdList><ArticleId IdType="doi">10.1371/journal.pone.0223835</ArticleId><ArticleId IdType="pmc">PMC6795458</ArticleId><ArticleId IdType="pubmed">31618258</ArticleId></ArticleIdList></Reference><Reference><Citation>Lim DW, Htun HL, Ong LS, Guo H, Chow A. Systematic review of determinants influencing antibiotic prescribing for uncomplicated acute respiratory tract infections in adult patients at the emergency department. Infect Control Hosp Epidemiol. 2020:1&#x2013;10. Epub 2020/10/30. doi: 10.1017/ice.2020.1245 .</Citation><ArticleIdList><ArticleId IdType="doi">10.1017/ice.2020.1245</ArticleId><ArticleId IdType="pubmed">33118891</ArticleId></ArticleIdList></Reference><Reference><Citation>Linder JA, Bates DW, Platt R. Antivirals and antibiotics for influenza in the United States, 1995&#x2013;2002. Pharmacoepidemiol Drug Saf. 2005;14(8):531&#x2013;6. Epub 2005/01/18. doi: 10.1002/pds.1067 .</Citation><ArticleIdList><ArticleId IdType="doi">10.1002/pds.1067</ArticleId><ArticleId IdType="pubmed">15654722</ArticleId></ArticleIdList></Reference><Reference><Citation>Martinez KA, Rood M, Jhangiani N, Boissy A, Rothberg MB. Antibiotic Prescribing for Respiratory Tract Infections and Encounter Length: An Observational Study of Telemedicine. Ann Intern Med. 2019;170(4):275&#x2013;7. Epub 2018/10/05. doi: 10.7326/M18-2042 .</Citation><ArticleIdList><ArticleId IdType="doi">10.7326/M18-2042</ArticleId><ArticleId IdType="pubmed">30285078</ArticleId></ArticleIdList></Reference><Reference><Citation>McKay R, Patrick DM, McGrail K, Law MR. Antibiotic prescribing for pediatric respiratory infections: What explains a large variation among physicians? Can Fam Physician. 2019;65(6):e278&#x2013;e91. Epub 2019/06/14. ; PubMed Central PMCID: PMC6738385.</Citation><ArticleIdList><ArticleId IdType="pmc">PMC6738385</ArticleId><ArticleId IdType="pubmed">31189642</ArticleId></ArticleIdList></Reference><Reference><Citation>Saito N, Takamura N, Retuerma GP, Frayco CH, Solano PS, Ubas CD, et al.. Frequent Community Use of Antibiotics among a Low-Economic Status Population in Manila, the Philippines: A Prospective Assessment Using a Urine Antibiotic Bioassay. Am J Trop Med Hyg. 2018;98(5):1512&#x2013;9. Epub 2018/03/08. doi: 10.4269/ajtmh.17-0564 ; PubMed Central PMCID: PMC5953362.</Citation><ArticleIdList><ArticleId IdType="doi">10.4269/ajtmh.17-0564</ArticleId><ArticleId IdType="pmc">PMC5953362</ArticleId><ArticleId IdType="pubmed">29512485</ArticleId></ArticleIdList></Reference><Reference><Citation>Silverman M, Povitz M, Sontrop JM, Li L, Richard L, Cejic S, et al.. Antibiotic Prescribing for Nonbacterial Acute Upper Respiratory Infections in Elderly Persons. Ann Intern Med. 2017;166(11):765&#x2013;74. Epub 2017/05/12. doi: 10.7326/M16-1131 .</Citation><ArticleIdList><ArticleId IdType="doi">10.7326/M16-1131</ArticleId><ArticleId IdType="pubmed">28492914</ArticleId></ArticleIdList></Reference><Reference><Citation>Reller ME, Bodinayake C, Nagahawatte A, Devasiri V, Kodikara-Arachichi W, Strouse JJ, et al.. Unsuspected dengue and acute febrile illness in rural and semi-urban southern Sri Lanka. Emerg Infect Dis. 2012;18(2):256&#x2013;63. Epub 2012/02/07. doi: 10.3201/eid1802.110962 ; PubMed Central PMCID: PMC3310451.</Citation><ArticleIdList><ArticleId IdType="doi">10.3201/eid1802.110962</ArticleId><ArticleId IdType="pmc">PMC3310451</ArticleId><ArticleId IdType="pubmed">22304972</ArticleId></ArticleIdList></Reference><Reference><Citation>Kasper MR, Blair PJ, Touch S, Sokhal B, Yasuda CY, Williams M, et al.. Infectious etiologies of acute febrile illness among patients seeking health care in south-central Cambodia. The American journal of tropical medicine and hygiene. 2012;86(2):246&#x2013;53. doi: 10.4269/ajtmh.2012.11-0409</Citation><ArticleIdList><ArticleId IdType="doi">10.4269/ajtmh.2012.11-0409</ArticleId><ArticleId IdType="pmc">PMC3269275</ArticleId><ArticleId IdType="pubmed">22302857</ArticleId></ArticleIdList></Reference><Reference><Citation>Taiwan National Infectious Disease Statistics System for Dengue Virus Surveillance [Internet]. Center for Disease Control, Taiwan. Available from: http://nidss.cdc.gov.tw/en/SingleDisease.aspx?dc=1&amp;dt=2&amp;disease=061.</Citation></Reference><Reference><Citation>Wang WH, Chen HJ, Lin CY, Assavalapsakul W, Wang SF. Imported dengue fever and climatic variation are important determinants facilitating dengue epidemics in Southern Taiwan. J Infect. 2020;80(1):121&#x2013;42. Epub 2019/08/21. doi: 10.1016/j.jinf.2019.08.010 .</Citation><ArticleIdList><ArticleId IdType="doi">10.1016/j.jinf.2019.08.010</ArticleId><ArticleId IdType="pubmed">31430483</ArticleId></ArticleIdList></Reference><Reference><Citation>Hsieh CY, Su CC, Shao SC, Sung SF, Lin SJ, Kao Yang YH, et al.. Taiwan&#x2019;s National Health Insurance Research Database: past and future. Clin Epidemiol. 2019;11:349&#x2013;58. Epub 2019/05/24. doi: 10.2147/CLEP.S196293 ; PubMed Central PMCID: PMC6509937.</Citation><ArticleIdList><ArticleId IdType="doi">10.2147/CLEP.S196293</ArticleId><ArticleId IdType="pmc">PMC6509937</ArticleId><ArticleId IdType="pubmed">31118821</ArticleId></ArticleIdList></Reference><Reference><Citation>Hsing AW, Ioannidis JP. Nationwide Population Science: Lessons From the Taiwan National Health Insurance Research Database. JAMA Intern Med. 2015;175(9):1527&#x2013;9. Epub 2015/07/21. doi: 10.1001/jamainternmed.2015.3540 .</Citation><ArticleIdList><ArticleId IdType="doi">10.1001/jamainternmed.2015.3540</ArticleId><ArticleId IdType="pubmed">26192815</ArticleId></ArticleIdList></Reference><Reference><Citation>Healthcare Cost Utilization Project. Clinical classifications software (CCS) for ICD-9-CM: Healthcare Cost Utilization Project; 2018 [18 May 2020]. Available from: https://www.hcup-us.ahrq.gov/toolssoftware/ccs/ccs.jsp.</Citation></Reference><Reference><Citation>National Health Insurance Administration. Catastrophic Illnesses Certification. National Health Insurance Administration, Ministry of Health and Welfare, Taiwan, Contract No.: 20 Dec 2020.</Citation></Reference><Reference><Citation>Ho M, Hsiung CA, Yu HT, Chi CL, Yin HC, Chang HJ. Antimicrobial usage in ambulatory patients with respiratory infections in Taiwan, 2001. J Formos Med Assoc. 2004;103(2):96&#x2013;103. Epub 2004/04/15. .</Citation><ArticleIdList><ArticleId IdType="pubmed">15083239</ArticleId></ArticleIdList></Reference><Reference><Citation>Iqbal U, Syed-Abdul S, Nguyen PA, Jian WS, Li YC. Physicians&#x2019; antibiotic prescribing behavior in Taiwan, 1998&#x2013;2011. Clin Infect Dis. 2015;60(9):1439&#x2013;41. Epub 2015/01/22. doi: 10.1093/cid/civ038 .</Citation><ArticleIdList><ArticleId IdType="doi">10.1093/cid/civ038</ArticleId><ArticleId IdType="pubmed">25605281</ArticleId></ArticleIdList></Reference><Reference><Citation>Tun ZM, Moorthy M, Linster M, Su YC, Coker RJ, Ooi EE, et al.. Patterns of medication use and factors associated with antibiotic use among adult fever patients at Singapore primary care clinics. Antimicrobial resistance and infection control. 2016;5:47. Epub 2016/12/03. doi: 10.1186/s13756-016-0146-z ; PubMed Central PMCID: PMC5121943.</Citation><ArticleIdList><ArticleId IdType="doi">10.1186/s13756-016-0146-z</ArticleId><ArticleId IdType="pmc">PMC5121943</ArticleId><ArticleId IdType="pubmed">27904748</ArticleId></ArticleIdList></Reference><Reference><Citation>Lin L, Sun R, Yao T, Zhou X, Harbarth S. Factors influencing inappropriate use of antibiotics in outpatient and community settings in China: a mixed-methods systematic review. BMJ Glob Health. 2020;5(11). Epub 2020/11/14. doi: 10.1136/bmjgh-2020-003599 ; PubMed Central PMCID: PMC7662435.</Citation><ArticleIdList><ArticleId IdType="doi">10.1136/bmjgh-2020-003599</ArticleId><ArticleId IdType="pmc">PMC7662435</ArticleId><ArticleId IdType="pubmed">33184066</ArticleId></ArticleIdList></Reference><Reference><Citation>Robinson ML, Kadam D, Kagal A, Khadse S, Kinikar A, Valvi C, et al.. Antibiotic Utilization and the Role of Suspected and Diagnosed Mosquito-borne Illness Among Adults and Children With Acute Febrile Illness in Pune, India. Clin Infect Dis. 2018;66(10):1602&#x2013;9. Epub 2017/12/07. doi: 10.1093/cid/cix1059 ; PubMed Central PMCID: PMC5930254.</Citation><ArticleIdList><ArticleId IdType="doi">10.1093/cid/cix1059</ArticleId><ArticleId IdType="pmc">PMC5930254</ArticleId><ArticleId IdType="pubmed">29211830</ArticleId></ArticleIdList></Reference><Reference><Citation>Harris AM, &amp; Centers for Disease Control and Prevention. Chapter 4: travel-related infectious diseases. CDC Yellow Book. 2020.</Citation></Reference><Reference><Citation>Wilder-Smith A, Ooi E-E, Horstick O, Wills B. Dengue. The Lancet. 2019;393(10169):350&#x2013;63.</Citation><ArticleIdList><ArticleId IdType="pubmed">30696575</ArticleId></ArticleIdList></Reference><Reference><Citation>Luvira V, Silachamroon U, Piyaphanee W, Lawpoolsri S, Chierakul W, Leaungwutiwong P, et al.. Etiologies of Acute Undifferentiated Febrile Illness in Bangkok, Thailand. Am J Trop Med Hyg. 2019;100(3):622&#x2013;9. Epub 2019/01/11. doi: 10.4269/ajtmh.18-0407 ; PubMed Central PMCID: PMC6402898.</Citation><ArticleIdList><ArticleId IdType="doi">10.4269/ajtmh.18-0407</ArticleId><ArticleId IdType="pmc">PMC6402898</ArticleId><ArticleId IdType="pubmed">30628565</ArticleId></ArticleIdList></Reference><Reference><Citation>Schroder W, Sommer H, Gladstone BP, Foschi F, Hellman J, Evengard B, et al.. Gender differences in antibiotic prescribing in the community: a systematic review and meta-analysis. J Antimicrob Chemother. 2016;71(7):1800&#x2013;6. Epub 2016/04/05. doi: 10.1093/jac/dkw054 .</Citation><ArticleIdList><ArticleId IdType="doi">10.1093/jac/dkw054</ArticleId><ArticleId IdType="pubmed">27040304</ArticleId></ArticleIdList></Reference><Reference><Citation>Smith DRM, Dolk FCK, Smieszek T, Robotham JV, Pouwels KB. Understanding the gender gap in antibiotic prescribing: a cross-sectional analysis of English primary care. BMJ Open. 2018;8(2):e020203. Epub 2018/02/24. doi: 10.1136/bmjopen-2017-020203 ; PubMed Central PMCID: PMC5855331.</Citation><ArticleIdList><ArticleId IdType="doi">10.1136/bmjopen-2017-020203</ArticleId><ArticleId IdType="pmc">PMC5855331</ArticleId><ArticleId IdType="pubmed">29472269</ArticleId></ArticleIdList></Reference><Reference><Citation>Lee ML, Cho CY, Hsu CL, Chen CJ, Chang LY, Lee YS, et al.. Recent trends in antibiotic prescriptions for acute respiratory tract infections in pediatric ambulatory care in Taiwan, 2000&#x2013;2009: A nationwide population-based study. J Microbiol Immunol Infect. 2016;49(4):554&#x2013;60. Epub 2014/12/03. doi: 10.1016/j.jmii.2014.08.014 .</Citation><ArticleIdList><ArticleId IdType="doi">10.1016/j.jmii.2014.08.014</ArticleId><ArticleId IdType="pubmed">25442862</ArticleId></ArticleIdList></Reference><Reference><Citation>Jenkins TC, Tamma PD. Thinking beyond the &#x201c;core&#x201d; antibiotic stewardship interventions: Shifting the onus for appropriate antibiotic use from stewardship teams to prescribing clinicians. Clinical Infectious Diseases. 2021;72(8):1457&#x2013;62. doi: 10.1093/cid/ciaa1003</Citation><ArticleIdList><ArticleId IdType="doi">10.1093/cid/ciaa1003</ArticleId><ArticleId IdType="pubmed">32667974</ArticleId></ArticleIdList></Reference><Reference><Citation>Lee TH, Lye DC, Chung DR, Thamlikitkul V, Lu M, Wong AT, et al.. Antimicrobial stewardship capacity and manpower needs in the Asia Pacific. J Glob Antimicrob Resist. 2021;24:387&#x2013;94. Epub 2021/02/07. doi: 10.1016/j.jgar.2021.01.013 .</Citation><ArticleIdList><ArticleId IdType="doi">10.1016/j.jgar.2021.01.013</ArticleId><ArticleId IdType="pubmed">33548495</ArticleId></ArticleIdList></Reference><Reference><Citation>Hersh AL, Fleming-Dutra KE. Vaccines and Outpatient Antibiotic Stewardship. Pediatrics. 2017;140(3). Epub 2017/08/16. doi: 10.1542/peds.2017-1695 ; PubMed Central PMCID: PMC6364668.</Citation><ArticleIdList><ArticleId IdType="doi">10.1542/peds.2017-1695</ArticleId><ArticleId IdType="pmc">PMC6364668</ArticleId><ArticleId IdType="pubmed">28808072</ArticleId></ArticleIdList></Reference></ReferenceList></PubmedData></PubmedArticle></PubmedArticleSet>