<?xml version="1.0" ?>
<!DOCTYPE PubmedArticleSet PUBLIC "-//NLM//DTD PubMedArticle, 1st January 2023//EN" "https://dtd.nlm.nih.gov/ncbi/pubmed/out/pubmed_230101.dtd">
<PubmedArticleSet>
<PubmedArticle><MedlineCitation Status="MEDLINE" VersionID="2" Owner="NLM" IndexingMethod="Automated"><PMID Version="2">35306526</PMID><DateCompleted><Year>2022</Year><Month>05</Month><Day>04</Day></DateCompleted><DateRevised><Year>2022</Year><Month>05</Month><Day>04</Day></DateRevised><Article PubModel="Electronic"><Journal><ISSN IssnType="Electronic">2045-2322</ISSN><JournalIssue CitedMedium="Internet"><Volume>12</Volume><Issue>1</Issue><PubDate><Year>2022</Year><Month>Mar</Month><Day>19</Day></PubDate></JournalIssue><Title>Scientific reports</Title><ISOAbbreviation>Sci Rep</ISOAbbreviation></Journal><ArticleTitle>Synthesis of new series of quinoline derivatives with insecticidal effects on larval vectors of malaria and dengue diseases.</ArticleTitle><Pagination><StartPage>4765</StartPage><MedlinePgn>4765</MedlinePgn></Pagination><ELocationID EIdType="pii" ValidYN="Y">4765</ELocationID><ELocationID EIdType="doi" ValidYN="Y">10.1038/s41598-022-08397-5</ELocationID><Abstract><AbstractText>Mosquito borne diseases are on the rise because of their fast spread worldwide and the lack of effective treatments. Here we are focusing on the development of a novel anti-malarial and virucidal agent with biocidal effects also on its vectors. We have synthesized a new quinoline (4,7-dichloroquinoline) derivative which showed significant larvicidal and pupicidal properties against a malarial and a dengue vector and a lethal toxicity ranging from 4.408&#xa0;&#xb5;M/mL (first instar larvae) to 7.958&#xa0;&#xb5;M/mL (pupal populations) for Anopheles stephensi and 5.016&#xa0;&#xb5;M/mL (larva 1) to 10.669&#xa0;&#xb5;M/mL (pupae) for Aedes aegypti. In-vitro antiplasmodial efficacy of 4,7-dichloroquinoline revealed a significant growth inhibition of both sensitive strains of Plasmodium falciparum with IC<sub>50</sub> values of 6.7&#xa0;nM (CQ-s) and 8.5&#xa0;nM (CQ-r). Chloroquine IC<sub>50</sub> values, as control, were 23&#xa0;nM (CQ-s), and 27.5&#xa0;nM (CQ-r). In vivo antiplasmodial studies with P. falciparum infected mice showed an effect of 4,7-dichloroquinoline compared to chloroquine. The quinoline compound showed significant activity against the viral pathogen serotype 2 (DENV-2). In vitro conditions and the purified quinoline exhibited insignificant toxicity on the host system up to 100&#xa0;&#xb5;M/mL. Overall, 4,7-dichloroquinoline could provide a good anti-vectorial and anti-malarial agent.</AbstractText><CopyrightInformation>&#xa9; 2022. The Author(s).</CopyrightInformation></Abstract><AuthorList CompleteYN="Y"><Author ValidYN="Y"><LastName>Murugan</LastName><ForeName>Kadarkarai</ForeName><Initials>K</Initials><AffiliationInfo><Affiliation>University of Science &amp; Technology, Techno City, Kiling Road, Baridua, Meghalaya, 793 101, India. kmvvkg@gmail.com.</Affiliation></AffiliationInfo><AffiliationInfo><Affiliation>Division of Entomology, Department of Zoology, School of Life Sciences, Bharathiar University, Coimbatore, Tamil Nadu, 641046, India. kmvvkg@gmail.com.</Affiliation></AffiliationInfo></Author><Author ValidYN="Y"><LastName>Panneerselvam</LastName><ForeName>Chellasamy</ForeName><Initials>C</Initials><AffiliationInfo><Affiliation>Department of Biology, Faculty of Science, University of Tabuk, Tabuk, 71491, Saudi Arabia.</Affiliation></AffiliationInfo></Author><Author ValidYN="Y"><LastName>Subramaniam</LastName><ForeName>Jayapal</ForeName><Initials>J</Initials><AffiliationInfo><Affiliation>Division of Entomology, Department of Zoology, School of Life Sciences, Bharathiar University, Coimbatore, Tamil Nadu, 641046, India.</Affiliation></AffiliationInfo></Author><Author ValidYN="Y"><LastName>Paulpandi</LastName><ForeName>Manickam</ForeName><Initials>M</Initials><AffiliationInfo><Affiliation>Division of Entomology, Department of Zoology, School of Life Sciences, Bharathiar University, Coimbatore, Tamil Nadu, 641046, India.</Affiliation></AffiliationInfo></Author><Author ValidYN="Y"><LastName>Rajaganesh</LastName><ForeName>Rajapandian</ForeName><Initials>R</Initials><AffiliationInfo><Affiliation>Division of Entomology, Department of Zoology, School of Life Sciences, Bharathiar University, Coimbatore, Tamil Nadu, 641046, India.</Affiliation></AffiliationInfo></Author><Author ValidYN="Y"><LastName>Vasanthakumaran</LastName><ForeName>Murugan</ForeName><Initials>M</Initials><AffiliationInfo><Affiliation>Department of Zoology, Kongunadu Arts and Science College, Coimbatore, 641029, India.</Affiliation></AffiliationInfo></Author><Author ValidYN="Y"><LastName>Madhavan</LastName><ForeName>Jagannathan</ForeName><Initials>J</Initials><AffiliationInfo><Affiliation>Department of Chemistry, Thiruvalluvar University, Serkadu, Vellore, 632 115, India.</Affiliation></AffiliationInfo></Author><Author ValidYN="Y"><LastName>Shafi</LastName><ForeName>S Syed</ForeName><Initials>SS</Initials><AffiliationInfo><Affiliation>Department of Chemistry, Thiruvalluvar University, Serkadu, Vellore, 632 115, India.</Affiliation></AffiliationInfo></Author><Author ValidYN="Y"><LastName>Roni</LastName><ForeName>Mathath</ForeName><Initials>M</Initials><AffiliationInfo><Affiliation>Division of Entomology, Department of Zoology, School of Life Sciences, Bharathiar University, Coimbatore, Tamil Nadu, 641046, India.</Affiliation></AffiliationInfo></Author><Author ValidYN="Y"><LastName>Portilla-Pulido</LastName><ForeName>Johan S</ForeName><Initials>JS</Initials><AffiliationInfo><Affiliation>Grupo de Investigaci&#xf3;n en Bioqu&#xed;mica y Microbiolog&#xed;a (GIBIM). Escuela de Qu&#xed;mica, Universidad Industrial de Santander, A.A. 678, Bucaramanga, Colombia.</Affiliation></AffiliationInfo><AffiliationInfo><Affiliation>Centro de Investigaciones en Enfermedades Tropicales-CINTROP, Facultad de Salud, Escuela de Medicina, Departamento de Ciencias B&#xe1;sicas, Universidad Industrial de Santander, Guatiguar&#xe1; Technology and Research Park, Km 2 V&#xed;a El Refugio, Piedecuesta, Santander, Colombia.</Affiliation></AffiliationInfo></Author><Author ValidYN="Y"><LastName>Mendez</LastName><ForeName>Stelia C</ForeName><Initials>SC</Initials><AffiliationInfo><Affiliation>Grupo de Investigaci&#xf3;n en Bioqu&#xed;mica y Microbiolog&#xed;a (GIBIM). Escuela de Qu&#xed;mica, Universidad Industrial de Santander, A.A. 678, Bucaramanga, Colombia.</Affiliation></AffiliationInfo></Author><Author ValidYN="Y"><LastName>Duque</LastName><ForeName>Jonny E</ForeName><Initials>JE</Initials><AffiliationInfo><Affiliation>Centro de Investigaciones en Enfermedades Tropicales-CINTROP, Facultad de Salud, Escuela de Medicina, Departamento de Ciencias B&#xe1;sicas, Universidad Industrial de Santander, Guatiguar&#xe1; Technology and Research Park, Km 2 V&#xed;a El Refugio, Piedecuesta, Santander, Colombia.</Affiliation></AffiliationInfo></Author><Author ValidYN="Y"><LastName>Wang</LastName><ForeName>Lan</ForeName><Initials>L</Initials><AffiliationInfo><Affiliation>School of Life Science, Shanxi University, Taiyuan, 030006, Shanxi, China.</Affiliation></AffiliationInfo></Author><Author ValidYN="Y"><LastName>Aziz</LastName><ForeName>Al Thabiani</ForeName><Initials>AT</Initials><AffiliationInfo><Affiliation>Department of Biology, Faculty of Science, University of Tabuk, Tabuk, 71491, Saudi Arabia.</Affiliation></AffiliationInfo></Author><Author ValidYN="Y"><LastName>Chandramohan</LastName><ForeName>Balamurugan</ForeName><Initials>B</Initials><AffiliationInfo><Affiliation>Division of Entomology, Department of Zoology, School of Life Sciences, Bharathiar University, Coimbatore, Tamil Nadu, 641046, India.</Affiliation></AffiliationInfo></Author><Author ValidYN="Y"><LastName>Dinesh</LastName><ForeName>Devakumar</ForeName><Initials>D</Initials><AffiliationInfo><Affiliation>Division of Entomology, Department of Zoology, School of Life Sciences, Bharathiar University, Coimbatore, Tamil Nadu, 641046, India.</Affiliation></AffiliationInfo></Author><Author ValidYN="Y"><LastName>Piramanayagam</LastName><ForeName>Shanmughavel</ForeName><Initials>S</Initials><AffiliationInfo><Affiliation>Computational Biology Lab, Department of Bioinformatics, Bharathiar University, Coimbatore, Tamil Nadu, 641046, India.</Affiliation></AffiliationInfo></Author><Author ValidYN="Y"><LastName>Hwang</LastName><ForeName>Jiang-Shiou</ForeName><Initials>JS</Initials><AffiliationInfo><Affiliation>Institute of Marine Biology, National Taiwan Ocean University, Keelung, 20224, Taiwan. jshwang@mail.ntou.edu.tw.</Affiliation></AffiliationInfo><AffiliationInfo><Affiliation>Center of Excellence for Ocean Engineering, National Taiwan Ocean University, Keelung, 20224, Taiwan. jshwang@mail.ntou.edu.tw.</Affiliation></AffiliationInfo><AffiliationInfo><Affiliation>Center of Excellence for the Oceans, National Taiwan Ocean University, Keelung, 20224, Taiwan. jshwang@mail.ntou.edu.tw.</Affiliation></AffiliationInfo></Author></AuthorList><Language>eng</Language><PublicationTypeList><PublicationType UI="D016428">Journal Article</PublicationType><PublicationType UI="D013485">Research Support, Non-U.S. Gov't</PublicationType></PublicationTypeList><ArticleDate DateType="Electronic"><Year>2022</Year><Month>03</Month><Day>19</Day></ArticleDate></Article><MedlineJournalInfo><Country>England</Country><MedlineTA>Sci Rep</MedlineTA><NlmUniqueID>101563288</NlmUniqueID><ISSNLinking>2045-2322</ISSNLinking></MedlineJournalInfo><ChemicalList><Chemical><RegistryNumber>0</RegistryNumber><NameOfSubstance UI="D000962">Antimalarials</NameOfSubstance></Chemical><Chemical><RegistryNumber>0</RegistryNumber><NameOfSubstance UI="D007306">Insecticides</NameOfSubstance></Chemical><Chemical><RegistryNumber>0</RegistryNumber><NameOfSubstance UI="D010936">Plant Extracts</NameOfSubstance></Chemical><Chemical><RegistryNumber>886U3H6UFF</RegistryNumber><NameOfSubstance UI="D002738">Chloroquine</NameOfSubstance></Chemical></ChemicalList><CitationSubset>IM</CitationSubset><MeshHeadingList><MeshHeading><DescriptorName UI="D000818" MajorTopicYN="N">Animals</DescriptorName></MeshHeading><MeshHeading><DescriptorName UI="D000962" MajorTopicYN="Y">Antimalarials</DescriptorName><QualifierName UI="Q000494" MajorTopicYN="N">pharmacology</QualifierName></MeshHeading><MeshHeading><DescriptorName UI="D002738" MajorTopicYN="N">Chloroquine</DescriptorName><QualifierName UI="Q000494" MajorTopicYN="N">pharmacology</QualifierName></MeshHeading><MeshHeading><DescriptorName UI="D003715" MajorTopicYN="Y">Dengue</DescriptorName><QualifierName UI="Q000188" MajorTopicYN="N">drug therapy</QualifierName></MeshHeading><MeshHeading><DescriptorName UI="D007306" MajorTopicYN="Y">Insecticides</DescriptorName><QualifierName UI="Q000494" MajorTopicYN="N">pharmacology</QualifierName></MeshHeading><MeshHeading><DescriptorName UI="D007814" MajorTopicYN="N">Larva</DescriptorName></MeshHeading><MeshHeading><DescriptorName UI="D008288" MajorTopicYN="Y">Malaria</DescriptorName><QualifierName UI="Q000188" MajorTopicYN="N">drug therapy</QualifierName></MeshHeading><MeshHeading><DescriptorName UI="D053768" MajorTopicYN="Y">Metal Nanoparticles</DescriptorName></MeshHeading><MeshHeading><DescriptorName UI="D051379" MajorTopicYN="N">Mice</DescriptorName></MeshHeading><MeshHeading><DescriptorName UI="D000072138" MajorTopicYN="N">Mosquito Vectors</DescriptorName></MeshHeading><MeshHeading><DescriptorName UI="D010936" MajorTopicYN="N">Plant Extracts</DescriptorName><QualifierName UI="Q000494" MajorTopicYN="N">pharmacology</QualifierName></MeshHeading><MeshHeading><DescriptorName UI="D011679" MajorTopicYN="N">Pupa</DescriptorName></MeshHeading></MeshHeadingList><CoiStatement>The authors declare no competing interests.</CoiStatement></MedlineCitation><PubmedData><History><PubMedPubDate PubStatus="received"><Year>2021</Year><Month>10</Month><Day>25</Day></PubMedPubDate><PubMedPubDate PubStatus="accepted"><Year>2022</Year><Month>2</Month><Day>28</Day></PubMedPubDate><PubMedPubDate PubStatus="entrez"><Year>2022</Year><Month>3</Month><Day>20</Day><Hour>20</Hour><Minute>35</Minute></PubMedPubDate><PubMedPubDate PubStatus="pubmed"><Year>2022</Year><Month>3</Month><Day>21</Day><Hour>6</Hour><Minute>0</Minute></PubMedPubDate><PubMedPubDate PubStatus="medline"><Year>2022</Year><Month>5</Month><Day>6</Day><Hour>6</Hour><Minute>0</Minute></PubMedPubDate></History><PublicationStatus>epublish</PublicationStatus><ArticleIdList><ArticleId IdType="pubmed">35306526</ArticleId><ArticleId IdType="pmc">PMC8933857</ArticleId><ArticleId IdType="doi">10.1038/s41598-022-08397-5</ArticleId><ArticleId IdType="pii">10.1038/s41598-022-08397-5</ArticleId></ArticleIdList><ReferenceList><Reference><Citation>Suresh U, Murugan K, Benelli G, Nicoletti M, Barnard DR, Panneerselvam C, Mahesh Kumar P, Subramaniam J, Dinesh D, Chandramohan B. Tackling the growing threat of dengue. Phyllanthus niruri-mediated synthesis of silver nanoparticles and their mosquitocidal properties against the dengue vector Aedes aegypti (Diptera: Culicidae) Parasitol. Res. 2015;114:1551&#x2013;1562. doi: 10.1007/s00436-015-4339-9.</Citation><ArticleIdList><ArticleId IdType="doi">10.1007/s00436-015-4339-9</ArticleId><ArticleId IdType="pubmed">25669140</ArticleId></ArticleIdList></Reference><Reference><Citation>Somsak V, Polwiang N, Chachiyo S. In vivo anti-malarial activity of Annonamuricata leaf extract in mice infected with Plasmodium berghei. J. Pathogens. 2016;2016:3264070. doi: 10.1155/2016/3264070.</Citation><ArticleIdList><ArticleId IdType="doi">10.1155/2016/3264070</ArticleId><ArticleId IdType="pmc">PMC4820626</ArticleId><ArticleId IdType="pubmed">27092277</ArticleId></ArticleIdList></Reference><Reference><Citation>Karunamoorthi K, Sabesan S. Insecticide resistance in insect vectors of disease with special reference to mosquitoes: A potential threat to global public health. Health Scope. 2013;2(1):4&#x2013;18. doi: 10.5812/jhs.9840.</Citation><ArticleIdList><ArticleId IdType="doi">10.5812/jhs.9840</ArticleId></ArticleIdList></Reference><Reference><Citation>Mir AH, Qamar A, Qadir I, et al. Accumulation and trafficking of zinc oxide nanoparticles in an invertebrate model, Bombyx mori, with insights on their effects on immuno-competent cells. Sci. Rep. 2020;10:1617. doi: 10.1038/s41598-020-58526-1.</Citation><ArticleIdList><ArticleId IdType="doi">10.1038/s41598-020-58526-1</ArticleId><ArticleId IdType="pmc">PMC6994675</ArticleId><ArticleId IdType="pubmed">32005898</ArticleId></ArticleIdList></Reference><Reference><Citation>World Health Organization. Number of Reported Cases of Dengue and Severe Dengue (SD) in the Americas by Country (retrieved on 23rd June 2019). http://www.who.int/mediacentre/factsheets/fs117/en/. Accessed 19 March 2017.</Citation></Reference><Reference><Citation>Tavares M, da Silva MR, de Oliveira M, de Siqueira LB, Rodrigues RAS, Bodjolle-d&#x2019;Almeira L, dos Santos EP, Ricci-J&#xfa;nior E. Trends in insect repellent formulations: A review. Int. J. Pharm. 2018;539(1&#x2013;2):190&#x2013;209. doi: 10.1016/j.ijpharm.2018.01.046.</Citation><ArticleIdList><ArticleId IdType="doi">10.1016/j.ijpharm.2018.01.046</ArticleId><ArticleId IdType="pubmed">29410208</ArticleId></ArticleIdList></Reference><Reference><Citation>Priyanka G, Mandhane Ratnadeep S, Joshi Pravin S, Mahajan MD, Deepak RN, Charansingh HG. Synthesis, characterization, and antimicrobial screening of substituted quiazolinone derivatives. Arab. J. Chem. 2015;8:474&#x2013;479. doi: 10.1016/j.arabjc.2011.01.025.</Citation><ArticleIdList><ArticleId IdType="doi">10.1016/j.arabjc.2011.01.025</ArticleId></ArticleIdList></Reference><Reference><Citation>Shafi S, Kavitha N, Karthi A, Arun A. Synthesis, characterisation, and antimicrobial activity of some novel s-triazine derivatives incorporating a quinoline moiety. Acta. Chim. Pharm. Indica. 2016;6(2):53&#x2013;56. doi: 10.1016/j.jscs.2015.01.004.</Citation><ArticleIdList><ArticleId IdType="doi">10.1016/j.jscs.2015.01.004</ArticleId></ArticleIdList></Reference><Reference><Citation>Shang XF, Morris-Natschke SL, Liu YQ, Guo X, Xu XS, Goto M, Li JC, Yang GZ, Lee KH. Biologically active quinoline and quinazoline alkaloids part I. Med. Res. Rev. 2018;38(3):775&#x2013;828. doi: 10.1002/med.21466.</Citation><ArticleIdList><ArticleId IdType="doi">10.1002/med.21466</ArticleId><ArticleId IdType="pmc">PMC6421866</ArticleId><ArticleId IdType="pubmed">28902434</ArticleId></ArticleIdList></Reference><Reference><Citation>Jeon JH, Kim MG, Lee HS. Insecticidal activities of Rutachalepensis leaves isolated constituent and structure-relationships of its analogues against Sitophilus oryzae. J. Korean Soc. Appl. Biol. Chem. 2013;56(5):591&#x2013;596. doi: 10.1007/s13765-013-3215-5.</Citation><ArticleIdList><ArticleId IdType="doi">10.1007/s13765-013-3215-5</ArticleId></ArticleIdList></Reference><Reference><Citation>Sondos M, Bedoui A, Bensalah N. Efficient degradation of chloroquine drug by electro-fenton oxidation: Effects of operating conditions and degradation mechanisms. Chemosphere. 2020;260:127558. doi: 10.1016/j.chemosphere.2020.127558.</Citation><ArticleIdList><ArticleId IdType="doi">10.1016/j.chemosphere.2020.127558</ArticleId><ArticleId IdType="pmc">PMC7351021</ArticleId><ArticleId IdType="pubmed">32693256</ArticleId></ArticleIdList></Reference><Reference><Citation>Zhang Y, Chen L, Li X, Gao L, Hao Y, Li B, Yan Y. Novel 4-arylaminoquinazolines bearing N,N-diethyl (aminoethyl) amino moiety with antitumour activity as EGFRwt-TK inhibitor. J. Enzyme Inhib. Med. Chem. 2019;34(1):1668&#x2013;1677. doi: 10.1080/14756366.2019.1667341.</Citation><ArticleIdList><ArticleId IdType="doi">10.1080/14756366.2019.1667341</ArticleId><ArticleId IdType="pmc">PMC6758725</ArticleId><ArticleId IdType="pubmed">31530043</ArticleId></ArticleIdList></Reference><Reference><Citation>Patel DB, Rajani DP, Rajani SD, Patel HD. A green synthesis of quinoline-4-carboxylic derivatives using p-toluenesulfonic acid as an efficient organocatalyst under microwave irradiation and their docking, molecular dynamics, ADME-Tox and biological evaluation. J. Heterocycl. Chem. 2020;57(4):1524&#x2013;1544. doi: 10.1002/jhet.3848.</Citation><ArticleIdList><ArticleId IdType="doi">10.1002/jhet.3848</ArticleId></ArticleIdList></Reference><Reference><Citation>Alagarsamy V, Solomon VR, Dhanabal K. Synthesis and pharmacological evaluation of some 3-phenyl-2-substituted-3H-quinazolin-4-one as analgesic, anti-inflammatory agents. Bio-org. Med. Chem. 2007;15:235&#x2013;241. doi: 10.1002/ardp.200600189.</Citation><ArticleIdList><ArticleId IdType="doi">10.1002/ardp.200600189</ArticleId><ArticleId IdType="pubmed">17079148</ArticleId></ArticleIdList></Reference><Reference><Citation>Antipenko L, Karpenko A, Kovalenko S, Katsev A, Komarovska-Porokhnyavets E, Novikov V, Chekotilo A. Synthesis of new 2-thio-[1,2,4]-triazolo[1,5-c] quinazoline derivatives and its antimicrobial activity. Chem. Pharm. Bull. 2009;57:580&#x2013;585. doi: 10.1248/cpb.57.580.</Citation><ArticleIdList><ArticleId IdType="doi">10.1248/cpb.57.580</ArticleId><ArticleId IdType="pubmed">19483337</ArticleId></ArticleIdList></Reference><Reference><Citation>Rohini R, Muralidhar Reddy P, Shanker K, Hu A, Ravinder V. Antimicrobial study of newly synthesized 6-substituted indolo[1,2-c] quinazolines. Eur. J. Med. Chem. 2010;45:1200&#x2013;1205. doi: 10.1016/j.ejmech.2009.11.038.</Citation><ArticleIdList><ArticleId IdType="doi">10.1016/j.ejmech.2009.11.038</ArticleId><ArticleId IdType="pubmed">20005020</ArticleId></ArticleIdList></Reference><Reference><Citation>Chen C, Hou X, Wang G, Pan W, Yang X, Zhang Y, Fang H. Design, synthesis and biological evaluation of quinoline derivatives as HDAC class I inhibitors. Eur. J. Med. Chem. 2017;133:11&#x2013;23. doi: 10.1016/j.ejmech.2017.03.064.</Citation><ArticleIdList><ArticleId IdType="doi">10.1016/j.ejmech.2017.03.064</ArticleId><ArticleId IdType="pubmed">28371677</ArticleId></ArticleIdList></Reference><Reference><Citation>Saravanan G, Alagarsamy V, Prakash CR. Synthesis and evaluation of antioxidant activities of novel quinazoline derivatives. Int. J. Pharm. Sci. 2010;2:83&#x2013;86. doi: 10.1056/NEJMp2009457.</Citation><ArticleIdList><ArticleId IdType="doi">10.1056/NEJMp2009457</ArticleId></ArticleIdList></Reference><Reference><Citation>Jadhav AG, Halikar NK. Synthesis and biological activity of pyrimido [1, 2- a] quinoline moiety and its 2-substituted derivatives. J. Phys. Conf. Ser. 2013;423:012007. doi: 10.1088/1742-6596/423/1/012007.</Citation><ArticleIdList><ArticleId IdType="doi">10.1088/1742-6596/423/1/012007</ArticleId></ArticleIdList></Reference><Reference><Citation>Li Y, Zhang X, Niu S, et al. Synthesis and biological activity of imidazo [4,5-c] quinoline derivatives as PI3K/mTOR inhibitors. Chem. Res. Chin. Univ. 2017;33:895&#x2013;902. doi: 10.1007/s40242-017-7074-1.</Citation><ArticleIdList><ArticleId IdType="doi">10.1007/s40242-017-7074-1</ArticleId></ArticleIdList></Reference><Reference><Citation>Martinez PDG, Krake SH, Poggi ML, Campbell SF, Willis PA, Dias LC. 2,3,8-Trisubstituted quinolines with antimalarial activity. An Acad. Bras. Cienc. 2018 doi: 10.1590/0001-3765201820170820.</Citation><ArticleIdList><ArticleId IdType="doi">10.1590/0001-3765201820170820</ArticleId><ArticleId IdType="pubmed">29791525</ArticleId></ArticleIdList></Reference><Reference><Citation>Pogrmic-Majkic K, et al. BPA activates EGFR and ERK1/2 through PPAR&#x3b3; to increase expression of steroidogenic acute regulatory protein in human cumulus granulosa cells. Chemosphere. 2019;229:60&#x2013;67. doi: 10.1016/j.chemosphere.2019.04.174.</Citation><ArticleIdList><ArticleId IdType="doi">10.1016/j.chemosphere.2019.04.174</ArticleId><ArticleId IdType="pubmed">31075703</ArticleId></ArticleIdList></Reference><Reference><Citation>Yu E, et al. High-yielding continuous-flow synthesis of antimalarial drug hydroxychloroquine. Beilstein J. Org. Chem. 2018;14:583&#x2013;592. doi: 10.3762/bjoc.14.45.</Citation><ArticleIdList><ArticleId IdType="doi">10.3762/bjoc.14.45</ArticleId><ArticleId IdType="pmc">PMC5852550</ArticleId><ArticleId IdType="pubmed">29623120</ArticleId></ArticleIdList></Reference><Reference><Citation>Rome BN, Avorn J. Drug evaluation during the Covid-19 pandemic. N. Engl. J. Med. 2020 doi: 10.1056/NEJMp2009457.</Citation><ArticleIdList><ArticleId IdType="doi">10.1056/NEJMp2009457</ArticleId><ArticleId IdType="pubmed">32289216</ArticleId></ArticleIdList></Reference><Reference><Citation>Shaikh AR, Farooqui M, Satpute RH, Abed S. Overview on nitrogen containing compounds and their assessment based on &#x2018;International Regulatory Standards&#x2019;. J. Drug Deliv. Ther. 2018;8(6):424&#x2013;428. doi: 10.22270/jddt.v8i6-s.2156.</Citation><ArticleIdList><ArticleId IdType="doi">10.22270/jddt.v8i6-s.2156</ArticleId></ArticleIdList></Reference><Reference><Citation>Kerru N, Gummidi L, Maddila S, Gangu KK, Jonnalagadda SB. A review on recent advances in nitrogen-containing molecules and their biological applications. Molecules. 2020;25(8):1&#x2013;42. doi: 10.3390/molecules25081909.</Citation><ArticleIdList><ArticleId IdType="doi">10.3390/molecules25081909</ArticleId><ArticleId IdType="pmc">PMC7221918</ArticleId><ArticleId IdType="pubmed">32326131</ArticleId></ArticleIdList></Reference><Reference><Citation>Nyberg HJ, Muto K. Acoustic tracheal rupture provides insights into larval mosquito respiration. Sci. Rep. 2020;10:2378. doi: 10.1038/s41598-020-59321-8.</Citation><ArticleIdList><ArticleId IdType="doi">10.1038/s41598-020-59321-8</ArticleId><ArticleId IdType="pmc">PMC7012908</ArticleId><ArticleId IdType="pubmed">32047234</ArticleId></ArticleIdList></Reference><Reference><Citation>Yung MM, Foug&#xe8;res PA, Leung YH, Liu F, Djuri&#x161;i&#x107; AB, Giesy JP, Leung KM. Physicochemical characteristics and toxicity of surface-modified zinc oxide nanoparticles to freshwater and marine microalgae. Sci. Rep. 2017;7(1):15909. doi: 10.1038/s41598-017-15988-0.</Citation><ArticleIdList><ArticleId IdType="doi">10.1038/s41598-017-15988-0</ArticleId><ArticleId IdType="pmc">PMC5698420</ArticleId><ArticleId IdType="pubmed">29162907</ArticleId></ArticleIdList></Reference><Reference><Citation>Efferth T. Beyond malaria: The inhibition of viruses by artemisinin-type compounds. Biotechnol. Adv. 2018;36(6):1730&#x2013;1737. doi: 10.1016/j.biotechadv.2018.01.001.</Citation><ArticleIdList><ArticleId IdType="doi">10.1016/j.biotechadv.2018.01.001</ArticleId><ArticleId IdType="pubmed">29305894</ArticleId></ArticleIdList></Reference><Reference><Citation>Mazumder JA, Khan E, Perwez M, et al. Exposure of biosynthesized nanoscale ZnO to Brassica juncea crop plant: Morphological, biochemical, and molecular aspects. Sci. Rep. 2020;10:8531. doi: 10.1038/s41598-020-65271-y.</Citation><ArticleIdList><ArticleId IdType="doi">10.1038/s41598-020-65271-y</ArticleId><ArticleId IdType="pmc">PMC7244570</ArticleId><ArticleId IdType="pubmed">32444606</ArticleId></ArticleIdList></Reference><Reference><Citation>Naseer M, Aslam U, Khalid B, Chen B. Green route to synthesize Zinc Oxide Nanoparticles using leaf extracts of Cassia fistula and Melia azadarach and their antibacterial potential. Sci. Rep. 2020;10:9055. doi: 10.1038/s41598-020-65949-3.</Citation><ArticleIdList><ArticleId IdType="doi">10.1038/s41598-020-65949-3</ArticleId><ArticleId IdType="pmc">PMC7270115</ArticleId><ArticleId IdType="pubmed">32493935</ArticleId></ArticleIdList></Reference><Reference><Citation>Selim YA, Azb MA, Ragab I, Abd El-Azim MH. Green synthesis of zinc oxide nanoparticles using aqueous extract of Deverra tortuosa and their cytotoxic activities. Sci. Rep. 2020;10:3445. doi: 10.1038/s41598-020-60541-1.</Citation><ArticleIdList><ArticleId IdType="doi">10.1038/s41598-020-60541-1</ArticleId><ArticleId IdType="pmc">PMC7044426</ArticleId><ArticleId IdType="pubmed">32103090</ArticleId></ArticleIdList></Reference><Reference><Citation>Chauhan A, Verma R, Kumari S, et al. Photocatalytic dye degradation and antimicrobial activities of pure and Ag-doped ZnO using Cannabis sativa leaf extract. Sci. Rep. 2020;10:7881. doi: 10.1038/s41598-020-64419-0.</Citation><ArticleIdList><ArticleId IdType="doi">10.1038/s41598-020-64419-0</ArticleId><ArticleId IdType="pmc">PMC7217889</ArticleId><ArticleId IdType="pubmed">32398650</ArticleId></ArticleIdList></Reference><Reference><Citation>Paulpandi M, Thangam R, Kavithaa K, Sumathi S, Sankaran M, Mohan PS, Gunasekaran P, Kannan S. Pyrimido quinolin derivative: A potential inhibitor for pandemic influenza A (H1N1) viral growth and its replication. J. Pharm. Res. 2013;6(5):532&#x2013;537. doi: 10.1038/s41598-020-60541-1.</Citation><ArticleIdList><ArticleId IdType="doi">10.1038/s41598-020-60541-1</ArticleId></ArticleIdList></Reference><Reference><Citation>Blake, L. D. Antimalarial Exoerythrocytic Stage Drug Discovery and Resistance Studies. ProQuest Dissertations and Theseses. 172. (2016).</Citation></Reference><Reference><Citation>Manohar S, Tripathi M, Rawat DS. 4-Aminoquinoline based molecular hybrids as antimalarials: An overview. Curr. Top. Med. Chem. 2014;14:1706&#x2013;1733. doi: 10.2174/1568026614666140808125728.</Citation><ArticleIdList><ArticleId IdType="doi">10.2174/1568026614666140808125728</ArticleId><ArticleId IdType="pubmed">25116580</ArticleId></ArticleIdList></Reference><Reference><Citation>Murugan K, Madhavan J, Samidoss CM, Panneerselvam C, Malathi A, Rajasekar A, Pandiyan A, Kumar S, Alarfaj AA, Higuchi A, Benelli G. Bismuth oxyiodide nanoflakes showed toxicity against the malaria vector Anopheles stephensi and in vivo antiplasmodial activity. J. Clust. Sci. 2018;29(2):337&#x2013;344. doi: 10.1007/s10876-018-1332-3.</Citation><ArticleIdList><ArticleId IdType="doi">10.1007/s10876-018-1332-3</ArticleId></ArticleIdList></Reference><Reference><Citation>Kovendan K, Murugan K, Vincent S, Barnard DR. Studies on larvicidal and pupicidal activity of Leucas aspera Willd (Lamiaceae) and bacterial insecticide, Bacillus sphaericus against the malarial vector Anopheles stephensi Liston (Diptera: Culicidae) Parasitol. Res. 2012;110:195&#x2013;203. doi: 10.1007/s00436-011-2469-2.</Citation><ArticleIdList><ArticleId IdType="doi">10.1007/s00436-011-2469-2</ArticleId><ArticleId IdType="pubmed">21626422</ArticleId></ArticleIdList></Reference><Reference><Citation>Murugan K, Samidoss CM, Panneerselvam C, Higuchi A, Roni M, Suresh U, Chandramohan B, Subramaniam J, Madhiyazhagan P, Dinesh D, Rajaganesh R, Alarfaj AA, Nicoletti M, Kumar S, Wei H, Canale A, Mehlhorn H, Benelli G. Seaweed synthesized silver nanoparticles: An eco-friendly tool in the fight against Plasmodium falciparum and its vector Anopheles stephensi? Parasitol. Res. 2015;11:4087&#x2013;4097. doi: 10.1007/s00436-015-4638-1.</Citation><ArticleIdList><ArticleId IdType="doi">10.1007/s00436-015-4638-1</ArticleId><ArticleId IdType="pubmed">26227141</ArticleId></ArticleIdList></Reference><Reference><Citation>Murugan K, Dinesh D, Paulpandi M, Althbyani AD, Subramaniam J, Madhiyazhagan P, Wang L, Suresh U, Kumar PM, Mohan J, Rajaganesh R, Wei H, Kalimuthu K, Parajulee MN, Mehlhorn H, Benelli G. Nanoparticles in the fight against mosquito-borne diseases: Bioactivity of Bruguiera cylindrica-synthesized nanoparticles against dengue virus DEN-2 (in vitro) and its mosquito vector Aedes aegypti (Diptera: Culicidae) Parasitol. Res. 2015;114:4349&#x2013;4361. doi: 10.1016/j.arabjc.2011.07.007.</Citation><ArticleIdList><ArticleId IdType="doi">10.1016/j.arabjc.2011.07.007</ArticleId><ArticleId IdType="pubmed">26290219</ArticleId></ArticleIdList></Reference><Reference><Citation>Smilkstein M, Sriwilaijaroen N, Kelly JX, Wilairat P, Riscoe M. Simple and inexpensive fluorescence-based technique for high-throughput antimalarial drug screening. Antimicrob. Agents Chemother. 2004;48(5):1803&#x2013;1806. doi: 10.1128/aac.48.5.1803-1806.2004.</Citation><ArticleIdList><ArticleId IdType="doi">10.1128/aac.48.5.1803-1806.2004</ArticleId><ArticleId IdType="pmc">PMC400546</ArticleId><ArticleId IdType="pubmed">15105138</ArticleId></ArticleIdList></Reference><Reference><Citation>Bagavan A, Rahuman AA, Kaushik NK, Sahal D. In vitro antimalarial activity of medicinal plant extracts against Plasmodium falciparum. Parasitol. Res. 2011;108(1):15&#x2013;22. doi: 10.1155/2020/5041919.</Citation><ArticleIdList><ArticleId IdType="doi">10.1155/2020/5041919</ArticleId><ArticleId IdType="pubmed">20809417</ArticleId></ArticleIdList></Reference><Reference><Citation>Murugan K, Panneerselvam C, Samidoss CM, Madhiyazhagan P, Suresh U, Roni M, Chandramohan B, Subramaniam J, Dinesh D, Rajaganesh R, Paulpandi M, Wei H, Aziz AT, Saleh AM, Devanesan S, Nicoletti M, Pavela R, Canale A, Benelli G. In vivo and in vitro effectiveness of Azadirachta indica-synthesized silver nanocrystals against Plasmodium berghei and Plasmodium falciparum, and their potential against malaria mosquitoes. Res. Vet. Sci. 2016;106:14&#x2013;22. doi: 10.1016/j.rvsc.2016.03.001.</Citation><ArticleIdList><ArticleId IdType="doi">10.1016/j.rvsc.2016.03.001</ArticleId><ArticleId IdType="pubmed">27234530</ArticleId></ArticleIdList></Reference><Reference><Citation>Ene AC, Ameh DA, Kwanashie HO, Agomo PU, Atawodi SE. Preliminary in vivo antimalarial screening of petroleum ether, chloroform and methanol extracts of fifteen plants grown in Nigeria. J. Pharmacol. Toxicol. 2008;3(4):254&#x2013;260. doi: 10.3923/jpt.2008.254.260.</Citation><ArticleIdList><ArticleId IdType="doi">10.3923/jpt.2008.254.260</ArticleId></ArticleIdList></Reference><Reference><Citation>Argotte-Ramos R, Ram&#xed;rez-Avila G, Rodr&#xed;guez-Guti&#xe9;rrez MC, Ovilla-Mu&#xf1;oz M, Lanz-Mendoza H, Rodr&#xed;guez MH, Manas&#xe9;s G-C, &#xc1;lvarez L. Antimalarial 4-phenylcoumarins from the stem bark of Hintonia latiflora. J. Nat. Prod. 2006;69(10):1442&#x2013;1444. doi: 10.1021/np060233p.</Citation><ArticleIdList><ArticleId IdType="doi">10.1021/np060233p</ArticleId><ArticleId IdType="pubmed">17067158</ArticleId></ArticleIdList></Reference><Reference><Citation>Sujitha V, Murugan K, Paulpandi M, Panneerselvam C, Suresh U, Roni M, Nicoletti M, Higuchi A, Madhiyazhagan P, Subramaniam J, Dinesh D, Vadivalagan C, Chandramohan B, Alarfaj AA, Munusamy MA, Barnard DR, Benelli G. Green-synthesized silver nanoparticles as a novel control tool against dengue virus (DEN-2) and its primary vector Aedes aegypti. Parasitol. Res. 2015;114(9):3313&#x2013;3325. doi: 10.1007/s00436-015-4556-2.</Citation><ArticleIdList><ArticleId IdType="doi">10.1007/s00436-015-4556-2</ArticleId><ArticleId IdType="pubmed">26063530</ArticleId></ArticleIdList></Reference><Reference><Citation>Finney DJ. Probit Analysis. Cambridge University Press; 1971. pp. 68&#x2013;78.</Citation></Reference><Reference><Citation>Singh A, Kalamuddin MD, Mohmmed A, Malhotra P, Hoda N. Quinoline-triazole hybrids inhibit falcipain-2 and arrest the development of Plasmodium falciparum at the trophozoite stage. RSC Adv. 2019;9:39410. doi: 10.1039/c9ra06571grsc.li/rsc-advances.</Citation><ArticleIdList><ArticleId IdType="doi">10.1039/c9ra06571grsc.li/rsc-advances</ArticleId></ArticleIdList></Reference><Reference><Citation>Saini D, Jain S, Kumar A, Jain N. Synthesis and anti-malarial potential of some novel quinoline-pyrazolopyridine derivatives. EXCLI J. 2016;15:730&#x2013;737. doi: 10.17179/excli2016-677.</Citation><ArticleIdList><ArticleId IdType="doi">10.17179/excli2016-677</ArticleId><ArticleId IdType="pmc">PMC5318676</ArticleId><ArticleId IdType="pubmed">28337104</ArticleId></ArticleIdList></Reference><Reference><Citation>Rueda AG, Carreno Otero AL, Duque JE, Kouznetsov VV. Synthesis of new &#x3b1;-amino nitriles with insecticidal action on Aedes aegypti (Diptera: Culicidae) Revista Brasileira de Entomologia. 2018;62:112&#x2013;118. doi: 10.1016/j.rbe.2018.01.004.</Citation><ArticleIdList><ArticleId IdType="doi">10.1016/j.rbe.2018.01.004</ArticleId></ArticleIdList></Reference><Reference><Citation>Shao X, Xu Z, Zhao X, Xu X, Tao L, Li Z, Qian X. Synthesis, crystal structure, and insecticidal activities of highly congested hexahydroimidazo [1,2-a] pyridine derivatives: Effect of conformation on activities. J. Agric. Food Chem. 2010;58(5):2690&#x2013;2695. doi: 10.1021/jf902513t.</Citation><ArticleIdList><ArticleId IdType="doi">10.1021/jf902513t</ArticleId><ArticleId IdType="pubmed">20000414</ArticleId></ArticleIdList></Reference><Reference><Citation>Sun H, Li H, Wang J, Song G. Synthesis and nematocidal activity of piperazinedione derivatives based on the natural product Barettin. Chin. Chem. Lett. 2017;29(6):977&#x2013;980. doi: 10.1016/j.cclet.2017.10.015.</Citation><ArticleIdList><ArticleId IdType="doi">10.1016/j.cclet.2017.10.015</ArticleId></ArticleIdList></Reference><Reference><Citation>Gayam V, Ravi S. Cinnamoylated chloroquine analogues: A new structural class of antimalarial agents. Eur. J. Med. Chem. 2017;135:382&#x2013;391. doi: 10.1016/j.ejmech.2017.04.063.</Citation><ArticleIdList><ArticleId IdType="doi">10.1016/j.ejmech.2017.04.063</ArticleId><ArticleId IdType="pubmed">28460312</ArticleId></ArticleIdList></Reference><Reference><Citation>Kondaparia S, Soni A, Manhas A, Srivastava K, Puri SK, Katti SB. Antimalarial activity of novel 4-aminoquinolines active against drug resistant strains. Bioorg. Chem. 2017;70:74&#x2013;85. doi: 10.1016/s1383-5769(99)00023-9.</Citation><ArticleIdList><ArticleId IdType="doi">10.1016/s1383-5769(99)00023-9</ArticleId><ArticleId IdType="pubmed">27908538</ArticleId></ArticleIdList></Reference><Reference><Citation>Cai M, Li Z, Fan F, Huang Q, Shao X, Song G. Design and synthesis of novel insecticides based on the serotonergic ligand 1-[(4-aminophenyl) ethyl]-4-[3-(trifluoromethyl)phenyl] piperazine (PAPP) J. Agric. Food Chem. 2010;58(5):2624&#x2013;2629. doi: 10.1021/jf902640u.</Citation><ArticleIdList><ArticleId IdType="doi">10.1021/jf902640u</ArticleId><ArticleId IdType="pubmed">20000410</ArticleId></ArticleIdList></Reference><Reference><Citation>Rahuman AA, Gopalakrishnan G, Venkatesan P, Geetha K, Bagavan A. Mosquito larvicidal activity of isolated compounds from the rhizome of Zingiber officinale. Phytother. Res. 2008;22(8):1035&#x2013;1039. doi: 10.1002/ptr.2423.</Citation><ArticleIdList><ArticleId IdType="doi">10.1002/ptr.2423</ArticleId><ArticleId IdType="pubmed">18618523</ArticleId></ArticleIdList></Reference><Reference><Citation>Kumawat MK, Singh UP, Singh B, Prakash A, Chetia D. Synthesis and antimalarial activity evaluation of 3-(3-(7-chloroquinolin-4-ylamino) propyl)-1,3-thiazinan-4-one derivatives. Arab. J. Chem. 2016;9:S643&#x2013;S647. doi: 10.1016/j.arabjc.2011.07.007.</Citation><ArticleIdList><ArticleId IdType="doi">10.1016/j.arabjc.2011.07.007</ArticleId></ArticleIdList></Reference><Reference><Citation>Faruk Khan MO, Levi MS, Tekwani BL, Khan SI, Kimura E, Borne RF. Synthesis and antimalarial activities of cyclen 4-aminoquinoline analogs. Antimicrob. Agents Chemother. 2009;53(4):1320&#x2013;1324. doi: 10.1128/AAC.01304-08.</Citation><ArticleIdList><ArticleId IdType="doi">10.1128/AAC.01304-08</ArticleId><ArticleId IdType="pmc">PMC2663103</ArticleId><ArticleId IdType="pubmed">19171802</ArticleId></ArticleIdList></Reference><Reference><Citation>Pinheiro LCS, Feitosa LM, Gandi MO, Silveira FF, Boechat N. The development of novel compounds against malaria: Quinolines, triazolpyridines, pyrazolopyridines and pyrazolopyrimidines. Molecules. 2019;24:1&#x2013;20. doi: 10.3390/molecules24224095.</Citation><ArticleIdList><ArticleId IdType="doi">10.3390/molecules24224095</ArticleId><ArticleId IdType="pmc">PMC6891514</ArticleId><ArticleId IdType="pubmed">31766184</ArticleId></ArticleIdList></Reference><Reference><Citation>Foley M, Tiley L. Quinoline antimalarials: Mechanisms of action and resistance and prospects for new agents. Pharmacol. Ther. 1998;79(1):55&#x2013;87. doi: 10.1016/s0163-7258(98)00012-6.</Citation><ArticleIdList><ArticleId IdType="doi">10.1016/s0163-7258(98)00012-6</ArticleId><ArticleId IdType="pubmed">9719345</ArticleId></ArticleIdList></Reference><Reference><Citation>Herraiz T, Guillen H, Gonzalez-Pena D, Aran VJ. Antimalarial quinoline drugs inhibits Hematin and increase free hemin catalyzing peroxidative reactions and inhibition of cysteine proteases. Sci. Rep. 2019;9:15398. doi: 10.1038/s41598-019-51604-z.</Citation><ArticleIdList><ArticleId IdType="doi">10.1038/s41598-019-51604-z</ArticleId><ArticleId IdType="pmc">PMC6817881</ArticleId><ArticleId IdType="pubmed">31659177</ArticleId></ArticleIdList></Reference><Reference><Citation>Aboelnaga A, El-Sayed TH. Click synthesis of new 7-chloroquinoline derivatives by using ultrasound irradiation and evaluation of their biological activity. Green Chem. Lett. Rev. 2018;11(3):254&#x2013;263. doi: 10.1080/17518253.2018.1473505.</Citation><ArticleIdList><ArticleId IdType="doi">10.1080/17518253.2018.1473505</ArticleId></ArticleIdList></Reference><Reference><Citation>Afzal O, Kumar S, Haider MR, Ali MR, Kumar R, Jaggi M, Bawa S. A review on anticancer potential of bioactive heterocycle quinoline. Eur. J. Med. Chem. 2015;97:871&#x2013;910. doi: 10.1016/j.ejmech.2014.07.044.</Citation><ArticleIdList><ArticleId IdType="doi">10.1016/j.ejmech.2014.07.044</ArticleId><ArticleId IdType="pubmed">25073919</ArticleId></ArticleIdList></Reference><Reference><Citation>Aderibigbe BA, Neuse EW, Sadiku ER, Ray SS, Smith PJ. Synthesis, characterization, and antiplasmodial activity of polymer-incorporated aminoquinolines. J. Biomed. Mater. Res. Part A. 2013;102(6):1941&#x2013;1949. doi: 10.1002/jbm.a.34866.</Citation><ArticleIdList><ArticleId IdType="doi">10.1002/jbm.a.34866</ArticleId><ArticleId IdType="pubmed">23853120</ArticleId></ArticleIdList></Reference><Reference><Citation>Erguc A, Altintop MD, Atli O, Sever B, Iscan G, Gormus G, Ozdemir A. Synthesis and biological evaluation of new quinoline-based Thiazolyl hydrazone derivatives as potent antifungal and anticancer agents. Lett. Drug Des. Discovery. 2018;15(2):193&#x2013;202. doi: 10.2174/1570180814666171003145227.</Citation><ArticleIdList><ArticleId IdType="doi">10.2174/1570180814666171003145227</ArticleId></ArticleIdList></Reference><Reference><Citation>Theerthagiri J, Madhavan J, Murugan K, Samidoss CM, Kumar S, Higuchi A, Benelli G. Flower-like copper sulphide nanocrystals are highly effective against chloroquine-resistant Plasmodium falciparum and the malaria vector Anopheles stephensi. J. Cluster Sci. 2017;28(1):581&#x2013;594. doi: 10.1007/s10876-016-1128-2.</Citation><ArticleIdList><ArticleId IdType="doi">10.1007/s10876-016-1128-2</ArticleId></ArticleIdList></Reference><Reference><Citation>Tang L, Bei Z, Song Y, Xu L, Wang H, Zhang D, Dou Y, Ly K, Wang H. Synthesis and in vivo antimalarial activity of novel naphthoquine derivatives with linear/cyclic structured pendants. Future Med. Chem. 2017;9:11. doi: 10.4155/fmc-2017-0058.</Citation><ArticleIdList><ArticleId IdType="doi">10.4155/fmc-2017-0058</ArticleId><ArticleId IdType="pubmed">28513196</ArticleId></ArticleIdList></Reference><Reference><Citation>Manohar S, Rajesh UC, Khan SI, Tekwani BL, Rawat DS. Novel 4-Aminoquinoline-pyrimidine based hybrids with improved in vitro and in vivo antimalarial activity. ACS Med. Chem. Lett. 2012;3:555&#x2013;559. doi: 10.1021/ml3000808.</Citation><ArticleIdList><ArticleId IdType="doi">10.1021/ml3000808</ArticleId><ArticleId IdType="pmc">PMC4025768</ArticleId><ArticleId IdType="pubmed">24900509</ArticleId></ArticleIdList></Reference><Reference><Citation>Sahu R, Walker LA, Tekwani BL. In vitro and in vivo anti-malarial activity of tigecycline, a glycylcycline antibiotic, in combination with chloroquine. Malar. J. 2014;13(1):414. doi: 10.1186/1475-2875-13-414.</Citation><ArticleIdList><ArticleId IdType="doi">10.1186/1475-2875-13-414</ArticleId><ArticleId IdType="pmc">PMC4216846</ArticleId><ArticleId IdType="pubmed">25336038</ArticleId></ArticleIdList></Reference><Reference><Citation>Murugan K, Aruna P, Panneerselvam C, Madhiyazhagan P, Paulpandi M, Subramaniam J, Rajaganesh R, Wei H, Alsalhi MS, Devanesan S, Nicoletti M, Syuhei B, Canale A, Benelli G. Fighting arboviral diseases: Low toxicity on mammalian cells, dengue growth inhibition (in vitro) and mosquitocidal activity of Centroceras clavulatum-synthesized silver nanoparticles. Parasitol. Res. 2016;115:651&#x2013;662. doi: 10.1007/s00436-015-4783-6.</Citation><ArticleIdList><ArticleId IdType="doi">10.1007/s00436-015-4783-6</ArticleId><ArticleId IdType="pubmed">26462804</ArticleId></ArticleIdList></Reference><Reference><Citation>Tseng CH, Lin CK, Chen YL, Hsu CY, Wu HN, Tseng CK, Lee CJ. Synthesis, antiproliferative and anti-dengue virus evaluations of 2-aroyl-3-arylquinoline derivatives. Eur. J. Med. Chem. 2014;79:66&#x2013;76. doi: 10.1016/j.ejmech.2014.03.074.</Citation><ArticleIdList><ArticleId IdType="doi">10.1016/j.ejmech.2014.03.074</ArticleId><ArticleId IdType="pubmed">24727241</ArticleId></ArticleIdList></Reference><Reference><Citation>Beesetti H, Tyagi P, Medapi B, Siva Krishna V, Sriram D, Khanna N, Swaminathan S. A quinoline compound inhibits the replication of dengue virus serotypes 1&#x2013;4 in vero cells. Antivir. Ther. 2018;23(5):385&#x2013;394. doi: 10.3851/IMP3231.</Citation><ArticleIdList><ArticleId IdType="doi">10.3851/IMP3231</ArticleId><ArticleId IdType="pubmed">29583121</ArticleId></ArticleIdList></Reference><Reference><Citation>Santos VS, Vieira JEL, Pereira BB. Association of low concentrations of pyriproxyfen and spinosad as an environment-friendly strategy to rationalize Aedes aegypti control programs. Chemosphere. 2020;247:125795. doi: 10.1016/j.chemosphere.2019.125795.</Citation><ArticleIdList><ArticleId IdType="doi">10.1016/j.chemosphere.2019.125795</ArticleId><ArticleId IdType="pubmed">31927181</ArticleId></ArticleIdList></Reference><Reference><Citation>Guardia GDL, Stephens DE, Dang HT, Quijada M, Larionov OV, Lleonart R. Antiviral activity of novel quinoline derivatives against dengue virus serotype 2. Molecules. 2018;23:672. doi: 10.3390/molecules23030672.</Citation><ArticleIdList><ArticleId IdType="doi">10.3390/molecules23030672</ArticleId><ArticleId IdType="pmc">PMC5997395</ArticleId><ArticleId IdType="pubmed">29547522</ArticleId></ArticleIdList></Reference><Reference><Citation>Devaux CA, Rolain JM, Colson P, Raoult D. New insights on the antiviral effects of chloroquine against coronavirus: what to expect for COVID-19? Int. J. Antimicrob. Agents. 2020;55(5):105938. doi: 10.1016/j.ijantimicag.2020.105938.</Citation><ArticleIdList><ArticleId IdType="doi">10.1016/j.ijantimicag.2020.105938</ArticleId><ArticleId IdType="pmc">PMC7118659</ArticleId><ArticleId IdType="pubmed">32171740</ArticleId></ArticleIdList></Reference><Reference><Citation>Kono M, Tatsumi K, Imai AM, Saito K, Kuriyama T, Shirasawa H. Inhibition of human coronavirus 229E infection in human epithelial lung cells (L132) by chloroquine: involvement of p38 MAPK and ERK. Antiviral Res. 2008;77:150&#x2013;152. doi: 10.1016/j.antiviral.2007.10.011.</Citation><ArticleIdList><ArticleId IdType="doi">10.1016/j.antiviral.2007.10.011</ArticleId><ArticleId IdType="pmc">PMC7114149</ArticleId><ArticleId IdType="pubmed">18055026</ArticleId></ArticleIdList></Reference><Reference><Citation>Col&#xf3;n-Gonz&#xe1;lez FJ, Peres CA, Steiner S&#xe3;o Bernardo C, Hunter PR, Lake IR. After the epidemic: Zika virus projections for Latin America and the Caribbean. PLoS Negl. Trop. Dis. 2017;11(11):1&#x2013;19. doi: 10.1371/journal.pntd.0006007.</Citation><ArticleIdList><ArticleId IdType="doi">10.1371/journal.pntd.0006007</ArticleId><ArticleId IdType="pmc">PMC5683651</ArticleId><ArticleId IdType="pubmed">29091713</ArticleId></ArticleIdList></Reference><Reference><Citation>Amuthavalli P, Hwang JS, Dahms HU, Wang L, Anitha J, Vasanthakumaran M, Gandhi DM, Murugan K, Subramaniam J, Paulpandi M, Chandramohan B, Singh S. Zinc oxide nanoparticles using plant Lawsonia inermis and their mosquitocidal, antimicrobial, anticancer applications showing moderate side effects. Sci. Rep. 2021;11:8837. doi: 10.1038/s41598-021-88164-0.</Citation><ArticleIdList><ArticleId IdType="doi">10.1038/s41598-021-88164-0</ArticleId><ArticleId IdType="pmc">PMC8065047</ArticleId><ArticleId IdType="pubmed">33893349</ArticleId></ArticleIdList></Reference></ReferenceList></PubmedData></PubmedArticle></PubmedArticleSet>