<?xml version="1.0" ?>
<!DOCTYPE PubmedArticleSet PUBLIC "-//NLM//DTD PubMedArticle, 1st January 2023//EN" "https://dtd.nlm.nih.gov/ncbi/pubmed/out/pubmed_230101.dtd">
<PubmedArticleSet>
<PubmedArticle><MedlineCitation Status="MEDLINE" Owner="NLM" IndexingMethod="Automated"><PMID Version="1">35309328</PMID><DateCompleted><Year>2022</Year><Month>05</Month><Day>03</Day></DateCompleted><DateRevised><Year>2022</Year><Month>05</Month><Day>03</Day></DateRevised><Article PubModel="Electronic-eCollection"><Journal><ISSN IssnType="Electronic">1664-3224</ISSN><JournalIssue CitedMedium="Internet"><Volume>13</Volume><PubDate><Year>2022</Year></PubDate></JournalIssue><Title>Frontiers in immunology</Title><ISOAbbreviation>Front Immunol</ISOAbbreviation></Journal><ArticleTitle>Development of Novel Dengue NS1 Multiplex Lateral Flow Immunoassay to Differentiate Serotypes in Serum of Acute Phase Patients and Infected Mosquitoes.</ArticleTitle><Pagination><StartPage>852452</StartPage><MedlinePgn>852452</MedlinePgn></Pagination><ELocationID EIdType="pii" ValidYN="Y">852452</ELocationID><ELocationID EIdType="doi" ValidYN="Y">10.3389/fimmu.2022.852452</ELocationID><Abstract><AbstractText>Dengue is among the most rapidly spreading arboviral disease in the world. A low-cost, easy to use point-of-care diagnostic tool for the detection and differentiation of dengue virus serotypes could improve clinical management, disease prevention, epidemiological surveillance, and outbreak monitoring, particularly in regions where multiple serotypes co-circulate. Despite widespread deployment, no commercial dengue antigen diagnostic test has proven effective in differentiating among dengue virus serotypes. In the current study, we first established mAb pairs and developed a multiplex lateral flow immunoassay for the simultaneous detection of the dengue viral NS1 antigen and identification of serotype. The proposed system, called Dengue serotype NS1 Multiplex LFIA, provides high sensitivity and specificity. In testing for JEV, ZIKV, YFV, WNV, and CHIKV, the multiplex LFIA gave no indication of cross- reactivity with cell culture supernatants of other flaviviruses or chikungunya virus. In analyzing 187 samples from patients suspected of dengue infection, the detection sensitivity for serotype D1 to D4 was 90.0%, 88.24%, 82.61%, and 83.33% and serotype specificity was 98.74%, 96.13%, 99.39%, and 97.04%, respectively. Our multiplex LFIA can also identify mono- and co-infection of different serotype of dengue viruses in mosquitoes. The proposed Multiplex LFIA provides a simple tool for the rapid detection of dengue serotypes and in the differential diagnosis of fever patients in regions where medical resources are limited and/or multiple DENVs co-circulate.</AbstractText><CopyrightInformation>Copyright &#xa9; 2022 Lai, Huang, Wey, Tsai, Chen, Shu, Chang, Hung, Hou and Lin.</CopyrightInformation></Abstract><AuthorList CompleteYN="Y"><Author ValidYN="Y"><LastName>Lai</LastName><ForeName>Szu-Chia</ForeName><Initials>SC</Initials><AffiliationInfo><Affiliation>Institute of Preventive Medicine, National Defense Medical Center, New Taipei City, Taiwan.</Affiliation></AffiliationInfo></Author><Author ValidYN="Y"><LastName>Huang</LastName><ForeName>Yu-Yine</ForeName><Initials>YY</Initials><AffiliationInfo><Affiliation>Institute of Preventive Medicine, National Defense Medical Center, New Taipei City, Taiwan.</Affiliation></AffiliationInfo></Author><Author ValidYN="Y"><LastName>Wey</LastName><ForeName>Jiunn-Jye</ForeName><Initials>JJ</Initials><AffiliationInfo><Affiliation>Institute of Preventive Medicine, National Defense Medical Center, New Taipei City, Taiwan.</Affiliation></AffiliationInfo></Author><Author ValidYN="Y"><LastName>Tsai</LastName><ForeName>Meng-Hung</ForeName><Initials>MH</Initials><AffiliationInfo><Affiliation>Institute of Preventive Medicine, National Defense Medical Center, New Taipei City, Taiwan.</Affiliation></AffiliationInfo></Author><Author ValidYN="Y"><LastName>Chen</LastName><ForeName>Yi-Ling</ForeName><Initials>YL</Initials><AffiliationInfo><Affiliation>Institute of Preventive Medicine, National Defense Medical Center, New Taipei City, Taiwan.</Affiliation></AffiliationInfo></Author><Author ValidYN="Y"><LastName>Shu</LastName><ForeName>Pei-Yun</ForeName><Initials>PY</Initials><AffiliationInfo><Affiliation>Center for Diagnostics and Vaccine Development, Centers for Disease Control, Ministry of Health and Welfare, Taipei City, Taiwan.</Affiliation></AffiliationInfo></Author><Author ValidYN="Y"><LastName>Chang</LastName><ForeName>Shu-Fen</ForeName><Initials>SF</Initials><AffiliationInfo><Affiliation>Center for Diagnostics and Vaccine Development, Centers for Disease Control, Ministry of Health and Welfare, Taipei City, Taiwan.</Affiliation></AffiliationInfo></Author><Author ValidYN="Y"><LastName>Hung</LastName><ForeName>Yi-Jen</ForeName><Initials>YJ</Initials><AffiliationInfo><Affiliation>Institute of Preventive Medicine, National Defense Medical Center, New Taipei City, Taiwan.</Affiliation></AffiliationInfo></Author><Author ValidYN="Y"><LastName>Hou</LastName><ForeName>Jiu-Nan</ForeName><Initials>JN</Initials><AffiliationInfo><Affiliation>Diagnostic Device Group, Trison Technology Corporation, Taoyuan City, Taiwan.</Affiliation></AffiliationInfo></Author><Author ValidYN="Y"><LastName>Lin</LastName><ForeName>Chang-Chi</ForeName><Initials>CC</Initials><AffiliationInfo><Affiliation>Institute of Preventive Medicine, National Defense Medical Center, New Taipei City, Taiwan.</Affiliation></AffiliationInfo><AffiliationInfo><Affiliation>Institute of Microbiology and Immunology, National Defense Medical Center, Taipei City, Taiwan.</Affiliation></AffiliationInfo></Author></AuthorList><Language>eng</Language><PublicationTypeList><PublicationType UI="D016428">Journal Article</PublicationType><PublicationType UI="D013485">Research Support, Non-U.S. Gov't</PublicationType></PublicationTypeList><ArticleDate DateType="Electronic"><Year>2022</Year><Month>03</Month><Day>04</Day></ArticleDate></Article><MedlineJournalInfo><Country>Switzerland</Country><MedlineTA>Front Immunol</MedlineTA><NlmUniqueID>101560960</NlmUniqueID><ISSNLinking>1664-3224</ISSNLinking></MedlineJournalInfo><ChemicalList><Chemical><RegistryNumber>0</RegistryNumber><NameOfSubstance UI="D000911">Antibodies, Monoclonal</NameOfSubstance></Chemical><Chemical><RegistryNumber>0</RegistryNumber><NameOfSubstance UI="D000914">Antibodies, Viral</NameOfSubstance></Chemical><Chemical><RegistryNumber>0</RegistryNumber><NameOfSubstance UI="D017361">Viral Nonstructural Proteins</NameOfSubstance></Chemical></ChemicalList><CitationSubset>IM</CitationSubset><MeshHeadingList><MeshHeading><DescriptorName UI="D000818" MajorTopicYN="N">Animals</DescriptorName></MeshHeading><MeshHeading><DescriptorName UI="D000911" MajorTopicYN="N">Antibodies, Monoclonal</DescriptorName></MeshHeading><MeshHeading><DescriptorName UI="D000914" MajorTopicYN="N">Antibodies, Viral</DescriptorName></MeshHeading><MeshHeading><DescriptorName UI="D009033" MajorTopicYN="Y">Culicidae</DescriptorName></MeshHeading><MeshHeading><DescriptorName UI="D003715" MajorTopicYN="Y">Dengue</DescriptorName></MeshHeading><MeshHeading><DescriptorName UI="D003716" MajorTopicYN="Y">Dengue Virus</DescriptorName></MeshHeading><MeshHeading><DescriptorName UI="D006801" MajorTopicYN="N">Humans</DescriptorName></MeshHeading><MeshHeading><DescriptorName UI="D007118" MajorTopicYN="N">Immunoassay</DescriptorName></MeshHeading><MeshHeading><DescriptorName UI="D065288" MajorTopicYN="N">Serogroup</DescriptorName></MeshHeading><MeshHeading><DescriptorName UI="D017361" MajorTopicYN="N">Viral Nonstructural Proteins</DescriptorName></MeshHeading><MeshHeading><DescriptorName UI="D000071244" MajorTopicYN="Y">Zika Virus</DescriptorName></MeshHeading><MeshHeading><DescriptorName UI="D000071243" MajorTopicYN="Y">Zika Virus Infection</DescriptorName></MeshHeading></MeshHeadingList><KeywordList Owner="NOTNLM"><Keyword MajorTopicYN="N">NS1</Keyword><Keyword MajorTopicYN="N">dengue</Keyword><Keyword MajorTopicYN="N">lateral flow immunoassay</Keyword><Keyword MajorTopicYN="N">rapid test</Keyword><Keyword MajorTopicYN="N">serotype</Keyword></KeywordList><CoiStatement>Author J-NH is employed by Trison Technology Corporation. The remaining authors declare that the research was conducted in the absence of any commercial or financial relationships that could be construed as a potential conflict of interest.</CoiStatement></MedlineCitation><PubmedData><History><PubMedPubDate PubStatus="received"><Year>2022</Year><Month>1</Month><Day>11</Day></PubMedPubDate><PubMedPubDate PubStatus="accepted"><Year>2022</Year><Month>2</Month><Day>14</Day></PubMedPubDate><PubMedPubDate PubStatus="entrez"><Year>2022</Year><Month>3</Month><Day>21</Day><Hour>8</Hour><Minute>50</Minute></PubMedPubDate><PubMedPubDate PubStatus="pubmed"><Year>2022</Year><Month>3</Month><Day>22</Day><Hour>6</Hour><Minute>0</Minute></PubMedPubDate><PubMedPubDate PubStatus="medline"><Year>2022</Year><Month>5</Month><Day>4</Day><Hour>6</Hour><Minute>0</Minute></PubMedPubDate></History><PublicationStatus>epublish</PublicationStatus><ArticleIdList><ArticleId IdType="pubmed">35309328</ArticleId><ArticleId IdType="pmc">PMC8931297</ArticleId><ArticleId IdType="doi">10.3389/fimmu.2022.852452</ArticleId></ArticleIdList><ReferenceList><Reference><Citation>Katzelnick LC, Coloma J, Harris E. Dengue: Knowledge Gaps, Unmet Needs, and Research Priorities. Lancet Infect Dis (2017) 17(3):e88&#x2013;e100. doi:&#xa0;10.1016/S1473-3099(16)30473-X</Citation><ArticleIdList><ArticleId IdType="doi">10.1016/S1473-3099(16)30473-X</ArticleId><ArticleId IdType="pmc">PMC5967882</ArticleId><ArticleId IdType="pubmed">28185868</ArticleId></ArticleIdList></Reference><Reference><Citation>Bhatt S, Gething PW, Brady OJ, Messina JP, Farlow AW, Moyes CL, et al. . The Global Distribution and Burden of Dengue. Nature (2013) 496(7446):504&#x2013;7. doi: 10.1038/nature12060</Citation><ArticleIdList><ArticleId IdType="doi">10.1038/nature12060</ArticleId><ArticleId IdType="pmc">PMC3651993</ArticleId><ArticleId IdType="pubmed">23563266</ArticleId></ArticleIdList></Reference><Reference><Citation>Wilder-Smith A, Ooi E-E, Horstick O, Wills B. Dengue. Lancet (2019) 393(10169):350&#x2013;63. doi:&#xa0;10.1016/S0140-6736(18)32560-1</Citation><ArticleIdList><ArticleId IdType="doi">10.1016/S0140-6736(18)32560-1</ArticleId><ArticleId IdType="pubmed">30696575</ArticleId></ArticleIdList></Reference><Reference><Citation>Patterson J, Sammon M, Garg M. Dengue, Zika and Chikungunya: Emerging Arboviruses in the New World. West J Emerg Med (2016) 17(6):671&#x2013;9. doi:&#xa0;10.5811/westjem.2016.9.30904</Citation><ArticleIdList><ArticleId IdType="doi">10.5811/westjem.2016.9.30904</ArticleId><ArticleId IdType="pmc">PMC5102589</ArticleId><ArticleId IdType="pubmed">27833670</ArticleId></ArticleIdList></Reference><Reference><Citation>Shepard DS, Undurraga EA, Halasa YA, Stanaway JD. The Global Economic Burden of Dengue: A Systematic Analysis. Lancet Infect Dis (2016) 16(8):935&#x2013;41. doi:&#xa0;10.1016/S1473-3099(16)00146-8</Citation><ArticleIdList><ArticleId IdType="doi">10.1016/S1473-3099(16)00146-8</ArticleId><ArticleId IdType="pubmed">27091092</ArticleId></ArticleIdList></Reference><Reference><Citation>Castro MC, Wilson ME, Bloom DE. Disease and Economic Burdens of Dengue. Lancet Infect Dis (2017) 17(3):e70&#x2013;8. doi:&#xa0;10.1016/S1473-3099(16)30545-X</Citation><ArticleIdList><ArticleId IdType="doi">10.1016/S1473-3099(16)30545-X</ArticleId><ArticleId IdType="pubmed">28185869</ArticleId></ArticleIdList></Reference><Reference><Citation>Franklinos LHV, Jones KE, Redding DW, Abubakar I. The Effect of Global Change on Mosquito-Borne Disease. Lancet Infect Dis (2019) 19(9):e302&#x2013;12. doi:&#xa0;10.1016/S1473-3099(19)30161-6</Citation><ArticleIdList><ArticleId IdType="doi">10.1016/S1473-3099(19)30161-6</ArticleId><ArticleId IdType="pubmed">31227327</ArticleId></ArticleIdList></Reference><Reference><Citation>Ferguson NM. Challenges and Opportunities in Controlling Mosquito-Borne Infections. Nature (2018) 559(7715):490&#x2013;7. doi: 10.1038/s41586-018-0318-5</Citation><ArticleIdList><ArticleId IdType="doi">10.1038/s41586-018-0318-5</ArticleId><ArticleId IdType="pubmed">30046071</ArticleId></ArticleIdList></Reference><Reference><Citation>Tian H, Sun Z, Faria NR, Yang J, Cazelles B, Huang S, et al. . Increasing Airline Travel may Facilitate Co-Circulation of Multiple Dengue Virus Serotypes in Asia. PloS Negl Trop Dis (2017) 11(8):e0005694. doi:&#xa0;10.1371/journal.pntd.0005694</Citation><ArticleIdList><ArticleId IdType="doi">10.1371/journal.pntd.0005694</ArticleId><ArticleId IdType="pmc">PMC5542384</ArticleId><ArticleId IdType="pubmed">28771468</ArticleId></ArticleIdList></Reference><Reference><Citation>Cattarino L, Rodriguez-Barraquer I, Imai N, Cummings DAT, Ferguson NM. Mapping Global Variation in Dengue Transmission Intensity. Sci Transl Med (2020) 12(528):eaax4144. doi:&#xa0;10.1126/scitranslmed.aax4144</Citation><ArticleIdList><ArticleId IdType="doi">10.1126/scitranslmed.aax4144</ArticleId><ArticleId IdType="pubmed">31996463</ArticleId></ArticleIdList></Reference><Reference><Citation>Guzman MG, Harris E. Dengue. Lancet (2015) 385(9966):453&#x2013;65. doi:&#xa0;10.1016/S0140-6736(14)60572-9</Citation><ArticleIdList><ArticleId IdType="doi">10.1016/S0140-6736(14)60572-9</ArticleId><ArticleId IdType="pubmed">25230594</ArticleId></ArticleIdList></Reference><Reference><Citation>Clapham HE, Cummings DAT, Johansson MA. Immune Status Alters the Probability of Apparent Illness Due to Dengue Virus Infection: Evidence From a Pooled Analysis Across Multiple Cohort and Cluster Studies. PloS Negl Trop Dis (2017) 11(9):e0005926. doi:&#xa0;10.1371/journal.pntd.0005926</Citation><ArticleIdList><ArticleId IdType="doi">10.1371/journal.pntd.0005926</ArticleId><ArticleId IdType="pmc">PMC5633199</ArticleId><ArticleId IdType="pubmed">28953902</ArticleId></ArticleIdList></Reference><Reference><Citation>OhAinle M, Balmaseda A, Macalalad AR, Tellez Y, Zody MC, Sabor&#xed;o S, et al. . Dynamics of Dengue Disease Severity Determined by the Interplay Between Viral Genetics and Serotype-Specific Immunity. Sci Transl Med (2011) 3(114):114ra28&#x2013;ra28. doi:&#xa0;10.1126/scitranslmed.3003084</Citation><ArticleIdList><ArticleId IdType="doi">10.1126/scitranslmed.3003084</ArticleId><ArticleId IdType="pmc">PMC4517192</ArticleId><ArticleId IdType="pubmed">22190239</ArticleId></ArticleIdList></Reference><Reference><Citation>Vaughn DW, Green S, Kalayanarooj S, Innis BL, Nimmannitya S, Suntayakorn S, et al. . Dengue Viremia Titer, Antibody Response Pattern, and Virus Serotype Correlate With Disease Severity. J Infect Dis (2000) 181(1):2&#x2013;9. doi:&#xa0;10.1086/315215</Citation><ArticleIdList><ArticleId IdType="doi">10.1086/315215</ArticleId><ArticleId IdType="pubmed">10608744</ArticleId></ArticleIdList></Reference><Reference><Citation>Vicente CR, Herbinger K-H, Fr&#xf6;schl G, Malta Romano C, de Souza Areias Cabidelle A, Cerutti Junior C. Serotype Influences on Dengue Severity: A Cross-Sectional Study on 485 Confirmed Dengue Cases in Vit&#xf3;ria, Brazil. BMC Infect Dis (2016) 16(1):320. doi:&#xa0;10.1186/s12879-016-1668-y</Citation><ArticleIdList><ArticleId IdType="doi">10.1186/s12879-016-1668-y</ArticleId><ArticleId IdType="pmc">PMC4938938</ArticleId><ArticleId IdType="pubmed">27393011</ArticleId></ArticleIdList></Reference><Reference><Citation>Soo K-M, Khalid B, Ching S-M, Chee H-Y. Meta-Analysis of Dengue Severity During Infection by Different Dengue Virus Serotypes in Primary and Secondary Infections. PloS One (2016) 11(5):e0154760. doi:&#xa0;10.1371/journal.pone.0154760</Citation><ArticleIdList><ArticleId IdType="doi">10.1371/journal.pone.0154760</ArticleId><ArticleId IdType="pmc">PMC4877104</ArticleId><ArticleId IdType="pubmed">27213782</ArticleId></ArticleIdList></Reference><Reference><Citation>Katzelnick LC, Gresh L, Halloran ME, Mercado JC, Kuan G, Gordon A, et al. . Antibody-Dependent Enhancement of Severe Dengue Disease in Humans. Science (2017) 358(6365):929&#x2013;32. doi:&#xa0;10.1126/science.aan6836</Citation><ArticleIdList><ArticleId IdType="doi">10.1126/science.aan6836</ArticleId><ArticleId IdType="pmc">PMC5858873</ArticleId><ArticleId IdType="pubmed">29097492</ArticleId></ArticleIdList></Reference><Reference><Citation>Salje H, Cummings DAT, Rodriguez-Barraquer I, Katzelnick LC, Lessler J, Klungthong C, et al. . Reconstruction of Antibody Dynamics and Infection Histories to Evaluate Dengue Risk. Nature (2018) 557(7707):719&#x2013;23. doi: 10.1038/s41586-018-0157-4</Citation><ArticleIdList><ArticleId IdType="doi">10.1038/s41586-018-0157-4</ArticleId><ArticleId IdType="pmc">PMC6064976</ArticleId><ArticleId IdType="pubmed">29795354</ArticleId></ArticleIdList></Reference><Reference><Citation>Katzelnick LC, Montoya M, Gresh L, Balmaseda A, Harris E. Neutralizing Antibody Titers Against Dengue Virus Correlate With Protection From Symptomatic Infection in a Longitudinal Cohort. Proc Natl Acad Sci USA (2016) 113(3):728&#x2013;33. doi:&#xa0;10.1073/pnas.1522136113</Citation><ArticleIdList><ArticleId IdType="doi">10.1073/pnas.1522136113</ArticleId><ArticleId IdType="pmc">PMC4725482</ArticleId><ArticleId IdType="pubmed">26729879</ArticleId></ArticleIdList></Reference><Reference><Citation>Montoya M, Gresh L, Mercado JC, Williams KL, Vargas MJ, Gutierrez G, et al. . Symptomatic Versus Inapparent Outcome in Repeat Dengue Virus Infections is Influenced by the Time Interval Between Infections and Study Year. PloS Negl Trop Dis (2013) 7(8):e2357. doi:&#xa0;10.1371/journal.pntd.0002357</Citation><ArticleIdList><ArticleId IdType="doi">10.1371/journal.pntd.0002357</ArticleId><ArticleId IdType="pmc">PMC3738476</ArticleId><ArticleId IdType="pubmed">23951377</ArticleId></ArticleIdList></Reference><Reference><Citation>Rocha BAM, Guilarde AO, Argolo AFLT, Tassara MP, da Silveira LA, Junqueira IC, et al. . Dengue-Specific Serotype Related to Clinical Severity During the 2012/2013 Epidemic in Centre of Brazil. Infect Dis Poverty (2017) 6(1):116. doi:&#xa0;10.1186/s40249-017-0328-9</Citation><ArticleIdList><ArticleId IdType="doi">10.1186/s40249-017-0328-9</ArticleId><ArticleId IdType="pmc">PMC5540539</ArticleId><ArticleId IdType="pubmed">28764747</ArticleId></ArticleIdList></Reference><Reference><Citation>Rodriguez-Roche R, Blanc H, Border&#xed;a AV, D&#xed;az G, Henningsson R, Gonzalez D, et al. . Increasing Clinical Severity During a Dengue Virus Type 3 Cuban Epidemic: Deep Sequencing of Evolving Viral Populations. J Virol (2016) 90(9):4320&#x2013;33. doi:&#xa0;10.1128/JVI.02647-15</Citation><ArticleIdList><ArticleId IdType="doi">10.1128/JVI.02647-15</ArticleId><ArticleId IdType="pmc">PMC4836355</ArticleId><ArticleId IdType="pubmed">26889031</ArticleId></ArticleIdList></Reference><Reference><Citation>Yung C-F, Lee K-S, Thein T-L, Tan L-K, Gan VC, Wong JGX, et al. . Dengue Serotype-Specific Differences in Clinical Manifestation, Laboratory Parameters and Risk of Severe Disease in Adults, Singapore. Am J Trop Med Hyg (2015) 92(5):999&#x2013;1005. doi:&#xa0;10.4269/ajtmh.14-0628</Citation><ArticleIdList><ArticleId IdType="doi">10.4269/ajtmh.14-0628</ArticleId><ArticleId IdType="pmc">PMC4426593</ArticleId><ArticleId IdType="pubmed">25825386</ArticleId></ArticleIdList></Reference><Reference><Citation>Sharp TM, Anderson KB, Katzelnick LC, Clapham H, Johansson MA, Morrison AC, et al. . Knowledge Gaps in the Epidemiology of Severe Dengue Impede Vaccine Evaluation. Lancet Infect Dis (2021) 22(2):e42&#x2013;51. doi:&#xa0;10.1016/s1473-3099(20)30871-9</Citation><ArticleIdList><ArticleId IdType="doi">10.1016/s1473-3099(20)30871-9</ArticleId><ArticleId IdType="pubmed">34265259</ArticleId></ArticleIdList></Reference><Reference><Citation>St John AL, Rathore APS. Adaptive Immune Responses to Primary and Secondary Dengue Virus Infections. Nat Rev Immunol (2019) 19(4):218&#x2013;30. doi:&#xa0;10.1038/s41577-019-0123-x</Citation><ArticleIdList><ArticleId IdType="doi">10.1038/s41577-019-0123-x</ArticleId><ArticleId IdType="pubmed">30679808</ArticleId></ArticleIdList></Reference><Reference><Citation>Guzman MG, Halstead SB, Artsob H, Buchy P, Farrar J, Gubler DJ, et al. . Dengue: A Continuing Global Threat. Nat Rev Microbiol (2010) 8(12 Suppl):S7&#x2013;16. doi:&#xa0;10.1038/nrmicro2460</Citation><ArticleIdList><ArticleId IdType="doi">10.1038/nrmicro2460</ArticleId><ArticleId IdType="pmc">PMC4333201</ArticleId><ArticleId IdType="pubmed">21079655</ArticleId></ArticleIdList></Reference><Reference><Citation>Huhtamo E, Hasu E, Uzcategui NY, Erra E, Nikkari S, Kantele A, et al. . Early Diagnosis of Dengue in Travelers: Comparison of a Novel Real-Time RT-PCR, NS1 Antigen Detection and Serology. J Clin Virol (2010) 47(1):49&#x2013;53. doi:&#xa0;10.1016/j.jcv.2009.11.001</Citation><ArticleIdList><ArticleId IdType="doi">10.1016/j.jcv.2009.11.001</ArticleId><ArticleId IdType="pubmed">19963435</ArticleId></ArticleIdList></Reference><Reference><Citation>Hermann LL, Thaisomboonsuk B, Poolpanichupatam Y, Jarman RG, Kalayanarooj S, Nisalak A, et al. . Evaluation of a Dengue NS1 Antigen Detection Assay Sensitivity and Specificity for the Diagnosis of Acute Dengue Virus Infection. PloS Negl Trop Dis (2014) 8(10):e3193. doi:&#xa0;10.1016/j.diagmicrobio.2007.11.010</Citation><ArticleIdList><ArticleId IdType="doi">10.1016/j.diagmicrobio.2007.11.010</ArticleId><ArticleId IdType="pmc">PMC4183466</ArticleId><ArticleId IdType="pubmed">25275493</ArticleId></ArticleIdList></Reference><Reference><Citation>Yow K-S, Aik J, Tan EY-M, Ng L-C, Lai Y-L. Rapid Diagnostic Tests for the Detection of Recent Dengue Infections: An Evaluation of Six Kits on Clinical Specimens. PloS One (2021) 16(4):e0249602. doi:&#xa0;10.1371/journal.pone.0249602</Citation><ArticleIdList><ArticleId IdType="doi">10.1371/journal.pone.0249602</ArticleId><ArticleId IdType="pmc">PMC8016316</ArticleId><ArticleId IdType="pubmed">33793682</ArticleId></ArticleIdList></Reference><Reference><Citation>Peeling RW, Artsob H, Pelegrino JL, Buchy P, Cardosa MJ, Devi S, et al. . Evaluation of Diagnostic Tests: Dengue. Nat Rev Microbiol (2010) 8(12 Suppl):S30&#x2013;8. doi:&#xa0;10.1038/nrmicro2459</Citation><ArticleIdList><ArticleId IdType="doi">10.1038/nrmicro2459</ArticleId><ArticleId IdType="pubmed">21548185</ArticleId></ArticleIdList></Reference><Reference><Citation>Goncalves A, Peeling RW, Chu MC, Gubler DJ, de Silva AM, Harris E, et al. . Innovative and New Approaches to Laboratory Diagnosis of Zika and Dengue: A Meeting Report. J Infect Dis (2018) 217(7):1060&#x2013;8. doi:&#xa0;10.1093/infdis/jix678</Citation><ArticleIdList><ArticleId IdType="doi">10.1093/infdis/jix678</ArticleId><ArticleId IdType="pmc">PMC6279137</ArticleId><ArticleId IdType="pubmed">29294035</ArticleId></ArticleIdList></Reference><Reference><Citation>Muller DA, Depelsenaire AC, Young PR. Clinical and Laboratory Diagnosis of Dengue Virus Infection. J Infect Dis (2017) 215(suppl 2):S89-s95. doi:&#xa0;10.1093/infdis/jiw649</Citation><ArticleIdList><ArticleId IdType="doi">10.1093/infdis/jiw649</ArticleId><ArticleId IdType="pubmed">28403441</ArticleId></ArticleIdList></Reference><Reference><Citation>Raafat N, Blacksell SD, Maude RJ. A Review of Dengue Diagnostics and Implications for Surveillance and Control. Trans R Soc Trop Med Hyg (2019) 113(11):653&#x2013;60. doi:&#xa0;10.1093/trstmh/trz068</Citation><ArticleIdList><ArticleId IdType="doi">10.1093/trstmh/trz068</ArticleId><ArticleId IdType="pmc">PMC6836713</ArticleId><ArticleId IdType="pubmed">31365115</ArticleId></ArticleIdList></Reference><Reference><Citation>Pang J, Chia PY, Lye DC, Leo YS. Progress and Challenges Towards Point-Of-Care Diagnostic Development for Dengue. J Clin Microbiol (2017) 55(12):3339&#x2013;49. doi:&#xa0;10.1128/JCM.00707-17</Citation><ArticleIdList><ArticleId IdType="doi">10.1128/JCM.00707-17</ArticleId><ArticleId IdType="pmc">PMC5703800</ArticleId><ArticleId IdType="pubmed">28904181</ArticleId></ArticleIdList></Reference><Reference><Citation>Blacksell SD. Commercial Dengue Rapid Diagnostic Tests for Point-of-Care Application: Recent Evaluations and Future Needs? J BioMed Biotechnol (2012) 2012:151967. doi:&#xa0;10.1155/2012/151967</Citation><ArticleIdList><ArticleId IdType="doi">10.1155/2012/151967</ArticleId><ArticleId IdType="pmc">PMC3357944</ArticleId><ArticleId IdType="pubmed">22654479</ArticleId></ArticleIdList></Reference><Reference><Citation>Blacksell SD, Jarman RG, Gibbons RV, Tanganuchitcharnchai A, Mammen MP, Jr, Nisalak A, et al. . Comparison of Seven Commercial Antigen and Antibody Enzyme-Linked Immunosorbent Assays for Detection of Acute Dengue Infection. Clin Vaccine Immunol (2012) 19(5):804&#x2013;10. doi:&#xa0;10.1128/CVI.05717-11</Citation><ArticleIdList><ArticleId IdType="doi">10.1128/CVI.05717-11</ArticleId><ArticleId IdType="pmc">PMC3346317</ArticleId><ArticleId IdType="pubmed">22441389</ArticleId></ArticleIdList></Reference><Reference><Citation>Wang SM, Sekaran SD. Early Diagnosis of Dengue Infection Using a Commercial Dengue Duo Rapid Test Kit for the Detection of NS1, IGM, and IGG. Am J Trop Med Hyg (2010) 83(3):690&#x2013;5. doi:&#xa0;10.4269/ajtmh.2010.10-0117</Citation><ArticleIdList><ArticleId IdType="doi">10.4269/ajtmh.2010.10-0117</ArticleId><ArticleId IdType="pmc">PMC2929071</ArticleId><ArticleId IdType="pubmed">20810840</ArticleId></ArticleIdList></Reference><Reference><Citation>Bosch I, de Puig H, Hiley M, Carr&#xe9;-Camps M, Perdomo-Celis F, Narv&#xe1;ez CF, et al. . Rapid Antigen Tests for Dengue Virus Serotypes and Zika Virus in Patient Serum. Sci Transl Med (2017) 9(409):eaan1589. doi:&#xa0;10.1126/scitranslmed.aan1589</Citation><ArticleIdList><ArticleId IdType="doi">10.1126/scitranslmed.aan1589</ArticleId><ArticleId IdType="pmc">PMC6612058</ArticleId><ArticleId IdType="pubmed">28954927</ArticleId></ArticleIdList></Reference><Reference><Citation>Lai SC, Huang YY, Shu PY, Chang SF, Hsieh PS, Wey JJ, et al. . Development of an Enzyme-Linked Immunosorbent Assay for Rapid Detection of Dengue Virus (DENV) NS1 and Differentiation of DENV Serotypes During Early Infection. J Clin Microbiol (2019) 57(7):e00221&#x2013;19. doi:&#xa0;10.1128/JCM.00221-19</Citation><ArticleIdList><ArticleId IdType="doi">10.1128/JCM.00221-19</ArticleId><ArticleId IdType="pmc">PMC6595446</ArticleId><ArticleId IdType="pubmed">30971466</ArticleId></ArticleIdList></Reference><Reference><Citation>Shu PY, Chang SF, Kuo YC, Yueh YY, Chien LJ, Sue CL, et al. . Development of Group- and Serotype-Specific One-Step SYBR Green I-Based Real-Time Reverse Transcription-PCR Assay for Dengue Virus. J Clin Microbiol (2003) 41(6):2408&#x2013;16. doi:&#xa0;10.1128/JCM.41.6.2408-2416.2003</Citation><ArticleIdList><ArticleId IdType="doi">10.1128/JCM.41.6.2408-2416.2003</ArticleId><ArticleId IdType="pmc">PMC156548</ArticleId><ArticleId IdType="pubmed">12791857</ArticleId></ArticleIdList></Reference><Reference><Citation>Shu P-Y, Yang C-F, Su C-L, Chen C-Y, Chang S-F, Tsai K-H, et al. . Two Imported Chikungunya Cases, Taiwan. Emerg Infect Dis (2008) 14(8):1326&#x2013;7. doi:&#xa0;10.320l/eid1408.071304</Citation><ArticleIdList><ArticleId IdType="doi">10.320l/eid1408.071304</ArticleId><ArticleId IdType="pmc">PMC2600404</ArticleId><ArticleId IdType="pubmed">18680674</ArticleId></ArticleIdList></Reference><Reference><Citation>Huang AS, Shu PY, Yang CH. A New Reportable Disease is Born: Taiwan Centers for Disease Control&#x2019;s Response to Emerging Zika Virus Infection. J&#xa0;Formos Med Assoc (2016) 115(4):223&#x2013;5. doi:&#xa0;10.1016/j.jfma.2016.03.002</Citation><ArticleIdList><ArticleId IdType="doi">10.1016/j.jfma.2016.03.002</ArticleId><ArticleId IdType="pubmed">27013110</ArticleId></ArticleIdList></Reference><Reference><Citation>Shu PY, Chen LK, Chang SF, Yueh YY, Chow L, Chien LJ, et al. . Comparison of Capture Immunoglobulin M (IgM) and IgG Enzyme-Linked Immunosorbent Assay (ELISA) and Nonstructural Protein NS1 Serotype-Specific IgG ELISA for Differentiation of Primary and Secondary Dengue Virus Infections. Clin Diagn Lab Immunol (2003) 10(4):622&#x2013;30. doi:&#xa0;10.1128/cdli.10.4.622-630.2003</Citation><ArticleIdList><ArticleId IdType="doi">10.1128/cdli.10.4.622-630.2003</ArticleId><ArticleId IdType="pmc">PMC164246</ArticleId><ArticleId IdType="pubmed">12853395</ArticleId></ArticleIdList></Reference><Reference><Citation>Anfossi L, Di Nardo F, Cavalera S, Giovannoli C, Baggiani C. Multiplex Lateral Flow Immunoassay: An Overview of Strategies Towards High-Throughput Point-Of-Need Testing. Biosensors (2018) 9(1):2. doi:&#xa0;10.3390/bios9010002</Citation><ArticleIdList><ArticleId IdType="doi">10.3390/bios9010002</ArticleId><ArticleId IdType="pmc">PMC6468474</ArticleId><ArticleId IdType="pubmed">30587769</ArticleId></ArticleIdList></Reference><Reference><Citation>Gyurech D, Schilling J, Schmidt-Chanasit J, Cassinotti P, Kaeppeli F, Dobec M. False Positive Dengue NS1 Antigen Test in a Traveller With an Acute Zika Virus Infection Imported Into Switzerland. Swiss Med Wkly (2016) 146:w14296. doi:&#xa0;10.4414/smw.2016.14296</Citation><ArticleIdList><ArticleId IdType="doi">10.4414/smw.2016.14296</ArticleId><ArticleId IdType="pubmed">26859285</ArticleId></ArticleIdList></Reference><Reference><Citation>Tan LK, Wong WY, Yang HT, Huber RG, Bond PJ, Ng LC, et al. . Flavivirus Cross-Reactivity to Dengue Nonstructural Protein 1 Antigen Detection Assays. Diagnostics (Basel Switzerland) (2019) 10(1):11. doi:&#xa0;10.3390/diagnostics10010011</Citation><ArticleIdList><ArticleId IdType="doi">10.3390/diagnostics10010011</ArticleId><ArticleId IdType="pmc">PMC7167843</ArticleId><ArticleId IdType="pubmed">31878299</ArticleId></ArticleIdList></Reference><Reference><Citation>Chang SF, Huang JH, Shu PY. Characteristics of Dengue Epidemics in Taiwan. J Formos Med Assoc (2012) 111(6):297&#x2013;9. doi:&#xa0;10.1016/j.jfma.2011.12.001</Citation><ArticleIdList><ArticleId IdType="doi">10.1016/j.jfma.2011.12.001</ArticleId><ArticleId IdType="pubmed">22748618</ArticleId></ArticleIdList></Reference><Reference><Citation>Pan C-Y, Liu W-L, Su M-P, Chang T-P, Ho H-P, Shu P-Y, et al. . Epidemiological Analysis of the Kaohsiung City Strategy for Dengue Fever Quarantine and Epidemic Prevention. BMC Infect Dis (2020) 20(1):347. doi:&#xa0;10.1186/s12879-020-4942-y</Citation><ArticleIdList><ArticleId IdType="doi">10.1186/s12879-020-4942-y</ArticleId><ArticleId IdType="pmc">PMC7226716</ArticleId><ArticleId IdType="pubmed">32414340</ArticleId></ArticleIdList></Reference><Reference><Citation>Kuan MM, Chang FY. Airport Sentinel Surveillance and Entry Quarantine for Dengue Infections Following a Fever Screening Program in Taiwan. BMC Infect Dis (2012) 12:182. doi:&#xa0;10.1186/1471-2334-12-182</Citation><ArticleIdList><ArticleId IdType="doi">10.1186/1471-2334-12-182</ArticleId><ArticleId IdType="pmc">PMC3462143</ArticleId><ArticleId IdType="pubmed">22867003</ArticleId></ArticleIdList></Reference><Reference><Citation>Shu PY, Yang CF, Kao JF, Su CL, Chang SF, Lin CC, et al. . Application of the Dengue Virus NS1 Antigen Rapid Test for on-Site Detection of Imported Dengue Cases at Airports. Clin Vaccine Immunol (2009) 16(4):589&#x2013;91. doi:&#xa0;10.1128/CVI.00475-08</Citation><ArticleIdList><ArticleId IdType="doi">10.1128/CVI.00475-08</ArticleId><ArticleId IdType="pmc">PMC2668285</ArticleId><ArticleId IdType="pubmed">19193828</ArticleId></ArticleIdList></Reference><Reference><Citation>Chang SF, Yang CF, Hsu TC, Su CL, Lin CC, Shu PY. Laboratory-Based Surveillance and Molecular Characterization of Dengue Viruses in Taiwan, 2014. Am J Trop Med Hyg (2016) 94(4):804&#x2013;11. doi:&#xa0;10.4269/ajtmh.15-0534</Citation><ArticleIdList><ArticleId IdType="doi">10.4269/ajtmh.15-0534</ArticleId><ArticleId IdType="pmc">PMC4824222</ArticleId><ArticleId IdType="pubmed">26880779</ArticleId></ArticleIdList></Reference><Reference><Citation>Pang T, Mak TK, Gubler DJ. Prevention and Control of Dengue&#x2014;the Light at the End of the Tunnel. Lancet Infect Dis (2017) 17(3):e79&#x2013;87. doi:&#xa0;10.1016/S1473-3099(16)30471-6</Citation><ArticleIdList><ArticleId IdType="doi">10.1016/S1473-3099(16)30471-6</ArticleId><ArticleId IdType="pubmed">28185870</ArticleId></ArticleIdList></Reference><Reference><Citation>Dhanoa A, Hassan SS, Ngim CF, Lau CF, Chan TS, Adnan NA, et al. . Impact of Dengue Virus (DENV) Co-Infection on Clinical Manifestations, Disease Severity and Laboratory Parameters. BMC Infect Dis (2016) 16(1):406. doi:&#xa0;10.1186/s12879-016-1731-8</Citation><ArticleIdList><ArticleId IdType="doi">10.1186/s12879-016-1731-8</ArticleId><ArticleId IdType="pmc">PMC4982428</ArticleId><ArticleId IdType="pubmed">27514512</ArticleId></ArticleIdList></Reference><Reference><Citation>Vaddadi K, Gandikota C, Jain PK, Prasad VSV, Venkataramana M. Co-Circulation and Co-Infections of All Dengue Virus Serotypes in Hyderabad, India 2014. Epidemiol Infect (2017) 145(12):2563&#x2013;74. doi:&#xa0;10.1017/S0950268817001479</Citation><ArticleIdList><ArticleId IdType="doi">10.1017/S0950268817001479</ArticleId><ArticleId IdType="pubmed">28726595</ArticleId></ArticleIdList></Reference></ReferenceList></PubmedData></PubmedArticle></PubmedArticleSet>