<?xml version="1.0" ?>
<!DOCTYPE PubmedArticleSet PUBLIC "-//NLM//DTD PubMedArticle, 1st January 2023//EN" "https://dtd.nlm.nih.gov/ncbi/pubmed/out/pubmed_230101.dtd">
<PubmedArticleSet>
<PubmedArticle><MedlineCitation Status="MEDLINE" Owner="NLM" IndexingMethod="Curated"><PMID Version="1">35372249</PMID><DateCompleted><Year>2022</Year><Month>04</Month><Day>05</Day></DateCompleted><DateRevised><Year>2022</Year><Month>06</Month><Day>18</Day></DateRevised><Article PubModel="Electronic-eCollection"><Journal><ISSN IssnType="Electronic">2296-2565</ISSN><JournalIssue CitedMedium="Internet"><Volume>10</Volume><PubDate><Year>2022</Year></PubDate></JournalIssue><Title>Frontiers in public health</Title><ISOAbbreviation>Front Public Health</ISOAbbreviation></Journal><ArticleTitle>Comparison of Fan-Traps and Gravitraps for <i>Aedes</i> Mosquito Surveillance in Taiwan.</ArticleTitle><Pagination><StartPage>778736</StartPage><MedlinePgn>778736</MedlinePgn></Pagination><ELocationID EIdType="pii" ValidYN="Y">778736</ELocationID><ELocationID EIdType="doi" ValidYN="Y">10.3389/fpubh.2022.778736</ELocationID><Abstract><AbstractText>A key component of integrated vector management strategies is the efficient implementation of mosquito traps for surveillance and control. Numerous trap types have been created with distinct designs and capture mechanisms, but identification of the most effective trap type is critical for effective implementation. For dengue vector surveillance, previous studies have demonstrated that active traps utilizing CO<sub>2</sub> attractant are more effective than passive traps for capturing <i>Aedes</i> mosquitoes. However, maintaining CO<sub>2</sub> supply in traps is so labor intensive as to be likely unfeasible in crowded residential areas, and it is unclear how much more effective active traps lacking attractants are than purely passive traps. In this study, we analyzed <i>Aedes</i> capture data collected in 2019 from six urban areas in Kaohsiung City to compare <i>Aedes</i> mosquito catch rates between (passive) gravitraps and (active) fan-traps. The average gravitrap index (GI) and fan-trap index (FI) values were 0.68 and 3.39 respectively at peak catch times from June to August 2019, with consistently higher FI values calculated in all areas studied. We compared trap indices to reported cases of dengue fever and correlated them with weekly fluctuations in temperature and rainfall. We found that FI trends aligned more closely with case numbers and rainfall than GI values, supporting the use of fan-traps for <i>Aedes</i> mosquito surveillance and control as part of broader vector management strategies. Furthermore, combining fan-trap catch data with rapid testing for dengue infections may improve the early identification and prevention of future disease outbreaks.</AbstractText><CopyrightInformation>Copyright &#xa9; 2022 Pan, Cheng, Liu, Su, Ho, Liao, Chang, Yang, Hsu, Huang and Chen.</CopyrightInformation></Abstract><AuthorList CompleteYN="Y"><Author ValidYN="Y"><LastName>Pan</LastName><ForeName>Chao-Ying</ForeName><Initials>CY</Initials><AffiliationInfo><Affiliation>Department of Health, Kaohsiung City Government, Kaohsiung City, Taiwan.</Affiliation></AffiliationInfo></Author><Author ValidYN="Y"><LastName>Cheng</LastName><ForeName>Lie</ForeName><Initials>L</Initials><AffiliationInfo><Affiliation>National Mosquito-Borne Diseases Control Research Center, National Health Research Institutes, Miaoli County, Taiwan.</Affiliation></AffiliationInfo></Author><Author ValidYN="Y"><LastName>Liu</LastName><ForeName>Wei-Liang</ForeName><Initials>WL</Initials><AffiliationInfo><Affiliation>National Mosquito-Borne Diseases Control Research Center, National Health Research Institutes, Miaoli County, Taiwan.</Affiliation></AffiliationInfo></Author><Author ValidYN="Y"><LastName>Su</LastName><ForeName>Matthew P</ForeName><Initials>MP</Initials><AffiliationInfo><Affiliation>Institute of Advanced Research, Nagoya University, Nagoya, Japan.</Affiliation></AffiliationInfo><AffiliationInfo><Affiliation>Department of Biological Science, Nagoya University, Nagoya, Japan.</Affiliation></AffiliationInfo></Author><Author ValidYN="Y"><LastName>Ho</LastName><ForeName>Hui-Pin</ForeName><Initials>HP</Initials><AffiliationInfo><Affiliation>Department of Health, Kaohsiung City Government, Kaohsiung City, Taiwan.</Affiliation></AffiliationInfo></Author><Author ValidYN="Y"><LastName>Liao</LastName><ForeName>Che-Hun</ForeName><Initials>CH</Initials><AffiliationInfo><Affiliation>Department of Health, Kaohsiung City Government, Kaohsiung City, Taiwan.</Affiliation></AffiliationInfo></Author><Author ValidYN="Y"><LastName>Chang</LastName><ForeName>Jui-Hun</ForeName><Initials>JH</Initials><AffiliationInfo><Affiliation>Environmental Protection Bureau, Kaohsiung City Government, Kaohsiung City, Taiwan.</Affiliation></AffiliationInfo></Author><Author ValidYN="Y"><LastName>Yang</LastName><ForeName>Yu-Chieh</ForeName><Initials>YC</Initials><AffiliationInfo><Affiliation>Environmental Protection Bureau, Kaohsiung City Government, Kaohsiung City, Taiwan.</Affiliation></AffiliationInfo></Author><Author ValidYN="Y"><LastName>Hsu</LastName><ForeName>Cheng-Chun</ForeName><Initials>CC</Initials><AffiliationInfo><Affiliation>National Mosquito-Borne Diseases Control Research Center, National Health Research Institutes, Miaoli County, Taiwan.</Affiliation></AffiliationInfo></Author><Author ValidYN="Y"><LastName>Huang</LastName><ForeName>Joh-Jong</ForeName><Initials>JJ</Initials><AffiliationInfo><Affiliation>Department of Health, Kaohsiung City Government, Kaohsiung City, Taiwan.</Affiliation></AffiliationInfo></Author><Author ValidYN="Y"><LastName>Chen</LastName><ForeName>Chun-Hong</ForeName><Initials>CH</Initials><AffiliationInfo><Affiliation>National Mosquito-Borne Diseases Control Research Center, National Health Research Institutes, Miaoli County, Taiwan.</Affiliation></AffiliationInfo><AffiliationInfo><Affiliation>National Institute of Infectious Diseases and Vaccinology, National Health Research Institutes, Miaoli County, Taiwan.</Affiliation></AffiliationInfo></Author></AuthorList><Language>eng</Language><PublicationTypeList><PublicationType UI="D003160">Comparative Study</PublicationType><PublicationType UI="D016428">Journal Article</PublicationType><PublicationType UI="D013485">Research Support, Non-U.S. Gov't</PublicationType></PublicationTypeList><ArticleDate DateType="Electronic"><Year>2022</Year><Month>03</Month><Day>17</Day></ArticleDate></Article><MedlineJournalInfo><Country>Switzerland</Country><MedlineTA>Front Public Health</MedlineTA><NlmUniqueID>101616579</NlmUniqueID><ISSNLinking>2296-2565</ISSNLinking></MedlineJournalInfo><CitationSubset>IM</CitationSubset><MeshHeadingList><MeshHeading><DescriptorName UI="D000330" MajorTopicYN="Y">Aedes</DescriptorName></MeshHeading><MeshHeading><DescriptorName UI="D000818" MajorTopicYN="N">Animals</DescriptorName></MeshHeading><MeshHeading><DescriptorName UI="D009032" MajorTopicYN="Y">Mosquito Control</DescriptorName></MeshHeading><MeshHeading><DescriptorName UI="D000072138" MajorTopicYN="N">Mosquito Vectors</DescriptorName></MeshHeading><MeshHeading><DescriptorName UI="D013624" MajorTopicYN="N" Type="Geographic">Taiwan</DescriptorName></MeshHeading></MeshHeadingList><KeywordList Owner="NOTNLM"><Keyword MajorTopicYN="N">Aedes</Keyword><Keyword MajorTopicYN="N">Aedes aegypti</Keyword><Keyword MajorTopicYN="N">Aedes albopictus</Keyword><Keyword MajorTopicYN="N">dengue fever vector</Keyword><Keyword MajorTopicYN="N">fan-trap</Keyword><Keyword MajorTopicYN="N">gravitrap</Keyword><Keyword MajorTopicYN="N">mosquito surveillance</Keyword><Keyword MajorTopicYN="N">mosquito trap</Keyword></KeywordList><CoiStatement>The authors declare that the research was conducted in the absence of any commercial or financial relationships that could be construed as a potential conflict of interest.</CoiStatement></MedlineCitation><PubmedData><History><PubMedPubDate PubStatus="received"><Year>2021</Year><Month>9</Month><Day>17</Day></PubMedPubDate><PubMedPubDate PubStatus="accepted"><Year>2022</Year><Month>2</Month><Day>11</Day></PubMedPubDate><PubMedPubDate PubStatus="entrez"><Year>2022</Year><Month>4</Month><Day>4</Day><Hour>5</Hour><Minute>33</Minute></PubMedPubDate><PubMedPubDate PubStatus="pubmed"><Year>2022</Year><Month>4</Month><Day>5</Day><Hour>6</Hour><Minute>0</Minute></PubMedPubDate><PubMedPubDate PubStatus="medline"><Year>2022</Year><Month>4</Month><Day>6</Day><Hour>6</Hour><Minute>0</Minute></PubMedPubDate></History><PublicationStatus>epublish</PublicationStatus><ArticleIdList><ArticleId IdType="pubmed">35372249</ArticleId><ArticleId IdType="pmc">PMC8968103</ArticleId><ArticleId IdType="doi">10.3389/fpubh.2022.778736</ArticleId></ArticleIdList><ReferenceList><Reference><Citation>World Health Organization . Vector-Borne Diseases. (2020). Available online at: https://www.who.int/news-room/fact-sheets/detail/vector-borne-diseases (accessed March 02, 2020).</Citation></Reference><Reference><Citation>Beier JC, Keating J, Githure JI, Macdonald MB, Impoinvil DE, Novak RJ. Integrated vector management for malaria control. Malar J. (2008) 7(Suppl.1):S4. 10.1186/1475-2875-7-S1-S4</Citation><ArticleIdList><ArticleId IdType="doi">10.1186/1475-2875-7-S1-S4</ArticleId><ArticleId IdType="pmc">PMC2604879</ArticleId><ArticleId IdType="pubmed">19091038</ArticleId></ArticleIdList></Reference><Reference><Citation>Luhken R, Pfitzner WP, Borstler J, Garms R, Huber K, Schork N, et al. . Field evaluation of four widely used mosquito traps in Central Europe. Parasit Vectors. (2014) 7:268. 10.1186/1756-3305-7-268</Citation><ArticleIdList><ArticleId IdType="doi">10.1186/1756-3305-7-268</ArticleId><ArticleId IdType="pmc">PMC4064298</ArticleId><ArticleId IdType="pubmed">24924481</ArticleId></ArticleIdList></Reference><Reference><Citation>Fay RW, Eliason DA. A preferred oviposition site as a surveillance method for Aedes aegypti. Mosquito News. (1966) 26:531&#x2013;5.</Citation><ArticleIdList><ArticleId IdType="pubmed">0</ArticleId></ArticleIdList></Reference><Reference><Citation>Hoel DF, Obenauer PJ, Clark M, Smith R, Hughes TH, Larson RT, et al. . Efficacy of ovitrap colors and patterns for attracting Aedes albopictus at suburban field sites in north-central Florida. J Am Mosq Control Assoc. (2011) 27:245&#x2013;51. 10.2987/11-6121.1</Citation><ArticleIdList><ArticleId IdType="doi">10.2987/11-6121.1</ArticleId><ArticleId IdType="pubmed">22017088</ArticleId></ArticleIdList></Reference><Reference><Citation>Lee C, Vythilingam I, Chong CS, Abdul Razak MA, Tan CH, Liew C, et al. . Gravitraps for management of dengue clusters in Singapore. Am J Trop Med Hyg. (2013) 88:888&#x2013;92. 10.4269/ajtmh.12-0329</Citation><ArticleIdList><ArticleId IdType="doi">10.4269/ajtmh.12-0329</ArticleId><ArticleId IdType="pmc">PMC3752753</ArticleId><ArticleId IdType="pubmed">23478581</ArticleId></ArticleIdList></Reference><Reference><Citation>Resende MC, Silva IM, Ellis BR, Eiras AE. A comparison of larval, ovitrap and MosquiTRAP surveillance for Aedes (Stegomyia) aegypti. Mem Inst Oswaldo Cruz. (2013) 108:1024&#x2013;30. 10.1590/0074-0276130128</Citation><ArticleIdList><ArticleId IdType="doi">10.1590/0074-0276130128</ArticleId><ArticleId IdType="pmc">PMC4005541</ArticleId><ArticleId IdType="pubmed">24402144</ArticleId></ArticleIdList></Reference><Reference><Citation>Li Y, Su X, Zhou G, Zhang H, Puthiyakunnon S, Shuai S, et al. . Comparative evaluation of the efficiency of the BG-Sentinel trap, CDC light trap and Mosquito-oviposition trap for the surveillance of vector mosquitoes. Parasit Vectors. (2016) 9:446. 10.1186/s13071-016-1724-x</Citation><ArticleIdList><ArticleId IdType="doi">10.1186/s13071-016-1724-x</ArticleId><ArticleId IdType="pmc">PMC4983048</ArticleId><ArticleId IdType="pubmed">27519419</ArticleId></ArticleIdList></Reference><Reference><Citation>Barrera R, Amador M, Acevedo V, Caban B, Felix G, Mackay AJ. Use of the CDC autocidal gravid ovitrap to control and prevent outbreaks of Aedes aegypti (Diptera: Culicidae). J Med Entomol. (2014) 51:145&#x2013;54. 10.1603/ME13096</Citation><ArticleIdList><ArticleId IdType="doi">10.1603/ME13096</ArticleId><ArticleId IdType="pmc">PMC4631065</ArticleId><ArticleId IdType="pubmed">24605464</ArticleId></ArticleIdList></Reference><Reference><Citation>Acevedo V, Amador M, Barrera R. Improving the safety and acceptability of autocidal gravid ovitraps (AGO Traps). J Am Mosq Control Assoc. (2021) 37:61&#x2013;7. 10.2987/21-6996.1</Citation><ArticleIdList><ArticleId IdType="doi">10.2987/21-6996.1</ArticleId><ArticleId IdType="pmc">PMC8483263</ArticleId><ArticleId IdType="pubmed">34184049</ArticleId></ArticleIdList></Reference><Reference><Citation>Eiras AE, Costa LH, Batista-Pereira LG, Paixao KS, Batista EPA. Semi-field assessment of the Gravid Aedes Trap (GAT) with the aim of controlling Aedes (Stegomyia) aegypti populations. PLoS ONE. (2021) 16:e0250893. 10.1371/journal.pone.0250893</Citation><ArticleIdList><ArticleId IdType="doi">10.1371/journal.pone.0250893</ArticleId><ArticleId IdType="pmc">PMC8084243</ArticleId><ArticleId IdType="pubmed">33914837</ArticleId></ArticleIdList></Reference><Reference><Citation>Snetselaar J, Andriessen R, Suer RA, Osinga AJ, Knols BG, Farenhorst M. Development and evaluation of a novel contamination device that targets multiple life-stages of Aedes aegypti. Parasit Vectors. (2014) 7:200. 10.1186/1756-3305-7-200</Citation><ArticleIdList><ArticleId IdType="doi">10.1186/1756-3305-7-200</ArticleId><ArticleId IdType="pmc">PMC4005817</ArticleId><ArticleId IdType="pubmed">24766772</ArticleId></ArticleIdList></Reference><Reference><Citation>Harwood JF, Rama V, Hash JM, Gordon SW. The attractiveness of the gravid aedes trap to dengue vectors in Fiji. J Med Entomol. (2018) 55:481&#x2013;4. 10.1093/jme/tjx221</Citation><ArticleIdList><ArticleId IdType="doi">10.1093/jme/tjx221</ArticleId><ArticleId IdType="pubmed">29244174</ArticleId></ArticleIdList></Reference><Reference><Citation>McPhatter LP, Olsen CH, Debboun M. Comparison of the attractiveness of organic infusions to the standard CDC gravid mosquito trap. US Army Med Dep J. (2009) 2009:91&#x2013;6.</Citation><ArticleIdList><ArticleId IdType="pubmed">20084742</ArticleId></ArticleIdList></Reference><Reference><Citation>Gorsich EE, Beechler BR, van Bodegom PM, Govender D, Guarido MM, Venter M, et al. . A comparative assessment of adult mosquito trapping methods to estimate spatial patterns of abundance and community composition in southern Africa. Parasit Vectors. (2019) 12:462. 10.1186/s13071-019-3733-z</Citation><ArticleIdList><ArticleId IdType="doi">10.1186/s13071-019-3733-z</ArticleId><ArticleId IdType="pmc">PMC6775653</ArticleId><ArticleId IdType="pubmed">31578155</ArticleId></ArticleIdList></Reference><Reference><Citation>National Environment Agency Singapore . Mosquito Traps. (2020). Available online at: https://www.nea.gov.sg/corporatefunctions/resources/research/mosquito-traps/mosquito-traps-forsurveillance-and-research (accessed March 5, 2020).</Citation></Reference><Reference><Citation>Odetoyinbo JA. Preliminary investigation on the use of a light-trap for sampling malaria vectors in the Gambia. Bull World Health Organ. (1969) 40:547&#x2013;60.</Citation><ArticleIdList><ArticleId IdType="pmc">PMC2556112</ArticleId><ArticleId IdType="pubmed">5306720</ArticleId></ArticleIdList></Reference><Reference><Citation>Costa-Neta BM, Lima-Neto AR, da Silva AA, Brito JM, Aguiar JVC, Ponte IS, et al. . Centers for disease control-type light traps equipped with high-intensity light-emitting diodes as light sources for monitoring Anopheles mosquitoes. Acta Trop. (2018) 183:61&#x2013;3. 10.1016/j.actatropica.2018.04.013</Citation><ArticleIdList><ArticleId IdType="doi">10.1016/j.actatropica.2018.04.013</ArticleId><ArticleId IdType="pubmed">29649426</ArticleId></ArticleIdList></Reference><Reference><Citation>Burkett DA, Butler JF, Kline DL. Field evaluation of colored light-emitting diodes as attractants for woodland mosquitoes and other diptera in north central Florida. J Am Mosq Control Assoc. (1998) 14:186&#x2013;95.</Citation><ArticleIdList><ArticleId IdType="pubmed">9673921</ArticleId></ArticleIdList></Reference><Reference><Citation>Mwanga EP, Ngowo HS, Mapua SA, Mmbando AS, Kaindoa EW, Kifungo K, et al. . Evaluation of an ultraviolet LED trap for catching Anopheles and Culex mosquitoes in south-eastern Tanzania. Parasit Vectors. (2019) 12:418. 10.1186/s13071-019-3673-7</Citation><ArticleIdList><ArticleId IdType="doi">10.1186/s13071-019-3673-7</ArticleId><ArticleId IdType="pmc">PMC6712696</ArticleId><ArticleId IdType="pubmed">31455370</ArticleId></ArticleIdList></Reference><Reference><Citation>Service MW. Mosquito Ecology: Field Sampling Methods. 2nd ed. London; New York, NY: Elsevier Applied Science; (1993). p. 988.</Citation></Reference><Reference><Citation>Snow WF. The spectral sensitivity of Aedes aegypti (L.) at oviposition. Bull Entomol Res. (1971) 60:683&#x2013;96. 10.1017/S0007485300042437</Citation><ArticleIdList><ArticleId IdType="doi">10.1017/S0007485300042437</ArticleId><ArticleId IdType="pubmed">22894874</ArticleId></ArticleIdList></Reference><Reference><Citation>Ong J, Chong CS, Yap G, Lee C, Abdul Razak MA, Chiang S, et al. . Gravitrap deployment for adult Aedes aegypti surveillance and its impact on dengue cases. PLoS Negl Trop Dis. (2020) 14:e0008528. 10.1371/journal.pntd.0008528</Citation><ArticleIdList><ArticleId IdType="doi">10.1371/journal.pntd.0008528</ArticleId><ArticleId IdType="pmc">PMC7439811</ArticleId><ArticleId IdType="pubmed">32764763</ArticleId></ArticleIdList></Reference><Reference><Citation>Dennett JA, Vessey NY, Parsons RE. A comparison of seven traps used for collection of Aedes albopictus and Aedes aegypti originating from a large tire repository in Harris County (Houston), Texas. J Am Mosq Control Assoc. (2004) 20:342&#x2013;9.</Citation><ArticleIdList><ArticleId IdType="pubmed">15669373</ArticleId></ArticleIdList></Reference><Reference><Citation>Schmaedick MA, Ball TS, Burkot TR, Gurr NE. Evaluation of three traps for sampling Aedes polynesiensis and other mosquito species in American Samoa. J Am Mosq Control Assoc. (2008) 24:319&#x2013;22. 10.2987/5652.1</Citation><ArticleIdList><ArticleId IdType="doi">10.2987/5652.1</ArticleId><ArticleId IdType="pubmed">18666543</ArticleId></ArticleIdList></Reference><Reference><Citation>Williams CR, Bader CA, Williams SR, Whelan PI. Adult mosquito trap sensitivity for detecting exotic mosquito incursions and eradication: a study using EVS traps and the Australian southern saltmarsh mosquito, Aedes camptorhynchus. J Vector Ecol. (2012) 37:110&#x2013;6. 10.1111/j.1948-7134.2012.00207.x</Citation><ArticleIdList><ArticleId IdType="doi">10.1111/j.1948-7134.2012.00207.x</ArticleId><ArticleId IdType="pubmed">22548544</ArticleId></ArticleIdList></Reference><Reference><Citation>Bhalala H, Arias JR. The Zumba mosquito trap and BG-Sentinel trap: novel surveillance tools for host-seeking mosquitoes. J Am Mosq Control Assoc. (2009) 25:134&#x2013;9. 10.2987/08-5821.1</Citation><ArticleIdList><ArticleId IdType="doi">10.2987/08-5821.1</ArticleId><ArticleId IdType="pubmed">19653494</ArticleId></ArticleIdList></Reference><Reference><Citation>Pan CY, Liu WL, Su MP, Chang TP, Ho HP, Shu PY, et al. . Epidemiological analysis of the Kaohsiung city strategy for dengue fever quarantine and epidemic prevention. BMC Infect Dis. (2020) 20:347. 10.1186/s12879-020-4942-y</Citation><ArticleIdList><ArticleId IdType="doi">10.1186/s12879-020-4942-y</ArticleId><ArticleId IdType="pmc">PMC7226716</ArticleId><ArticleId IdType="pubmed">32414340</ArticleId></ArticleIdList></Reference><Reference><Citation>Shang CS, Fang CT, Liu CM, Wen TH, Tsai KH, King CC. The role of imported cases and favorable meteorological conditions in the onset of dengue epidemics. PLoS Negl Trop Dis. (2010) 4:e775. 10.1371/journal.pntd.0000775</Citation><ArticleIdList><ArticleId IdType="doi">10.1371/journal.pntd.0000775</ArticleId><ArticleId IdType="pmc">PMC2914757</ArticleId><ArticleId IdType="pubmed">20689820</ArticleId></ArticleIdList></Reference><Reference><Citation>Wang SF, Chang K, Loh EW, Wang WH, Tseng SP, Lu PL, et al. . Consecutive large dengue outbreaks in Taiwan in 2014-2015. Emerg Microbes Infect. (2016) 5:e123. 10.1038/emi.2016.124</Citation><ArticleIdList><ArticleId IdType="doi">10.1038/emi.2016.124</ArticleId><ArticleId IdType="pmc">PMC5180368</ArticleId><ArticleId IdType="pubmed">27924810</ArticleId></ArticleIdList></Reference><Reference><Citation>R Core Team . R: A Language and Environment for Statistical Computing. Vienna: R Foundation for Statistical Computing; (2020).</Citation></Reference><Reference><Citation>Chen YC, Wang CY, Teng HJ, Chen CF, Chang MC, Lu LC, et al. . Comparison of the efficacy of CO2-baited and unbaited light traps, gravid traps, backpack aspirators, and sweep net collections for sampling mosquitoes infected with Japanese encephalitis virus. J Vector Ecol. (2011) 36:68&#x2013;74. 10.1111/j.1948-7134.2011.00142.x</Citation><ArticleIdList><ArticleId IdType="doi">10.1111/j.1948-7134.2011.00142.x</ArticleId><ArticleId IdType="pubmed">21635643</ArticleId></ArticleIdList></Reference><Reference><Citation>Amos BA, Ritchie SA, Carde RT. Attraction versus capture II: efficiency of the BG-sentinel trap under semifield conditions and characterizing response behaviors of male Aedes aegypti (Diptera: Culicidae). J Med Entomol. (2020) 57:1539&#x2013;49. 10.1093/jme/tjaa065</Citation><ArticleIdList><ArticleId IdType="doi">10.1093/jme/tjaa065</ArticleId><ArticleId IdType="pubmed">32363393</ArticleId></ArticleIdList></Reference><Reference><Citation>Fikrig K, Johnson BJ, Fish D, Ritchie SA. Assessment of synthetic floral-based attractants and sugar baits to capture male and female Aedes aegypti (Diptera: Culicidae). Parasit Vectors. (2017) 10:32. 10.1186/s13071-016-1946-y</Citation><ArticleIdList><ArticleId IdType="doi">10.1186/s13071-016-1946-y</ArticleId><ArticleId IdType="pmc">PMC5240245</ArticleId><ArticleId IdType="pubmed">28095875</ArticleId></ArticleIdList></Reference><Reference><Citation>Staunton KM, Liu J, Townsend M, Desnoyer M, Howell P, Crawford JE, et al. . Designing Aedes (Diptera: Culicidae) mosquito traps: the evolution of the male aedes sound trap by iterative evaluation. Insects. (2021) 12:50388. 10.3390/insects12050388</Citation><ArticleIdList><ArticleId IdType="doi">10.3390/insects12050388</ArticleId><ArticleId IdType="pmc">PMC8146609</ArticleId><ArticleId IdType="pubmed">33925425</ArticleId></ArticleIdList></Reference><Reference><Citation>Cheng YC, Lee FJ, Hsu YT, Slud EV, Hsiung CA, Chen CH, et al. . Real-time dengue forecast for outbreak alerts in Southern Taiwan. PLoS Negl Trop Dis. (2020) 14:e0008434. 10.1371/journal.pntd.0008434</Citation><ArticleIdList><ArticleId IdType="doi">10.1371/journal.pntd.0008434</ArticleId><ArticleId IdType="pmc">PMC7384612</ArticleId><ArticleId IdType="pubmed">32716983</ArticleId></ArticleIdList></Reference><Reference><Citation>Reinhold JM, Lazzari CR, Lahondere C. Effects of the environmental temperature on Aedes aegypti and Aedes albopictus mosquitoes: a review. Insects. (2018) 9:40158. 10.3390/insects9040158</Citation><ArticleIdList><ArticleId IdType="doi">10.3390/insects9040158</ArticleId><ArticleId IdType="pmc">PMC6316560</ArticleId><ArticleId IdType="pubmed">30404142</ArticleId></ArticleIdList></Reference><Reference><Citation>Russell RC. The relative attractiveness of carbon dioxide and octenol in CDC- and EVS-type light traps for sampling the mosquitoes Aedes aegypti (L.). Aedes polynesiensis Marks, and Culex quinquefasciatus say in Moorea, French Polynesia. J Vector Ecol. (2004) 29:309&#x2013;14.</Citation><ArticleIdList><ArticleId IdType="pubmed">15707289</ArticleId></ArticleIdList></Reference><Reference><Citation>Muir LE, Thorne MJ, Kay BH. Aedes aegypti (Diptera: Culicidae) vision: spectral sensitivity and other perceptual parameters of the female eye. J Med Entomol. (1992) 29:278&#x2013;81. 10.1093/jmedent/29.2.278</Citation><ArticleIdList><ArticleId IdType="doi">10.1093/jmedent/29.2.278</ArticleId><ArticleId IdType="pubmed">1495042</ArticleId></ArticleIdList></Reference><Reference><Citation>Cheng L, Liu WL, Li HH, Su MP, Wu SC, Chen HW, et al. . Releasing intracellular NS1 from mosquito cells for the detection of dengue virus-infected mosquitoes. Viruses. (2020) 12:1105. 10.3390/v12101105</Citation><ArticleIdList><ArticleId IdType="doi">10.3390/v12101105</ArticleId><ArticleId IdType="pmc">PMC7599882</ArticleId><ArticleId IdType="pubmed">33003584</ArticleId></ArticleIdList></Reference><Reference><Citation>Balingit JC, Carvajal TM, Saito-Obata M, Gamboa M, Nicolasora AD, Sy AK, et al. . Surveillance of dengue virus in individual Aedes aegypti mosquitoes collected concurrently with suspected human cases in Tarlac City, Philippines. Parasit Vectors. (2020) 13:594. 10.1186/s13071-020-04470-y</Citation><ArticleIdList><ArticleId IdType="doi">10.1186/s13071-020-04470-y</ArticleId><ArticleId IdType="pmc">PMC7687837</ArticleId><ArticleId IdType="pubmed">33239063</ArticleId></ArticleIdList></Reference><Reference><Citation>Nonyong P, Ekalaksananan T, Phanthanawiboon S, Aromseree S, Phadungsombat J, Nakayama EE, et al. . Dengue virus in humans and mosquitoes and their molecular characteristics in northeastern Thailand 2016-2018. PLoS ONE. (2021) 16:e0257460. 10.1371/journal.pone.0257460</Citation><ArticleIdList><ArticleId IdType="doi">10.1371/journal.pone.0257460</ArticleId><ArticleId IdType="pmc">PMC8439490</ArticleId><ArticleId IdType="pubmed">34520486</ArticleId></ArticleIdList></Reference><Reference><Citation>Liew JWK, Selvarajoo S, Tan W, Ahmad Zaki R, Vythilingam I. Gravid oviposition sticky trap and dengue non-structural 1 antigen test for early surveillance of dengue in multi-storey dwellings: study protocol of a cluster randomized controlled trial. Infect Dis Poverty. (2019) 8:71. 10.1186/s40249-019-0584-y</Citation><ArticleIdList><ArticleId IdType="doi">10.1186/s40249-019-0584-y</ArticleId><ArticleId IdType="pmc">PMC6720065</ArticleId><ArticleId IdType="pubmed">31477185</ArticleId></ArticleIdList></Reference><Reference><Citation>Voge NV, Sanchez-Vargas I, Blair CD, Eisen L, Beaty BJ. Detection of dengue virus NS1 antigen in infected Aedes aegypti using a commercially available kit. Am J Trop Med Hyg. (2013) 88:260&#x2013;6. 10.4269/ajtmh.2012.12-0477</Citation><ArticleIdList><ArticleId IdType="doi">10.4269/ajtmh.2012.12-0477</ArticleId><ArticleId IdType="pmc">PMC3583315</ArticleId><ArticleId IdType="pubmed">23185074</ArticleId></ArticleIdList></Reference><Reference><Citation>Sylvestre G, Gandini M, de Araujo JM, Kubelka CF, Lourenco-de-Oliveira R, Maciel-de-Freitas R. Preliminary evaluation on the efficiency of the kit Platelia Dengue NS1 Ag-ELISA to detect dengue virus in dried Aedes aegypti: a potential tool to improve dengue surveillance. Parasit Vectors. (2014) 7:155. 10.1186/1756-3305-7-155</Citation><ArticleIdList><ArticleId IdType="doi">10.1186/1756-3305-7-155</ArticleId><ArticleId IdType="pmc">PMC3998069</ArticleId><ArticleId IdType="pubmed">24690324</ArticleId></ArticleIdList></Reference></ReferenceList></PubmedData></PubmedArticle></PubmedArticleSet>