<?xml version="1.0" ?>
<!DOCTYPE PubmedArticleSet PUBLIC "-//NLM//DTD PubMedArticle, 1st January 2023//EN" "https://dtd.nlm.nih.gov/ncbi/pubmed/out/pubmed_230101.dtd">
<PubmedArticleSet>
<PubmedArticle><MedlineCitation Status="MEDLINE" Owner="NLM" IndexingMethod="Automated"><PMID Version="1">35449113</PMID><DateCompleted><Year>2022</Year><Month>04</Month><Day>25</Day></DateCompleted><DateRevised><Year>2022</Year><Month>07</Month><Day>16</Day></DateRevised><Article PubModel="Electronic"><Journal><ISSN IssnType="Electronic">1756-3305</ISSN><JournalIssue CitedMedium="Internet"><Volume>15</Volume><Issue>1</Issue><PubDate><Year>2022</Year><Month>Apr</Month><Day>21</Day></PubDate></JournalIssue><Title>Parasites &amp; vectors</Title><ISOAbbreviation>Parasit Vectors</ISOAbbreviation></Journal><ArticleTitle>Prohemocytes are the main cells infected by dengue virus in Aedes aegypti and Aedes albopictus.</ArticleTitle><Pagination><StartPage>137</StartPage><MedlinePgn>137</MedlinePgn></Pagination><ELocationID EIdType="pii" ValidYN="Y">137</ELocationID><ELocationID EIdType="doi" ValidYN="Y">10.1186/s13071-022-05276-w</ELocationID><Abstract><AbstractText Label="BACKGROUND" NlmCategory="BACKGROUND">The primary disease vectors for dengue virus (DENV) transmission between humans are the mosquitoes Aedes aegypti and Aedes albopictus, with Ae. aegypti population size strongly correlated with DENV outbreaks. When a mosquito is infected with DENV, the virus migrates from the midgut to the salivary glands to complete the transmission cycle. How the virus crosses the hemocoel, resulting in systemic infection, is still unclear however. During viral infection and migration, the innate immune system is activated in defense. As part of cellular-mediated immunity, hemocytes are known to defend against bacteria and Plasmodium infection and may also participate in defending against DENV infection. Hemocytes are categorized into three cell types: prohemocytes, granulocytes, and oenocytoids. Here, we investigated which hemocytes can be infected by DENV and compare hemocyte infection between Ae. aegypti and Ae. albopictus.</AbstractText><AbstractText Label="METHODS" NlmCategory="METHODS">Hemocytes were collected from Ae. aegypti and Ae. albopictus mosquitoes that were intrathoracically infected with DENV2-GFP. The collected hemocytes were then identified via Giemsa staining and examined microscopically for morphological differences and viral infection.</AbstractText><AbstractText Label="RESULTS" NlmCategory="RESULTS">All three types of hemocytes were infected by DENV, though the predominantly infected cell type was prohemocytes. In Ae. aegypti, the highest and lowest infection rates at 7&#xa0;days post infection occurred in prohemocytes and granulocytes, respectively. Prohemocytes were also the primary infection target of DENV in Ae. albopictus, with similar infection rates across the other two hemocyte groups. The ratios of hemocyte composition did not differ significantly between non-infected and infected mosquitoes for either species.</AbstractText><AbstractText Label="CONCLUSIONS" NlmCategory="CONCLUSIONS">In this study, we showed that prohemocytes were the major type of hemocyte infected by DENV in both Ae. aegypti and Ae. albopictus. The infection rate of prohemocytes in Ae. albopictus was lower than that in Ae. aegypti, which may explain why systemic DENV infection in Ae. albopictus is less efficient than in Ae. aegypti and why Ae. albopictus is less correlated to dengue fever outbreaks. Future work in understanding the mechanisms behind these phenomena may help reduce arbovirus infection prevalence.</AbstractText><CopyrightInformation>&#xa9; 2022. The Author(s).</CopyrightInformation></Abstract><AuthorList CompleteYN="Y"><Author ValidYN="Y"><LastName>Cheng</LastName><ForeName>Lie</ForeName><Initials>L</Initials><AffiliationInfo><Affiliation>National Mosquito-Borne Diseases Control Research Center, National Health Research Institutes, Miaoli County, Taiwan.</Affiliation></AffiliationInfo></Author><Author ValidYN="Y"><LastName>Liu</LastName><ForeName>Wei-Liang</ForeName><Initials>WL</Initials><AffiliationInfo><Affiliation>National Mosquito-Borne Diseases Control Research Center, National Health Research Institutes, Miaoli County, Taiwan.</Affiliation></AffiliationInfo></Author><Author ValidYN="Y"><LastName>Su</LastName><ForeName>Matthew P</ForeName><Initials>MP</Initials><AffiliationInfo><Affiliation>Institute of Advanced Research, Nagoya University, Nagoya, Japan.</Affiliation></AffiliationInfo><AffiliationInfo><Affiliation>Department of Biological Science, Nagoya University, Nagoya, Japan.</Affiliation></AffiliationInfo></Author><Author ValidYN="Y"><LastName>Huang</LastName><ForeName>Shu-Chen</ForeName><Initials>SC</Initials><AffiliationInfo><Affiliation>National Mosquito-Borne Diseases Control Research Center, National Health Research Institutes, Miaoli County, Taiwan.</Affiliation></AffiliationInfo></Author><Author ValidYN="Y"><LastName>Wang</LastName><ForeName>Jen-Ren</ForeName><Initials>JR</Initials><AffiliationInfo><Affiliation>Department of Medical Laboratory Science and Biotechnology, College of Medicine, National Cheng Kung University, Tainan, Taiwan.</Affiliation></AffiliationInfo><AffiliationInfo><Affiliation>National Institute of Infectious Diseases and Vaccinology, National Health Research Institutes, Miaoli County, Taiwan.</Affiliation></AffiliationInfo></Author><Author ValidYN="Y"><LastName>Chen</LastName><ForeName>Chun-Hong</ForeName><Initials>CH</Initials><Identifier Source="ORCID">0000-0001-6352-1370</Identifier><AffiliationInfo><Affiliation>National Institute of Infectious Diseases and Vaccinology, National Health Research Institutes, Miaoli County, Taiwan. chunhong@gmail.com.</Affiliation></AffiliationInfo></Author></AuthorList><Language>eng</Language><GrantList CompleteYN="Y"><Grant><GrantID>NHRI-MR-110-GP-12</GrantID><Agency>National Health Research Institutes</Agency><Country/></Grant></GrantList><PublicationTypeList><PublicationType UI="D016428">Journal Article</PublicationType></PublicationTypeList><ArticleDate DateType="Electronic"><Year>2022</Year><Month>04</Month><Day>21</Day></ArticleDate></Article><MedlineJournalInfo><Country>England</Country><MedlineTA>Parasit Vectors</MedlineTA><NlmUniqueID>101462774</NlmUniqueID><ISSNLinking>1756-3305</ISSNLinking></MedlineJournalInfo><CitationSubset>IM</CitationSubset><MeshHeadingList><MeshHeading><DescriptorName UI="D000330" MajorTopicYN="Y">Aedes</DescriptorName></MeshHeading><MeshHeading><DescriptorName UI="D000818" MajorTopicYN="N">Animals</DescriptorName></MeshHeading><MeshHeading><DescriptorName UI="D003715" MajorTopicYN="Y">Dengue</DescriptorName></MeshHeading><MeshHeading><DescriptorName UI="D003716" MajorTopicYN="Y">Dengue Virus</DescriptorName></MeshHeading><MeshHeading><DescriptorName UI="D006801" MajorTopicYN="N">Humans</DescriptorName></MeshHeading><MeshHeading><DescriptorName UI="D000072138" MajorTopicYN="N">Mosquito Vectors</DescriptorName></MeshHeading><MeshHeading><DescriptorName UI="D012469" MajorTopicYN="N">Salivary Glands</DescriptorName></MeshHeading></MeshHeadingList><KeywordList Owner="NOTNLM"><Keyword MajorTopicYN="N">Aedes aegypti</Keyword><Keyword MajorTopicYN="N">Aedes albopictus</Keyword><Keyword MajorTopicYN="N">Dengue virus</Keyword><Keyword MajorTopicYN="N">Hemocyte</Keyword><Keyword MajorTopicYN="N">Mosquito</Keyword></KeywordList><CoiStatement>The authors declare that they have no competing interests.</CoiStatement></MedlineCitation><PubmedData><History><PubMedPubDate PubStatus="received"><Year>2021</Year><Month>11</Month><Day>23</Day></PubMedPubDate><PubMedPubDate PubStatus="accepted"><Year>2022</Year><Month>4</Month><Day>6</Day></PubMedPubDate><PubMedPubDate PubStatus="entrez"><Year>2022</Year><Month>4</Month><Day>22</Day><Hour>5</Hour><Minute>14</Minute></PubMedPubDate><PubMedPubDate PubStatus="pubmed"><Year>2022</Year><Month>4</Month><Day>23</Day><Hour>6</Hour><Minute>0</Minute></PubMedPubDate><PubMedPubDate PubStatus="medline"><Year>2022</Year><Month>4</Month><Day>26</Day><Hour>6</Hour><Minute>0</Minute></PubMedPubDate></History><PublicationStatus>epublish</PublicationStatus><ArticleIdList><ArticleId IdType="pubmed">35449113</ArticleId><ArticleId IdType="pmc">PMC9027048</ArticleId><ArticleId IdType="doi">10.1186/s13071-022-05276-w</ArticleId><ArticleId IdType="pii">10.1186/s13071-022-05276-w</ArticleId></ArticleIdList><ReferenceList><Reference><Citation>Mubbashir H, Munir S, Kashif R, Nawaz HB, Abdul B, Baharullah K. Characterization of dengue virus in Aedes aegypti and Aedes albopictus spp. of mosquitoes: a study in Khyber Pakhtunkhwa, Pakistan. Mol Biol Res Commun. 2018;7:77&#x2013;82.</Citation><ArticleIdList><ArticleId IdType="pmc">PMC6054776</ArticleId><ArticleId IdType="pubmed">30046621</ArticleId></ArticleIdList></Reference><Reference><Citation>Tsujimoto H, Hanley KA, Sundararajan A, Devitt NP, Schilkey FD, Hansen IA. Correction: dengue virus serotype 2 infection alters midgut and carcass gene expression in the Asian tiger mosquito, Aedes albopictus. PLoS ONE. 2018;13:e0192128. doi: 10.1371/journal.pone.0192128.</Citation><ArticleIdList><ArticleId IdType="doi">10.1371/journal.pone.0192128</ArticleId><ArticleId IdType="pmc">PMC5785029</ArticleId><ArticleId IdType="pubmed">29370309</ArticleId></ArticleIdList></Reference><Reference><Citation>Soni M, Khan SA, Bhattacharjee CK, Dutta P. Experimental study of dengue virus infection in Aedes aegypti and Aedes albopictus: a comparative analysis on susceptibility, virus transmission and reproductive success. J Invertebr Pathol. 2020;175:107445. doi: 10.1016/j.jip.2020.107445.</Citation><ArticleIdList><ArticleId IdType="doi">10.1016/j.jip.2020.107445</ArticleId><ArticleId IdType="pubmed">32712268</ArticleId></ArticleIdList></Reference><Reference><Citation>Guo XX, Zhu XJ, Li CX, Dong YD, Zhang YM, Xing D, et al. Vector competence of Aedes albopictus and Aedes aegypti (Diptera: Culicidae) for DEN2-43 and New Guinea C virus strains of dengue 2 virus. Acta Trop. 2013;128:566&#x2013;570. doi: 10.1016/j.actatropica.2013.08.006.</Citation><ArticleIdList><ArticleId IdType="doi">10.1016/j.actatropica.2013.08.006</ArticleId><ArticleId IdType="pubmed">23962388</ArticleId></ArticleIdList></Reference><Reference><Citation>Whitehorn J, Kien DT, Nguyen NM, Nguyen HL, Kyrylos PP, Carrington LB, et al. Comparative susceptibility of Aedes albopictus and Aedes aegypti to dengue virus infection after feeding on blood of viremic humans: implications for public health. J Infect Dis. 2015;212:1182&#x2013;1190. doi: 10.1093/infdis/jiv173.</Citation><ArticleIdList><ArticleId IdType="doi">10.1093/infdis/jiv173</ArticleId><ArticleId IdType="pmc">PMC4577038</ArticleId><ArticleId IdType="pubmed">25784733</ArticleId></ArticleIdList></Reference><Reference><Citation>Kumar A, Srivastava P, Sirisena P, Dubey SK, Kumar R, Shrinet J, et al. Mosquito innate immunity. Insects. 2018;9:95. doi: 10.3390/insects9030095.</Citation><ArticleIdList><ArticleId IdType="doi">10.3390/insects9030095</ArticleId><ArticleId IdType="pmc">PMC6165528</ArticleId><ArticleId IdType="pubmed">30096752</ArticleId></ArticleIdList></Reference><Reference><Citation>Wang YH, Chang MM, Wang XL, Zheng AH, Zou Z. The immune strategies of mosquito Aedes aegypti against microbial infection. Dev Comp Immunol. 2018;83:12&#x2013;21. doi: 10.1016/j.dci.2017.12.001.</Citation><ArticleIdList><ArticleId IdType="doi">10.1016/j.dci.2017.12.001</ArticleId><ArticleId IdType="pubmed">29217264</ArticleId></ArticleIdList></Reference><Reference><Citation>Bahar AA, Ren D. Antimicrobial peptides. Pharmaceuticals (Basel) 2013;6:1543&#x2013;1575. doi: 10.3390/ph6121543.</Citation><ArticleIdList><ArticleId IdType="doi">10.3390/ph6121543</ArticleId><ArticleId IdType="pmc">PMC3873676</ArticleId><ArticleId IdType="pubmed">24287494</ArticleId></ArticleIdList></Reference><Reference><Citation>Lamiable O, Arnold J, de Faria I, Olmo RP, Bergami F, Meignin C, et al. Analysis of the contribution of hemocytes and autophagy to Drosophila antiviral immunity. J Virol. 2016;90:5415&#x2013;5426. doi: 10.1128/JVI.00238-16.</Citation><ArticleIdList><ArticleId IdType="doi">10.1128/JVI.00238-16</ArticleId><ArticleId IdType="pmc">PMC4934735</ArticleId><ArticleId IdType="pubmed">27009948</ArticleId></ArticleIdList></Reference><Reference><Citation>Tassetto M, Kunitomi M, Andino R. Circulating immune cells mediate a systemic RNAi-based adaptive antiviral response in Drosophila. Cell. 2017;169:314&#x2013;325.e13. doi: 10.1016/j.cell.2017.03.033.</Citation><ArticleIdList><ArticleId IdType="doi">10.1016/j.cell.2017.03.033</ArticleId><ArticleId IdType="pmc">PMC5730277</ArticleId><ArticleId IdType="pubmed">28388413</ArticleId></ArticleIdList></Reference><Reference><Citation>Marmaras VJ, Lampropoulou M. Regulators and signalling in insect haemocyte immunity. Cell Signal. 2009;21:186&#x2013;195. doi: 10.1016/j.cellsig.2008.08.014.</Citation><ArticleIdList><ArticleId IdType="doi">10.1016/j.cellsig.2008.08.014</ArticleId><ArticleId IdType="pubmed">18790716</ArticleId></ArticleIdList></Reference><Reference><Citation>Shiao SH, Higgs S, Adelman Z, Christensen BM, Liu SH, Chen CC. Effect of prophenoloxidase expression knockout on the melanization of microfilariae in the mosquito Armigeres subalbatus. Insect Mol Biol. 2001;10:315&#x2013;321. doi: 10.1046/j.0962-1075.2001.00268.x.</Citation><ArticleIdList><ArticleId IdType="doi">10.1046/j.0962-1075.2001.00268.x</ArticleId><ArticleId IdType="pubmed">11520354</ArticleId></ArticleIdList></Reference><Reference><Citation>Hillyer JF, Schmidt SL, Christensen BM. Hemocyte-mediated phagocytosis and melanization in the mosquito Armigeres subalbatus following immune challenge by bacteria. Cell Tissue Res. 2003;313:117&#x2013;127. doi: 10.1007/s00441-003-0744-y.</Citation><ArticleIdList><ArticleId IdType="doi">10.1007/s00441-003-0744-y</ArticleId><ArticleId IdType="pubmed">12838409</ArticleId></ArticleIdList></Reference><Reference><Citation>Barton K, Winckelmann A, Palmer S. HIV-1 reservoirs during suppressive therapy. Trends Microbiol. 2016;24:345&#x2013;355. doi: 10.1016/j.tim.2016.01.006.</Citation><ArticleIdList><ArticleId IdType="doi">10.1016/j.tim.2016.01.006</ArticleId><ArticleId IdType="pmc">PMC5319871</ArticleId><ArticleId IdType="pubmed">26875617</ArticleId></ArticleIdList></Reference><Reference><Citation>Cui C, Liang Q, Tang X, Xing J, Sheng X, Zhan W. Differential apoptotic responses of hemocyte subpopulations to white spot syndrome virus infection in Fenneropenaeus chinensis. Front Immunol. 2020;11:594390. doi: 10.3389/fimmu.2020.594390.</Citation><ArticleIdList><ArticleId IdType="doi">10.3389/fimmu.2020.594390</ArticleId><ArticleId IdType="pmc">PMC7750459</ArticleId><ArticleId IdType="pubmed">33365030</ArticleId></ArticleIdList></Reference><Reference><Citation>Parikh GR, Oliver JD, Bartholomay LC. A haemocyte tropism for an arbovirus. J Gen Virol. 2009;90:292&#x2013;296. doi: 10.1099/vir.0.005116-0.</Citation><ArticleIdList><ArticleId IdType="doi">10.1099/vir.0.005116-0</ArticleId><ArticleId IdType="pubmed">19141437</ArticleId></ArticleIdList></Reference><Reference><Citation>Castillo JC, Robertson AE, Strand MR. Characterization of hemocytes from the mosquitoes Anopheles gambiae and Aedes aegypti. Insect Biochem Mol Biol. 2006;36:891&#x2013;903. doi: 10.1016/j.ibmb.2006.08.010.</Citation><ArticleIdList><ArticleId IdType="doi">10.1016/j.ibmb.2006.08.010</ArticleId><ArticleId IdType="pmc">PMC2757042</ArticleId><ArticleId IdType="pubmed">17098164</ArticleId></ArticleIdList></Reference><Reference><Citation>Hillyer JF, Strand MR. Mosquito hemocyte-mediated immune responses. Curr Opin Insect Sci. 2014;3:14&#x2013;21. doi: 10.1016/j.cois.2014.07.002.</Citation><ArticleIdList><ArticleId IdType="doi">10.1016/j.cois.2014.07.002</ArticleId><ArticleId IdType="pmc">PMC4190037</ArticleId><ArticleId IdType="pubmed">25309850</ArticleId></ArticleIdList></Reference><Reference><Citation>King JG, Hillyer JF. Spatial and temporal in vivo analysis of circulating and sessile immune cells in mosquitoes: hemocyte mitosis following infection. BMC Biol. 2013;11:55. doi: 10.1186/1741-7007-11-55.</Citation><ArticleIdList><ArticleId IdType="doi">10.1186/1741-7007-11-55</ArticleId><ArticleId IdType="pmc">PMC3660217</ArticleId><ArticleId IdType="pubmed">23631603</ArticleId></ArticleIdList></Reference><Reference><Citation>Jiang H, Wang Y, Ma C, Kanost MR. Subunit composition of pro-phenol oxidase from Manduca sexta: molecular cloning of subunit ProPO-P1. Insect Biochem Mol Biol. 1997;27:835&#x2013;850. doi: 10.1016/S0965-1748(97)00066-0.</Citation><ArticleIdList><ArticleId IdType="doi">10.1016/S0965-1748(97)00066-0</ArticleId><ArticleId IdType="pubmed">9474780</ArticleId></ArticleIdList></Reference><Reference><Citation>Drif L, Breh&#xe9;lin M. The circulating hemocytes of Culexpipiens and Aedesaegypii: cytology histochemistry, hemograms and functions. Dev Comp Immunol. 1983;7:687&#x2013;690. doi: 10.1016/0145-305X(83)90094-0.</Citation><ArticleIdList><ArticleId IdType="doi">10.1016/0145-305X(83)90094-0</ArticleId></ArticleIdList></Reference><Reference><Citation>Lee JK, Chui JLM, Lee RCH, Kong HY, Chin WX, Chu JJH. Antiviral activity of ST081006 against the dengue virus. Antivir Res. 2019;171:104589. doi: 10.1016/j.antiviral.2019.104589.</Citation><ArticleIdList><ArticleId IdType="doi">10.1016/j.antiviral.2019.104589</ArticleId><ArticleId IdType="pubmed">31421165</ArticleId></ArticleIdList></Reference><Reference><Citation>Dedkhad W, Bartholomay LC, Christensen BM, Hempolchom C, Chaithong U, Saeung A. Hemocyte classification of three mosquito vectors: Aedes togoi, Anopheles lesteri and Culex quinquefasciatus. Trop Biomed. 2019;36:505&#x2013;513.</Citation><ArticleIdList><ArticleId IdType="pubmed">33597413</ArticleId></ArticleIdList></Reference><Reference><Citation>Raddi G, Barletta ABF, Efremova M, Ramirez JL, Cantera R, Teichmann SA, et al. Mosquito cellular immunity at single-cell resolution. Science. 2020;369:1128&#x2013;1132. doi: 10.1126/science.abc0322.</Citation><ArticleIdList><ArticleId IdType="doi">10.1126/science.abc0322</ArticleId><ArticleId IdType="pmc">PMC8405044</ArticleId><ArticleId IdType="pubmed">32855340</ArticleId></ArticleIdList></Reference><Reference><Citation>Alen MM, Kaptein SJ, De Burghgraeve T, Balzarini J, Neyts J, Schols D. Antiviral activity of carbohydrate-binding agents and the role of DC-SIGN in dengue virus infection. Virology. 2009;387:67&#x2013;75. doi: 10.1016/j.virol.2009.01.043.</Citation><ArticleIdList><ArticleId IdType="doi">10.1016/j.virol.2009.01.043</ArticleId><ArticleId IdType="pubmed">19264337</ArticleId></ArticleIdList></Reference><Reference><Citation>Liu P, Ridilla M, Patel P, Betts L, Gallichotte E, Shahidi L, et al. Beyond attachment: roles of DC-SIGN in dengue virus infection. Traffic. 2017;18:218&#x2013;231. doi: 10.1111/tra.12469.</Citation><ArticleIdList><ArticleId IdType="doi">10.1111/tra.12469</ArticleId><ArticleId IdType="pmc">PMC5526227</ArticleId><ArticleId IdType="pubmed">28128492</ArticleId></ArticleIdList></Reference><Reference><Citation>Huang YL, Pai FS, Tsou YT, Mon HC, Hsu TL, Wu CY, et al. Human CLEC18 gene cluster contains C-type lectins with differential glycan-binding specificity. J Biol Chem. 2015;290:21252&#x2013;21263. doi: 10.1074/jbc.M115.649814.</Citation><ArticleIdList><ArticleId IdType="doi">10.1074/jbc.M115.649814</ArticleId><ArticleId IdType="pmc">PMC4571857</ArticleId><ArticleId IdType="pubmed">26170455</ArticleId></ArticleIdList></Reference><Reference><Citation>Leite T, Ferreira AGA, Imler JL, Marques JT. Distinct roles of hemocytes at different stages of infection by dengue and zika viruses in Aedes aegypti mosquitoes. Front Immunol. 2021;12:660873. doi: 10.3389/fimmu.2021.660873.</Citation><ArticleIdList><ArticleId IdType="doi">10.3389/fimmu.2021.660873</ArticleId><ArticleId IdType="pmc">PMC8169962</ArticleId><ArticleId IdType="pubmed">34093550</ArticleId></ArticleIdList></Reference><Reference><Citation>Smartt CT, Shin D, Alto BW. Dengue serotype-specific immune response in Aedes aegypti and Aedes albopictus. Mem Inst Oswaldo Cruz. 2017;112:829&#x2013;837. doi: 10.1590/0074-02760170182.</Citation><ArticleIdList><ArticleId IdType="doi">10.1590/0074-02760170182</ArticleId><ArticleId IdType="pmc">PMC5719552</ArticleId><ArticleId IdType="pubmed">29211244</ArticleId></ArticleIdList></Reference><Reference><Citation>Tsai CH, Chen TH, Lin C, Shu PY, Su CL, Teng HJ. The impact of temperature and Wolbachia infection on vector competence of potential dengue vectors Aedes aegypti and Aedes albopictus in the transmission of dengue virus serotype 1 in southern Taiwan. Parasites Vectors. 2017;10:551. doi: 10.1186/s13071-017-2493-x.</Citation><ArticleIdList><ArticleId IdType="doi">10.1186/s13071-017-2493-x</ArticleId><ArticleId IdType="pmc">PMC5678766</ArticleId><ArticleId IdType="pubmed">29116011</ArticleId></ArticleIdList></Reference></ReferenceList></PubmedData></PubmedArticle></PubmedArticleSet>