<?xml version="1.0" ?>
<!DOCTYPE PubmedArticleSet PUBLIC "-//NLM//DTD PubMedArticle, 1st January 2023//EN" "https://dtd.nlm.nih.gov/ncbi/pubmed/out/pubmed_230101.dtd">
<PubmedArticleSet>
<PubmedArticle><MedlineCitation Status="PubMed-not-MEDLINE" Owner="NLM"><PMID Version="1">35453998</PMID><DateRevised><Year>2022</Year><Month>07</Month><Day>16</Day></DateRevised><Article PubModel="Electronic"><Journal><ISSN IssnType="Print">2075-4418</ISSN><JournalIssue CitedMedium="Print"><Volume>12</Volume><Issue>4</Issue><PubDate><Year>2022</Year><Month>Apr</Month><Day>11</Day></PubDate></JournalIssue><Title>Diagnostics (Basel, Switzerland)</Title><ISOAbbreviation>Diagnostics (Basel)</ISOAbbreviation></Journal><ArticleTitle>Dynamic Changes of Platelet and Factors Related Dengue Haemorrhagic Fever: A Retrospective Study in Indonesian.</ArticleTitle><ELocationID EIdType="pii" ValidYN="Y">950</ELocationID><ELocationID EIdType="doi" ValidYN="Y">10.3390/diagnostics12040950</ELocationID><Abstract><AbstractText>Dengue is a viral infection caused by the dengue virus (DENV). Dengue infection is a self-limited acute febrile illness caused by four serotypes of DENV (DENV-1~4). Early recognition of high-risk patients would be helpful to reduce mortality rates and prevent severe dengue. Our study aimed to identify factors related to dengue hemorrhagic fever (DHF) based on admission-day data, and further to understand the distribution of biochemical laboratory data in dengue patients. This retrospective study was conducted in hospitals in Yogyakarta city, Indonesia, and involved febrile patients who were admitted to the hospital with a diagnosis of dengue during 2018 and 2020. Logistic regression models were used to identify variables related to DHF. In this study, 1087 patients were included as suspected dengue patients, among them 468 had dengue fever (DF) and 619 had DHF. Over half of the DHF patients were males (55.9%) with an average age of 17.9 years, and with a secondary infection (71.3%). By a multivariate analysis, on-admission laboratory data of thrombocytopenia and hemoglobin showed significant association with DHF. Furthermore, DHF patients had significantly prolonged hospitalizations compared to DF patients. In conclusion, on-admission platelet counts and hemoglobin laboratory data are useful as predictors of DHF especially for suspected dengue patients with the limitations of diagnostic tests.</AbstractText></Abstract><AuthorList CompleteYN="Y"><Author ValidYN="Y"><LastName>Faridah</LastName><ForeName>Imaniar Noor</ForeName><Initials>IN</Initials><Identifier Source="ORCID">0000-0001-8253-5591</Identifier><AffiliationInfo><Affiliation>Department of Clinical Pharmacy, School of Pharmacy, College of Pharmacy, Taipei Medical University, Taipei 11031, Taiwan.</Affiliation></AffiliationInfo><AffiliationInfo><Affiliation>Department of Pharmacology and Clinical Pharmacy, Faculty of Pharmacy, University of Ahmad Dahlan, Yogyakarta 55164, Indonesia.</Affiliation></AffiliationInfo></Author><Author ValidYN="Y"><LastName>Dania</LastName><ForeName>Haafizah</ForeName><Initials>H</Initials><AffiliationInfo><Affiliation>Department of Pharmacology and Clinical Pharmacy, Faculty of Pharmacy, University of Ahmad Dahlan, Yogyakarta 55164, Indonesia.</Affiliation></AffiliationInfo></Author><Author ValidYN="Y"><LastName>Chen</LastName><ForeName>Yen-Hsu</ForeName><Initials>YH</Initials><Identifier Source="ORCID">0000-0002-8667-4844</Identifier><AffiliationInfo><Affiliation>Center for Tropical Medicine and Infectious Disease, Kaohsiung Medical University, Kaohsiung 80708, Taiwan.</Affiliation></AffiliationInfo><AffiliationInfo><Affiliation>College of Medicine, Kaohsiung Medical University, Kaohsiung 80708, Taiwan.</Affiliation></AffiliationInfo></Author><Author ValidYN="Y"><LastName>Supadmi</LastName><ForeName>Woro</ForeName><Initials>W</Initials><AffiliationInfo><Affiliation>Department of Pharmacology and Clinical Pharmacy, Faculty of Pharmacy, University of Ahmad Dahlan, Yogyakarta 55164, Indonesia.</Affiliation></AffiliationInfo></Author><Author ValidYN="Y"><LastName>Purwanto</LastName><ForeName>Barkah Djaka</ForeName><Initials>BD</Initials><AffiliationInfo><Affiliation>Faculty of Medicine, University of Ahmad Dahlan, Yogyakarta 55191, Indonesia.</Affiliation></AffiliationInfo><AffiliationInfo><Affiliation>PKU Muhammadiyah Bantul Hospital, Bantul, Yogyakarta 55711, Indonesia.</Affiliation></AffiliationInfo></Author><Author ValidYN="Y"><LastName>Heriyanto</LastName><ForeName>Mochammad Junaidy</ForeName><Initials>MJ</Initials><AffiliationInfo><Affiliation>Faculty of Medicine, University of Ahmad Dahlan, Yogyakarta 55191, Indonesia.</Affiliation></AffiliationInfo><AffiliationInfo><Affiliation>PKU Muhammadiyah Kota Yogyakarta Hospital, Yogyakarta 55122, Indonesia.</Affiliation></AffiliationInfo></Author><Author ValidYN="Y"><LastName>Aufa</LastName><ForeName>Mahda Adil</ForeName><Initials>MA</Initials><AffiliationInfo><Affiliation>PKU Muhammadiyah Gamping, Sleman, Yogyakarta 55294, Indonesia.</Affiliation></AffiliationInfo></Author><Author ValidYN="Y"><LastName>Chang</LastName><ForeName>Wei-Chiao</ForeName><Initials>WC</Initials><AffiliationInfo><Affiliation>Department of Clinical Pharmacy, School of Pharmacy, College of Pharmacy, Taipei Medical University, Taipei 11031, Taiwan.</Affiliation></AffiliationInfo><AffiliationInfo><Affiliation>Master Program for Clinical Pharmacogenomics and Pharmacoproteomics, School of Pharmacy, Taipei Medical University, Taipei 11031, Taiwan.</Affiliation></AffiliationInfo><AffiliationInfo><Affiliation>Integrative Research Center for Critical Care, Wan Fang Hospital, Taipei Medical University, Taipei 11696, Taiwan.</Affiliation></AffiliationInfo></Author><Author ValidYN="Y"><LastName>Perwitasari</LastName><ForeName>Dyah Aryani</ForeName><Initials>DA</Initials><Identifier Source="ORCID">0000-0002-2638-6664</Identifier><AffiliationInfo><Affiliation>Department of Pharmacology and Clinical Pharmacy, Faculty of Pharmacy, University of Ahmad Dahlan, Yogyakarta 55164, Indonesia.</Affiliation></AffiliationInfo></Author></AuthorList><Language>eng</Language><GrantList CompleteYN="Y"><Grant><GrantID>PD-087/SP3/LPPM-UAD/VI/2021</GrantID><Agency>Institute for Research and Community Service of University of Ahmad Dahlan (LPPM UAD)</Agency><Country/></Grant><Grant><GrantID>MOST 110-2628-B-038-020</GrantID><Agency>Ministry of Science and Technology, Taiwan</Agency><Country/></Grant><Grant><GrantID>MOST 110-2314-B-038-161</GrantID><Agency>Ministry of Science and Technology, Taiwan</Agency><Country/></Grant><Grant><GrantID>12310-106079</GrantID><Agency>Taipei Medical University</Agency><Country/></Grant><Grant><GrantID>12310-106132</GrantID><Agency>Taipei Medical University</Agency><Country/></Grant></GrantList><PublicationTypeList><PublicationType UI="D016428">Journal Article</PublicationType></PublicationTypeList><ArticleDate DateType="Electronic"><Year>2022</Year><Month>04</Month><Day>11</Day></ArticleDate></Article><MedlineJournalInfo><Country>Switzerland</Country><MedlineTA>Diagnostics (Basel)</MedlineTA><NlmUniqueID>101658402</NlmUniqueID><ISSNLinking>2075-4418</ISSNLinking></MedlineJournalInfo><KeywordList Owner="NOTNLM"><Keyword MajorTopicYN="N">dengue hemorrhagic fever</Keyword><Keyword MajorTopicYN="N">platelet</Keyword><Keyword MajorTopicYN="N">risk factor</Keyword></KeywordList><CoiStatement>The authors declare no conflict of interest.</CoiStatement></MedlineCitation><PubmedData><History><PubMedPubDate PubStatus="received"><Year>2022</Year><Month>2</Month><Day>19</Day></PubMedPubDate><PubMedPubDate PubStatus="revised"><Year>2022</Year><Month>3</Month><Day>29</Day></PubMedPubDate><PubMedPubDate PubStatus="accepted"><Year>2022</Year><Month>3</Month><Day>31</Day></PubMedPubDate><PubMedPubDate PubStatus="entrez"><Year>2022</Year><Month>4</Month><Day>23</Day><Hour>1</Hour><Minute>2</Minute></PubMedPubDate><PubMedPubDate PubStatus="pubmed"><Year>2022</Year><Month>4</Month><Day>24</Day><Hour>6</Hour><Minute>0</Minute></PubMedPubDate><PubMedPubDate PubStatus="medline"><Year>2022</Year><Month>4</Month><Day>24</Day><Hour>6</Hour><Minute>1</Minute></PubMedPubDate></History><PublicationStatus>epublish</PublicationStatus><ArticleIdList><ArticleId IdType="pubmed">35453998</ArticleId><ArticleId IdType="pmc">PMC9025030</ArticleId><ArticleId IdType="doi">10.3390/diagnostics12040950</ArticleId><ArticleId IdType="pii">diagnostics12040950</ArticleId></ArticleIdList><ReferenceList><Reference><Citation>Messina J.P., Brady O.J., Golding N., Kraemer M.U.G., Wint G.R.W., Ray S.E., Pigott D.M., Shearer F.M., Johnson K., Earl L., et al. The current and future global distribution and population at risk of dengue. Nat. Microbiol. 2019;4:1508&#x2013;1515. doi: 10.1038/s41564-019-0476-8.</Citation><ArticleIdList><ArticleId IdType="doi">10.1038/s41564-019-0476-8</ArticleId><ArticleId IdType="pmc">PMC6784886</ArticleId><ArticleId IdType="pubmed">31182801</ArticleId></ArticleIdList></Reference><Reference><Citation>World Health Organization  Dengue and Severe Dengue.  [(accessed on 14 December 2020)].  Available online:  https://www.who.int/news-room/fact-sheets/detail/dengue-and-severe-dengue.</Citation></Reference><Reference><Citation>Harapan H., Michie A., Mudatsir M., Sasmono R.T., Imrie A. Epidemiology of dengue hemorrhagic fever in Indonesia: Analysis of five decades data from the National Disease Surveillance. BMC Res. Notes. 2019;12:350. doi: 10.1186/s13104-019-4379-9.</Citation><ArticleIdList><ArticleId IdType="doi">10.1186/s13104-019-4379-9</ArticleId><ArticleId IdType="pmc">PMC6587249</ArticleId><ArticleId IdType="pubmed">31221186</ArticleId></ArticleIdList></Reference><Reference><Citation>Utama I.M.S., Lukman N., Sukmawati D.D., Alisjahbana B., Alam A., Murniati D., Utama I., Puspitasari D., Kosasih H., Laksono I., et al. Dengue viral infection in Indonesia: Epidemiology, diagnostic challenges, and mutations from an observational cohort study. PLoS Negl. Trop. Dis. 2019;13:e0007785. doi: 10.1371/journal.pntd.0007785.</Citation><ArticleIdList><ArticleId IdType="doi">10.1371/journal.pntd.0007785</ArticleId><ArticleId IdType="pmc">PMC6822776</ArticleId><ArticleId IdType="pubmed">31634352</ArticleId></ArticleIdList></Reference><Reference><Citation>Sasmono R.T., Sutjianto A., Santoso M.S., Sriwedari K., Yohan B., Mayasanti E., Hayati R.F., Denis D. Molecular epidemiology of dengue in North Kalimantan, a province with the highest incidence rates in Indonesia in 2019. Infect. Genet. Evol. 2021;95:105036. doi: 10.1016/j.meegid.2021.105036.</Citation><ArticleIdList><ArticleId IdType="doi">10.1016/j.meegid.2021.105036</ArticleId><ArticleId IdType="pubmed">34411743</ArticleId></ArticleIdList></Reference><Reference><Citation>Chao C.H., Wu W.C., Lai Y.C., Tsai P.J., Perng G.C., Lin Y.S., Yeh T.M. Dengue virus nonstructural protein 1 activates platelets via Toll-like receptor 4, leading to thrombocytopenia and hemorrhage. PLoS Pathog. 2019;15:e1007625. doi: 10.1371/journal.ppat.1007625.</Citation><ArticleIdList><ArticleId IdType="doi">10.1371/journal.ppat.1007625</ArticleId><ArticleId IdType="pmc">PMC6497319</ArticleId><ArticleId IdType="pubmed">31009511</ArticleId></ArticleIdList></Reference><Reference><Citation>Kularatnam G.A.M., Jasinge E., Gunasena S., Samaranayake D., Senanayake M.P., Wickramasinghe V.P. Evaluation of biochemical and haematological changes in dengue fever and dengue hemorrhagic fever in Sri Lankan children: A prospective follow up study. BMC Pediatrics. 2019;19:87. doi: 10.1186/s12887-019-1451-5.</Citation><ArticleIdList><ArticleId IdType="doi">10.1186/s12887-019-1451-5</ArticleId><ArticleId IdType="pmc">PMC6442420</ArticleId><ArticleId IdType="pubmed">30935373</ArticleId></ArticleIdList></Reference><Reference><Citation>Lam P.K., Ngoc T.V., Thu Thuy T.T., Hong Van N.T., Nhu Thuy T.T., Hoai Tam D.T., Dung N.M., Hanh Tien N.T., Thanh Kieu N.T., Simmons C., et al. The value of daily platelet counts for predicting dengue shock syndrome: Results from a prospective observational study of 2301 Vietnamese children with dengue. PLoS Negl. Trop. Dis. 2017;11:e0005498. doi: 10.1371/journal.pntd.0005498.</Citation><ArticleIdList><ArticleId IdType="doi">10.1371/journal.pntd.0005498</ArticleId><ArticleId IdType="pmc">PMC5407568</ArticleId><ArticleId IdType="pubmed">28448490</ArticleId></ArticleIdList></Reference><Reference><Citation>World Health Organization . Handbook for Clinical Management of Dengue. World Health Organization; Geneva, Switzerland: 2012.</Citation></Reference><Reference><Citation>World Health Organization . Dengue Guidelines for Diagnosis, Treatment, Prevention and Control: New Edition. World Health Organization; Geneva, Switzerland: 2009.</Citation><ArticleIdList><ArticleId IdType="pubmed">23762963</ArticleId></ArticleIdList></Reference><Reference><Citation>Huang H.-S., Hsu C.-C., Ye J.-C., Su S.-B., Huang C.-C., Lin H.-J. Predicting the mortality in geriatric patients with dengue fever. Medicine. 2017;96:e7878. doi: 10.1097/MD.0000000000007878.</Citation><ArticleIdList><ArticleId IdType="doi">10.1097/MD.0000000000007878</ArticleId><ArticleId IdType="pmc">PMC5604636</ArticleId><ArticleId IdType="pubmed">28906367</ArticleId></ArticleIdList></Reference><Reference><Citation>Mallhi T.H., Khan A.H., Sarriff A., Adnan A.S., Khan Y.H. Determinants of mortality and prolonged hospital stay among dengue patients attending tertiary care hospital: A cross-sectional retrospective analysis. BMJ Open. 2017;7:e016805. doi: 10.1136/bmjopen-2017-016805.</Citation><ArticleIdList><ArticleId IdType="doi">10.1136/bmjopen-2017-016805</ArticleId><ArticleId IdType="pmc">PMC5724230</ArticleId><ArticleId IdType="pubmed">28698348</ArticleId></ArticleIdList></Reference><Reference><Citation>Hsieh C.-C., Cia C.-T., Lee J.-C., Sung J.-M., Lee N.-Y., Chen P.-L., Kuo T.-H., Chao J.-Y., Ko W.-C. A Cohort Study of Adult Patients with Severe Dengue in Taiwanese Intensive Care Units: The Elderly and APTT Prolongation Matter for Prognosis. PLoS Negl. Trop. Dis. 2017;11:e0005270. doi: 10.1371/journal.pntd.0005270.</Citation><ArticleIdList><ArticleId IdType="doi">10.1371/journal.pntd.0005270</ArticleId><ArticleId IdType="pmc">PMC5245902</ArticleId><ArticleId IdType="pubmed">28060934</ArticleId></ArticleIdList></Reference><Reference><Citation>Lovera D., Martinez de Cuellar C., Araya S., Amarilla S., Gonzalez N., Aguiar C., Acu&#xf1;a J., Arbo A. Clinical Characteristics and Risk Factors of Dengue Shock Syndrome in Children. Pediatric Infect. Dis. J. 2016;35:1294&#x2013;1299. doi: 10.1097/INF.0000000000001308.</Citation><ArticleIdList><ArticleId IdType="doi">10.1097/INF.0000000000001308</ArticleId><ArticleId IdType="pubmed">27455442</ArticleId></ArticleIdList></Reference><Reference><Citation>Pang J., Hsu J.P., Yeo T.W., Leo Y.S., Lye D.C. Diabetes, cardiac disorders and asthma as risk factors for severe organ involvement among adult dengue patients: A matched case-control study. Sci. Rep. 2017;7:39872. doi: 10.1038/srep39872.</Citation><ArticleIdList><ArticleId IdType="doi">10.1038/srep39872</ArticleId><ArticleId IdType="pmc">PMC5206669</ArticleId><ArticleId IdType="pubmed">28045096</ArticleId></ArticleIdList></Reference><Reference><Citation>Pan American Health Organization . Dengue: Guidelines for Patient Care in the Region of the Americas. 2nd ed. World Health Organization, Regional Office for the Americas; Washington, DC, USA: 2016.</Citation></Reference><Reference><Citation>World Health Organization&#x2014;Regional Office for South-East Asia . Comprehensive Guideline for Prevention and Control of Dengue and Dengue Haemorrhagic Fever. WHO Regional Office for South-East Asia; New Delhi, India: 2011. Revised and Expanded Edition.</Citation></Reference><Reference><Citation>Ministry of Health Republic Indonesia . Guideline for Dengue Prevention and Control in Indonesia. Ministry of Health Republic Indonesia; Jakarta, Republic of Indonesia: 2017.</Citation></Reference><Reference><Citation>World Health Organization . Dengue Haemorrhagic Fever: Diagnosis, Treatment, Prevention and Control. 2nd ed. World Health Organization; Geneva, Switzerland: 1997.</Citation></Reference><Reference><Citation>Sangkaew S., Ming D., Boonyasiri A., Honeyford K., Kalayanarooj S., Yacoub S., Dorigatti I., Holmes A. Risk predictors of progression to severe disease during the febrile phase of dengue: A systematic review and meta-analysis. Lancet Infect. Dis. 2021;21:1014&#x2013;1026. doi: 10.1016/S1473-3099(20)30601-0.</Citation><ArticleIdList><ArticleId IdType="doi">10.1016/S1473-3099(20)30601-0</ArticleId><ArticleId IdType="pmc">PMC8240557</ArticleId><ArticleId IdType="pubmed">33640077</ArticleId></ArticleIdList></Reference><Reference><Citation>Castilho B.M., Silva M.T., Freitas A.R.R., Fulone I., Lopes L.C. Factors associated with thrombocytopenia in patients with dengue fever: A retrospective cohort study. BMJ Open. 2020;10:e035120. doi: 10.1136/bmjopen-2019-035120.</Citation><ArticleIdList><ArticleId IdType="doi">10.1136/bmjopen-2019-035120</ArticleId><ArticleId IdType="pmc">PMC7488788</ArticleId><ArticleId IdType="pubmed">32928847</ArticleId></ArticleIdList></Reference><Reference><Citation>Lim J.K., Chanthavanich P., Limkittikul K., Lee J.-S., Sirivichayakul C., Lee K.S., Lim S.-K., Yoon I.-K., Hattasingh W. Clinical and epidemiologic characteristics associated with dengue fever in 2011&#x2013;2016 in Bang Phae district, Ratchaburi province, Thailand. PLoS Negl. Trop. Dis. 2021;15:e0009513. doi: 10.1371/journal.pntd.0009513.</Citation><ArticleIdList><ArticleId IdType="doi">10.1371/journal.pntd.0009513</ArticleId><ArticleId IdType="pmc">PMC8244866</ArticleId><ArticleId IdType="pubmed">34191799</ArticleId></ArticleIdList></Reference><Reference><Citation>Malavige G.N., Ogg G.S. Pathogenesis of vascular leak in dengue virus infection. Immunology. 2017;151:261&#x2013;269. doi: 10.1111/imm.12748.</Citation><ArticleIdList><ArticleId IdType="doi">10.1111/imm.12748</ArticleId><ArticleId IdType="pmc">PMC5461104</ArticleId><ArticleId IdType="pubmed">28437586</ArticleId></ArticleIdList></Reference><Reference><Citation>Chuang Y.-C., Lin Y.-S., Liu C.-C., Liu H.-S., Liao S.-H., Shi M.-D., Lei H.-Y., Yeh T.-M. Factors contributing to the disturbance of coagulation and fibrinolysis in dengue virus infection. J. Formos. Med. Assoc. 2013;112:12&#x2013;17. doi: 10.1016/j.jfma.2012.10.013.</Citation><ArticleIdList><ArticleId IdType="doi">10.1016/j.jfma.2012.10.013</ArticleId><ArticleId IdType="pubmed">23332424</ArticleId></ArticleIdList></Reference><Reference><Citation>Centers for Disease Control and Prevention (CDC) Dengue Clinical Case Management (DCCM) E-Learning: Bleeding Manifestations in Patients with Dengue 2018. Centers for Disease Control and Prevention (CDC); Atlanta, GA, USA: 2018.</Citation></Reference><Reference><Citation>Jayathilaka D., Gomes L., Jeewandara C., Jayarathna G.S.B., Herath D., Perera P.A., Fernando S., Wijewickrama A., Hardman C.S., Ogg G.S., et al. Role of NS1 antibodies in the pathogenesis of acute secondary dengue infection. Nat. Commun. 2018;9:5242. doi: 10.1038/s41467-018-07667-z.</Citation><ArticleIdList><ArticleId IdType="doi">10.1038/s41467-018-07667-z</ArticleId><ArticleId IdType="pmc">PMC6286345</ArticleId><ArticleId IdType="pubmed">30531923</ArticleId></ArticleIdList></Reference><Reference><Citation>Chaloemwong J., Tantiworawit A., Rattanathammethee T., Hantrakool S., Chai-Adisaksopha C., Rattarittamrong E., Norasetthada L. Useful clinical features and hematological parameters for the diagnosis of dengue infection in patients with acute febrile illness: A retrospective study. BMC Hematol. 2018;18:20. doi: 10.1186/s12878-018-0116-1.</Citation><ArticleIdList><ArticleId IdType="doi">10.1186/s12878-018-0116-1</ArticleId><ArticleId IdType="pmc">PMC6114047</ArticleId><ArticleId IdType="pubmed">30181881</ArticleId></ArticleIdList></Reference><Reference><Citation>Ojha A., Nandi D., Batra H., Singhal R., Annarapu G.K., Bhattacharyya S., Seth T., Dar L., Medigeshi G.R., Vrati S., et al. Platelet activation determines the severity of thrombocytopenia in dengue infection. Sci. Rep. 2017;7:41697. doi: 10.1038/srep41697.</Citation><ArticleIdList><ArticleId IdType="doi">10.1038/srep41697</ArticleId><ArticleId IdType="pmc">PMC5282509</ArticleId><ArticleId IdType="pubmed">28139770</ArticleId></ArticleIdList></Reference><Reference><Citation>Her Z., Kam Y.-W., Gan V.C., Lee B., Thein T.-L., Tan J.J.L., Platform S.I.I., Lee L.K., Fink K., Lye D.C., et al. Severity of Plasma Leakage Is Associated With High Levels of Interferon &#x3b3;&#x2013;Inducible Protein 10, Hepatocyte Growth Factor, Matrix Metalloproteinase 2 (MMP-2), and MMP-9 During Dengue Virus Infection. J. Infect. Dis. 2017;215:42&#x2013;51. doi: 10.1093/infdis/jiw494.</Citation><ArticleIdList><ArticleId IdType="doi">10.1093/infdis/jiw494</ArticleId><ArticleId IdType="pubmed">28077582</ArticleId></ArticleIdList></Reference><Reference><Citation>Sahassananda D., Thanachartwet V., Chonsawat P., Wongphan B., Chamnanchanunt S., Surabotsophon M., Desakorn V. Evaluation of Hematocrit in Adults with Dengue by a Laboratory Information System. J. Trop. Med. 2021;2021:8852031. doi: 10.1155/2021/8852031.</Citation><ArticleIdList><ArticleId IdType="doi">10.1155/2021/8852031</ArticleId><ArticleId IdType="pmc">PMC8021468</ArticleId><ArticleId IdType="pubmed">33854553</ArticleId></ArticleIdList></Reference><Reference><Citation>Wardhani P., Aryati A., Yohan B., Trimarsanto H., Setianingsih T.Y., Puspitasari D., Arfijanto M.V., Bramantono B., Suharto S., Sasmono R.T. Clinical and virological characteristics of dengue in Surabaya, Indonesia. PLoS ONE. 2017;12:e0178443. doi: 10.1371/journal.pone.0178443.</Citation><ArticleIdList><ArticleId IdType="doi">10.1371/journal.pone.0178443</ArticleId><ArticleId IdType="pmc">PMC5456069</ArticleId><ArticleId IdType="pubmed">28575000</ArticleId></ArticleIdList></Reference><Reference><Citation>Ralapanawa U., Alawattegama A.T.M., Gunrathne M., Tennakoon S., Kularatne S.A.M., Jayalath T. Value of peripheral blood count for dengue severity prediction. BMC Res. Notes. 2018;11:400. doi: 10.1186/s13104-018-3505-4.</Citation><ArticleIdList><ArticleId IdType="doi">10.1186/s13104-018-3505-4</ArticleId><ArticleId IdType="pmc">PMC6011352</ArticleId><ArticleId IdType="pubmed">29925425</ArticleId></ArticleIdList></Reference></ReferenceList></PubmedData></PubmedArticle></PubmedArticleSet>