<?xml version="1.0" ?>
<!DOCTYPE PubmedArticleSet PUBLIC "-//NLM//DTD PubMedArticle, 1st January 2023//EN" "https://dtd.nlm.nih.gov/ncbi/pubmed/out/pubmed_230101.dtd">
<PubmedArticleSet>
<PubmedArticle><MedlineCitation Status="MEDLINE" Owner="NLM" IndexingMethod="Curated"><PMID Version="1">35452674</PMID><DateCompleted><Year>2022</Year><Month>06</Month><Day>29</Day></DateCompleted><DateRevised><Year>2023</Year><Month>03</Month><Day>28</Day></DateRevised><Article PubModel="Print-Electronic"><Journal><ISSN IssnType="Electronic">1083-351X</ISSN><JournalIssue CitedMedium="Internet"><Volume>298</Volume><Issue>6</Issue><PubDate><Year>2022</Year><Month>Jun</Month></PubDate></JournalIssue><Title>The Journal of biological chemistry</Title><ISOAbbreviation>J Biol Chem</ISOAbbreviation></Journal><ArticleTitle>The cargo adapter protein CLINT1 is phosphorylated by the Numb-associated kinase BIKE and mediates dengue virus infection.</ArticleTitle><Pagination><StartPage>101956</StartPage><MedlinePgn>101956</MedlinePgn></Pagination><ELocationID EIdType="pii" ValidYN="Y">101956</ELocationID><ELocationID EIdType="doi" ValidYN="Y">10.1016/j.jbc.2022.101956</ELocationID><ELocationID EIdType="pii" ValidYN="Y">S0021-9258(22)00396-9</ELocationID><Abstract><AbstractText>The signaling pathways and cellular functions regulated by the four Numb-associated kinases are largely unknown. We reported that AAK1 and GAK control intracellular trafficking of RNA viruses and revealed a requirement for BIKE in early and late stages of dengue virus (DENV) infection. However, the downstream targets phosphorylated by BIKE have not yet been identified. Here, to identify BIKE substrates, we conducted a barcode fusion genetics-yeast two-hybrid screen and retrieved publicly available data generated via affinity-purification mass spectrometry. We subsequently validated 19 of 47 putative BIKE interactors using mammalian cell-based protein-protein interaction assays. We found that CLINT1, a cargo-specific adapter implicated in bidirectional Golgi-to-endosome trafficking, emerged as a predominant hit in both screens. Our experiments indicated that BIKE catalyzes phosphorylation of a threonine 294 CLINT1 residue both in&#xa0;vitro and in cell culture. Our findings revealed that CLINT1 phosphorylation mediates its binding to the DENV nonstructural 3 protein and subsequently promotes DENV assembly and egress. Additionally, using live-cell imaging we revealed that CLINT1 cotraffics with DENV particles and is involved in mediating BIKE's role in DENV infection. Finally, our data suggest that additional cellular BIKE interactors implicated in the host immune and stress responses and the ubiquitin proteasome system might also be candidate phosphorylation substrates of BIKE. In conclusion, these findings reveal cellular substrates and pathways regulated by the understudied Numb-associated kinase enzyme BIKE, a mechanism for CLINT1 regulation, and control of DENV infection via BIKE signaling, with potential implications for cell biology, virology, and host-targeted antiviral design.</AbstractText><CopyrightInformation>Copyright &#xa9; 2022 The Authors. Published by Elsevier Inc. All rights reserved.</CopyrightInformation></Abstract><AuthorList CompleteYN="Y"><Author ValidYN="Y"><LastName>Schor</LastName><ForeName>Stanford</ForeName><Initials>S</Initials><AffiliationInfo><Affiliation>Department of Medicine, Division of Infectious Diseases and Geographic Medicine, and Department of Microbiology and Immunology, Stanford University, California, USA.</Affiliation></AffiliationInfo></Author><Author ValidYN="Y"><LastName>Pu</LastName><ForeName>Szuyuan</ForeName><Initials>S</Initials><AffiliationInfo><Affiliation>Department of Medicine, Division of Infectious Diseases and Geographic Medicine, and Department of Microbiology and Immunology, Stanford University, California, USA.</Affiliation></AffiliationInfo></Author><Author ValidYN="Y"><LastName>Nicolaescu</LastName><ForeName>Vlad</ForeName><Initials>V</Initials><AffiliationInfo><Affiliation>Department of Microbiology, University of Chicago, Chicago, Illinois, USA.</Affiliation></AffiliationInfo></Author><Author ValidYN="Y"><LastName>Azari</LastName><ForeName>Siavash</ForeName><Initials>S</Initials><AffiliationInfo><Affiliation>Department of Medicine, Division of Infectious Diseases and Geographic Medicine, and Department of Microbiology and Immunology, Stanford University, California, USA.</Affiliation></AffiliationInfo></Author><Author ValidYN="Y"><LastName>K&#xf5;ivom&#xe4;gi</LastName><ForeName>Mardo</ForeName><Initials>M</Initials><AffiliationInfo><Affiliation>Department of Biology, Stanford University, California, USA.</Affiliation></AffiliationInfo></Author><Author ValidYN="Y"><LastName>Karim</LastName><ForeName>Marwah</ForeName><Initials>M</Initials><AffiliationInfo><Affiliation>Department of Medicine, Division of Infectious Diseases and Geographic Medicine, and Department of Microbiology and Immunology, Stanford University, California, USA.</Affiliation></AffiliationInfo></Author><Author ValidYN="Y"><LastName>Cassonnet</LastName><ForeName>Patricia</ForeName><Initials>P</Initials><AffiliationInfo><Affiliation>Department of Virology, Molecular Genetics of RNA Virus Genetics (GMVR), Pasteur Institute, National Center for Scientific Research, and Paris Diderot University, Paris, France.</Affiliation></AffiliationInfo></Author><Author ValidYN="Y"><LastName>Saul</LastName><ForeName>Sirle</ForeName><Initials>S</Initials><AffiliationInfo><Affiliation>Department of Medicine, Division of Infectious Diseases and Geographic Medicine, and Department of Microbiology and Immunology, Stanford University, California, USA.</Affiliation></AffiliationInfo></Author><Author ValidYN="Y"><LastName>Neveu</LastName><ForeName>Gregory</ForeName><Initials>G</Initials><AffiliationInfo><Affiliation>Department of Medicine, Division of Infectious Diseases and Geographic Medicine, and Department of Microbiology and Immunology, Stanford University, California, USA.</Affiliation></AffiliationInfo></Author><Author ValidYN="Y"><LastName>Yueh</LastName><ForeName>Andrew</ForeName><Initials>A</Initials><AffiliationInfo><Affiliation>Institute of Biotechnology and Pharmaceutical Research, National Health Research Institutes, Zhunan, Taiwan.</Affiliation></AffiliationInfo></Author><Author ValidYN="Y"><LastName>Demeret</LastName><ForeName>Caroline</ForeName><Initials>C</Initials><AffiliationInfo><Affiliation>Department of Virology, Molecular Genetics of RNA Virus Genetics (GMVR), Pasteur Institute, National Center for Scientific Research, and Paris Diderot University, Paris, France.</Affiliation></AffiliationInfo></Author><Author ValidYN="Y"><LastName>Skotheim</LastName><ForeName>Jan M</ForeName><Initials>JM</Initials><AffiliationInfo><Affiliation>Department of Biology, Stanford University, California, USA.</Affiliation></AffiliationInfo></Author><Author ValidYN="Y"><LastName>Jacob</LastName><ForeName>Yves</ForeName><Initials>Y</Initials><AffiliationInfo><Affiliation>Department of Virology, Molecular Genetics of RNA Virus Genetics (GMVR), Pasteur Institute, National Center for Scientific Research, and Paris Diderot University, Paris, France.</Affiliation></AffiliationInfo></Author><Author ValidYN="Y"><LastName>Randall</LastName><ForeName>Glenn</ForeName><Initials>G</Initials><AffiliationInfo><Affiliation>Department of Microbiology, University of Chicago, Chicago, Illinois, USA.</Affiliation></AffiliationInfo></Author><Author ValidYN="Y"><LastName>Einav</LastName><ForeName>Shirit</ForeName><Initials>S</Initials><AffiliationInfo><Affiliation>Department of Medicine, Division of Infectious Diseases and Geographic Medicine, and Department of Microbiology and Immunology, Stanford University, California, USA; Chan Zuckerberg Biohub, San Francisco, California, USA. Electronic address: seinav@stanford.edu.</Affiliation></AffiliationInfo></Author></AuthorList><Language>eng</Language><GrantList CompleteYN="Y"><Grant><GrantID>P30 CA124435</GrantID><Acronym>CA</Acronym><Agency>NCI NIH HHS</Agency><Country>United States</Country></Grant><Grant><GrantID>R01 AI137514</GrantID><Acronym>AI</Acronym><Agency>NIAID NIH HHS</Agency><Country>United States</Country></Grant><Grant><GrantID>UL1 TR000093</GrantID><Acronym>TR</Acronym><Agency>NCATS NIH HHS</Agency><Country>United States</Country></Grant><Grant><GrantID>UL1 TR003142</GrantID><Acronym>TR</Acronym><Agency>NCATS NIH HHS</Agency><Country>United States</Country></Grant></GrantList><PublicationTypeList><PublicationType UI="D016428">Journal Article</PublicationType><PublicationType UI="D013485">Research Support, Non-U.S. Gov't</PublicationType><PublicationType UI="D013486">Research Support, U.S. Gov't, Non-P.H.S.</PublicationType><PublicationType UI="D052061">Research Support, N.I.H., Extramural</PublicationType></PublicationTypeList><ArticleDate DateType="Electronic"><Year>2022</Year><Month>04</Month><Day>20</Day></ArticleDate></Article><MedlineJournalInfo><Country>United States</Country><MedlineTA>J Biol Chem</MedlineTA><NlmUniqueID>2985121R</NlmUniqueID><ISSNLinking>0021-9258</ISSNLinking></MedlineJournalInfo><CitationSubset>IM</CitationSubset><MeshHeadingList><MeshHeading><DescriptorName UI="D000818" MajorTopicYN="N">Animals</DescriptorName></MeshHeading><MeshHeading><DescriptorName UI="D003715" MajorTopicYN="Y">Dengue</DescriptorName><QualifierName UI="Q000378" MajorTopicYN="N">metabolism</QualifierName></MeshHeading><MeshHeading><DescriptorName UI="D003716" MajorTopicYN="Y">Dengue Virus</DescriptorName><QualifierName UI="Q000378" MajorTopicYN="N">metabolism</QualifierName></MeshHeading><MeshHeading><DescriptorName UI="D006801" MajorTopicYN="N">Humans</DescriptorName></MeshHeading><MeshHeading><DescriptorName UI="D010766" MajorTopicYN="N">Phosphorylation</DescriptorName></MeshHeading><MeshHeading><DescriptorName UI="D020798" MajorTopicYN="N">Two-Hybrid System Techniques</DescriptorName></MeshHeading><MeshHeading><DescriptorName UI="D014779" MajorTopicYN="N">Virus Replication</DescriptorName></MeshHeading></MeshHeadingList><KeywordList Owner="NOTNLM"><Keyword MajorTopicYN="N">BIKE</Keyword><Keyword MajorTopicYN="N">CLINT1</Keyword><Keyword MajorTopicYN="N">NAK kinase</Keyword><Keyword MajorTopicYN="N">cell signaling</Keyword><Keyword MajorTopicYN="N">dengue virus (DENV)</Keyword><Keyword MajorTopicYN="N">host&#x2013;pathogen interaction</Keyword><Keyword MajorTopicYN="N">intracellular trafficking</Keyword><Keyword MajorTopicYN="N">proteomics</Keyword><Keyword MajorTopicYN="N">virus assembly</Keyword></KeywordList><CoiStatement>Conflict of interest The authors declare that they have no conflicts of interest with the contents of this article.</CoiStatement></MedlineCitation><PubmedData><History><PubMedPubDate PubStatus="received"><Year>2021</Year><Month>9</Month><Day>24</Day></PubMedPubDate><PubMedPubDate PubStatus="revised"><Year>2022</Year><Month>3</Month><Day>22</Day></PubMedPubDate><PubMedPubDate PubStatus="accepted"><Year>2022</Year><Month>3</Month><Day>24</Day></PubMedPubDate><PubMedPubDate PubStatus="pubmed"><Year>2022</Year><Month>4</Month><Day>23</Day><Hour>6</Hour><Minute>0</Minute></PubMedPubDate><PubMedPubDate PubStatus="medline"><Year>2022</Year><Month>6</Month><Day>30</Day><Hour>6</Hour><Minute>0</Minute></PubMedPubDate><PubMedPubDate PubStatus="entrez"><Year>2022</Year><Month>4</Month><Day>22</Day><Hour>20</Hour><Minute>9</Minute></PubMedPubDate></History><PublicationStatus>ppublish</PublicationStatus><ArticleIdList><ArticleId IdType="pubmed">35452674</ArticleId><ArticleId IdType="pmc">PMC9133654</ArticleId><ArticleId IdType="doi">10.1016/j.jbc.2022.101956</ArticleId><ArticleId IdType="pii">S0021-9258(22)00396-9</ArticleId></ArticleIdList><ReferenceList><Reference><Citation>Messina J.P., Brady O.J., Golding N., Kraemer M.U.G., Wint G.R.W., Ray S.E., Pigott D.M., Shearer F.M., Johnson K., Earl L., Marczak L.B., Shirude S., Davis Weaver N., Gilbert M., Velayudhan R., et al. The current and future global distribution and population at risk of dengue. Nat. Microbiol. 2019 doi: 10.1038/s41564-019-0476-8.</Citation><ArticleIdList><ArticleId IdType="doi">10.1038/s41564-019-0476-8</ArticleId><ArticleId IdType="pmc">PMC6784886</ArticleId><ArticleId IdType="pubmed">31182801</ArticleId></ArticleIdList></Reference><Reference><Citation>Bhatt S., Gething P.W., Brady O.J., Messina J.P., Farlow A.W., Moyes C.L., Drake J.M., Brownstein J.S., Hoen A.G., Sankoh O., Myers M.F., George D.B., Jaenisch T., Wint G.R., Simmons C.P., et al. The global distribution and burden of dengue. Nature. 2013;496:504&#x2013;507.</Citation><ArticleIdList><ArticleId IdType="pmc">PMC3651993</ArticleId><ArticleId IdType="pubmed">23563266</ArticleId></ArticleIdList></Reference><Reference><Citation>Diamond M.S., Pierson T.C. Molecular insight into dengue virus pathogenesis and its implications for disease control. Cell. 2015;162:488&#x2013;492.</Citation><ArticleIdList><ArticleId IdType="pmc">PMC4522276</ArticleId><ArticleId IdType="pubmed">26232221</ArticleId></ArticleIdList></Reference><Reference><Citation>Welsch S., Miller S., Romero-Brey I., Merz A., Bleck C.K.E., Walther P., Fuller S.D., Antony C., Krijnse-Locker J., Bartenschlager R. Composition and three-dimensional architecture of the dengue virus replication and assembly sites. Cell Host &amp; Microbe. 2009;5:365&#x2013;375.</Citation><ArticleIdList><ArticleId IdType="pmc">PMC7103389</ArticleId><ArticleId IdType="pubmed">19380115</ArticleId></ArticleIdList></Reference><Reference><Citation>Kudelko M., Brault J.-B., Kwok K., Li M.Y., Pardigon N., Peiris J.S.M., Bruzzone R., Despr&#xe8;s P., Nal B., Wang P.G. Class II ADP-ribosylation factors are required for efficient secretion of dengue viruses. J.&#xa0;Biol. Chem. 2012;287:767&#x2013;777.</Citation><ArticleIdList><ArticleId IdType="pmc">PMC3249131</ArticleId><ArticleId IdType="pubmed">22105072</ArticleId></ArticleIdList></Reference><Reference><Citation>Sorrell F.J., Szklarz M., Abdul Azeez K.R., Elkins J.M., Knapp S. Family-wide structural analysis of human Numb-associated protein kinases. Structure. 2016;24:401&#x2013;411.</Citation><ArticleIdList><ArticleId IdType="pmc">PMC4780864</ArticleId><ArticleId IdType="pubmed">26853940</ArticleId></ArticleIdList></Reference><Reference><Citation>Sato J., Shimizu H., Kasama T., Yabuta N., Nojima H. GAK, a regulator of clathrin-mediated membrane trafficking, localizes not only in the cytoplasm but also in the nucleus. Genes Cells. 2009;14:627&#x2013;641.</Citation><ArticleIdList><ArticleId IdType="pubmed">19371378</ArticleId></ArticleIdList></Reference><Reference><Citation>Sorensen E.B., Conner S.D. AAK1 regulates Numb function at an early step in clathrin-mediated endocytosis. Traffic. 2008;9:1791&#x2013;1800.</Citation><ArticleIdList><ArticleId IdType="pubmed">18657069</ArticleId></ArticleIdList></Reference><Reference><Citation>Conner S.D., Schmid S.L. Identification of an adaptor-associated kinase, AAK1, as a regulator of clathrin-mediated endocytosis. J.&#xa0;Cell Biol. 2002;156:921&#x2013;929.</Citation><ArticleIdList><ArticleId IdType="pmc">PMC2173317</ArticleId><ArticleId IdType="pubmed">11877461</ArticleId></ArticleIdList></Reference><Reference><Citation>L&#xf3;pez-Coral A., Striz A.C., Tuma P.L. A&#xa0;serine/threonine kinase 16-based phospho-proteomics screen identifies WD repeat protein-1 as a regulator of constitutive secretion. Sci. Rep. 2018;8:13049.</Citation><ArticleIdList><ArticleId IdType="pmc">PMC6115458</ArticleId><ArticleId IdType="pubmed">30158666</ArticleId></ArticleIdList></Reference><Reference><Citation>In J.G., Striz A.C., Bernad A., Tuma P.L. Serine/threonine kinase 16 and MAL2 regulate constitutive secretion of soluble cargo in hepatic cells. Biochem. J. 2014;463:201&#x2013;213.</Citation><ArticleIdList><ArticleId IdType="pmc">PMC4736628</ArticleId><ArticleId IdType="pubmed">25084525</ArticleId></ArticleIdList></Reference><Reference><Citation>Kearns A.E., Donohue M.M., Sanyal B., Demay M.B. Cloning and characterization of a novel protein kinase that impairs osteoblast differentiation in&#xa0;vitro. J.&#xa0;Biol. Chem. 2001;276:42213&#x2013;42218.</Citation><ArticleIdList><ArticleId IdType="pubmed">11500515</ArticleId></ArticleIdList></Reference><Reference><Citation>Krieger J.R., Taylor P., Gajadhar A.S., Guha A., Moran M.F., McGlade C.J. Identification and selected reaction monitoring (SRM) quantification of endocytosis factors associated with Numb. Mol. Cell. Proteomics. 2013;12:499&#x2013;514.</Citation><ArticleIdList><ArticleId IdType="pmc">PMC3567869</ArticleId><ArticleId IdType="pubmed">23211419</ArticleId></ArticleIdList></Reference><Reference><Citation>Bekerman E., Neveu G., Shulla A., Brannan J., Pu S.-Y., Wang S., Xiao F., Barouch-Bentov R., Bakken R.R., Mateo R., Govero J., Nagamine C.M., Diamond M.S., De Jonghe S., Herdewijn P., et al. Anticancer kinase inhibitors impair intracellular viral trafficking and exert broad-spectrum antiviral effects. J.&#xa0;Clin. Invest. 2017;127:1338&#x2013;1352.</Citation><ArticleIdList><ArticleId IdType="pmc">PMC5373883</ArticleId><ArticleId IdType="pubmed">28240606</ArticleId></ArticleIdList></Reference><Reference><Citation>Neveu G., Ziv-Av A., Barouch-Bentov R., Berkerman E., Mulholland J., Einav S. AP-2-associated protein kinase 1 and cyclin G-associated kinase regulate hepatitis C virus entry and are potential drug targets. J.&#xa0;Virol. 2015;89:4387&#x2013;4404.</Citation><ArticleIdList><ArticleId IdType="pmc">PMC4442395</ArticleId><ArticleId IdType="pubmed">25653444</ArticleId></ArticleIdList></Reference><Reference><Citation>Neveu G., Barouch-Bentov R., Ziv-Av A., Gerber D., Jacob Y., Einav S. Identification and targeting of an interaction between a tyrosine motif within hepatitis C virus core protein and AP2M1 essential for viral assembly. PLoS Pathog. 2012;8</Citation><ArticleIdList><ArticleId IdType="pmc">PMC3420927</ArticleId><ArticleId IdType="pubmed">22916011</ArticleId></ArticleIdList></Reference><Reference><Citation>Xiao F., Wang S., Barouch-Bentov R., Neveu G., Pu S., Beer M., Schor S., Kumar S., Nicolaescu V., Lindenbach B.D., Randall G., Einav S. Interactions between the hepatitis C virus nonstructural 2 protein and host adaptor proteins 1 and 4 orchestrate virus release. mBio. 2018 doi: 10.1128/mbio.02233-17.</Citation><ArticleIdList><ArticleId IdType="doi">10.1128/mbio.02233-17</ArticleId><ArticleId IdType="pmc">PMC5850324</ArticleId><ArticleId IdType="pubmed">29535204</ArticleId></ArticleIdList></Reference><Reference><Citation>Pu S.-Y., Wouters R., Schor S., Rozenski J., Barouch-Bentov R., Prugar L.I., O&#x2019;Brien C.M., Brannan J.M., Dye J.M., Herdewijn P., De Jonghe S., Einav S. Optimization of isothiazolo[4,3- b]pyridine-based inhibitors of cyclin G associated kinase (GAK) with broad-spectrum antiviral activity. J.&#xa0;Med. Chem. 2018;61:6178&#x2013;6192.</Citation><ArticleIdList><ArticleId IdType="pmc">PMC6335200</ArticleId><ArticleId IdType="pubmed">29953812</ArticleId></ArticleIdList></Reference><Reference><Citation>Verdonck S., Pu S.-Y., Sorrell F.J., Elkins J.M., Froeyen M., Gao L.-J., Prugar L.I., Dorosky D.E., Brannan J.M., Barouch-Bentov R., Knapp S., Dye J.M., Herdewijn P., Einav S., De Jonghe S. Synthesis and structure-activity relationships of 3, 5-disubstituted-pyrrolo [2, 3-b] pyridines as inhibitors of adaptor associated kinase 1 (AAK1) with antiviral activity. J.&#xa0;Med. Chem. 2019;62:5810&#x2013;5831.</Citation><ArticleIdList><ArticleId IdType="pmc">PMC6825517</ArticleId><ArticleId IdType="pubmed">31136173</ArticleId></ArticleIdList></Reference><Reference><Citation>Pu S., Schor S., Karim M., Saul S., Robinson M., Kumar S., Prugar L.I., Dorosky D.E., Brannan J., Dye J.M., Einav S. BIKE regulates dengue virus infection and is a cellular target for broad-spectrum antivirals. Antivir. Res. 2020;184:104966.</Citation><ArticleIdList><ArticleId IdType="pmc">PMC7879702</ArticleId><ArticleId IdType="pubmed">33137362</ArticleId></ArticleIdList></Reference><Reference><Citation>Mills I.G., Praefcke G.J., Vallis Y., Peter B.J., Olesen L.E., Gallop J.L., Butler P.J., Evans P.R., McMahon H.T. EpsinR: An AP1/clathrin interacting protein involved in vesicle trafficking. J.&#xa0;Cell Biol. 2003;160:213&#x2013;222.</Citation><ArticleIdList><ArticleId IdType="pmc">PMC2172650</ArticleId><ArticleId IdType="pubmed">12538641</ArticleId></ArticleIdList></Reference><Reference><Citation>Hirst J., Miller S.E., Taylor M.J., von Mollard G.F., Robinson M.S. EpsinR is an adaptor for the SNARE protein Vti1b. Mol. Biol. Cell. 2004;15:5593&#x2013;5602.</Citation><ArticleIdList><ArticleId IdType="pmc">PMC532037</ArticleId><ArticleId IdType="pubmed">15371541</ArticleId></ArticleIdList></Reference><Reference><Citation>Miller S.E., Collins B.M., McCoy A.J., Robinson M.S., Owen D.J. A&#xa0;SNARE&#x2013;adaptor interaction is a new mode of cargo recognition in clathrin-coated vesicles. Nature. 2007;450:570&#x2013;574.</Citation><ArticleIdList><ArticleId IdType="pubmed">18033301</ArticleId></ArticleIdList></Reference><Reference><Citation>Chidambaram S., Zimmermann J., von Mollard G.F. ENTH domain proteins are cargo adaptors for multiple SNARE proteins at the TGN endosome. J.&#xa0;Cell Sci. 2008;121:329&#x2013;338.</Citation><ArticleIdList><ArticleId IdType="pubmed">18198191</ArticleId></ArticleIdList></Reference><Reference><Citation>Hirst J., Motley A., Harasaki K., Peak Chew S.Y., Robinson M.S. EpsinR: An ENTH domain-containing protein that interacts with AP-1. Mol. Biol. Cell. 2003;14:625&#x2013;641.</Citation><ArticleIdList><ArticleId IdType="pmc">PMC149997</ArticleId><ArticleId IdType="pubmed">12589059</ArticleId></ArticleIdList></Reference><Reference><Citation>Kalthoff C., Groos S., Kohl R., Mahrhold S., Ungewickell E.J. Clint: A novel clathrin-binding ENTH-domain protein at the Golgi. Mol. Biol. Cell. 2002;13:4060&#x2013;4073.</Citation><ArticleIdList><ArticleId IdType="pmc">PMC133614</ArticleId><ArticleId IdType="pubmed">12429846</ArticleId></ArticleIdList></Reference><Reference><Citation>Wasiak S., Legendre-Guillemin V., Puertollano R., Blondeau F., Girard M., de Heuvel E., Boismenu D., Bell A.W., Bonifacino J.S., McPherson P.S. Enthoprotin: A novel clathrin-associated protein identified through subcellular proteomics. J.&#xa0;Cell Biol. 2002;158:855&#x2013;862.</Citation><ArticleIdList><ArticleId IdType="pmc">PMC2173151</ArticleId><ArticleId IdType="pubmed">12213833</ArticleId></ArticleIdList></Reference><Reference><Citation>Saint-Pol A., Yelamos B., Amessou M., Mills I.G., Dugast M., Tenza D., Schu P., Antony C., McMahon H.T., Lamaze C., Johannes L. Clathrin adaptor epsinR is required for retrograde sorting on early endosomal membranes. Dev. Cell. 2004;6:525&#x2013;538.</Citation><ArticleIdList><ArticleId IdType="pubmed">15068792</ArticleId></ArticleIdList></Reference><Reference><Citation>Yachie N., Petsalaki E., Mellor J.C., Weile J., Jacob Y., Verby M., Ozturk S.B., Li S., Cote A.G., Mosca R., Knapp J.J., Ko M., Yu A., Gebbia M., Sahni N., et al. Pooled-matrix protein interaction screens using Barcode Fusion Genetics. Mol. Syst. Biol. 2016;12:863.</Citation><ArticleIdList><ArticleId IdType="pmc">PMC4848762</ArticleId><ArticleId IdType="pubmed">27107012</ArticleId></ArticleIdList></Reference><Reference><Citation>ORFeome Collaboration The ORFeome collaboration: A genome-scale human ORF-clone resource. Nat. Methods. 2016;13:191&#x2013;192.</Citation><ArticleIdList><ArticleId IdType="pubmed">26914201</ArticleId></ArticleIdList></Reference><Reference><Citation>Huttlin E.L., Ting L., Bruckner R.J., Gebreab F., Gygi M.P., Szpyt J., Tam S., Zarraga G., Colby G., Baltier K., Dong R., Guarani V., Vaites L.P., Ordureau A., Rad R., et al. The BioPlex network: A systematic exploration of the human interactome. Cell. 2015;162:425&#x2013;440.</Citation><ArticleIdList><ArticleId IdType="pmc">PMC4617211</ArticleId><ArticleId IdType="pubmed">26186194</ArticleId></ArticleIdList></Reference><Reference><Citation>Stark C., Breitkreutz B.-J., Reguly T., Boucher L., Breitkreutz A., Tyers M. BioGRID: A general repository for interaction datasets. Nucl. Acids Res. 2006;34:D535&#x2013;D539.</Citation><ArticleIdList><ArticleId IdType="pmc">PMC1347471</ArticleId><ArticleId IdType="pubmed">16381927</ArticleId></ArticleIdList></Reference><Reference><Citation>Cassonnet P., Rolloy C., Neveu G., Vidalain P.-O., Chantier T., Pellet J., Jones L., Muller M., Demeret C., Gaud G., Vuillier F., Lotteau V., Tangy F., Favre M., Jacob Y. Benchmarking a luciferase complementation assay for detecting protein complexes. Nat. Methods. 2011;8:990&#x2013;992.</Citation><ArticleIdList><ArticleId IdType="pubmed">22127214</ArticleId></ArticleIdList></Reference><Reference><Citation>Vincentelli R., Luck K., Poirson J., Polanowska J., Abdat J., Bl&#xe9;mont M., Turchetto J., Iv F., Ricquier K., Straub M.-L., Forster A., Cassonnet P., Borg J.-P., Jacob Y., Masson M., et al. Quantifying domain-ligand affinities and specificities by high-throughput holdup assay. Nat. Methods. 2015;12:787&#x2013;793.</Citation><ArticleIdList><ArticleId IdType="pmc">PMC4521981</ArticleId><ArticleId IdType="pubmed">26053890</ArticleId></ArticleIdList></Reference><Reference><Citation>Barouch-Bentov R., Neveu G., Xiao F., Beer M., Bekerman E., Schor S., Campbell J., Boonyaratanakornkit J., Lindenbach B., Lu A., Jacob Y., Einav S. Hepatitis C virus proteins interact with the endosomal sorting complex required for transport (ESCRT) machinery via Ubiquitination to facilitate viral envelopment. mBio. 2016 doi: 10.1128/mBio.01456-16.</Citation><ArticleIdList><ArticleId IdType="doi">10.1128/mBio.01456-16</ArticleId><ArticleId IdType="pmc">PMC5090039</ArticleId><ArticleId IdType="pubmed">27803188</ArticleId></ArticleIdList></Reference><Reference><Citation>Tai A.W., Chuang J.Z., Sung C.H. Cytoplasmic dynein regulation by subunit heterogeneity and its role in apical transport. J.&#xa0;Cell Biol. 2001;153:1499&#x2013;1509.</Citation><ArticleIdList><ArticleId IdType="pmc">PMC2150720</ArticleId><ArticleId IdType="pubmed">11425878</ArticleId></ArticleIdList></Reference><Reference><Citation>Silva-Ayala D., L&#xf3;pez T., Guti&#xe9;rrez M., Perrimon N., L&#xf3;pez S., Arias C.F. Genome-wide RNAi screen reveals a role for the ESCRT complex in rotavirus cell entry. Proc. Natl. Acad. Sci. U. S. A. 2013;110:10270&#x2013;10275.</Citation><ArticleIdList><ArticleId IdType="pmc">PMC3690850</ArticleId><ArticleId IdType="pubmed">23733942</ArticleId></ArticleIdList></Reference><Reference><Citation>Clague M.J., Urb&#xe9; S. Integration of cellular ubiquitin and membrane traffic systems: Focus on deubiquitylases. FEBS J. 2017;284:1753&#x2013;1766.</Citation><ArticleIdList><ArticleId IdType="pmc">PMC5484354</ArticleId><ArticleId IdType="pubmed">28064438</ArticleId></ArticleIdList></Reference><Reference><Citation>Molli P.R., Singh R.R., Lee S.W., Kumar R. MTA1-mediated transcriptional repression of BRCA1 tumor suppressor gene. Oncogene. 2008;27:1971&#x2013;1980.</Citation><ArticleIdList><ArticleId IdType="pmc">PMC2705285</ArticleId><ArticleId IdType="pubmed">17922032</ArticleId></ArticleIdList></Reference><Reference><Citation>Joshi B., Cameron A., Jagus R. Characterization of mammalian eIF4E-family members. Eur. J. Biochem. 2004;271:2189&#x2013;2203.</Citation><ArticleIdList><ArticleId IdType="pubmed">15153109</ArticleId></ArticleIdList></Reference><Reference><Citation>Yang C.-K., Yen P. Differential translation of Dazap1 transcripts during spermatogenesis. PLoS One. 2013;8</Citation><ArticleIdList><ArticleId IdType="pmc">PMC3637229</ArticleId><ArticleId IdType="pubmed">23658607</ArticleId></ArticleIdList></Reference><Reference><Citation>Lee M.-H., Na H., Na T.-Y., Shin Y.-K., Seong J.-K., Lee M.-O. Epigenetic control of metastasis-associated protein 1 gene expression by hepatitis B virus X protein during hepatocarcinogenesis. Oncogenesis. 2014;3</Citation><ArticleIdList><ArticleId IdType="pmc">PMC3940922</ArticleId><ArticleId IdType="pubmed">24535642</ArticleId></ArticleIdList></Reference><Reference><Citation>Lin Z., Wan X., Jiang R., Deng L., Gao Y., Tang J., Yang Y., Zhao W., Yan X., Yao K., Sun B., Chen Y. Epstein-Barr virus-encoded latent membrane protein 2A promotes the epithelial-mesenchymal transition in nasopharyngeal carcinoma via metastatic tumor antigen 1 and mechanistic target of rapamycin signaling induction. J.&#xa0;Virol. 2014;88:11872&#x2013;11885.</Citation><ArticleIdList><ArticleId IdType="pmc">PMC4178752</ArticleId><ArticleId IdType="pubmed">25100829</ArticleId></ArticleIdList></Reference><Reference><Citation>Nagy Z., Comer S., Smolenski A. Analysis of protein phosphorylation using phos-tag gels. Curr. Protoc. Protein Sci. 2018;93:e64.</Citation><ArticleIdList><ArticleId IdType="pubmed">30044546</ArticleId></ArticleIdList></Reference><Reference><Citation>Cohen P.T., Cohen P. Discovery of a protein phosphatase activity encoded in the genome of bacteriophage lambda. Probable identity with open reading frame 221. Biochem. J. 1989;260:931&#x2013;934.</Citation><ArticleIdList><ArticleId IdType="pmc">PMC1138766</ArticleId><ArticleId IdType="pubmed">2548489</ArticleId></ArticleIdList></Reference><Reference><Citation>Zou G., Xu H.Y., Qing M., Wang Q.Y., Shi P.Y. Development and characterization of a stable luciferase dengue virus for high-throughput screening. Antivir. Res. 2011;91:11&#x2013;19.</Citation><ArticleIdList><ArticleId IdType="pubmed">21575658</ArticleId></ArticleIdList></Reference><Reference><Citation>Yang C.-C., Tsai M.-H., Hu H.-S., Pu S.-Y., Wu R.-H., Wu S.-H., Lin H.-M., Song J.-S., Chao Y.-S., Yueh A. Characterization of an efficient dengue virus replicon for development of assays of discovery of small molecules against dengue virus. Antivir. Res. 2013;98:228&#x2013;241.</Citation><ArticleIdList><ArticleId IdType="pubmed">23499649</ArticleId></ArticleIdList></Reference><Reference><Citation>Huang C.Y.-H., Butrapet S., Moss K.J., Childers T., Erb S.M., Calvert A.E., Silengo S.J., Kinney R.M., Blair C.D., Roehrig J.T. The dengue virus type 2 envelope protein fusion peptide is essential for membrane fusion. Virology. 2010;396:305&#x2013;315.</Citation><ArticleIdList><ArticleId IdType="pubmed">19913272</ArticleId></ArticleIdList></Reference><Reference><Citation>Gupta G., Lim L., Song J. NMR and MD studies reveal that the isolated dengue NS3 protease is an intrinsically disordered chymotrypsin fold which absolutely requests NS2B for correct folding and functional dynamics. PLoS One. 2015;10</Citation><ArticleIdList><ArticleId IdType="pmc">PMC4530887</ArticleId><ArticleId IdType="pubmed">26258523</ArticleId></ArticleIdList></Reference><Reference><Citation>Coller K.E., Heaton N.S., Berger K.L., Cooper J.D., Saunders J.L., Randall G. Molecular determinants and dynamics of hepatitis C virus secretion. PLoS Pathog. 2012;8</Citation><ArticleIdList><ArticleId IdType="pmc">PMC3252379</ArticleId><ArticleId IdType="pubmed">22241992</ArticleId></ArticleIdList></Reference><Reference><Citation>Mercado-Matos J., Janusis J., Zhu S., Chen S.S., Shaw L.M. Identification of a novel invasion-promoting region in insulin receptor substrate 2. Mol. Cell. Biol. 2018 doi: 10.1128/MCB.00590-17.</Citation><ArticleIdList><ArticleId IdType="doi">10.1128/MCB.00590-17</ArticleId><ArticleId IdType="pmc">PMC6024166</ArticleId><ArticleId IdType="pubmed">29685905</ArticleId></ArticleIdList></Reference><Reference><Citation>Buraschi S., Neill T., Owens R.T., Iniguez L.A., Purkins G., Vadigepalli R., Evans B., Schaefer L., Peiper S.C., Wang Z.-X., Iozzo R.V. Decorin protein core affects the global gene expression profile of the tumor microenvironment in a triple-negative orthotopic breast carcinoma xenograft model. PLoS One. 2012;7</Citation><ArticleIdList><ArticleId IdType="pmc">PMC3446891</ArticleId><ArticleId IdType="pubmed">23029096</ArticleId></ArticleIdList></Reference><Reference><Citation>Liu H.-P., Lin Y.-J., Lin W.-Y., Wan L., Sheu J.J.-C., Lin H.-J., Tsai Y., Tsai C.-H., Tsai F.-J. A&#xa0;novel genetic variant of BMP2K contributes to high myopia. J.&#xa0;Clin. Lab. Anal. 2009;23:362&#x2013;367.</Citation><ArticleIdList><ArticleId IdType="pmc">PMC6649202</ArticleId><ArticleId IdType="pubmed">19927351</ArticleId></ArticleIdList></Reference><Reference><Citation>Luck K., Sheynkman G.M., Zhang I., Vidal M. Proteome-scale human interactomics. Trends Biochem. Sci. 2017;42:342&#x2013;354.</Citation><ArticleIdList><ArticleId IdType="pmc">PMC5409865</ArticleId><ArticleId IdType="pubmed">28284537</ArticleId></ArticleIdList></Reference><Reference><Citation>Duncan M.C., Costaguta G., Payne G.S. Yeast epsin-related proteins required for Golgi&#x2013;endosome traffic define a &#x3b3;-adaptin ear-binding motif. Nat. Cell Biol. 2003;5:77&#x2013;81.</Citation><ArticleIdList><ArticleId IdType="pubmed">12483220</ArticleId></ArticleIdList></Reference><Reference><Citation>Progida C., Bakke O. Bidirectional traffic between the Golgi and the endosomes &#x2013; machineries and regulation. J.&#xa0;Cell Sci. 2016 doi: 10.1242/jcs.185702.</Citation><ArticleIdList><ArticleId IdType="doi">10.1242/jcs.185702</ArticleId><ArticleId IdType="pubmed">27802132</ArticleId></ArticleIdList></Reference><Reference><Citation>Escamilla M., Lee B.D., Ontiveros A., Raventos H., Nicolini H., Mendoza R., Jerez A., Munoz R., Medina R., Figueroa A., Walss-Bass C., Armas R., Contreras S., Ramirez M.E., Dassori A. The epsin 4 gene is associated with psychotic disorders in families of Latin American origin. Schizophr. Res. 2008;106:253&#x2013;257.</Citation><ArticleIdList><ArticleId IdType="pubmed">18929466</ArticleId></ArticleIdList></Reference><Reference><Citation>Falgout B., Pethel M., Zhang Y.M., Lai C.J. Both nonstructural proteins NS2B and NS3 are required for the proteolytic processing of dengue virus nonstructural proteins. J.&#xa0;Virol. 1991;65:2467&#x2013;2475.</Citation><ArticleIdList><ArticleId IdType="pmc">PMC240601</ArticleId><ArticleId IdType="pubmed">2016768</ArticleId></ArticleIdList></Reference><Reference><Citation>Aguirre S., Maestre A.M., Pagni S., Patel J.R., Savage T., Gutman D., Maringer K., Bernal-Rubio D., Shabman R.S., Simon V., Rodriguez-Madoz J.R., Mulder L.C.F., Barber G.N., Fernandez-Sesma A. DENV inhibits type I IFN production in infected cells by cleaving human STING. PLoS Pathog. 2012;8</Citation><ArticleIdList><ArticleId IdType="pmc">PMC3464218</ArticleId><ArticleId IdType="pubmed">23055924</ArticleId></ArticleIdList></Reference><Reference><Citation>Gebhard L.G., Iglesias N.G., Byk L.A., Filomatori C.V., De Maio F.A., Gamarnik A.V. A&#xa0;proline-rich N-terminal region of the dengue virus NS3 is crucial for infectious particle production. J.&#xa0;Virol. 2016;90:5451&#x2013;5461.</Citation><ArticleIdList><ArticleId IdType="pmc">PMC4934756</ArticleId><ArticleId IdType="pubmed">27009958</ArticleId></ArticleIdList></Reference><Reference><Citation>Patkar C.G., Kuhn R.J. Yellow Fever virus NS3 plays an essential role in virus assembly independent of its known enzymatic functions. J.&#xa0;Virol. 2008;82:3342&#x2013;3352.</Citation><ArticleIdList><ArticleId IdType="pmc">PMC2268495</ArticleId><ArticleId IdType="pubmed">18199634</ArticleId></ArticleIdList></Reference><Reference><Citation>Eden E.R., White I.J., Tsapara A., Futter C.E. Membrane contacts between endosomes and ER provide sites for PTP1B-epidermal growth factor receptor interaction. Nat. Cell Biol. 2010;12:267&#x2013;272.</Citation><ArticleIdList><ArticleId IdType="pubmed">20118922</ArticleId></ArticleIdList></Reference><Reference><Citation>Eyre N.S., Johnson S.M., Eltahla A.A., Aloi M., Aloia A.L., McDevitt C.A., Bull R.A., Beard M.R. Genome-wide mutagenesis of dengue virus reveals plasticity of the NS1 protein and enables generation of infectious tagged reporter viruses. J.&#xa0;Virol. 2017 doi: 10.1128/JVI.01455-17.</Citation><ArticleIdList><ArticleId IdType="doi">10.1128/JVI.01455-17</ArticleId><ArticleId IdType="pmc">PMC5686748</ArticleId><ArticleId IdType="pubmed">28956770</ArticleId></ArticleIdList></Reference><Reference><Citation>Ayala-Nu&#xf1;ez N.V., Wilschut J., Smit J.M. Monitoring virus entry into living cells using DiD-labeled dengue virus particles. Methods. 2011;55:137&#x2013;143.</Citation><ArticleIdList><ArticleId IdType="pubmed">21855634</ArticleId></ArticleIdList></Reference><Reference><Citation>Heaton N.S., Perera R., Berger K.L., Khadka S., Lacount D.J., Kuhn R.J., Randall G. Dengue virus nonstructural protein 3 redistributes fatty acid synthase to sites of viral replication and increases cellular fatty acid synthesis. Proc. Natl. Acad. Sci. U. S. A. 2010;107:17345&#x2013;17350.</Citation><ArticleIdList><ArticleId IdType="pmc">PMC2951450</ArticleId><ArticleId IdType="pubmed">20855599</ArticleId></ArticleIdList></Reference><Reference><Citation>Dergai O., Novokhatska O., Dergai M., Skrypkina I., Tsyba L., Moreau J., Rynditch A. Intersectin 1 forms complexes with SGIP1 and Reps1 in clathrin-coated pits. Biochem. Biophys. Res. Commun. 2010;402:408&#x2013;413.</Citation><ArticleIdList><ArticleId IdType="pubmed">20946875</ArticleId></ArticleIdList></Reference><Reference><Citation>Davies C.W., Paul L.N., Das C. Mechanism of recruitment and activation of the endosome-associated deubiquitinase AMSH. Biochemistry. 2013;52:7818&#x2013;7829.</Citation><ArticleIdList><ArticleId IdType="pmc">PMC3972757</ArticleId><ArticleId IdType="pubmed">24151880</ArticleId></ArticleIdList></Reference><Reference><Citation>McCullough J., Clague M.J., Urb&#xe9; S. AMSH is an endosome-associated ubiquitin isopeptidase. J.&#xa0;Cell Biol. 2004;166:487&#x2013;492.</Citation><ArticleIdList><ArticleId IdType="pmc">PMC2172215</ArticleId><ArticleId IdType="pubmed">15314065</ArticleId></ArticleIdList></Reference><Reference><Citation>Janoueix-Lerosey I., Pasheva E., de Tand M.F., Tavitian A., de Gunzburg J. Identification of a specific effector of the small GTP-binding protein Rap2. Eur. J. Biochem. 1998;252:290&#x2013;298.</Citation><ArticleIdList><ArticleId IdType="pubmed">9523700</ArticleId></ArticleIdList></Reference><Reference><Citation>Tebar F., Bohlander S.K., Sorkin A. Clathrin assembly lymphoid myeloid leukemia (CALM) protein: Localization in endocytic-coated pits, interactions with clathrin, and the impact of overexpression on clathrin-mediated traffic. Mol. Biol. Cell. 1999;10:2687&#x2013;2702.</Citation><ArticleIdList><ArticleId IdType="pmc">PMC25500</ArticleId><ArticleId IdType="pubmed">10436022</ArticleId></ArticleIdList></Reference><Reference><Citation>Nakatsu F., Ohno H. Adaptor protein complexes as the key regulators of protein sorting in the post-Golgi network. Cell Struct. Funct. 2003;28:419&#x2013;429.</Citation><ArticleIdList><ArticleId IdType="pubmed">14745134</ArticleId></ArticleIdList></Reference><Reference><Citation>Sordillo J.E., Sharma S., Poon A., Lasky-Su J., Belanger K., Milton D.K., Bracken M.B., Triche E.W., Leaderer B.P., Gold D.R., Litonjua A.A. Effects of endotoxin exposure on childhood asthma risk are modified by a genetic polymorphism in ACAA1. BMC Med. Genet. 2011;12:158.</Citation><ArticleIdList><ArticleId IdType="pmc">PMC3252252</ArticleId><ArticleId IdType="pubmed">22151743</ArticleId></ArticleIdList></Reference><Reference><Citation>Ramamurthy N., Boninsegna S., Adams R., Sahgal N., Lockstone H., Baban D., Marchi E., Klenerman P. Impact of IL-27 on hepatocyte antiviral gene expression and function. Wellcome Open Res. 2016;1:17.</Citation><ArticleIdList><ArticleId IdType="pmc">PMC5207303</ArticleId><ArticleId IdType="pubmed">28058287</ArticleId></ArticleIdList></Reference><Reference><Citation>Markmiller S., Soltanieh S., Server K.L., Mak R., Jin W., Fang M.Y., Luo E.-C., Krach F., Yang D., Sen A., Fulzele A., Wozniak J.M., Gonzalez D.J., Kankel M.W., Gao F.-B., et al. Context-dependent and disease-specific diversity in protein interactions within stress granules. Cell. 2018;172:590&#x2013;604.e13.</Citation><ArticleIdList><ArticleId IdType="pmc">PMC5969999</ArticleId><ArticleId IdType="pubmed">29373831</ArticleId></ArticleIdList></Reference><Reference><Citation>Fognani C., Kilstrup-Nielsen C., Berthelsen J., Ferretti E., Zappavigna V., Blasi F. Characterization of PREP2, a paralog of PREP1, which defines a novel sub-family of the MEINOX TALE homeodomain transcription factors. Nucl. Acids Res. 2002;30:2043&#x2013;2051.</Citation><ArticleIdList><ArticleId IdType="pmc">PMC113854</ArticleId><ArticleId IdType="pubmed">11972344</ArticleId></ArticleIdList></Reference><Reference><Citation>Bout A., Hoovers J.M.N., Bakker E.B., A M.M., van Kessel G., Westerveld A., Tager J.M., Benne R. Assignment of the gene coding for human peroxisomal 3-oxoacyl-CoA thiolase (ACAA) to chromosome region 3p22&#x2192;p23. Cytogenet. Genome Res. 1989;52:147&#x2013;150.</Citation><ArticleIdList><ArticleId IdType="pubmed">2630187</ArticleId></ArticleIdList></Reference><Reference><Citation>Tanaka M., Sasaki K., Kamata R., Hoshino Y., Yanagihara K., Sakai R. A&#xa0;novel RNA-binding protein, Ossa/C9orf10, regulates activity of Src kinases to protect cells from oxidative stress-induced apoptosis. Mol. Cell. Biol. 2009;29:402&#x2013;413.</Citation><ArticleIdList><ArticleId IdType="pmc">PMC2612507</ArticleId><ArticleId IdType="pubmed">19015244</ArticleId></ArticleIdList></Reference><Reference><Citation>Choudhury R., Roy S.G., Tsai Y.S., Tripathy A., Graves L.M., Wang Z. The splicing activator DAZAP1 integrates splicing control into MEK/Erk-regulated cell proliferation and migration. Nat. Commun. 2014;5:3078.</Citation><ArticleIdList><ArticleId IdType="pmc">PMC4146490</ArticleId><ArticleId IdType="pubmed">24452013</ArticleId></ArticleIdList></Reference><Reference><Citation>Cuartas-L&#xf3;pez A.M., Hern&#xe1;ndez-Cuellar C.E., Gallego-G&#xf3;mez J.C. Disentangling the role of PI3K/Akt, Rho GTPase and the actin cytoskeleton on dengue virus infection. Virus Res. 2018;256:153&#x2013;165.</Citation><ArticleIdList><ArticleId IdType="pubmed">30130602</ArticleId></ArticleIdList></Reference><Reference><Citation>Robinson M., Schor S., Barouch-Bentov R., Einav S. Viral journeys on the intracellular highways. Cell. Mol. Life Sci. 2018;75:3693&#x2013;3714.</Citation><ArticleIdList><ArticleId IdType="pmc">PMC6151136</ArticleId><ArticleId IdType="pubmed">30043139</ArticleId></ArticleIdList></Reference><Reference><Citation>Rual J.-F., Hirozane-Kishikawa T., Hao T., Bertin N., Li S., Dricot A., Li N., Rosenberg J., Lamesch P., Vidalain P.-O., Clingingsmith T.R., Hartley J.L., Esposito D., Cheo D., Moore T., et al. Human ORFeome version 1.1: A platform for reverse proteomics. Genome Res. 2004;14:2128&#x2013;2135.</Citation><ArticleIdList><ArticleId IdType="pmc">PMC528929</ArticleId><ArticleId IdType="pubmed">15489335</ArticleId></ArticleIdList></Reference><Reference><Citation>Pu S.-Y., Wu R.-H., Yang C.-C., Jao T.-M., Tsai M.-H., Wang J.-C., Lin H.-M., Chao Y.-S., Yueh A. Successful propagation of flavivirus infectious cDNAs by a novel method to reduce the cryptic bacterial promoter activity of virus genomes. J.&#xa0;Virol. 2011;85:2927&#x2013;2941.</Citation><ArticleIdList><ArticleId IdType="pmc">PMC3067970</ArticleId><ArticleId IdType="pubmed">21228244</ArticleId></ArticleIdList></Reference><Reference><Citation>Ran F.A., Hsu P.D., Wright J., Agarwala V., Scott D.A., Zhang F. Genome engineering using the CRISPR-Cas9 system. Nat. Protoc. 2013;8:2281&#x2013;2308.</Citation><ArticleIdList><ArticleId IdType="pmc">PMC3969860</ArticleId><ArticleId IdType="pubmed">24157548</ArticleId></ArticleIdList></Reference><Reference><Citation>K&#xf5;ivom&#xe4;gi M., Valk E., Venta R., Iofik A., Lepiku M., Balog E.R.M., Rubin S.M., Morgan D.O., Loog M. Cascades of multisite phosphorylation control Sic1 destruction at the onset of S phase. Nature. 2011;480:128&#x2013;131.</Citation><ArticleIdList><ArticleId IdType="pmc">PMC3228899</ArticleId><ArticleId IdType="pubmed">21993622</ArticleId></ArticleIdList></Reference></ReferenceList></PubmedData></PubmedArticle></PubmedArticleSet>