<?xml version="1.0" ?>
<!DOCTYPE PubmedArticleSet PUBLIC "-//NLM//DTD PubMedArticle, 1st January 2023//EN" "https://dtd.nlm.nih.gov/ncbi/pubmed/out/pubmed_230101.dtd">
<PubmedArticleSet>
<PubmedArticle><MedlineCitation Status="MEDLINE" Owner="NLM" IndexingMethod="Automated"><PMID Version="1">35503505</PMID><DateCompleted><Year>2022</Year><Month>08</Month><Day>22</Day></DateCompleted><DateRevised><Year>2022</Year><Month>08</Month><Day>26</Day></DateRevised><Article PubModel="Print-Electronic"><Journal><ISSN IssnType="Electronic">2410-8650</ISSN><JournalIssue CitedMedium="Internet"><Volume>38</Volume><Issue>8</Issue><PubDate><Year>2022</Year><Month>Aug</Month></PubDate></JournalIssue><Title>The Kaohsiung journal of medical sciences</Title><ISOAbbreviation>Kaohsiung J Med Sci</ISOAbbreviation></Journal><ArticleTitle>Dengue prevention and control strategies for overseas immigration in Kaohsiung City.</ArticleTitle><Pagination><StartPage>810</StartPage><EndPage>811</EndPage><MedlinePgn>810-811</MedlinePgn></Pagination><ELocationID EIdType="doi" ValidYN="Y">10.1002/kjm2.12553</ELocationID><AuthorList CompleteYN="Y"><Author ValidYN="Y"><LastName>Lin</LastName><ForeName>Chun-Yu</ForeName><Initials>CY</Initials><AffiliationInfo><Affiliation>Department of Internal Medicine, Kaohsiung Medical University Hospital, Kaohsiung, Taiwan.</Affiliation></AffiliationInfo><AffiliationInfo><Affiliation>College of Medicine, Kaohsiung Medical University, Kaohsiung, Taiwan.</Affiliation></AffiliationInfo><AffiliationInfo><Affiliation>Department of Internal Medicine, Kaohsiung Municipal Min-Sheng Hospital, Kaohsiung, Taiwan.</Affiliation></AffiliationInfo></Author><Author ValidYN="Y"><LastName>Lo</LastName><ForeName>Shih-Hao</ForeName><Initials>SH</Initials><AffiliationInfo><Affiliation>Department of Internal Medicine, Kaohsiung Municipal Siaogang Hospital, Kaohsiung, Taiwan.</Affiliation></AffiliationInfo></Author><Author ValidYN="Y"><LastName>Pan</LastName><ForeName>Chao-Ying</ForeName><Initials>CY</Initials><AffiliationInfo><Affiliation>Bureau of Public Health, Kaohsiung City Government, Kaohsiung, Taiwan.</Affiliation></AffiliationInfo></Author><Author ValidYN="Y"><LastName>Chang</LastName><ForeName>Ko</ForeName><Initials>K</Initials><Identifier Source="ORCID">0000-0002-6447-8703</Identifier><AffiliationInfo><Affiliation>College of Medicine, Kaohsiung Medical University, Kaohsiung, Taiwan.</Affiliation></AffiliationInfo><AffiliationInfo><Affiliation>Department of Internal Medicine, Kaohsiung Municipal Siaogang Hospital, Kaohsiung, Taiwan.</Affiliation></AffiliationInfo></Author></AuthorList><Language>eng</Language><PublicationTypeList><PublicationType UI="D016422">Letter</PublicationType></PublicationTypeList><ArticleDate DateType="Electronic"><Year>2022</Year><Month>05</Month><Day>03</Day></ArticleDate></Article><MedlineJournalInfo><Country>China (Republic : 1949- )</Country><MedlineTA>Kaohsiung J Med Sci</MedlineTA><NlmUniqueID>100960562</NlmUniqueID><ISSNLinking>1607-551X</ISSNLinking></MedlineJournalInfo><CitationSubset>IM</CitationSubset><MeshHeadingList><MeshHeading><DescriptorName UI="D003715" MajorTopicYN="Y">Dengue</DescriptorName><QualifierName UI="Q000453" MajorTopicYN="N">epidemiology</QualifierName><QualifierName UI="Q000517" MajorTopicYN="N">prevention &amp; control</QualifierName></MeshHeading><MeshHeading><DescriptorName UI="D004196" MajorTopicYN="N">Disease Outbreaks</DescriptorName></MeshHeading><MeshHeading><DescriptorName UI="D004641" MajorTopicYN="Y">Emigration and Immigration</DescriptorName></MeshHeading><MeshHeading><DescriptorName UI="D006801" MajorTopicYN="N">Humans</DescriptorName></MeshHeading><MeshHeading><DescriptorName UI="D013624" MajorTopicYN="N" Type="Geographic">Taiwan</DescriptorName></MeshHeading></MeshHeadingList></MedlineCitation><PubmedData><History><PubMedPubDate PubStatus="revised"><Year>2022</Year><Month>4</Month><Day>1</Day></PubMedPubDate><PubMedPubDate PubStatus="received"><Year>2021</Year><Month>12</Month><Day>31</Day></PubMedPubDate><PubMedPubDate PubStatus="accepted"><Year>2022</Year><Month>4</Month><Day>6</Day></PubMedPubDate><PubMedPubDate PubStatus="pubmed"><Year>2022</Year><Month>5</Month><Day>4</Day><Hour>6</Hour><Minute>0</Minute></PubMedPubDate><PubMedPubDate PubStatus="medline"><Year>2022</Year><Month>8</Month><Day>23</Day><Hour>6</Hour><Minute>0</Minute></PubMedPubDate><PubMedPubDate PubStatus="entrez"><Year>2022</Year><Month>5</Month><Day>3</Day><Hour>12</Hour><Minute>49</Minute></PubMedPubDate></History><PublicationStatus>ppublish</PublicationStatus><ArticleIdList><ArticleId IdType="pubmed">35503505</ArticleId><ArticleId IdType="doi">10.1002/kjm2.12553</ArticleId></ArticleIdList><ReferenceList><Title>REFERENCES</Title><Reference><Citation>Chen Y, Li N, Louren&#xe7;o J, Wang L, Cazelles B, Dong L, et al. Measuring the effects of COVID-19-related disruption on dengue transmission in Southeast Asia and Latin America: a statistical modelling study. Lancet Infect Dis. 2022;22(5):657-67.</Citation></Reference><Reference><Citation>https://nidss.cdc.gov.tw. Accessed 1 January 2022.</Citation></Reference><Reference><Citation>https://ws.moi.gov.tw/001/Upload/OldFile/site_stuff/321/1/month/month.html. Accessed 1 January 2022.</Citation></Reference><Reference><Citation>Chang K, Pan CY, Lu PL. Sentinel surveillance at airports: experience of dengue and COVID-19 prevention in Taiwan. Kaohsiung J Med Sci. 2020;36(8):665-6.</Citation></Reference></ReferenceList></PubmedData></PubmedArticle></PubmedArticleSet>