<?xml version="1.0" ?>
<!DOCTYPE PubmedArticleSet PUBLIC "-//NLM//DTD PubMedArticle, 1st January 2023//EN" "https://dtd.nlm.nih.gov/ncbi/pubmed/out/pubmed_230101.dtd">
<PubmedArticleSet>
<PubmedArticle><MedlineCitation Status="PubMed-not-MEDLINE" Owner="NLM"><PMID Version="1">35572621</PMID><DateRevised><Year>2022</Year><Month>05</Month><Day>19</Day></DateRevised><Article PubModel="Electronic-eCollection"><Journal><ISSN IssnType="Print">1664-302X</ISSN><JournalIssue CitedMedium="Print"><Volume>13</Volume><PubDate><Year>2022</Year></PubDate></JournalIssue><Title>Frontiers in microbiology</Title><ISOAbbreviation>Front Microbiol</ISOAbbreviation></Journal><ArticleTitle>SUMOylation Is Essential for Dengue Virus Replication and Transmission in the Mosquito <i>Aedes aegypti</i>.</ArticleTitle><Pagination><StartPage>801284</StartPage><MedlinePgn>801284</MedlinePgn></Pagination><ELocationID EIdType="pii" ValidYN="Y">801284</ELocationID><ELocationID EIdType="doi" ValidYN="Y">10.3389/fmicb.2022.801284</ELocationID><Abstract><AbstractText>Small ubiquitin-like modifier (SUMO) is a reversible post-translational protein modifier. Protein SUMOylation regulates a wide variety of cellular processes and is important for controlling virus replication. Earlier studies suggest that dengue virus envelope protein interacts with Ubc9, the sole E2-conjugating enzyme required for protein SUMOylation in mammalian cells. However, little is known about the effect of protein SUMOylation on dengue virus replication in the major dengue vector, <i>Aedes aegypti</i>. Thus, in this study, we investigated the impact of protein SUMOylation on dengue virus replication in <i>A. aegypti</i>. The transcription of <i>A. aegypti</i> Ubc9 was significantly increased in the midgut after a normal blood meal. Silencing AaUbc9 resulted in significant inhibition of dengue virus NS1 protein production, viral genome transcription, and reduced viral titer in the mosquito saliva. In addition, we showed that dengue virus E proteins and prM proteins were SUMOylated post-infection. The amino acid residues K51 and K241 of dengue virus E protein were essential for protein SUMOylation. Taken together, our results reveal that protein SUMOylation contributes to dengue virus replication and transmission in the mosquito <i>A. aegypti</i>. This study introduces the possibility that protein SUMOylation is beneficial for virus replication and facilitates virus transmission from the mosquito.</AbstractText><CopyrightInformation>Copyright &#xa9; 2022 Weng and Shiao.</CopyrightInformation></Abstract><AuthorList CompleteYN="Y"><Author ValidYN="Y"><LastName>Weng</LastName><ForeName>Shih-Che</ForeName><Initials>SC</Initials><AffiliationInfo><Affiliation>Department of Tropical Medicine and Parasitology, College of Medicine, National Taiwan University, Taipei, Taiwan.</Affiliation></AffiliationInfo></Author><Author ValidYN="Y"><LastName>Shiao</LastName><ForeName>Shin-Hong</ForeName><Initials>SH</Initials><AffiliationInfo><Affiliation>Department of Tropical Medicine and Parasitology, College of Medicine, National Taiwan University, Taipei, Taiwan.</Affiliation></AffiliationInfo></Author></AuthorList><Language>eng</Language><PublicationTypeList><PublicationType UI="D016428">Journal Article</PublicationType></PublicationTypeList><ArticleDate DateType="Electronic"><Year>2022</Year><Month>04</Month><Day>27</Day></ArticleDate></Article><MedlineJournalInfo><Country>Switzerland</Country><MedlineTA>Front Microbiol</MedlineTA><NlmUniqueID>101548977</NlmUniqueID><ISSNLinking>1664-302X</ISSNLinking></MedlineJournalInfo><KeywordList Owner="NOTNLM"><Keyword MajorTopicYN="N">Aedes aegypti (mosquito)</Keyword><Keyword MajorTopicYN="N">SUMOylation</Keyword><Keyword MajorTopicYN="N">Ubc9</Keyword><Keyword MajorTopicYN="N">dengue virus (DENV)</Keyword><Keyword MajorTopicYN="N">envelop protein</Keyword></KeywordList><CoiStatement>The authors declare that the research was conducted in the absence of any commercial or financial relationships that could be construed as a potential conflict of interest.</CoiStatement></MedlineCitation><PubmedData><History><PubMedPubDate PubStatus="received"><Year>2021</Year><Month>10</Month><Day>25</Day></PubMedPubDate><PubMedPubDate PubStatus="accepted"><Year>2022</Year><Month>4</Month><Day>4</Day></PubMedPubDate><PubMedPubDate PubStatus="entrez"><Year>2022</Year><Month>5</Month><Day>16</Day><Hour>4</Hour><Minute>15</Minute></PubMedPubDate><PubMedPubDate PubStatus="pubmed"><Year>2022</Year><Month>5</Month><Day>17</Day><Hour>6</Hour><Minute>0</Minute></PubMedPubDate><PubMedPubDate PubStatus="medline"><Year>2022</Year><Month>5</Month><Day>17</Day><Hour>6</Hour><Minute>1</Minute></PubMedPubDate></History><PublicationStatus>epublish</PublicationStatus><ArticleIdList><ArticleId IdType="pubmed">35572621</ArticleId><ArticleId IdType="pmc">PMC9093690</ArticleId><ArticleId IdType="doi">10.3389/fmicb.2022.801284</ArticleId></ArticleIdList><ReferenceList><Reference><Citation>Apionishev S., Malhotra D., Raghavachari S., Tanda S., Rasooly R. S. (2001). The Drosophila UBC9 homologue lesswright mediates the disjunction of homologues in meiosis I. Genes Cells 6 215&#x2013;224. 10.1046/j.1365-2443.2001.00413.x</Citation><ArticleIdList><ArticleId IdType="doi">10.1046/j.1365-2443.2001.00413.x</ArticleId><ArticleId IdType="pubmed">11260265</ArticleId></ArticleIdList></Reference><Reference><Citation>Barysch S. V., Dittner C., Flotho A., Becker J., Melchior F. (2014). Identification and analysis of endogenous SUMO1 and SUMO2/3 targets in mammalian cells and tissues using monoclonal antibodies. Nat. Protoc. 9 896&#x2013;909. 10.1038/nprot.2014.053</Citation><ArticleIdList><ArticleId IdType="doi">10.1038/nprot.2014.053</ArticleId><ArticleId IdType="pubmed">24651501</ArticleId></ArticleIdList></Reference><Reference><Citation>Bhatt S., Gething P. W., Brady O. J., Messina J. P., Farlow A. W., Moyes C. L., et al. (2013). The global distribution and burden of dengue. Nature 496 504&#x2013;507. 10.1038/nature12060</Citation><ArticleIdList><ArticleId IdType="doi">10.1038/nature12060</ArticleId><ArticleId IdType="pmc">PMC3651993</ArticleId><ArticleId IdType="pubmed">23563266</ArticleId></ArticleIdList></Reference><Reference><Citation>Brown J. R., Conn K. L., Wasson P., Charman M., Tong L., Grant K., et al. (2016). SUMO ligase protein inhibitor of activated STAT1 (PIAS1) is a constituent promyelocytic leukemia nuclear body protein that contributes to the intrinsic antiviral immune response to herpes simplex virus 1. J. Virol. 90 5939&#x2013;5952. 10.1128/JVI.00426-16</Citation><ArticleIdList><ArticleId IdType="doi">10.1128/JVI.00426-16</ArticleId><ArticleId IdType="pmc">PMC4907222</ArticleId><ArticleId IdType="pubmed">27099310</ArticleId></ArticleIdList></Reference><Reference><Citation>Cattarino L., Rodriguez-Barraquer I., Imai N., Cummings D. A. T., Ferguson N. M. (2020). Mapping global variation in dengue transmission intensity. Sci. Transl. Med. 12:eaax4144. 10.1126/scitranslmed.aax4144</Citation><ArticleIdList><ArticleId IdType="doi">10.1126/scitranslmed.aax4144</ArticleId><ArticleId IdType="pubmed">31996463</ArticleId></ArticleIdList></Reference><Reference><Citation>Chang H. M., Yeh E. T. H. (2020). SUMO: from bench to bedside. Physiol. Rev. 100 1599&#x2013;1619. 10.1152/physrev.00025.2019</Citation><ArticleIdList><ArticleId IdType="doi">10.1152/physrev.00025.2019</ArticleId><ArticleId IdType="pmc">PMC7717128</ArticleId><ArticleId IdType="pubmed">32666886</ArticleId></ArticleIdList></Reference><Reference><Citation>Chiu M. W., Shih H. M., Yang T. H., Yang Y. L. (2007). The type 2 dengue virus envelope protein interacts with small ubiquitin-like modifier-1 (SUMO-1) conjugating enzyme 9 (Ubc9). J. Biomed. Sci. 14 429&#x2013;444. 10.1007/s11373-007-9151-9</Citation><ArticleIdList><ArticleId IdType="doi">10.1007/s11373-007-9151-9</ArticleId><ArticleId IdType="pubmed">17265167</ArticleId></ArticleIdList></Reference><Reference><Citation>Choy A., Severo M. S., Sun R., Girke T., Gillespie J. J., Pedra J. H. (2013). Decoding the ubiquitin-mediated pathway of arthropod disease vectors. PLoS One 8:e78077. 10.1371/journal.pone.0078077</Citation><ArticleIdList><ArticleId IdType="doi">10.1371/journal.pone.0078077</ArticleId><ArticleId IdType="pmc">PMC3804464</ArticleId><ArticleId IdType="pubmed">24205097</ArticleId></ArticleIdList></Reference><Reference><Citation>Conn K. L., Wasson P., McFarlane S., Tong L., Brown J. R., Grant K. G., et al. (2016). Novel role for protein inhibitor of activated STAT 4 (PIAS4) in the restriction of herpes simplex virus 1 by the cellular intrinsic antiviral immune response. J. Virol. 90 4807&#x2013;4826. 10.1128/JVI.03055-15</Citation><ArticleIdList><ArticleId IdType="doi">10.1128/JVI.03055-15</ArticleId><ArticleId IdType="pmc">PMC4836348</ArticleId><ArticleId IdType="pubmed">26937035</ArticleId></ArticleIdList></Reference><Reference><Citation>El Motiam A., Vidal S., Seoane R., Bouzaher Y. H., Gonzalez-Santamaria J., Rivas C. (2020). SUMO and cytoplasmic RNA viruses: from enemies to best friends. Adv. Exp. Med. Biol. 1233 263&#x2013;277. 10.1007/978-3-030-38266-7_11</Citation><ArticleIdList><ArticleId IdType="doi">10.1007/978-3-030-38266-7_11</ArticleId><ArticleId IdType="pmc">PMC7144409</ArticleId><ArticleId IdType="pubmed">32274761</ArticleId></ArticleIdList></Reference><Reference><Citation>Epps J. L., Tanda S. (1998). The Drosophila semushi mutation blocks nuclear import of bicoid during embryogenesis. Curr. Biol. 8 1277&#x2013;1280. 10.1016/s0960-9822(07)00538-6</Citation><ArticleIdList><ArticleId IdType="doi">10.1016/s0960-9822(07)00538-6</ArticleId><ArticleId IdType="pubmed">9822580</ArticleId></ArticleIdList></Reference><Reference><Citation>Feng T., Deng L., Lu X., Pan W., Wu Q., Dai J. (2018). Ubiquitin-conjugating enzyme UBE2J1 negatively modulates interferon pathway and promotes RNA virus infection. Virol. J. 15:132. 10.1186/s12985-018-1040-5</Citation><ArticleIdList><ArticleId IdType="doi">10.1186/s12985-018-1040-5</ArticleId><ArticleId IdType="pmc">PMC6114777</ArticleId><ArticleId IdType="pubmed">30157886</ArticleId></ArticleIdList></Reference><Reference><Citation>Feoktistova M., Geserick P., Leverkus M. (2016). Crystal violet assay for determining viability of cultured cells. Cold Spring Harb. Protoc. 2016:rot087379. 10.1101/pdb.prot087379</Citation><ArticleIdList><ArticleId IdType="doi">10.1101/pdb.prot087379</ArticleId><ArticleId IdType="pubmed">27037069</ArticleId></ArticleIdList></Reference><Reference><Citation>Fraser A. G., Kamath R. S., Zipperlen P., Martinez-Campos M., Sohrmann M., Ahringer J. (2000). Functional genomic analysis of C. elegans chromosome I by systematic RNA interference. Nature 408 325&#x2013;330. 10.1038/35042517</Citation><ArticleIdList><ArticleId IdType="doi">10.1038/35042517</ArticleId><ArticleId IdType="pubmed">11099033</ArticleId></ArticleIdList></Reference><Reference><Citation>Guo J., Chen D., Gao X., Hu X., Zhou Y., Wu C., et al. (2017). Protein inhibitor of activated STAT2 restricts HCV replication by modulating viral proteins degradation. Viruses 9:285. 10.3390/v9100285</Citation><ArticleIdList><ArticleId IdType="doi">10.3390/v9100285</ArticleId><ArticleId IdType="pmc">PMC5691636</ArticleId><ArticleId IdType="pubmed">28973998</ArticleId></ArticleIdList></Reference><Reference><Citation>Gurer C., Berthoux L., Luban J. (2005). Covalent modification of human immunodeficiency virus type 1 p6 by SUMO-1. J. Virol. 79 910&#x2013;917. 10.1128/JVI.79.2.910-917.2005</Citation><ArticleIdList><ArticleId IdType="doi">10.1128/JVI.79.2.910-917.2005</ArticleId><ArticleId IdType="pmc">PMC538558</ArticleId><ArticleId IdType="pubmed">15613319</ArticleId></ArticleIdList></Reference><Reference><Citation>Hayashi T., Seki M., Maeda D., Wang W., Kawabe Y., Seki T., et al. (2002). Ubc9 is essential for viability of higher eukaryotic cells. Exp. Cell Res. 280 212&#x2013;221. 10.1006/excr.2002.5634</Citation><ArticleIdList><ArticleId IdType="doi">10.1006/excr.2002.5634</ArticleId><ArticleId IdType="pubmed">12413887</ArticleId></ArticleIdList></Reference><Reference><Citation>Johnson E. S. (2004). Protein modification by SUMO. Annu. Rev. Biochem. 73 355&#x2013;382. 10.1146/annurev.biochem.73.011303.074118</Citation><ArticleIdList><ArticleId IdType="doi">10.1146/annurev.biochem.73.011303.074118</ArticleId><ArticleId IdType="pubmed">15189146</ArticleId></ArticleIdList></Reference><Reference><Citation>Khoury G. A., Baliban R. C., Floudas C. A. (2011). Proteome-wide post-translational modification statistics: frequency analysis and curation of the swiss-prot database. Sci. Rep. 1:90. 10.1038/srep00090</Citation><ArticleIdList><ArticleId IdType="doi">10.1038/srep00090</ArticleId><ArticleId IdType="pmc">PMC3201773</ArticleId><ArticleId IdType="pubmed">22034591</ArticleId></ArticleIdList></Reference><Reference><Citation>Li F. Q., Xiao H., Tam J. P., Liu D. X. (2005). Sumoylation of the nucleocapsid protein of severe acute respiratory syndrome coronavirus. FEBS Lett. 579 2387&#x2013;2396. 10.1016/j.febslet.2005.03.039</Citation><ArticleIdList><ArticleId IdType="doi">10.1016/j.febslet.2005.03.039</ArticleId><ArticleId IdType="pmc">PMC7094623</ArticleId><ArticleId IdType="pubmed">15848177</ArticleId></ArticleIdList></Reference><Reference><Citation>Li P., Jing H., Wang Y., Yuan L., Xiao H., Zheng Q. (2021). SUMO modification in apoptosis. J. Mol. Histol. 52 1&#x2013;10. 10.1007/s10735-020-09924-2</Citation><ArticleIdList><ArticleId IdType="doi">10.1007/s10735-020-09924-2</ArticleId><ArticleId IdType="pmc">PMC7790789</ArticleId><ArticleId IdType="pubmed">33225418</ArticleId></ArticleIdList></Reference><Reference><Citation>Li Q., Xiao H., Tam J. P., Liu D. X. (2006). Sumoylation of the nucleocapsid protein of severe acute respiratory syndrome coronavirus by interaction with Ubc9. Adv. Exp. Med. Biol. 581 121&#x2013;126. 10.1007/978-0-387-33012-9_21</Citation><ArticleIdList><ArticleId IdType="doi">10.1007/978-0-387-33012-9_21</ArticleId><ArticleId IdType="pmc">PMC7123588</ArticleId><ArticleId IdType="pubmed">17037517</ArticleId></ArticleIdList></Reference><Reference><Citation>Loboda A. P., Soond S. M., Piacentini M., Barlev N. A. (2019). Lysine-specific post-translational modifications of proteins in the life cycle of viruses. Cell Cycle 18 1995&#x2013;2005. 10.1080/15384101.2019.1639305</Citation><ArticleIdList><ArticleId IdType="doi">10.1080/15384101.2019.1639305</ArticleId><ArticleId IdType="pmc">PMC6681785</ArticleId><ArticleId IdType="pubmed">31291816</ArticleId></ArticleIdList></Reference><Reference><Citation>Lyst M. J., Stancheva I. (2007). A role for SUMO modification in transcriptional repression and activation. Biochem. Soc. Trans. 35(Pt 6), 1389&#x2013;1392. 10.1042/BST0351389</Citation><ArticleIdList><ArticleId IdType="doi">10.1042/BST0351389</ArticleId><ArticleId IdType="pmc">PMC2871292</ArticleId><ArticleId IdType="pubmed">18031228</ArticleId></ArticleIdList></Reference><Reference><Citation>Mukherjee D., Das S., Begum F., Mal S., Ray U. (2019). The mosquito immune system and the life of dengue virus: what we know and do not know. Pathogens 8:77 10.3390/pathogens8020077</Citation><ArticleIdList><ArticleId IdType="doi">10.3390/pathogens8020077</ArticleId><ArticleId IdType="pmc">PMC6631187</ArticleId><ArticleId IdType="pubmed">31200426</ArticleId></ArticleIdList></Reference><Reference><Citation>Roy S. K., Bhattacharjee S. (2021). Dengue virus: epidemiology, biology and disease aetiology. Can. J. Microbiol. 67 687&#x2013;702 10.1139/cjm-2020-0572</Citation><ArticleIdList><ArticleId IdType="doi">10.1139/cjm-2020-0572</ArticleId><ArticleId IdType="pubmed">34171205</ArticleId></ArticleIdList></Reference><Reference><Citation>Salazar M. I., Richardson J. H., Sanchez-Vargas I., Olson K. E., Beaty B. J. (2007). Dengue virus type 2: replication and tropisms in orally infected Aedes aegypti mosquitoes. BMC Microbiol. 7:9. 10.1186/1471-2180-7-9</Citation><ArticleIdList><ArticleId IdType="doi">10.1186/1471-2180-7-9</ArticleId><ArticleId IdType="pmc">PMC1797809</ArticleId><ArticleId IdType="pubmed">17263893</ArticleId></ArticleIdList></Reference><Reference><Citation>Sharp T. M., Anderson K. B., Katzelnick L. C., Clapham H., Johansson M. A., Morrison A. C., et al. (2021). Knowledge gaps in the epidemiology of severe dengue impede vaccine evaluation. Lancet Infect Dis. 22 E42&#x2013;E51 10.1016/S1473-3099(20)30871-9</Citation><ArticleIdList><ArticleId IdType="doi">10.1016/S1473-3099(20)30871-9</ArticleId><ArticleId IdType="pubmed">34265259</ArticleId></ArticleIdList></Reference><Reference><Citation>Shepard D. S., Undurraga E. A., Halasa Y. A., Stanaway J. D. (2016). The global economic burden of dengue: a systematic analysis. Lancet Infect Dis. 16 935&#x2013;941. 10.1016/S1473-3099(16)00146-8</Citation><ArticleIdList><ArticleId IdType="doi">10.1016/S1473-3099(16)00146-8</ArticleId><ArticleId IdType="pubmed">27091092</ArticleId></ArticleIdList></Reference><Reference><Citation>Silva A. M. N., Vitorino R., Domingues M. R. M., Spickett C. M., Domingues P. (2013). Post-translational modifications and mass spectrometry detection. Free Radic. Biol. Med. 65 925&#x2013;941. 10.1016/j.freeradbiomed.2013.08.184</Citation><ArticleIdList><ArticleId IdType="doi">10.1016/j.freeradbiomed.2013.08.184</ArticleId><ArticleId IdType="pubmed">24002012</ArticleId></ArticleIdList></Reference><Reference><Citation>Sri-In C., Weng S. C., Chen W. Y., Wu-Hsieh B. A., Tu W. C., Shiao S. H. (2019). A salivary protein of Aedes aegypti promotes dengue-2 virus replication and transmission. Insect Biochem. Mol. Biol. 111:103181. 10.1016/j.ibmb.2019.103181</Citation><ArticleIdList><ArticleId IdType="doi">10.1016/j.ibmb.2019.103181</ArticleId><ArticleId IdType="pubmed">31265906</ArticleId></ArticleIdList></Reference><Reference><Citation>Sri-In C., Weng S. C., Shiao S. H., Tu W. C. (2020). A simplified method for blood feeding, oral infection, and saliva collection of the dengue vector mosquitoes. PLoS One 15:e0233618. 10.1371/journal.pone.0233618</Citation><ArticleIdList><ArticleId IdType="doi">10.1371/journal.pone.0233618</ArticleId><ArticleId IdType="pmc">PMC7259494</ArticleId><ArticleId IdType="pubmed">32469954</ArticleId></ArticleIdList></Reference><Reference><Citation>Stanaway J. D., Shepard D. S., Undurraga E. A., Halasa Y. A., Coffeng L. E., Brady O. J., et al. (2016). The global burden of dengue: an analysis from the Global Burden of Disease Study 2013. Lancet Infect. Dis. 16 712&#x2013;723. 10.1016/S1473-3099(16)00026-8</Citation><ArticleIdList><ArticleId IdType="doi">10.1016/S1473-3099(16)00026-8</ArticleId><ArticleId IdType="pmc">PMC5012511</ArticleId><ArticleId IdType="pubmed">26874619</ArticleId></ArticleIdList></Reference><Reference><Citation>Stokes S., Almire F., Tatham M. H., McFarlane S., Mertens P., Pondeville E., et al. (2020). The SUMOylation pathway suppresses arbovirus replication in Aedes aegypti cells. PLoS Pathog. 16:e1009134. 10.1371/journal.ppat.1009134</Citation><ArticleIdList><ArticleId IdType="doi">10.1371/journal.ppat.1009134</ArticleId><ArticleId IdType="pmc">PMC7802965</ArticleId><ArticleId IdType="pubmed">33351855</ArticleId></ArticleIdList></Reference><Reference><Citation>Su C. I., Tseng C. H., Yu C. Y., Lai M. M. C. (2016). SUMO modification stabilizes dengue virus nonstructural protein 5 to support virus replication. J. Virol. 90 4308&#x2013;4319. 10.1128/JVI.00223-16</Citation><ArticleIdList><ArticleId IdType="doi">10.1128/JVI.00223-16</ArticleId><ArticleId IdType="pmc">PMC4836324</ArticleId><ArticleId IdType="pubmed">26889037</ArticleId></ArticleIdList></Reference><Reference><Citation>Tan K. H., Ki K. C., Watanabe S., Vasudevan S. G., Krishnan M. (2014). Cell-based flavivirus infection (CFI) assay for the evaluation of dengue antiviral candidates using high-content imaging. Methods Mol. Biol. 1138 99&#x2013;109. 10.1007/978-1-4939-0348-1_7</Citation><ArticleIdList><ArticleId IdType="doi">10.1007/978-1-4939-0348-1_7</ArticleId><ArticleId IdType="pubmed">24696333</ArticleId></ArticleIdList></Reference><Reference><Citation>Urena E., Pirone L., Chafino S., Perez C., Sutherland J. D., Lang V., et al. (2016). Evolution of SUMO function and chain formation in insects. Mol. Biol. Evol. 33 568&#x2013;584. 10.1093/molbev/msv242</Citation><ArticleIdList><ArticleId IdType="doi">10.1093/molbev/msv242</ArticleId><ArticleId IdType="pmc">PMC4866545</ArticleId><ArticleId IdType="pubmed">26538142</ArticleId></ArticleIdList></Reference><Reference><Citation>Varadaraj A., Mattoscio D., Chiocca S. (2014). SUMO Ubc9 enzyme as a viral target. IUBMB Life 66 27&#x2013;33. 10.1002/iub.1240</Citation><ArticleIdList><ArticleId IdType="doi">10.1002/iub.1240</ArticleId><ArticleId IdType="pubmed">24395713</ArticleId></ArticleIdList></Reference><Reference><Citation>Wellekens K., Betrains A., De Munter P., Peetermans W. (2020). Dengue: current state one year before WHO 2010-2020 goals. Acta Clin. Belg. 77 436&#x2013;444. 10.1080/17843286.2020.1837576</Citation><ArticleIdList><ArticleId IdType="doi">10.1080/17843286.2020.1837576</ArticleId><ArticleId IdType="pubmed">33090941</ArticleId></ArticleIdList></Reference><Reference><Citation>Wilder-Smith A., Ooi E. E., Horstick O., Wills B. (2019). Dengue. Lancet 393 350&#x2013;363. 10.1016/S0140-6736(18)32560-1</Citation><ArticleIdList><ArticleId IdType="doi">10.1016/S0140-6736(18)32560-1</ArticleId><ArticleId IdType="pubmed">30696575</ArticleId></ArticleIdList></Reference><Reference><Citation>Wimmer P., Schreiner S. (2015). Viral mimicry to usurp ubiquitin and SUMO host pathways. Viruses 7 4854&#x2013;4872. 10.3390/v7092849</Citation><ArticleIdList><ArticleId IdType="doi">10.3390/v7092849</ArticleId><ArticleId IdType="pmc">PMC4584293</ArticleId><ArticleId IdType="pubmed">26343706</ArticleId></ArticleIdList></Reference><Reference><Citation>Yang Y., He Y., Wang X., Liang Z., He G., Zhang P., et al. (2017). Protein SUMOylation modification and its associations with disease. Open Biol. 7:170167. 10.1098/rsob.170167</Citation><ArticleIdList><ArticleId IdType="doi">10.1098/rsob.170167</ArticleId><ArticleId IdType="pmc">PMC5666083</ArticleId><ArticleId IdType="pubmed">29021212</ArticleId></ArticleIdList></Reference><Reference><Citation>Zhu Z., Chu H., Wen L., Yuan S., Chik K. K., Yuen T. T., et al. (2019). Targeting SUMO modification of the non-structural protein 5 of zika virus as a host-targeting antiviral strategy. Int. J. Mol. Sci. 20:392. 10.3390/ijms20020392.</Citation><ArticleIdList><ArticleId IdType="doi">10.3390/ijms20020392.</ArticleId><ArticleId IdType="pmc">PMC6359730</ArticleId><ArticleId IdType="pubmed">30658479</ArticleId></ArticleIdList></Reference></ReferenceList></PubmedData></PubmedArticle></PubmedArticleSet>