<?xml version="1.0" ?>
<!DOCTYPE PubmedArticleSet PUBLIC "-//NLM//DTD PubMedArticle, 1st January 2023//EN" "https://dtd.nlm.nih.gov/ncbi/pubmed/out/pubmed_230101.dtd">
<PubmedArticleSet>
<PubmedArticle><MedlineCitation Status="MEDLINE" Owner="NLM" IndexingMethod="Automated"><PMID Version="1">35634312</PMID><DateCompleted><Year>2022</Year><Month>06</Month><Day>02</Day></DateCompleted><DateRevised><Year>2022</Year><Month>07</Month><Day>16</Day></DateRevised><Article PubModel="Electronic-eCollection"><Journal><ISSN IssnType="Electronic">1664-3224</ISSN><JournalIssue CitedMedium="Internet"><Volume>13</Volume><PubDate><Year>2022</Year></PubDate></JournalIssue><Title>Frontiers in immunology</Title><ISOAbbreviation>Front Immunol</ISOAbbreviation></Journal><ArticleTitle>Role of Lectin in the Response of <i>Aedes aegypti</i> Against <i>Bt</i> Toxin.</ArticleTitle><Pagination><StartPage>898198</StartPage><MedlinePgn>898198</MedlinePgn></Pagination><ELocationID EIdType="pii" ValidYN="Y">898198</ELocationID><ELocationID EIdType="doi" ValidYN="Y">10.3389/fimmu.2022.898198</ELocationID><Abstract><AbstractText><i>Aedes aegypti</i> is one of the world's most dangerous mosquitoes, and a vector of diseases such as dengue fever, chikungunya virus, yellow fever, and Zika virus disease. Currently, a major global challenge is the scarcity of antiviral medicine and vaccine&#xa0;for arboviruses. <i>Bacillus thuringiensis</i> var israelensis (<i>Bti</i>) toxins are used as biological mosquito control agents. Endotoxins, including Cry4Aa, Cry4Ba, Cry10Aa, Cry11Aa, and Cyt1Aa, are toxic to mosquitoes. Insect eradication by Cry toxin relies primarily on the interaction of cry toxins with key toxin receptors, such as aminopeptidase (APN), alkaline phosphatase (ALP), cadherin (CAD), and ATP-binding cassette transporters. The carbohydrate recognition domains (CRDs) of lectins and domains II and III of Cry toxins share similar structural folds, suggesting that midgut proteins, such as C-type lectins (CTLs), may interfere with interactions among Cry toxins and receptors by binding to both and alter Cry toxicity. In the present review, we summarize the functional role of C-type lectins in <i>Ae. aegypti</i> mosquitoes and the mechanism underlying the alteration of Cry toxin activity by CTLs. Furthermore, we outline future research directions on elucidating the <i>Bti</i> resistance mechanism. This study provides a basis for understanding <i>Bti</i> resistance, which can be used to develop novel insecticides.</AbstractText><CopyrightInformation>Copyright &#xa9; 2022 Alam, Batool, Idris, Tan, Guan and Zhang.</CopyrightInformation></Abstract><AuthorList CompleteYN="Y"><Author ValidYN="Y"><LastName>Alam</LastName><ForeName>Intikhab</ForeName><Initials>I</Initials><AffiliationInfo><Affiliation>State Key Laboratory of Ecological Pest Control for Fujian and Taiwan Crops, College of Life Sciences, Fujian Agriculture and Forestry University, Fuzhou, China.</Affiliation></AffiliationInfo><AffiliationInfo><Affiliation>Key Lab of Biopesticides and Chemical Biology, MOE, Fujian Agriculture and Forestry University, Fuzhou, China.</Affiliation></AffiliationInfo><AffiliationInfo><Affiliation>College of Life Sciences, South China Agricultural University, Guangzhou, China.</Affiliation></AffiliationInfo></Author><Author ValidYN="Y"><LastName>Batool</LastName><ForeName>Khadija</ForeName><Initials>K</Initials><AffiliationInfo><Affiliation>State Key Laboratory of Ecological Pest Control for Fujian and Taiwan Crops, College of Life Sciences, Fujian Agriculture and Forestry University, Fuzhou, China.</Affiliation></AffiliationInfo><AffiliationInfo><Affiliation>Key Lab of Biopesticides and Chemical Biology, MOE, Fujian Agriculture and Forestry University, Fuzhou, China.</Affiliation></AffiliationInfo></Author><Author ValidYN="Y"><LastName>Idris</LastName><ForeName>Aisha Lawan</ForeName><Initials>AL</Initials><AffiliationInfo><Affiliation>State Key Laboratory of Ecological Pest Control for Fujian and Taiwan Crops, College of Life Sciences, Fujian Agriculture and Forestry University, Fuzhou, China.</Affiliation></AffiliationInfo><AffiliationInfo><Affiliation>Key Lab of Biopesticides and Chemical Biology, MOE, Fujian Agriculture and Forestry University, Fuzhou, China.</Affiliation></AffiliationInfo></Author><Author ValidYN="Y"><LastName>Tan</LastName><ForeName>Weilong</ForeName><Initials>W</Initials><AffiliationInfo><Affiliation>Nanjing Bioengineering (Gene) Technology Center for Medicines, Nanjing, China.</Affiliation></AffiliationInfo></Author><Author ValidYN="Y"><LastName>Guan</LastName><ForeName>Xiong</ForeName><Initials>X</Initials><AffiliationInfo><Affiliation>State Key Laboratory of Ecological Pest Control for Fujian and Taiwan Crops, College of Life Sciences, Fujian Agriculture and Forestry University, Fuzhou, China.</Affiliation></AffiliationInfo><AffiliationInfo><Affiliation>Key Lab of Biopesticides and Chemical Biology, MOE, Fujian Agriculture and Forestry University, Fuzhou, China.</Affiliation></AffiliationInfo></Author><Author ValidYN="Y"><LastName>Zhang</LastName><ForeName>Lingling</ForeName><Initials>L</Initials><AffiliationInfo><Affiliation>State Key Laboratory of Ecological Pest Control for Fujian and Taiwan Crops, College of Life Sciences, Fujian Agriculture and Forestry University, Fuzhou, China.</Affiliation></AffiliationInfo><AffiliationInfo><Affiliation>Key Lab of Biopesticides and Chemical Biology, MOE, Fujian Agriculture and Forestry University, Fuzhou, China.</Affiliation></AffiliationInfo></Author></AuthorList><Language>eng</Language><PublicationTypeList><PublicationType UI="D016428">Journal Article</PublicationType><PublicationType UI="D016454">Review</PublicationType><PublicationType UI="D013485">Research Support, Non-U.S. Gov't</PublicationType></PublicationTypeList><ArticleDate DateType="Electronic"><Year>2022</Year><Month>05</Month><Day>13</Day></ArticleDate></Article><MedlineJournalInfo><Country>Switzerland</Country><MedlineTA>Front Immunol</MedlineTA><NlmUniqueID>101560960</NlmUniqueID><ISSNLinking>1664-3224</ISSNLinking></MedlineJournalInfo><ChemicalList><Chemical><RegistryNumber>0</RegistryNumber><NameOfSubstance UI="D000083722">Bacillus thuringiensis Toxins</NameOfSubstance></Chemical><Chemical><RegistryNumber>0</RegistryNumber><NameOfSubstance UI="D001426">Bacterial Proteins</NameOfSubstance></Chemical><Chemical><RegistryNumber>0</RegistryNumber><NameOfSubstance UI="D037181">Lectins, C-Type</NameOfSubstance></Chemical></ChemicalList><CitationSubset>IM</CitationSubset><MeshHeadingList><MeshHeading><DescriptorName UI="D000330" MajorTopicYN="Y">Aedes</DescriptorName><QualifierName UI="Q000378" MajorTopicYN="N">metabolism</QualifierName></MeshHeading><MeshHeading><DescriptorName UI="D000818" MajorTopicYN="N">Animals</DescriptorName></MeshHeading><MeshHeading><DescriptorName UI="D000083722" MajorTopicYN="N">Bacillus thuringiensis Toxins</DescriptorName></MeshHeading><MeshHeading><DescriptorName UI="D001426" MajorTopicYN="N">Bacterial Proteins</DescriptorName><QualifierName UI="Q000378" MajorTopicYN="N">metabolism</QualifierName></MeshHeading><MeshHeading><DescriptorName UI="D037181" MajorTopicYN="N">Lectins, C-Type</DescriptorName><QualifierName UI="Q000378" MajorTopicYN="N">metabolism</QualifierName></MeshHeading><MeshHeading><DescriptorName UI="D000072138" MajorTopicYN="N">Mosquito Vectors</DescriptorName></MeshHeading><MeshHeading><DescriptorName UI="D000071244" MajorTopicYN="Y">Zika Virus</DescriptorName><QualifierName UI="Q000378" MajorTopicYN="N">metabolism</QualifierName></MeshHeading><MeshHeading><DescriptorName UI="D000071243" MajorTopicYN="Y">Zika Virus Infection</DescriptorName></MeshHeading></MeshHeadingList><KeywordList Owner="NOTNLM"><Keyword MajorTopicYN="N">Aedes aegypti</Keyword><Keyword MajorTopicYN="N">Bacillus thuringiensis</Keyword><Keyword MajorTopicYN="N">lectin</Keyword><Keyword MajorTopicYN="N">mechanism</Keyword><Keyword MajorTopicYN="N">toxicity</Keyword></KeywordList><CoiStatement>The authors declare that the research was conducted in the absence of any commercial or financial relationships that could be construed as a potential conflict of interest.</CoiStatement></MedlineCitation><PubmedData><History><PubMedPubDate PubStatus="received"><Year>2022</Year><Month>3</Month><Day>17</Day></PubMedPubDate><PubMedPubDate PubStatus="accepted"><Year>2022</Year><Month>4</Month><Day>19</Day></PubMedPubDate><PubMedPubDate PubStatus="entrez"><Year>2022</Year><Month>5</Month><Day>31</Day><Hour>9</Hour><Minute>54</Minute></PubMedPubDate><PubMedPubDate PubStatus="pubmed"><Year>2022</Year><Month>6</Month><Day>1</Day><Hour>6</Hour><Minute>0</Minute></PubMedPubDate><PubMedPubDate PubStatus="medline"><Year>2022</Year><Month>6</Month><Day>3</Day><Hour>6</Hour><Minute>0</Minute></PubMedPubDate></History><PublicationStatus>epublish</PublicationStatus><ArticleIdList><ArticleId IdType="pubmed">35634312</ArticleId><ArticleId IdType="pmc">PMC9136036</ArticleId><ArticleId IdType="doi">10.3389/fimmu.2022.898198</ArticleId></ArticleIdList><ReferenceList><Reference><Citation>De Almeida JPP, Aguiar ERGR, Armache JN, Olmo RP, Marques JT. The Virome of Vector Mosquitoes. Curr Opin Virol (2021) 9:7&#x2013;12. doi:&#xa0;10.1016/j.coviro.2021.04.002</Citation><ArticleIdList><ArticleId IdType="doi">10.1016/j.coviro.2021.04.002</ArticleId><ArticleId IdType="pubmed">33991759</ArticleId></ArticleIdList></Reference><Reference><Citation>Sabir MJ, Al-Saud NBS, Hassan SM. Dengue and Human Health: A Global Scenario of Its Occurrence, Diagnosis and Therapeutics. Saudi J Biol Sci (2021) 28(9):5074&#x2013;80. doi:&#xa0;10.1016/j.sjbs.2021.05.023</Citation><ArticleIdList><ArticleId IdType="doi">10.1016/j.sjbs.2021.05.023</ArticleId><ArticleId IdType="pmc">PMC8381008</ArticleId><ArticleId IdType="pubmed">34466085</ArticleId></ArticleIdList></Reference><Reference><Citation>Chouin-Carneiro T, Vega-Rua A, Vazeille M, Yebakima A, Girod R, Goindin D, et al. . Differential Susceptibilities of Aedes Aegypti and Aedes Albopictus From the Americas to Zika Virus. PloS Negl Trop Dis (2016) 10(3):e0004543. doi:&#xa0;10.1371/journal.pntd.0004543</Citation><ArticleIdList><ArticleId IdType="doi">10.1371/journal.pntd.0004543</ArticleId><ArticleId IdType="pmc">PMC4777396</ArticleId><ArticleId IdType="pubmed">26938868</ArticleId></ArticleIdList></Reference><Reference><Citation>Vorou R. Zika Virus, Vectors, Reservoirs, Amplifying Hosts, and Their Potential to Spread Worldwide: What We Know and What We Should Investigate Urgently. Int J Infect Dis (2016) 48:85&#x2013;90. doi:&#xa0;10.1016/j.ijid.2016.05.014</Citation><ArticleIdList><ArticleId IdType="doi">10.1016/j.ijid.2016.05.014</ArticleId><ArticleId IdType="pubmed">27208633</ArticleId></ArticleIdList></Reference><Reference><Citation>Gloria-Soria A, Payne AF, Bialosuknia SM, Stout J, Mathias N, Eastwood G, et al. . Vector Competence of Aedes Albopictus Populations From the Northeastern United States for Chikungunya, Dengue, and Zika Viruses. Am J Trop Med (2021) 104(3):1123&#x2013;30. doi:&#xa0;10.4269/ajtmh.20-0874</Citation><ArticleIdList><ArticleId IdType="doi">10.4269/ajtmh.20-0874</ArticleId><ArticleId IdType="pmc">PMC7941830</ArticleId><ArticleId IdType="pubmed">33355070</ArticleId></ArticleIdList></Reference><Reference><Citation>Quimbayo M, R&#xfa;a-Uribe G, Parra-Henao G, Torres C. Evaluation of Lethal Ovitraps as a Strategy for Aedes Aegypti Control. Biom&#xe9;dica (2014) 34:473&#x2013;82. doi:&#xa0;10.7705/biomedica.v34i3.2146</Citation><ArticleIdList><ArticleId IdType="doi">10.7705/biomedica.v34i3.2146</ArticleId><ArticleId IdType="pubmed">25504133</ArticleId></ArticleIdList></Reference><Reference><Citation>Ritchie SA, Devine GJ, Vazquez-Prokopec GM, Lenhart AE, Manrique-Saide P, Scott TW. Insecticide-Based Approaches for Dengue Vector Control. In: Ecology and Control of Vector-Borne Diseases. Wageningen, Netherland: Wageningen Academic Publishers; (2021). p. 59&#x2013;89. doi:&#xa0;10.3920/978-90-8686-895-7_4</Citation><ArticleIdList><ArticleId IdType="doi">10.3920/978-90-8686-895-7_4</ArticleId></ArticleIdList></Reference><Reference><Citation>Kefi M, Charamis J, Balabanidou V, Ioannidis P, Ranson H, Ingham VA, et al. . Transcriptomic Analysis of Resistance and Short-Term Induction Response to Pyrethroids, in Anopheles Coluzzii Legs. J BMC Genomics (2021) 22:891. doi:&#xa0;10.1186/s12864-021-08205-w</Citation><ArticleIdList><ArticleId IdType="doi">10.1186/s12864-021-08205-w</ArticleId><ArticleId IdType="pmc">PMC8667434</ArticleId><ArticleId IdType="pubmed">34903168</ArticleId></ArticleIdList></Reference><Reference><Citation>Pisa L, Goulson D, Yang E-C, Gibbons D, S&#xe1;nchez-Bayo F, Mitchell E, et al. . An Update of the Worldwide Integrated Assessment (WIA) on Systemic Insecticides. Part 2: Impacts on Organisms and Ecosystems. Environ Sci Pollut Res (2021) 28:11749&#x2013;97. doi:&#xa0;10.1007/s11356-017-0341-3</Citation><ArticleIdList><ArticleId IdType="doi">10.1007/s11356-017-0341-3</ArticleId><ArticleId IdType="pmc">PMC7921077</ArticleId><ArticleId IdType="pubmed">29124633</ArticleId></ArticleIdList></Reference><Reference><Citation>Braga IA, Valle D. Aedes Aegypti: Surveillance, Resistance Monitoring and Control Alternatives in Brazil. Epidemiol Health Serv (2007) 16:295&#x2013;302. doi: 10.5123/S1679-49742007000400007</Citation><ArticleIdList><ArticleId IdType="doi">10.5123/S1679-49742007000400007</ArticleId></ArticleIdList></Reference><Reference><Citation>Guo S, Li X, He P, Ho H, Wu Y, He Y. Whole-Genome Sequencing of Bacillus Subtilis XF-1 Reveals Mechanisms for Biological Control and Multiple Beneficial Properties in Plants. J Ind Microbiol Biotechnol (2015) 42(6):925&#x2013;37. doi:&#xa0;10.1007/s10295-015-1612-y</Citation><ArticleIdList><ArticleId IdType="doi">10.1007/s10295-015-1612-y</ArticleId><ArticleId IdType="pubmed">25860123</ArticleId></ArticleIdList></Reference><Reference><Citation>Doloi D. A Study on Certain Biological Control Methods to Control and Manage Vector-Borne Diseases. Int J Mosq Res (2021) 8(1):31&#x2013;4. doi:&#xa0;10.22271/23487941.2021.v8.i1a.497</Citation><ArticleIdList><ArticleId IdType="doi">10.22271/23487941.2021.v8.i1a.497</ArticleId></ArticleIdList></Reference><Reference><Citation>Lees R, Carvalho D, Bouyer J. Potential Impact of Integrating the Sterile Insect Technique Into the Fight Against Disease-Transmitting Mosquitoes. In: Sterile Insect Technique. Boca Raton, Florida: CRC Press; (2021). p. 1081&#x2013;118. doi:&#xa0;10.1201/9781003035572-33</Citation><ArticleIdList><ArticleId IdType="doi">10.1201/9781003035572-33</ArticleId></ArticleIdList></Reference><Reference><Citation>Carvalho KDS, Guedes DRD, Crespo MM, de Melo-Santos MAV, Silva-Filha MHNL. Aedes Aegypti Continuously Exposed to Bacillus Thuringiensis Svar. Israelensis Does Not Exhibit Changes in Life Traits But Displays Increased Susceptibility for Zika Virus. Parasites Vectors (2021) 14:379. doi:&#xa0;10.1186/s13071-021-04880-6</Citation><ArticleIdList><ArticleId IdType="doi">10.1186/s13071-021-04880-6</ArticleId><ArticleId IdType="pmc">PMC8317411</ArticleId><ArticleId IdType="pubmed">34321098</ArticleId></ArticleIdList></Reference><Reference><Citation>Davis J, Bibbs CS, M&#xfc;ller GC, Xue R-D. Evaluation of Bacillus Thuringiensis Israelensis as Toxic Sugar Bait Against Adult Aedes Aegypti, Aedes Albopictus, and Culex Quinquefasciatus Mosquitoes. J Vector Ecol (2021) 46(1):30&#x2013;3. doi:&#xa0;10.52707/1081-1710-46.1.30</Citation><ArticleIdList><ArticleId IdType="doi">10.52707/1081-1710-46.1.30</ArticleId><ArticleId IdType="pubmed">35229579</ArticleId></ArticleIdList></Reference><Reference><Citation>Nair K, Al-Thani R, Jaoua S. Bacillus Thuringiensis Strain QBT220 Pbtoxis Plasmid Structural Instability Enhances &#x3b4;-Endotoxins Synthesis and Bioinsecticidal Activity. Ecotoxicol Environ Saf (2021) 228:112975. doi:&#xa0;10.1016/j.ecoenv.2021.112975</Citation><ArticleIdList><ArticleId IdType="doi">10.1016/j.ecoenv.2021.112975</ArticleId><ArticleId IdType="pubmed">34773843</ArticleId></ArticleIdList></Reference><Reference><Citation>Palma L, Mu&#xf1;oz D, Berry C, Murillo J, Caballero P. Bacillus Thuringiensis Toxins: An Overview of Their Biocidal Activity. Toxins (2014) 6(12):3296&#x2013;325. doi:&#xa0;10.3390/toxins6123296</Citation><ArticleIdList><ArticleId IdType="doi">10.3390/toxins6123296</ArticleId><ArticleId IdType="pmc">PMC4280536</ArticleId><ArticleId IdType="pubmed">25514092</ArticleId></ArticleIdList></Reference><Reference><Citation>Van Frankenhuyzen K. Insecticidal Activity of Bacillus Thuringiensis Crystal Proteins. J Invertebr Pathol (2009) 101(1):1&#x2013;16. doi:&#xa0;10.1016/j.jip.2009.02.009</Citation><ArticleIdList><ArticleId IdType="doi">10.1016/j.jip.2009.02.009</ArticleId><ArticleId IdType="pubmed">19269294</ArticleId></ArticleIdList></Reference><Reference><Citation>Van Frankenhuyzen K. Cross-Order and Cross-Phylum Activity of Bacillus Thuringiensis Pesticidal Proteins. J Invertebr Pathol (2013) 114:76&#x2013;85. doi: 10.1016/j.jip.2013.05.010</Citation><ArticleIdList><ArticleId IdType="doi">10.1016/j.jip.2013.05.010</ArticleId><ArticleId IdType="pubmed">23747826</ArticleId></ArticleIdList></Reference><Reference><Citation>Rao P, Goswami D, Rawal R. Cry Toxins of Bacillus Thuringiensis: A Glimpse Into the Pandora&#x2019;s Box for the Strategic Control of Vector Borne Diseases. Environ Sustain (2021) 4:23&#x2013;37. doi:&#xa0;10.1007/s42398-020-00151-9</Citation><ArticleIdList><ArticleId IdType="doi">10.1007/s42398-020-00151-9</ArticleId></ArticleIdList></Reference><Reference><Citation>Lee SB, Chen J, Aimanova KG, Gill SS. Aedes Cadherin Mediates the In Vivo Toxicity of the Cry11Aa Toxin to Aedes Aegypti. Peptides (2015) 68:140&#x2013;7. doi:&#xa0;10.1016/j.peptides.2014.07.015</Citation><ArticleIdList><ArticleId IdType="doi">10.1016/j.peptides.2014.07.015</ArticleId><ArticleId IdType="pmc">PMC4305047</ArticleId><ArticleId IdType="pubmed">25064814</ArticleId></ArticleIdList></Reference><Reference><Citation>Silva-Filha MHNL, Rom&#xe3;o TP, Rezende TMT, Carvalho KDS, de Menezes HSG, Alexandre do Nascimento N, et al. . Bacterial Toxins Active Against Mosquitoes: Mode of Action and Resistance. Toxins (2021) 13(8):523. doi:&#xa0;10.3390/toxins13080523</Citation><ArticleIdList><ArticleId IdType="doi">10.3390/toxins13080523</ArticleId><ArticleId IdType="pmc">PMC8402332</ArticleId><ArticleId IdType="pubmed">34437394</ArticleId></ArticleIdList></Reference><Reference><Citation>Wu J, Wei L, He J, Fu K, Li X, Jia L, et al. . Characterization of a Novel Bacillus Thuringiensis Toxin Active Against Aedes Aegypti Larvae. Acta Trop (2021) 223:106088. doi:&#xa0;10.1016/j.actatropica.2021.106088</Citation><ArticleIdList><ArticleId IdType="doi">10.1016/j.actatropica.2021.106088</ArticleId><ArticleId IdType="pubmed">34389325</ArticleId></ArticleIdList></Reference><Reference><Citation>Knight PJ, Knowles BH, Ellar DJ. Molecular Cloning of an Insect Aminopeptidase N That Serves as a Receptor for Bacillus Thuringiensis CryIA (C) Toxin. J Biol Chem (1995) 270:17765&#x2013;70. doi:&#xa0;10.1074/jbc.270.30.17765</Citation><ArticleIdList><ArticleId IdType="doi">10.1074/jbc.270.30.17765</ArticleId><ArticleId IdType="pubmed">7629076</ArticleId></ArticleIdList></Reference><Reference><Citation>Jurat-Fuentes JL, Gahan LJ, Gould FL, Heckel DG, Adang MJ. The HevCaLP Protein Mediates Binding Specificity of the Cry1A Class of Bacillus Thuringiensis Toxins in Heliothis virescens . Biochem (2004) 43(44):14299&#x2013;305. doi:&#xa0;10.1021/bi048500i</Citation><ArticleIdList><ArticleId IdType="doi">10.1021/bi048500i</ArticleId><ArticleId IdType="pubmed">15518581</ArticleId></ArticleIdList></Reference><Reference><Citation>Fernandez LE, Aimanova KG, Gill SS, Bravo A, Sober&#xf3;n M. A GPI-Anchored Alkaline Phosphatase Is a Functional Midgut Receptor of Cry11Aa Toxin in Aedes Aegypti Larvae. Biochem J (2006) 394(1):77&#x2013;84. doi:&#xa0;10.1042/BJ20051517</Citation><ArticleIdList><ArticleId IdType="doi">10.1042/BJ20051517</ArticleId><ArticleId IdType="pmc">PMC1386005</ArticleId><ArticleId IdType="pubmed">16255715</ArticleId></ArticleIdList></Reference><Reference><Citation>Bravo A, Gill SS, Soberon M. Mode of Action of Bacillus Thuringiensis Cry and Cyt Toxins and Their Potential for Insect Control. Toxicon (2007) 49(4):423&#x2013;35. doi:&#xa0;10.1016/j.toxicon.2006.11.022</Citation><ArticleIdList><ArticleId IdType="doi">10.1016/j.toxicon.2006.11.022</ArticleId><ArticleId IdType="pmc">PMC1857359</ArticleId><ArticleId IdType="pubmed">17198720</ArticleId></ArticleIdList></Reference><Reference><Citation>Gahan LJ, Pauchet Y, Vogel H, Heckel DG. An ABC Transporter Mutation Is Correlated With Insect Resistance to Bacillus Thuringiensis Cry1Ac Toxin. PloS Genet (2010) 6(12):e1001248. doi:&#xa0;10.1371/journal.pgen.1001248</Citation><ArticleIdList><ArticleId IdType="doi">10.1371/journal.pgen.1001248</ArticleId><ArticleId IdType="pmc">PMC3002984</ArticleId><ArticleId IdType="pubmed">21187898</ArticleId></ArticleIdList></Reference><Reference><Citation>Park Y, Gonz&#xe1;lez-Mart&#xed;nez RM, Navarro-Cerrillo G, Chakroun M, Kim Y, Ziarsolo P, et al. . ABCC Transporters Mediate Insect Resistance to Multiple Bt Toxins Revealed by Bulk Segregant Analysis. BMC Biol (2014) 12:46&#x2013;6. doi:&#xa0;10.1186/1741-7007-12-46</Citation><ArticleIdList><ArticleId IdType="doi">10.1186/1741-7007-12-46</ArticleId><ArticleId IdType="pmc">PMC4071345</ArticleId><ArticleId IdType="pubmed">24912445</ArticleId></ArticleIdList></Reference><Reference><Citation>Chen J, Aimanova KG, Gill SS. Aedes Cadherin Receptor That Mediates Bacillus Thuringiensis Cry11A Toxicity Is Essential for Mosquito Development. PloS Negl Trop Dis (2020) 14(2):e0007948. doi:&#xa0;10.1371/journal.pntd.0007948</Citation><ArticleIdList><ArticleId IdType="doi">10.1371/journal.pntd.0007948</ArticleId><ArticleId IdType="pmc">PMC7018227</ArticleId><ArticleId IdType="pubmed">32012156</ArticleId></ArticleIdList></Reference><Reference><Citation>Wang J, Yang X, He H, Chen J, Liu Y, Huang W, et al. . Knockout of Two Cry-Binding Aminopeptidase N Isoforms Does Not Change Susceptibility of Aedes Aegypti Larvae to Bacillus Thuringiensis Subsp. Israelensis Cry4Ba and Cry11Aa Toxins. Insects (2021) 12(3):223. doi:&#xa0;10.3390/insects12030223</Citation><ArticleIdList><ArticleId IdType="doi">10.3390/insects12030223</ArticleId><ArticleId IdType="pmc">PMC8002144</ArticleId><ArticleId IdType="pubmed">33807543</ArticleId></ArticleIdList></Reference><Reference><Citation>Federici BA, Bauer LS. Cyt1Aa Protein of Bacillus thuringiensisIs Toxic to the Cottonwood Leaf Beetle, Chrysomela Scripta, and Suppresses High Levels of Resistance to Cry3Aa. Appl Environ Microbiol (1998) 64(11):4368&#x2013;71. doi:&#xa0;10.1128/AEM.64.11.4368-4371.1998</Citation><ArticleIdList><ArticleId IdType="doi">10.1128/AEM.64.11.4368-4371.1998</ArticleId><ArticleId IdType="pmc">PMC106654</ArticleId><ArticleId IdType="pubmed">9797292</ArticleId></ArticleIdList></Reference><Reference><Citation>Sieiro C, Pichardo-Gallardo &#xc1;., Areal-Hermida L, Almui&#xf1;a-Gonz&#xe1;lez R, Villa TG. Parasporal Crystal Toxins in Bacillus Thuringiensis. In: Developmental Biology in Prokaryotes and Lower Eukaryotes. Springer Nature Switzerland AG: Springer; (2021). p. 125&#x2013;48. doi:&#xa0;10.1007/978-3-030-77595-7_4</Citation><ArticleIdList><ArticleId IdType="doi">10.1007/978-3-030-77595-7_4</ArticleId></ArticleIdList></Reference><Reference><Citation>Zhang L, Tang B, Huang E, Huang Z, Liu Z, Huang T, et al. . Different Toxicity of the Novel Bacillus Thuringiensis (Bacillales: Bacillaceae) Strain LLP29 Against Aedes Albopictus and Culex Quinquefasciatus (Diptera: Culicidae). J Econ Entomol (2013) 106:1098&#x2013;102. doi:&#xa0;10.1603/EC12308</Citation><ArticleIdList><ArticleId IdType="doi">10.1603/EC12308</ArticleId><ArticleId IdType="pubmed">23865172</ArticleId></ArticleIdList></Reference><Reference><Citation>Mcconnell MT, Lisgarten DR, Byrne LJ, Harvey SC, Bertolo E. Winter Aconite (Eranthis Hyemalis) Lectin as a Cytotoxic Effector in the Lifecycle of Caenorhabditis Elegans . PeerJ (2015) 3:e1206. doi:&#xa0;10.7717/peerj.1206</Citation><ArticleIdList><ArticleId IdType="doi">10.7717/peerj.1206</ArticleId><ArticleId IdType="pmc">PMC4548470</ArticleId><ArticleId IdType="pubmed">26312191</ArticleId></ArticleIdList></Reference><Reference><Citation>Pang X, Xiao X, Liu Y, Zhang R, Liu J, Liu Q, et al. . Mosquito C-Type Lectins Maintain Gut Microbiome Homeostasis. Nat Microbiol (2016) 1:1&#x2013;11. doi:&#xa0;10.1038/nmicrobiol.2016.23</Citation><ArticleIdList><ArticleId IdType="doi">10.1038/nmicrobiol.2016.23</ArticleId><ArticleId IdType="pmc">PMC4861079</ArticleId><ArticleId IdType="pubmed">27170846</ArticleId></ArticleIdList></Reference><Reference><Citation>Fiorentino MA, Paolicchi FA, Campero CM, Barbeito CG. Lectin Binding Patterns and Immunohistochemical Antigen Detection in Placenta and Lungs of Brucella Abortus-Bovine Infected Fetuses. Open Vet J (2018) 8(1):57&#x2013;63. doi:&#xa0;10.4314/ovj.v8i1.10</Citation><ArticleIdList><ArticleId IdType="doi">10.4314/ovj.v8i1.10</ArticleId><ArticleId IdType="pmc">PMC5918125</ArticleId><ArticleId IdType="pubmed">29721433</ArticleId></ArticleIdList></Reference><Reference><Citation>Dorsch MA, De Yaniz MG, Fiorani F, Hecker YP, Odeon AC, Morrell EL, et al. . A Descriptive Study of Lectin Histochemistry of the Placenta in Cattle Following Inoculation of Neospora Caninum . J Comp Pathol (2019) 166:45&#x2013;53. doi:&#xa0;10.1016/j.jcpa.2018.10.172</Citation><ArticleIdList><ArticleId IdType="doi">10.1016/j.jcpa.2018.10.172</ArticleId><ArticleId IdType="pubmed">30691605</ArticleId></ArticleIdList></Reference><Reference><Citation>Li J-Y, Lin J-H, Fernandez-Grandon GM, Zhang J-Y, You M-S, Xia X-F. Functional Identification of C-Type Lectin in the Diamondback Moth, Plutella Xylostella (L.) Innate Immunity. J Integr Agric (2021) 20(12):3240&#x2013;55. doi:&#xa0;10.1016/S2095-3119(21)63650-X</Citation><ArticleIdList><ArticleId IdType="doi">10.1016/S2095-3119(21)63650-X</ArticleId></ArticleIdList></Reference><Reference><Citation>Liu F-F, Liu Z, Li H, Zhang W-T, Wang Q, Zhang B-X, et al. . CTL10 has Multiple Functions in the Innate Immune Responses of the Silkworm, Bombyx Mori . Dev Comp Immunol (2021) 127:104309. doi:&#xa0;10.1016/j.dci.2021.104309</Citation><ArticleIdList><ArticleId IdType="doi">10.1016/j.dci.2021.104309</ArticleId><ArticleId IdType="pubmed">34748796</ArticleId></ArticleIdList></Reference><Reference><Citation>Ahmed H. Animal Lectins: A Functional View. Boca Raton, Florida: Crc Press; (2008). doi:&#xa0;10.1201/9781420006971</Citation><ArticleIdList><ArticleId IdType="doi">10.1201/9781420006971</ArticleId></ArticleIdList></Reference><Reference><Citation>Eleftherianos I, Zhang W, Heryanto C, Mohamed A, Contreras G, Tettamanti G, et al. . Diversity of Insect Antimicrobial Peptides and Proteins-A Functional Perspective: A Review. Int J Biol Macromol (2021) 191:277&#x2013;87. doi:&#xa0;10.1016/j.ijbiomac.2021.09.082</Citation><ArticleIdList><ArticleId IdType="doi">10.1016/j.ijbiomac.2021.09.082</ArticleId><ArticleId IdType="pubmed">34543628</ArticleId></ArticleIdList></Reference><Reference><Citation>Weis WI, Taylor ME, Drickamer K. The C-Type Lectin Superfamily in the Immune System. Immunol Rev (1998) 163:19&#x2013;34. doi:&#xa0;10.1111/j.1600-065X.1998.tb01185.x</Citation><ArticleIdList><ArticleId IdType="doi">10.1111/j.1600-065X.1998.tb01185.x</ArticleId><ArticleId IdType="pubmed">9700499</ArticleId></ArticleIdList></Reference><Reference><Citation>Zelensky AN, Gready JE. The C-Type Lectin-Like Domain Superfamily. FEBS J (2005) 272:6179&#x2013;217. doi: 10.1111/j.1742-4658.2005.05031.x</Citation><ArticleIdList><ArticleId IdType="doi">10.1111/j.1742-4658.2005.05031.x</ArticleId><ArticleId IdType="pubmed">16336259</ArticleId></ArticleIdList></Reference><Reference><Citation>Waterhouse RM, Kriventseva EV, Meister S, Xi Z, Alvarez KS, Bartholomay LC, et al. . Evolutionary Dynamics of Immune-Related Genes and Pathways in Disease-Vector Mosquitoes. science (2007) 316:1738&#x2013;43. doi:&#xa0;10.1126/science.1139862</Citation><ArticleIdList><ArticleId IdType="doi">10.1126/science.1139862</ArticleId><ArticleId IdType="pmc">PMC2042107</ArticleId><ArticleId IdType="pubmed">17588928</ArticleId></ArticleIdList></Reference><Reference><Citation>Zhang X, He Y, Cao X, Gunaratna RT, Chen Y-R, Blissard G, et al. . Phylogenetic Analysis and Expression Profiling of the Pattern Recognition Receptors: Insights Into Molecular Recognition of Invading Pathogens in Manduca Sexta . Insect Biochem Mol Biol (2015) 62:38&#x2013;50. doi:&#xa0;10.1016/j.ibmb.2015.02.001</Citation><ArticleIdList><ArticleId IdType="doi">10.1016/j.ibmb.2015.02.001</ArticleId><ArticleId IdType="pmc">PMC4476941</ArticleId><ArticleId IdType="pubmed">25701384</ArticleId></ArticleIdList></Reference><Reference><Citation>Chen H, Cai X, Qiu H, Fang J, Wu X. A Novel C-Type Lectin From Crassostrea Gigas Involved in the Innate Defense Against Vibrio Alginolyticus. Biochem Biophys Res Commun (2021) 566:155&#x2013;63. doi:&#xa0;10.1016/j.bbrc.2021.05.092</Citation><ArticleIdList><ArticleId IdType="doi">10.1016/j.bbrc.2021.05.092</ArticleId><ArticleId IdType="pubmed">34126346</ArticleId></ArticleIdList></Reference><Reference><Citation>Bourne Y, Roig-Zamboni V, Barre A, Peumans WJ, Astoul CH, Van Damme EJ, et al. . The Crystal Structure of the Calystegia Sepium Agglutinin Reveals a Novel Quaternary Arrangement of Lectin Subunits With a &#x3b2;-Prism Fold. J&#xa0;Biol Chem (2004) 279(1):527&#x2013;33. doi:&#xa0;10.1074/jbc.M308218200</Citation><ArticleIdList><ArticleId IdType="doi">10.1074/jbc.M308218200</ArticleId><ArticleId IdType="pubmed">14561768</ArticleId></ArticleIdList></Reference><Reference><Citation>Meagher JL, Winter HC, Ezell P, Goldstein IJ, Stuckey JA. Crystal Structure of Banana Lectin Reveals a Novel Second Sugar Binding Site. Glycobiology (2005) 15:1033&#x2013;42. doi:&#xa0;10.1093/glycob/cwi088</Citation><ArticleIdList><ArticleId IdType="doi">10.1093/glycob/cwi088</ArticleId><ArticleId IdType="pubmed">15944373</ArticleId></ArticleIdList></Reference><Reference><Citation>Lee S-B, Aimanova KG, Gill SS. Alkaline Phosphatases and Aminopeptidases Are Altered in a Cry11Aa Resistant Strain of Aedes Aegypti. Insect Biochem Mol Biol (2014) 54:112&#x2013;21. doi:&#xa0;10.1016/j.ibmb.2014.09.004</Citation><ArticleIdList><ArticleId IdType="doi">10.1016/j.ibmb.2014.09.004</ArticleId><ArticleId IdType="pmc">PMC4254116</ArticleId><ArticleId IdType="pubmed">25242559</ArticleId></ArticleIdList></Reference><Reference><Citation>Chen J, Aimanova KG, Fernandez LE, Bravo A, Soberon M, Gill SS. Aedes Aegypti Cadherin Serves as a Putative Receptor of the Cry11Aa Toxin From Bacillus Thuringiensis Subsp. Israelensis. Biochem J (2009) 424(2):191&#x2013;200. doi:&#xa0;10.1042/BJ20090730</Citation><ArticleIdList><ArticleId IdType="doi">10.1042/BJ20090730</ArticleId><ArticleId IdType="pmc">PMC3702384</ArticleId><ArticleId IdType="pubmed">19732034</ArticleId></ArticleIdList></Reference><Reference><Citation>Chen J, Aimanova KG, Pan S, Gill SS. Identification and Characterization of Aedes Aegypti Aminopeptidase N as a Putative Receptor of Bacillus Thuringiensis Cry11A Toxin. Insect Biochem Mol Biol (2009) 39(10):688&#x2013;96. doi:&#xa0;10.1016/j.ibmb.2009.08.003</Citation><ArticleIdList><ArticleId IdType="doi">10.1016/j.ibmb.2009.08.003</ArticleId><ArticleId IdType="pmc">PMC2763025</ArticleId><ArticleId IdType="pubmed">19698787</ArticleId></ArticleIdList></Reference><Reference><Citation>Likitvivatanavong S, Chen J, Evans AM, Bravo A, Soberon M, Gill SS. Multiple Receptors as Targets of Cry Toxins in Mosquitoes. JAFC (2011) 59:2829&#x2013;38. doi:&#xa0;10.1021/jf1036189</Citation><ArticleIdList><ArticleId IdType="doi">10.1021/jf1036189</ArticleId><ArticleId IdType="pmc">PMC3686494</ArticleId><ArticleId IdType="pubmed">21210704</ArticleId></ArticleIdList></Reference><Reference><Citation>Chen J, Likitvivatanavong S, Aimanova KG, Gill SS. A 104 kDa Aedes Aegypti Aminopeptidase N Is a Putative Receptor for the Cry11Aa Toxin From Bacillus Thuringiensis Subsp. Israelensis. Insect Biochem Mol Biol (2013) 43(12):1201&#x2013;8. doi:&#xa0;10.1016/j.ibmb.2013.09.007</Citation><ArticleIdList><ArticleId IdType="doi">10.1016/j.ibmb.2013.09.007</ArticleId><ArticleId IdType="pmc">PMC3872109</ArticleId><ArticleId IdType="pubmed">24128608</ArticleId></ArticleIdList></Reference><Reference><Citation>Valaitis AP, Podgwaite JD. Bacillus Thuringiensis Cry1A Toxin-Binding Glycoconjugates Present on the Brush Border Membrane and in the Peritrophic Membrane of the Douglas-Fir Tussock Moth Are Peritrophins. J Invertebr Pathol (2013) 112(1):1&#x2013;8. doi:&#xa0;10.1016/j.jip.2012.10.002</Citation><ArticleIdList><ArticleId IdType="doi">10.1016/j.jip.2012.10.002</ArticleId><ArticleId IdType="pubmed">23108174</ArticleId></ArticleIdList></Reference><Reference><Citation>Burton SL, Ellar DJ, Li J, Derbyshire DJ. N-Acetylgalactosamine on the Putative Insect Receptor Aminopeptidase N Is Recognised by a Site on the Domain III Lectin-Like Fold of aBacillus Thuringiensis Insecticidal Toxin. J&#xa0;Mol Biol (1999) 287(5):1011&#x2013;22. doi:&#xa0;10.1006/jmbi.1999.2649</Citation><ArticleIdList><ArticleId IdType="doi">10.1006/jmbi.1999.2649</ArticleId><ArticleId IdType="pubmed">10222207</ArticleId></ArticleIdList></Reference><Reference><Citation>Jenkins JL, Lee MK, Sangadala S, Adang MJ, Dean DH. Binding of Bacillus Thuringiensis Cry1Ac Toxin to Manduca Sexta Aminopeptidase-N Receptor Is Not Directly Related to Toxicity. FEBS Lett (1999) 462:373&#x2013;6. doi:&#xa0;10.1016/S0014-5793(99)01559-8</Citation><ArticleIdList><ArticleId IdType="doi">10.1016/S0014-5793(99)01559-8</ArticleId><ArticleId IdType="pubmed">10622728</ArticleId></ArticleIdList></Reference><Reference><Citation>Feng D, Chen Z, Wang Z, Zhang C, He K, Guo S. Domain III of Bacillus Thuringiensis Cry1Ie Toxin Plays an Important Role in Binding to Peritrophic Membrane of Asian Corn Borer. PloS One (2015) 10(8):e0136430. doi:&#xa0;10.1371/journal.pone.0136430</Citation><ArticleIdList><ArticleId IdType="doi">10.1371/journal.pone.0136430</ArticleId><ArticleId IdType="pmc">PMC4546665</ArticleId><ArticleId IdType="pubmed">26295704</ArticleId></ArticleIdList></Reference><Reference><Citation>De Maagd RA, Bravo A, Berry C, Crickmore N, Schnepf HE. Structure, Diversity, and Evolution of Protein Toxins From Spore-Forming Entomopathogenic Bacteria. Annu Rev Genet (2003) 37:409&#x2013;33. doi:&#xa0;10.1146/annurev.genet.37.110801.143042</Citation><ArticleIdList><ArticleId IdType="doi">10.1146/annurev.genet.37.110801.143042</ArticleId><ArticleId IdType="pubmed">14616068</ArticleId></ArticleIdList></Reference><Reference><Citation>Rees JS, Jarrett P, Ellar DJ. Peritrophic Membrane Contribution to Bt Cry &#x3b4;-Endotoxin Susceptibility in Lepidoptera and the Effect of Calcofluor. J Invertebrate Pathol (2009) 100(3):139&#x2013;46. doi:&#xa0;10.1016/j.jip.2009.01.002</Citation><ArticleIdList><ArticleId IdType="doi">10.1016/j.jip.2009.01.002</ArticleId><ArticleId IdType="pubmed">19320042</ArticleId></ArticleIdList></Reference><Reference><Citation>Mack RN, Simberloff D, Mark Lonsdale W, Evans H, Clout M, Bazzaz FA. Biotic Invasions: Causes, Epidemiology, Global Consequences, and Control. Ecol Appl (2000) 10:689&#x2013;710. doi:&#xa0;10.1890/1051-0761(2000)010[0689:BICEGC]2.0.CO;2</Citation><ArticleIdList><ArticleId IdType="doi">10.1890/1051-0761(2000)010[0689:BICEGC]2.0.CO;2</ArticleId></ArticleIdList></Reference><Reference><Citation>Lounibos LP. Invasions by Insect Vectors of Human Disease. Annu Rev Entomol (2002) 47:233&#x2013;66. doi:&#xa0;10.1146/annurev.ento.47.091201.145206</Citation><ArticleIdList><ArticleId IdType="doi">10.1146/annurev.ento.47.091201.145206</ArticleId><ArticleId IdType="pubmed">11729075</ArticleId></ArticleIdList></Reference><Reference><Citation>Vil&#xe0; M, Dunn AM, Essl F, G&#xf3;mez-D&#xed;az E, Hulme PE, Jeschke JM, et al. . Viewing Emerging Human Infectious Epidemics Through the Lens of Invasion Biology. BioScience (2021) 71(7):722&#x2013;40. doi:&#xa0;10.1093/biosci/biab047</Citation><ArticleIdList><ArticleId IdType="doi">10.1093/biosci/biab047</ArticleId></ArticleIdList></Reference><Reference><Citation>Rose NH, Sylla M, Badolo A, Lutomiah J, Ayala D, Aribodor OB, et al. . Climate and Urbanization Drive Mosquito Preference for Humans. Curr Biol (2020) 30(18):3570&#x2013;9:e3576. doi:&#xa0;10.1016/j.cub.2020.06.092</Citation><ArticleIdList><ArticleId IdType="doi">10.1016/j.cub.2020.06.092</ArticleId><ArticleId IdType="pmc">PMC7511451</ArticleId><ArticleId IdType="pubmed">32707056</ArticleId></ArticleIdList></Reference><Reference><Citation>Gubler DJ. Dengue and Dengue Hemorrhagic Fever. Clin Microbiol Rev (1998) 11(3):480&#x2013;96. doi:&#xa0;10.1128/CMR.11.3.480</Citation><ArticleIdList><ArticleId IdType="doi">10.1128/CMR.11.3.480</ArticleId><ArticleId IdType="pmc">PMC88892</ArticleId><ArticleId IdType="pubmed">9665979</ArticleId></ArticleIdList></Reference><Reference><Citation>Gubler DJ. Resurgent Vector-Borne Diseases as a Global Health Problem. Emerg Infect Dis (1998) 4(3):442&#x2013;50. doi: 10.3201/eid0403.980326</Citation><ArticleIdList><ArticleId IdType="doi">10.3201/eid0403.980326</ArticleId><ArticleId IdType="pmc">PMC2640300</ArticleId><ArticleId IdType="pubmed">9716967</ArticleId></ArticleIdList></Reference><Reference><Citation>Gubler DJ, Reiter P, Ebi KL, Yap W, Nasci R, Patz JA. Climate Variability and Change in the United States: Potential Impacts on Vector-and Rodent-Borne Diseases. Environ Health Perspect (2001) 109:223. doi:&#xa0;10.1289/ehp.109-1240669</Citation><ArticleIdList><ArticleId IdType="doi">10.1289/ehp.109-1240669</ArticleId><ArticleId IdType="pmc">PMC1240669</ArticleId><ArticleId IdType="pubmed">11359689</ArticleId></ArticleIdList></Reference><Reference><Citation>Gubler DJ. Epidemic Dengue/Dengue Hemorrhagic Fever as a Public Health, Social and Economic Problem in the 21st Century. Trends Microbiol (2002) 10(2):100&#x2013;3. doi:&#xa0;10.1016/S0966-842X(01)02288-0</Citation><ArticleIdList><ArticleId IdType="doi">10.1016/S0966-842X(01)02288-0</ArticleId><ArticleId IdType="pubmed">11827812</ArticleId></ArticleIdList></Reference><Reference><Citation>Vasconcelos PFDC. Doen&#xe7;a Pelo V&#xed;rus Zika: A New Emerging Problem in the Americas? Pan-Amazonian Health Magazine (2015) 6:9&#x2013;10. doi:&#xa0;10.5123/S2176-62232015000200001</Citation><ArticleIdList><ArticleId IdType="doi">10.5123/S2176-62232015000200001</ArticleId></ArticleIdList></Reference><Reference><Citation>
WHO . Alert Global Response (GAR): Impact of Dengue. World Health Organization;  (2013). Available at: http://www.who.int/csr/disease/dengue/impact/en.</Citation></Reference><Reference><Citation>Oliveira RMD. Dengue in Rio De Janeiro: Rethinking Popular Participation in Health. Cad Public Health (1998) 14:S69&#x2013;78. doi: 10.1590/S0102-311X1998000600006</Citation><ArticleIdList><ArticleId IdType="doi">10.1590/S0102-311X1998000600006</ArticleId><ArticleId IdType="pubmed">9700226</ArticleId></ArticleIdList></Reference><Reference><Citation>Vilarinhos P, Dias J, Andrade C, Ara&#xfa;jo-Coutinho C. Use of Bacteria for the Control of Culicidae and Simuliidae. Alves SB. Microbial Control of Insects. Piracicaba: Luiz Queiroz Agrarian Stud Foundation (1998) 20:447&#x2013;80. doi: 10.1016/j.rbe.2017.11.004</Citation><ArticleIdList><ArticleId IdType="doi">10.1016/j.rbe.2017.11.004</ArticleId></ArticleIdList></Reference><Reference><Citation>Reb&#xea;lo JMM, Costa JML, Silva FS, Pereira YNO, Silva JMD. Distribution of Aedes Aegypti and Dengue in the State of Maranh&#xe3;o, Brasil. Cadernos Sa&#xfa;de P&#xfa;blica (1999) 15:477&#x2013;86. doi: 10.1590/S0102-311X1999000300004</Citation><ArticleIdList><ArticleId IdType="doi">10.1590/S0102-311X1999000300004</ArticleId><ArticleId IdType="pubmed">10502143</ArticleId></ArticleIdList></Reference><Reference><Citation>Gloria-Soria A, Ayala D, Bheecarry A, Calderon-Arguedas O, Chadee DD, Chiappero M, et al. . Global Genetic Diversity of Aedes Aegypti . Mol Ecol (2016) 25(21):5377&#x2013;95. doi:&#xa0;10.1111/mec.13866</Citation><ArticleIdList><ArticleId IdType="doi">10.1111/mec.13866</ArticleId><ArticleId IdType="pmc">PMC5123671</ArticleId><ArticleId IdType="pubmed">27671732</ArticleId></ArticleIdList></Reference><Reference><Citation>Brown JE, Mcbride CS, Johnson P, Ritchie S, Paupy C, Bossin H, et al. . Worldwide Patterns of Genetic Differentiation Imply Multiple &#x2018;Domestications&#x2019; of Aedes Aegypti, a Major Vector of Human Diseases. Proc R Soc B (2011) 278(1717):2446&#x2013;54. doi:&#xa0;10.1098/rspb.2010.2469</Citation><ArticleIdList><ArticleId IdType="doi">10.1098/rspb.2010.2469</ArticleId><ArticleId IdType="pmc">PMC3125627</ArticleId><ArticleId IdType="pubmed">21227970</ArticleId></ArticleIdList></Reference><Reference><Citation>Brown JE, Evans BR, Zheng W, Obas V, Barrera-Martinez L, Egizi A, et al. . Human Impacts Have Shaped Historical and Recent Evolution in Aedes Aegypti, the Dengue and Yellow Fever Mosquito. Evolution (2014) 68(2):514&#x2013;25. doi:&#xa0;10.1111/evo.12281</Citation><ArticleIdList><ArticleId IdType="doi">10.1111/evo.12281</ArticleId><ArticleId IdType="pmc">PMC3946797</ArticleId><ArticleId IdType="pubmed">24111703</ArticleId></ArticleIdList></Reference><Reference><Citation>Bennett KL, Shija F, Linton YM, Misinzo G, Kaddumukasa M, Djouaka R, et al. . Historical Environmental Change in Africa Drives Divergence and Admixture of Aedes Aegypti Mosquitoes: A Precursor to Successful Worldwide Colonization? Mol Ecol (2016) 25:4337&#x2013;54. doi:&#xa0;10.1111/mec.13762</Citation><ArticleIdList><ArticleId IdType="doi">10.1111/mec.13762</ArticleId><ArticleId IdType="pubmed">27439067</ArticleId></ArticleIdList></Reference><Reference><Citation>Crawford JE, Alves JM, Palmer WJ, Day JP, Sylla M, Ramasamy R, et al. . Population Genomics Reveals That an Anthropophilic Population of Aedes Aegypti Mosquitoes in West Africa Recently Gave Rise to American and Asian Populations of This Major Disease Vector. BMC Biol (2017) 15:16. doi:&#xa0;10.1186/s12915-017-0351-0</Citation><ArticleIdList><ArticleId IdType="doi">10.1186/s12915-017-0351-0</ArticleId><ArticleId IdType="pmc">PMC5329927</ArticleId><ArticleId IdType="pubmed">28241828</ArticleId></ArticleIdList></Reference><Reference><Citation>Briegel H. Physiological Bases of Mosquito Ecology. J Vector Ecol (2003) 28(1):1&#x2013;11.</Citation><ArticleIdList><ArticleId IdType="pubmed">12831123</ArticleId></ArticleIdList></Reference><Reference><Citation>Clements A. The Biology of Mosquitoes: Development, Nutrition and Reproduction Vol. 1. Wallingford: CAB International publisher; (1992). p. 1978613.</Citation></Reference><Reference><Citation>Clements AN. The Biology of Mosquitoes. Volume 2: Sensory Reception and Behaviour. Wallingford. Localiza&#xe7;&#xe3;o: CABI publishing; (1999). BR1719.1;595.77 LI, C626b, 1999 v.</Citation></Reference><Reference><Citation>Hawkes FM, Hopkins RJ. The Mosquito: An Introduction. In: Mosquitopia. London, United Kingdom: Routledge; (2021). p. 16&#x2013;31. doi:&#xa0;10.4324/9781003056034-2</Citation><ArticleIdList><ArticleId IdType="doi">10.4324/9781003056034-2</ArticleId></ArticleIdList></Reference><Reference><Citation>Christophers S. Aedes Aegypti (L.) the Yellow Fever Mosquito: Its Life History, Bionomics and Structure. London: Cambridge University Press; (1960).</Citation></Reference><Reference><Citation>Foster W, Walker E. Mosquitoes (Culicidae). In: Mullen G, Durden L, editors. Med. Vet. Entomol. San Diego, CA: Academic; (2002). p. 203&#x2013;62.</Citation></Reference><Reference><Citation>Kraemer MU, Reiner RC, Brady OJ, Messina JP, Gilbert M, Pigott DM, et al. . Past and Future Spread of the Arbovirus Vectors Aedes Aegypti and Aedes Albopictus . Nat Microbiol (2019) 4:854&#x2013;63. doi:&#xa0;10.1038/s41564-019-0376-y</Citation><ArticleIdList><ArticleId IdType="doi">10.1038/s41564-019-0376-y</ArticleId><ArticleId IdType="pmc">PMC6522366</ArticleId><ArticleId IdType="pubmed">30833735</ArticleId></ArticleIdList></Reference><Reference><Citation>Morand S, Lajaunie C. Outbreaks of Vector-Borne and Zoonotic Diseases Are Associated With Changes in Forest Cover and Oil Palm Expansion at Global Scale. Front Vet Sci (2021) 8:661063. doi:&#xa0;10.3389/fvets.2021.661063</Citation><ArticleIdList><ArticleId IdType="doi">10.3389/fvets.2021.661063</ArticleId><ArticleId IdType="pmc">PMC8024476</ArticleId><ArticleId IdType="pubmed">33842581</ArticleId></ArticleIdList></Reference><Reference><Citation>Chen R, Vasilakis N. Dengue&#x2014; Where Are You and Where Are You Going? Viruses (2011) 3(9):1562&#x2013;608. doi:&#xa0;10.3390/v3091562</Citation><ArticleIdList><ArticleId IdType="doi">10.3390/v3091562</ArticleId><ArticleId IdType="pmc">PMC3187692</ArticleId><ArticleId IdType="pubmed">21994796</ArticleId></ArticleIdList></Reference><Reference><Citation>Burt FJ, Rolph MS, Rulli NE, Mahalingam S, Heise MT. Chikungunya: A Re-Emerging Virus. Lancet (2012) 379(9816):662&#x2013;71. doi:&#xa0;10.1016/S0140-6736(11)60281-X</Citation><ArticleIdList><ArticleId IdType="doi">10.1016/S0140-6736(11)60281-X</ArticleId><ArticleId IdType="pubmed">22100854</ArticleId></ArticleIdList></Reference><Reference><Citation>Calvez E, Guillaumot L, Millet L, Marie J, Bossin H, Rama V, et al. . Genetic Diversity and Phylogeny ofAedes Aegypti, the Main Arbovirus Vector in the Pacific. PloS Negl Trop Dis (2016) 10(1):e0004374. doi:&#xa0;10.1371/journal.pntd.0004374</Citation><ArticleIdList><ArticleId IdType="doi">10.1371/journal.pntd.0004374</ArticleId><ArticleId IdType="pmc">PMC4723151</ArticleId><ArticleId IdType="pubmed">26799213</ArticleId></ArticleIdList></Reference><Reference><Citation>Barrett AD, Higgs S. Yellow Fever: A Disease That has Yet to be Conquered. Annu Rev Entomol (2007) 52:209&#x2013;29. doi:&#xa0;10.1146/annurev.ento.52.110405.091454</Citation><ArticleIdList><ArticleId IdType="doi">10.1146/annurev.ento.52.110405.091454</ArticleId><ArticleId IdType="pubmed">16913829</ArticleId></ArticleIdList></Reference><Reference><Citation>Bovay A, Fuertes Marraco SA, Speiser DE. Yellow Fever Virus Vaccination: An Emblematic Model to Elucidate Robust Human Immune Responses. Hum Vaccines Immunother (2021) 17(8):2471&#x2013;81. doi:&#xa0;10.1080/21645515.2021.1891752</Citation><ArticleIdList><ArticleId IdType="doi">10.1080/21645515.2021.1891752</ArticleId><ArticleId IdType="pmc">PMC8475614</ArticleId><ArticleId IdType="pubmed">33909542</ArticleId></ArticleIdList></Reference><Reference><Citation>Guzman MG, Halstead SB, Artsob H, Buchy P, Farrar J, Gubler DJ, et al. . Dengue: A Continuing Global Threat. Nat Rev Microbiol (2010) 8:S7&#x2013;S16. doi:&#xa0;10.1038/nrmicro2460</Citation><ArticleIdList><ArticleId IdType="doi">10.1038/nrmicro2460</ArticleId><ArticleId IdType="pmc">PMC4333201</ArticleId><ArticleId IdType="pubmed">21079655</ArticleId></ArticleIdList></Reference><Reference><Citation>Pinheiro FP, Corber SJ. Global Situation of Dengue and Dengue Haemorrhagic Fever, and Its Emergence in the Americas. World Health Stat (1997) 50(3-4):161&#x2013;9.</Citation><ArticleIdList><ArticleId IdType="pubmed">9477544</ArticleId></ArticleIdList></Reference><Reference><Citation>Abd-Jamil J, Ngui R, Nellis S, Fauzi R, Lim ALY, Chinna K, et al. . Possible Factors Influencing the Seroprevalence of Dengue Among Residents of the Forest Fringe Areas of Peninsular Malaysia. J Trop Med (2020) 2020:1019238. doi:&#xa0;10.1155/2020/1019238</Citation><ArticleIdList><ArticleId IdType="doi">10.1155/2020/1019238</ArticleId><ArticleId IdType="pmc">PMC7267857</ArticleId><ArticleId IdType="pubmed">32536945</ArticleId></ArticleIdList></Reference><Reference><Citation>Bhatt S, Gething PW, Brady OJ, Messina JP, Farlow AW, Moyes CL, et al. . The Global Distribution and Burden of Dengue. Nature (2013) 496:504&#x2013;7. doi:&#xa0;10.1038/nature12060</Citation><ArticleIdList><ArticleId IdType="doi">10.1038/nature12060</ArticleId><ArticleId IdType="pmc">PMC3651993</ArticleId><ArticleId IdType="pubmed">23563266</ArticleId></ArticleIdList></Reference><Reference><Citation>Wang S-F, Chang K, Loh E-W, Wang W-H, Tseng S-P, Lu P-L, et al. . Consecutive Large Dengue Outbreaks in Taiwan in 2014&#x2013;2015. Emerg Microbes Infect (2016) 5:e123. doi:&#xa0;10.1038/emi.2016.124</Citation><ArticleIdList><ArticleId IdType="doi">10.1038/emi.2016.124</ArticleId><ArticleId IdType="pmc">PMC5180368</ArticleId><ArticleId IdType="pubmed">27924810</ArticleId></ArticleIdList></Reference><Reference><Citation>Yang X, Quam MBM, Zhang T, Sang S. Global Burden for Dengue and the Evolving Pattern in the Past 30 Years. J Travel Med (2021) 28(8):1&#x2013;11. doi:&#xa0;10.1093/jtm/taab146</Citation><ArticleIdList><ArticleId IdType="doi">10.1093/jtm/taab146</ArticleId><ArticleId IdType="pubmed">34510205</ArticleId></ArticleIdList></Reference><Reference><Citation>Carod-Artal FJ. Epidemiology and Neurological Complications of Infection by the Zika Virus: A New Emerging Neurotropic Virus. Reply. Rev Neurol (2016) 62(7):317&#x2013;28.</Citation><ArticleIdList><ArticleId IdType="pubmed">26988170</ArticleId></ArticleIdList></Reference><Reference><Citation>Teixeira MG, da Concei&#xe7;&#xe3;o N Costa M, de Oliveira WK, Nunes ML, Rodrigues LC. The Epidemic of Zika Virus&#x2013;Related Microcephaly in Brazil: Detection, Control, Etiology, and Future Scenarios. Am J Public Health (2016) 106:601&#x2013;5. doi:&#xa0;10.2105/ajph.2016.303113</Citation><ArticleIdList><ArticleId IdType="doi">10.2105/ajph.2016.303113</ArticleId><ArticleId IdType="pmc">PMC4816003</ArticleId><ArticleId IdType="pubmed">26959259</ArticleId></ArticleIdList></Reference><Reference><Citation>Fauci AS, Morens DM. Zika Virus in the Americas&#x2014;yet Another Arbovirus Threat. NEJM (2016) 374(7):601&#x2013;4. doi:&#xa0;10.1056/nejmp1600297</Citation><ArticleIdList><ArticleId IdType="doi">10.1056/nejmp1600297</ArticleId><ArticleId IdType="pubmed">26761185</ArticleId></ArticleIdList></Reference><Reference><Citation>Robinson MC. An Epidemic of Virus Disease in Southern Province, Tanganyika Territory, in 1952-53. I. Clinical Features. Trans R Soc Trop Med Hyg (1955) 49:28&#x2013;32. doi:&#xa0;10.1016/0035-9203(55)90080-8</Citation><ArticleIdList><ArticleId IdType="doi">10.1016/0035-9203(55)90080-8</ArticleId><ArticleId IdType="pubmed">14373834</ArticleId></ArticleIdList></Reference><Reference><Citation>Shrinet J, Jain S, Sharma A, Singh SS, Mathur K, Rana V, et al. . Genetic Characterization of Chikungunya Virus From New Delhi Reveal Emergence of a New Molecular Signature in Indian Isolates. Virol J (2012) 9:100. doi:&#xa0;10.1186/1743-422X-9-100</Citation><ArticleIdList><ArticleId IdType="doi">10.1186/1743-422X-9-100</ArticleId><ArticleId IdType="pmc">PMC3495852</ArticleId><ArticleId IdType="pubmed">22632412</ArticleId></ArticleIdList></Reference><Reference><Citation>Wimalasiri-Yapa BR, Stassen L, Huang X, Hafner LM, Hu W, Devine GJ, et al. . Chikungunya Virus in Asia&#x2013;Pacific: A Systematic Review. Emerg Microbes Infect (2019) 8:70&#x2013;9. doi:&#xa0;10.1080/22221751.2018.1559708</Citation><ArticleIdList><ArticleId IdType="doi">10.1080/22221751.2018.1559708</ArticleId><ArticleId IdType="pmc">PMC6455125</ArticleId><ArticleId IdType="pubmed">30866761</ArticleId></ArticleIdList></Reference><Reference><Citation>Puntasecca CJ, King CH, Labeaud AD. Measuring the Global Burden of Chikungunya and Zika Viruses: A Systematic Review. PloS Negl Trop Dis (2021) 15:e0009055. doi:&#xa0;10.1371/journal.pntd.0009055</Citation><ArticleIdList><ArticleId IdType="doi">10.1371/journal.pntd.0009055</ArticleId><ArticleId IdType="pmc">PMC7932082</ArticleId><ArticleId IdType="pubmed">33661908</ArticleId></ArticleIdList></Reference><Reference><Citation>Poopathi S, Charles J-F, Nielsen-Leroux C. Alternative Method for Preservation of Mosquito Larvae to Study Binding Mechanisms of Bacillus Sphaericus Binary Toxin. J Invertebr Pathol (2002) 79:132&#x2013;4. doi:&#xa0;10.1016/s0022-2011(02)00017-4</Citation><ArticleIdList><ArticleId IdType="doi">10.1016/s0022-2011(02)00017-4</ArticleId><ArticleId IdType="pubmed">12095245</ArticleId></ArticleIdList></Reference><Reference><Citation>Stalinski R, Laporte F, Despr&#xe9;s L, Tetreau G. Alkaline Phosphatases Are Involved in the Response of A Edes Aegypti Larvae to Intoxication With B Acillus Thuringiensis Subsp. Israelensis C Ry Toxins. Environ Microbiol (2016) 18:1022&#x2013;36. doi:&#xa0;10.1111/1462-2920.13186</Citation><ArticleIdList><ArticleId IdType="doi">10.1111/1462-2920.13186</ArticleId><ArticleId IdType="pubmed">26663676</ArticleId></ArticleIdList></Reference><Reference><Citation>Ben-Dov E. Bacillus Thuringiensis Subsp. Israelensis and Its Dipteran-Specific Toxins. Toxins (2014) 6(4):1222&#x2013;43. doi:&#xa0;10.3390/toxins6041222</Citation><ArticleIdList><ArticleId IdType="doi">10.3390/toxins6041222</ArticleId><ArticleId IdType="pmc">PMC4014730</ArticleId><ArticleId IdType="pubmed">24686769</ArticleId></ArticleIdList></Reference><Reference><Citation>Berry C, O'neil S, Ben-Dov E, Jones AF, Murphy L, Quail MA, et al. . Complete Sequence and Organization of Pbtoxis, the Toxin-Coding Plasmid of Bacillus Thuringiensis Subsp. Israelensis. Appl Environ Microbiol (2002) 68:5082&#x2013;95. doi:&#xa0;10.1128/AEM.68.10.5082-5095.2002</Citation><ArticleIdList><ArticleId IdType="doi">10.1128/AEM.68.10.5082-5095.2002</ArticleId><ArticleId IdType="pmc">PMC126441</ArticleId><ArticleId IdType="pubmed">12324359</ArticleId></ArticleIdList></Reference><Reference><Citation>Xiong G. Progress in the Studies and Application of Bacillus Thuringiensis . Rev China Agric Sci Technol (2006) 8(6):5.</Citation></Reference><Reference><Citation>Guerchicoff A, Del&#xe9;cluse A, Rubinstein CP. The Bacillus Thuringiensis Cyt Genes for Hemolytic Endotoxins Constitute a Gene Family. Appl Environ Microbiol (2001) 67(3):1090&#x2013;6. doi:&#xa0;10.1128/AEM.67.3.1090-1096.2001</Citation><ArticleIdList><ArticleId IdType="doi">10.1128/AEM.67.3.1090-1096.2001</ArticleId><ArticleId IdType="pmc">PMC92699</ArticleId><ArticleId IdType="pubmed">11229896</ArticleId></ArticleIdList></Reference><Reference><Citation>Chilcott CN, Ellar DJ. Comparative Toxicity of Bacillus Thuringiensis Var. Israelensis Crystal Proteins In Vivo and In Vitro . Microbiology (1988) 134(9):2551&#x2013;8. doi:&#xa0;10.1099/00221287-134-9-2551</Citation><ArticleIdList><ArticleId IdType="doi">10.1099/00221287-134-9-2551</ArticleId><ArticleId IdType="pubmed">3254944</ArticleId></ArticleIdList></Reference><Reference><Citation>Janisiewicz WJ, Korsten L. Biological Control of Postharvest Diseases of Fruits. Annu Rev Phytopathol (2002) 40:411&#x2013;41. doi:&#xa0;10.1146/annurev.phyto.40.120401.130158</Citation><ArticleIdList><ArticleId IdType="doi">10.1146/annurev.phyto.40.120401.130158</ArticleId><ArticleId IdType="pubmed">12147766</ArticleId></ArticleIdList></Reference><Reference><Citation>Do Nascimento J, Goncalves KC, Dias NP, De Oliveira JL, Bravo A, Polanczyk RA. Adoption of Bacillus Thuringiensis-Based Biopesticides in Agricultural Systems and New Approaches to Improve Their Use in Brazil. Biol Control (2021) 165:104792. doi:&#xa0;10.1016/j.biocontrol.2021.104792</Citation><ArticleIdList><ArticleId IdType="doi">10.1016/j.biocontrol.2021.104792</ArticleId></ArticleIdList></Reference><Reference><Citation>Boonserm P, Davis P, Ellar DJ, Li J. Crystal Structure of the Mosquito-Larvicidal Toxin Cry4Ba and Its Biological Implications. J Mol Biol (2005) 348(2):363&#x2013;82. doi:&#xa0;10.1016/j.jmb.2005.02.013</Citation><ArticleIdList><ArticleId IdType="doi">10.1016/j.jmb.2005.02.013</ArticleId><ArticleId IdType="pubmed">15811374</ArticleId></ArticleIdList></Reference><Reference><Citation>Cabiaux V, Wolff C, Ruysschaert J-M. Interaction With a Lipid Membrane: A Key Step in Bacterial Toxins Virulence. Int J Biol Macromol (1997) 21(4):285&#x2013;98. doi:&#xa0;10.1016/S0141-8130(97)00078-0</Citation><ArticleIdList><ArticleId IdType="doi">10.1016/S0141-8130(97)00078-0</ArticleId><ArticleId IdType="pubmed">9493052</ArticleId></ArticleIdList></Reference><Reference><Citation>G&#xf3;mez I, S&#xe1;nchez J, Miranda R, Bravo A, Sober&#xf3;n M. Cadherin-Like Receptor Binding Facilitates Proteolytic Cleavage of Helix &#x3b1;-1 in Domain I and Oligomer Pre-Pore Formation of Bacillus Thuringiensis Cry1Ab Toxin. FEBS Lett (2002) 513(3):242&#x2013;6. doi:&#xa0;10.1016/S0014-5793(02)02321-9</Citation><ArticleIdList><ArticleId IdType="doi">10.1016/S0014-5793(02)02321-9</ArticleId><ArticleId IdType="pubmed">11904158</ArticleId></ArticleIdList></Reference><Reference><Citation>Pigott CR, Ellar DJ. Role of Receptors in Bacillus Thuringiensis Crystal Toxin Activity. Microbiol Mol Biol Rev (2007) 71:255&#x2013;81. doi:&#xa0;10.1128/MMBR.00034-06</Citation><ArticleIdList><ArticleId IdType="doi">10.1128/MMBR.00034-06</ArticleId><ArticleId IdType="pmc">PMC1899880</ArticleId><ArticleId IdType="pubmed">17554045</ArticleId></ArticleIdList></Reference><Reference><Citation>Cant&#xf3;n PE, Reyes EZ, De Escudero IR, Bravo A, Sober&#xf3;n M. Binding of Bacillus Thuringiensis Subsp. Israelensis Cry4Ba to Cyt1Aa has an Important Role in Synergism. Peptides (2011) 32(3):595&#x2013;600. doi:&#xa0;10.1016/j.peptides.2010.06.005</Citation><ArticleIdList><ArticleId IdType="doi">10.1016/j.peptides.2010.06.005</ArticleId><ArticleId IdType="pmc">PMC2990805</ArticleId><ArticleId IdType="pubmed">20558220</ArticleId></ArticleIdList></Reference><Reference><Citation>Rodr&#xed;guez-Almaz&#xe1;n C, Reyes EZ, Z&#xfa;&#xf1;iga-Navarrete F, Mu&#xf1;oz-Garay C, G&#xf3;mez I, Evans AM, et al. . Cadherin Binding Is Not a Limiting Step for Bacillus Thuringiensis Subsp. Israelensis Cry4Ba Toxicity to Aedes Aegypti Larvae. Biochem J (2012) 443:711&#x2013;7. doi:&#xa0;10.1042/BJ20111579</Citation><ArticleIdList><ArticleId IdType="doi">10.1042/BJ20111579</ArticleId><ArticleId IdType="pmc">PMC3686486</ArticleId><ArticleId IdType="pubmed">22329749</ArticleId></ArticleIdList></Reference><Reference><Citation>G&#xf3;mez I, Pardo-L&#xf3;pez L, Munoz-Garay C, Fernandez L, P&#xe9;rez C, S&#xe1;nchez J, et al. . Role of Receptor Interaction in the Mode of Action of Insecticidal Cry and Cyt Toxins Produced by Bacillus Thuringiensis . Peptides (2007) 28(1):169&#x2013;73. doi:&#xa0;10.1016/j.peptides.2006.06.013</Citation><ArticleIdList><ArticleId IdType="doi">10.1016/j.peptides.2006.06.013</ArticleId><ArticleId IdType="pubmed">17145116</ArticleId></ArticleIdList></Reference><Reference><Citation>Vachon V, Laprade R, Schwartz J-L. Current Models of the Mode of Action of Bacillus Thuringiensis Insecticidal Crystal Proteins: A Critical Review. J&#xa0;Invertebr Pathol (2012) 111(1):1&#x2013;12. doi:&#xa0;10.1016/j.jip.2012.05.001</Citation><ArticleIdList><ArticleId IdType="doi">10.1016/j.jip.2012.05.001</ArticleId><ArticleId IdType="pubmed">22617276</ArticleId></ArticleIdList></Reference><Reference><Citation>Pardo-Lopez L, Soberon M, Bravo A. Bacillus Thuringiensis Insecticidal Three-Domain Cry Toxins: Mode of Action, Insect Resistance and Consequences for Crop Protection. FEMS Microbiol Rev (2013) 37:3&#x2013;22. doi:&#xa0;10.1111/j.1574-6976.2012.00341.x</Citation><ArticleIdList><ArticleId IdType="doi">10.1111/j.1574-6976.2012.00341.x</ArticleId><ArticleId IdType="pubmed">22540421</ArticleId></ArticleIdList></Reference><Reference><Citation>Adang MJ, Crickmore N, Jurat-Fuentes JL. Diversity of Bacillus Thuringiensis Crystal Toxins and Mechanism of Action. In: Adv In Insect Phys. Iowa, United States: Elsevier; (2014). p. 39&#x2013;87. doi:&#xa0;10.1016/B978-0-12-800197-4.00002-6</Citation><ArticleIdList><ArticleId IdType="doi">10.1016/B978-0-12-800197-4.00002-6</ArticleId></ArticleIdList></Reference><Reference><Citation>Fernandez LE, Martinez-Anaya C, Lira E, Chen J, Evans A, Hern&#xe1;ndez-Mart&#xed;nez S, et al. . Cloning and Epitope Mapping of Cry11Aa-Binding Sites in the Cry11Aa-Receptor Alkaline Phosphatase From Aedes Aegypti. Biochemistry (2009) 48(37):8899&#x2013;907. doi:&#xa0;10.1021/bi900979b</Citation><ArticleIdList><ArticleId IdType="doi">10.1021/bi900979b</ArticleId><ArticleId IdType="pmc">PMC3704566</ArticleId><ArticleId IdType="pubmed">19697959</ArticleId></ArticleIdList></Reference><Reference><Citation>Likitvivatanavong S, Chen J, Bravo A, Sober&#xf3;n M, Gill SS. Cadherin, Alkaline Phosphatase, and Aminopeptidase N as Receptors of Cry11Ba Toxin From Bacillus Thuringiensis Subsp. Jegathesan in Aedes Aegypti . Appl Environ Microbiol (2011) 77:24&#x2013;31. doi:&#xa0;10.1128/AEM.01852-10</Citation><ArticleIdList><ArticleId IdType="doi">10.1128/AEM.01852-10</ArticleId><ArticleId IdType="pmc">PMC3019721</ArticleId><ArticleId IdType="pubmed">21037295</ArticleId></ArticleIdList></Reference><Reference><Citation>Jim&#xe9;nez AI, Reyes EZ, Cancino-Rodezno A, Bedoya-P&#xe9;rez LP, Caballero-Flores GG, Muriel-Millan LF, et al. . Aedes Aegypti Alkaline Phosphatase ALP1 Is a Functional Receptor of Bacillus Thuringiensis Cry4Ba and Cry11Aa Toxins. Insect Biochem Mol Biol (2012) 42(9):683&#x2013;9. doi:&#xa0;10.1016/j.ibmb.2012.06.001</Citation><ArticleIdList><ArticleId IdType="doi">10.1016/j.ibmb.2012.06.001</ArticleId><ArticleId IdType="pmc">PMC3416946</ArticleId><ArticleId IdType="pubmed">22728570</ArticleId></ArticleIdList></Reference><Reference><Citation>Christophides GK, Zdobnov E, Barillas-Mury C, Birney E, Blandin S, Blass C, et al. . Immunity-Related Genes and Gene Families in Anopheles Gambiae . Science (2002) 298(5591):159&#x2013;65. doi:&#xa0;10.1126/science.1077136</Citation><ArticleIdList><ArticleId IdType="doi">10.1126/science.1077136</ArticleId><ArticleId IdType="pubmed">12364793</ArticleId></ArticleIdList></Reference><Reference><Citation>Daborn PJ, Lumb C, Boey A, Wong W, Batterham P. Evaluating the Insecticide Resistance Potential of Eight Drosophila Melanogaster Cytochrome P450 Genes by Transgenic Over-Expression. Insect Biochem Mol Biol (2007) 37(5):512&#x2013;9. doi:&#xa0;10.1016/j.ibmb.2007.02.008</Citation><ArticleIdList><ArticleId IdType="doi">10.1016/j.ibmb.2007.02.008</ArticleId><ArticleId IdType="pubmed">17456446</ArticleId></ArticleIdList></Reference><Reference><Citation>Shin SW, Kokoza V, Lobkov I, Raikhel AS. Relish-Mediated Immune Deficiency in the Transgenic Mosquito Aedes Aegypti . PNAS (2003) 100:2616&#x2013;21. doi:&#xa0;10.1073/pnas.0537347100</Citation><ArticleIdList><ArticleId IdType="doi">10.1073/pnas.0537347100</ArticleId><ArticleId IdType="pmc">PMC151389</ArticleId><ArticleId IdType="pubmed">12594340</ArticleId></ArticleIdList></Reference><Reference><Citation>Antonova Y, Alvarez KS, Kim YJ, Kokoza V, Raikhel AS. The Role of NF-&#x3ba;b Factor REL2 in the Aedes Aegypti Immune Response. Insect Biochem Mol Biol (2009) 39:303&#x2013;14. doi:&#xa0;10.1016/j.ibmb.2009.01.007</Citation><ArticleIdList><ArticleId IdType="doi">10.1016/j.ibmb.2009.01.007</ArticleId><ArticleId IdType="pmc">PMC2702699</ArticleId><ArticleId IdType="pubmed">19552893</ArticleId></ArticleIdList></Reference><Reference><Citation>Naithani S, Komath SS, Nonomura A, Govindjee G. Plant Lectins and Their Many Roles: Carbohydrate-Binding and Beyond. J Plant Physiol (2021) 266:153531. doi:&#xa0;10.1016/j.jplph.2021.153531</Citation><ArticleIdList><ArticleId IdType="doi">10.1016/j.jplph.2021.153531</ArticleId><ArticleId IdType="pubmed">34601337</ArticleId></ArticleIdList></Reference><Reference><Citation>Van Damme EJ. 35 Years in Plant Lectin Research: A Journey From Basic Science to Applications in Agriculture and Medicine. Glycoconjugate J (2021) 39:1&#x2013;15. doi:&#xa0;10.1007/s10719-021-10015-x</Citation><ArticleIdList><ArticleId IdType="doi">10.1007/s10719-021-10015-x</ArticleId><ArticleId IdType="pmc">PMC8383723</ArticleId><ArticleId IdType="pubmed">34427812</ArticleId></ArticleIdList></Reference><Reference><Citation>Ahmad S, Singh S, Wasim S, Naziya S. Role of Glycan-Lectin Interaction in Diseases: A Review. Saudi J BioMed Res (2021) 6:85&#x2013;94. doi:&#xa0;10.36348/sjbr.2021.v06i05.002</Citation><ArticleIdList><ArticleId IdType="doi">10.36348/sjbr.2021.v06i05.002</ArticleId></ArticleIdList></Reference><Reference><Citation>Carneiro DC, Fernandez LG, Monteiro-Cunha JP, Benevides RG, Cunha Lima ST. A Patent Review of the Antimicrobial Applications of Lectins: Perspectives on Therapy of Infectious Diseases. J Appl Microbiol (2021) 132(2):841&#x2013;54. doi:&#xa0;10.1111/jam.15263</Citation><ArticleIdList><ArticleId IdType="doi">10.1111/jam.15263</ArticleId><ArticleId IdType="pubmed">34416098</ArticleId></ArticleIdList></Reference><Reference><Citation>Idowu PA, Idowu AP, Zishiri OT, Mpofu TJ, Veldhuizen EJA, Nephawe KA, et al. . Activity of Mannose-Binding Lectin on Bacterial-Infected Chickens&#x2014;A Review. Animals (2021) 11(3):787. doi:&#xa0;10.3390/ani11030787</Citation><ArticleIdList><ArticleId IdType="doi">10.3390/ani11030787</ArticleId><ArticleId IdType="pmc">PMC8000061</ArticleId><ArticleId IdType="pubmed">33808962</ArticleId></ArticleIdList></Reference><Reference><Citation>Kamei R, Devi OS, Singh SJ, Singh SS. Roles and Biomedical Applications of Haemolymph Lectin. Curr Pharm Biotechnol (2020) 21(14):1444&#x2013;50. doi:&#xa0;10.2174/1389201021666200730123330</Citation><ArticleIdList><ArticleId IdType="doi">10.2174/1389201021666200730123330</ArticleId><ArticleId IdType="pubmed">32744967</ArticleId></ArticleIdList></Reference><Reference><Citation>Lindenwald DL, Lepenies B. C-Type Lectins in Veterinary Species: Recent Advancements and Applications. IJMS (2020) 21(14):5122. doi:&#xa0;10.3390/ijms21145122</Citation><ArticleIdList><ArticleId IdType="doi">10.3390/ijms21145122</ArticleId><ArticleId IdType="pmc">PMC7403975</ArticleId><ArticleId IdType="pubmed">32698416</ArticleId></ArticleIdList></Reference><Reference><Citation>Speakman EA, Dambuza IM, Salazar F, Brown GD. T Cell Antifungal Immunity and the Role of C-Type Lectin Receptors. Trends Immunol (2020) 41:61&#x2013;76. doi:&#xa0;10.1016/j.it.2019.11.007</Citation><ArticleIdList><ArticleId IdType="doi">10.1016/j.it.2019.11.007</ArticleId><ArticleId IdType="pmc">PMC7427322</ArticleId><ArticleId IdType="pubmed">31813764</ArticleId></ArticleIdList></Reference><Reference><Citation>Lemaitre B, Hoffmann J. The Host Defense of Drosophila Melanogaster. Annu Rev Immunol (2007) 25:697&#x2013;743. doi:&#xa0;10.1146/annurev.immunol.25.022106.141615</Citation><ArticleIdList><ArticleId IdType="doi">10.1146/annurev.immunol.25.022106.141615</ArticleId><ArticleId IdType="pubmed">17201680</ArticleId></ArticleIdList></Reference><Reference><Citation>Nunes C, Sucena E, Koyama T. Endocrine Regulation of Immunity in Insects. FEBS J (2021) 288:3928&#x2013;47. doi:&#xa0;10.1111/febs.15581</Citation><ArticleIdList><ArticleId IdType="doi">10.1111/febs.15581</ArticleId><ArticleId IdType="pubmed">33021015</ArticleId></ArticleIdList></Reference><Reference><Citation>Zhang R, Li X, Zhang J, Li Y, Wang Y, Song Y, et al. . Toll9 From Bombyx Mori Functions as a Pattern Recognition Receptor That Shares Features With Toll-Like Receptor 4 From Mammals. PNAS (2021) 118:e2103021118. doi:&#xa0;10.1073/pnas.2103021118</Citation><ArticleIdList><ArticleId IdType="doi">10.1073/pnas.2103021118</ArticleId><ArticleId IdType="pmc">PMC8126858</ArticleId><ArticleId IdType="pubmed">33963082</ArticleId></ArticleIdList></Reference><Reference><Citation>Xia X, You M, Rao X-J, Yu X-Q. Insect C-Type Lectins in Innate Immunity. Dev Comp Immunol (2018) 83:70&#x2013;9. doi:&#xa0;10.1016/j.dci.2017.11.020</Citation><ArticleIdList><ArticleId IdType="doi">10.1016/j.dci.2017.11.020</ArticleId><ArticleId IdType="pubmed">29198776</ArticleId></ArticleIdList></Reference><Reference><Citation>Ling E, Ao J, Yu X-Q. Nuclear Translocation of Immulectin-3 Stimulates Hemocyte Proliferation. Mol Immunol (2008) 45(9):2598&#x2013;606. doi:&#xa0;10.1016/j.molimm.2007.12.021</Citation><ArticleIdList><ArticleId IdType="doi">10.1016/j.molimm.2007.12.021</ArticleId><ArticleId IdType="pmc">PMC4390292</ArticleId><ArticleId IdType="pubmed">18282603</ArticleId></ArticleIdList></Reference><Reference><Citation>Li M, Li C, Ma C, Li H, Zuo H, Weng S, et al. . Identification of a C-Type Lectin With Antiviral and Antibacterial Activity From Pacific White Shrimp Litopenaeus Vannamei . Dev Comp Immunol (2014) 46(2):231&#x2013;40. doi:&#xa0;10.1016/j.dci.2014.04.014</Citation><ArticleIdList><ArticleId IdType="doi">10.1016/j.dci.2014.04.014</ArticleId><ArticleId IdType="pubmed">24792214</ArticleId></ArticleIdList></Reference><Reference><Citation>Yu X-Q, Zhu Y-F, Ma C, Fabrick J, Kanost M. Pattern Recognition Proteins in Manduca Sexta Plasma. Insect Biochem Mol Biol (2002) 32:1287&#x2013;93. doi:&#xa0;10.1016/S0965-1748(02)00091-7</Citation><ArticleIdList><ArticleId IdType="doi">10.1016/S0965-1748(02)00091-7</ArticleId><ArticleId IdType="pubmed">12225919</ArticleId></ArticleIdList></Reference><Reference><Citation>Yu X-Q, Kanost MR. Manduca Sexta Lipopolysaccharide-Specific Immulectin-2 Protects Larvae From Bacterial Infection. Dev Comp Immunol (2003) 27(3):189&#x2013;96. doi:&#xa0;10.1016/S0145-305X(02)00099-X</Citation><ArticleIdList><ArticleId IdType="doi">10.1016/S0145-305X(02)00099-X</ArticleId><ArticleId IdType="pubmed">12590970</ArticleId></ArticleIdList></Reference><Reference><Citation>Bi J, Feng F, Li J, Mao J, Ning M, Song X, et al. . AC-Type Lectin With a Single Carbohydrate-Recognition Domain Involved in the Innate Immune Response of Tribolium Castaneum. Insect Mol Biol (2019) 28:649&#x2013;61. doi:&#xa0;10.1111/imb.12582</Citation><ArticleIdList><ArticleId IdType="doi">10.1111/imb.12582</ArticleId><ArticleId IdType="pubmed">30843264</ArticleId></ArticleIdList></Reference><Reference><Citation>Li J, Bi J, Zhang P, Wang Z, Zhong Y, Xu S, et al. . Functions of a C-Type Lectin With a Single Carbohydrate-Recognition Domain in the Innate Immunity and Movement of the Red Flour Beetle, Tribolium Castaneum . Insect Mol Biol (2021) 30:90&#x2013;101. doi:&#xa0;10.1111/imb.12680</Citation><ArticleIdList><ArticleId IdType="doi">10.1111/imb.12680</ArticleId><ArticleId IdType="pubmed">33145845</ArticleId></ArticleIdList></Reference><Reference><Citation>Qiu W, Chen F, Chen R, Li S, Zhu X, Xiong M, et al. . A New C-Type Lectin Homolog SpCTL6 Exerting Immunoprotective Effect and Regulatory Role in Mud Crab Scylla Paramamosain . Front Immunol (2021) 12:661823. doi:&#xa0;10.3389/fimmu.2021.661823</Citation><ArticleIdList><ArticleId IdType="doi">10.3389/fimmu.2021.661823</ArticleId><ArticleId IdType="pmc">PMC8062930</ArticleId><ArticleId IdType="pubmed">33897708</ArticleId></ArticleIdList></Reference><Reference><Citation>Lu Y, Su F, Zhu K, Zhu M, Li Q, Hu Q, et al. . Comparative Genomic Analysis of C-Type Lectin-Domain Genes in Seven Holometabolous Insect Species. Insect Biochem Mol Biol (2020) 126:103451. doi:&#xa0;10.1016/j.ibmb.2020.103451</Citation><ArticleIdList><ArticleId IdType="doi">10.1016/j.ibmb.2020.103451</ArticleId><ArticleId IdType="pubmed">32841718</ArticleId></ArticleIdList></Reference><Reference><Citation>Koizumi N, Imamura M, Kadotani T, Yaoi K, Iwahana H, Sato R. The Lipopolysaccharide-Binding Protein Participating in Hemocyte Nodule Formation in the Silkworm Bombyx Mori Is a Novel Member of the C-Type Lectin Superfamily With Two Different Tandem Carbohydrate-Recognition Domains 1. FEBS Lett (1999) 443:139&#x2013;43. doi:&#xa0;10.1016/S0014-5793(98)01701-3</Citation><ArticleIdList><ArticleId IdType="doi">10.1016/S0014-5793(98)01701-3</ArticleId><ArticleId IdType="pubmed">9989592</ArticleId></ArticleIdList></Reference><Reference><Citation>Dambuza IM, Brown GD. C-Type Lectins in Immunity: Recent Developments. Curr Opin Immunol (2015) 32:21&#x2013;7. doi:&#xa0;10.1016/j.coi.2014.12.002</Citation><ArticleIdList><ArticleId IdType="doi">10.1016/j.coi.2014.12.002</ArticleId><ArticleId IdType="pmc">PMC4589735</ArticleId><ArticleId IdType="pubmed">25553393</ArticleId></ArticleIdList></Reference><Reference><Citation>Iborra S, Sancho D. Signalling Versatility Following Self and Non-Self Sensing by Myeloid C-Type Lectin Receptors. Immunobiology (2015) 220(2):175&#x2013;84. doi:&#xa0;10.1016/j.imbio.2014.09.013</Citation><ArticleIdList><ArticleId IdType="doi">10.1016/j.imbio.2014.09.013</ArticleId><ArticleId IdType="pmc">PMC4480263</ArticleId><ArticleId IdType="pubmed">25269828</ArticleId></ArticleIdList></Reference><Reference><Citation>Li H, Liu F-F, Fu L-Q, Liu Z, Zhang W-T, Wang Q, et al. . Identification of 35 C-Type Lectins in the Oriental Armyworm, Mythimna Separata (Walker). Insects (2021) 12(6):559. doi:&#xa0;10.3390/insects12060559</Citation><ArticleIdList><ArticleId IdType="doi">10.3390/insects12060559</ArticleId><ArticleId IdType="pmc">PMC8235521</ArticleId><ArticleId IdType="pubmed">34208748</ArticleId></ArticleIdList></Reference><Reference><Citation>Yu X-Q, Gan H, Kanost MR. Immulectin, an Inducible C-Type Lectin From an Insect, Manduca Sexta, Stimulates Activation of Plasma Prophenol Oxidase. Insect Biochem Mol Biol (1999) 29(7):585&#x2013;97. doi:&#xa0;10.1016/S0965-1748(99)00036-3</Citation><ArticleIdList><ArticleId IdType="doi">10.1016/S0965-1748(99)00036-3</ArticleId><ArticleId IdType="pubmed">10436935</ArticleId></ArticleIdList></Reference><Reference><Citation>Yu X-Q, Kanost MR. Immulectin-2, a Pattern Recognition Receptor That Stimulates Hemocyte Encapsulation and Melanization in the Tobacco Hornworm, Manduca Sexta . Dev Comp Immunol (2004) 28(9):891&#x2013;900. doi:&#xa0;10.1016/j.dci.2004.02.005</Citation><ArticleIdList><ArticleId IdType="doi">10.1016/j.dci.2004.02.005</ArticleId><ArticleId IdType="pubmed">15183030</ArticleId></ArticleIdList></Reference><Reference><Citation>Wang W, Wang G, Zhuo X, Liu Y, Tang L, Liu X, et al. . C-Type Lectin-Mediated Microbial Homeostasis Is Critical for Helicoverpa Armigera Larval Growth and Development. PloS Pathog (2020) 16:e1008901. doi:&#xa0;10.1371/journal.ppat.1008901</Citation><ArticleIdList><ArticleId IdType="doi">10.1371/journal.ppat.1008901</ArticleId><ArticleId IdType="pmc">PMC7549827</ArticleId><ArticleId IdType="pubmed">32997722</ArticleId></ArticleIdList></Reference><Reference><Citation>Dillon R, Dillon V. The Gut Bacteria of Insects: Nonpathogenic Interactions. Annu Rev Entomol (2004) 49:71&#x2013;92. doi:&#xa0;10.1146/annurev.ento.49.061802.123416</Citation><ArticleIdList><ArticleId IdType="doi">10.1146/annurev.ento.49.061802.123416</ArticleId><ArticleId IdType="pubmed">14651457</ArticleId></ArticleIdList></Reference><Reference><Citation>Gabrieli P, Caccia S, Varotto-Boccazzi I, Arnoldi I, Barbieri G, Comandatore F, et al. . Mosquito Trilogy: Microbiota, Immunity and Pathogens, and Their Implications for the Control of Disease Transmission. Front Microbiol (2021) 12:630438. doi:&#xa0;10.3389/fmicb.2021.630438</Citation><ArticleIdList><ArticleId IdType="doi">10.3389/fmicb.2021.630438</ArticleId><ArticleId IdType="pmc">PMC8056039</ArticleId><ArticleId IdType="pubmed">33889137</ArticleId></ArticleIdList></Reference><Reference><Citation>Dong Y, Manfredini F, Dimopoulos G. Implication of the Mosquito Midgut Microbiota in the Defense Against Malaria Parasites. PloS Pathog (2009) 5(5):e1000423. doi:&#xa0;10.1371/journal.ppat.1000423</Citation><ArticleIdList><ArticleId IdType="doi">10.1371/journal.ppat.1000423</ArticleId><ArticleId IdType="pmc">PMC2673032</ArticleId><ArticleId IdType="pubmed">19424427</ArticleId></ArticleIdList></Reference><Reference><Citation>Meister S, Agianian B, Turlure F, Rel&#xf3;gio A, Morlais I, Kafatos FC, et al. . Anopheles Gambiae PGRPLC-Mediated Defense Against Bacteria Modulates Infections With Malaria Parasites. PloS Pathog (2009) 5:e1000542. doi:&#xa0;10.1371/journal.ppat.1000542</Citation><ArticleIdList><ArticleId IdType="doi">10.1371/journal.ppat.1000542</ArticleId><ArticleId IdType="pmc">PMC2715215</ArticleId><ArticleId IdType="pubmed">19662170</ArticleId></ArticleIdList></Reference><Reference><Citation>Ramirez JL, Souza-Neto J, Cosme RT, Rovira J, Ortiz A, Pascale JM, et al. . Reciprocal Tripartite Interactions Between the Aedes Aegypti Midgut Microbiota, Innate Immune System and Dengue Virus Influences Vector Competence. PloS Negl Trop Dis (2012) 6:e1561. doi:&#xa0;10.1371/journal.pntd.0001561</Citation><ArticleIdList><ArticleId IdType="doi">10.1371/journal.pntd.0001561</ArticleId><ArticleId IdType="pmc">PMC3295821</ArticleId><ArticleId IdType="pubmed">22413032</ArticleId></ArticleIdList></Reference><Reference><Citation>Adelman ZN, Myles KM. The C-Type Lectin Domain Gene Family in Aedes Aegypti and Their Role in Arbovirus Infection. Viruses (2018) 10:367. doi:&#xa0;10.3390/v10070367</Citation><ArticleIdList><ArticleId IdType="doi">10.3390/v10070367</ArticleId><ArticleId IdType="pmc">PMC6070988</ArticleId><ArticleId IdType="pubmed">30002303</ArticleId></ArticleIdList></Reference><Reference><Citation>Li H-H, Cai Y, Li J-C, Su MP, Liu W-L, Cheng L, et al. . C-Type Lectins Link Immunological and Reproductive Processes in Aedes Aegypti. Iscience (2020) 23(9):101486. doi:&#xa0;10.1016/j.isci.2020.101486</Citation><ArticleIdList><ArticleId IdType="doi">10.1016/j.isci.2020.101486</ArticleId><ArticleId IdType="pmc">PMC7481239</ArticleId><ArticleId IdType="pubmed">32891883</ArticleId></ArticleIdList></Reference><Reference><Citation>Cheng L, Liu W-L, Tsou Y-T, Li J-C, Chien C-H, Su MP, et al. . Transgenic Expression of Human C-Type Lectin Protein Clec18a Reduces Dengue Virus Type 2 Infectivity in Aedes Aegypti. Front Immunol (2021) 12:640367. doi:&#xa0;10.3389/fimmu.2021.640367</Citation><ArticleIdList><ArticleId IdType="doi">10.3389/fimmu.2021.640367</ArticleId><ArticleId IdType="pmc">PMC7985527</ArticleId><ArticleId IdType="pubmed">33767710</ArticleId></ArticleIdList></Reference><Reference><Citation>Cheng G, Cox J, Wang P, Krishnan MN, Dai J, Qian F, et al. . A C-Type Lectin Collaborates With a CD45 Phosphatase Homolog to Facilitate West Nile Virus Infection of Mosquitoes. Cell (2010) 142(5):714&#x2013;25. doi:&#xa0;10.1016/j.cell.2010.07.038</Citation><ArticleIdList><ArticleId IdType="doi">10.1016/j.cell.2010.07.038</ArticleId><ArticleId IdType="pmc">PMC2954371</ArticleId><ArticleId IdType="pubmed">20797779</ArticleId></ArticleIdList></Reference><Reference><Citation>Liu K, Qian Y, Jung Y-S, Zhou B, Cao R, Shen T, et al. . mosGCTL-7, a C-Type Lectin Protein, Mediates Japanese Encephalitis Virus Infection in Mosquitoes. J Virol (2017) 91:e01348-01316. doi:&#xa0;10.1128/JVI.01348-16</Citation><ArticleIdList><ArticleId IdType="doi">10.1128/JVI.01348-16</ArticleId><ArticleId IdType="pmc">PMC5411588</ArticleId><ArticleId IdType="pubmed">28250133</ArticleId></ArticleIdList></Reference><Reference><Citation>Dodd RB, Drickamer K. Lectin-Like Proteins in Model Organisms: Implications for Evolution of Carbohydrate-Binding Activity. Glycobiology (2001) 11(5):71R&#x2013;9R. doi:&#xa0;10.1093/glycob/11.5.71R</Citation><ArticleIdList><ArticleId IdType="doi">10.1093/glycob/11.5.71R</ArticleId><ArticleId IdType="pubmed">11425795</ArticleId></ArticleIdList></Reference><Reference><Citation>Rao X-J, Cao X, He Y, Hu Y, Zhang X, Chen Y-R, et al. . Structural Features, Evolutionary Relationships, and Transcriptional Regulation of C-Type Lectin-Domain Proteins in Manduca Sexta . Insect Biochem Mol Biol (2015) 62:75&#x2013;85. doi:&#xa0;10.1016/j.ibmb.2014.12.006</Citation><ArticleIdList><ArticleId IdType="doi">10.1016/j.ibmb.2014.12.006</ArticleId><ArticleId IdType="pmc">PMC4476918</ArticleId><ArticleId IdType="pubmed">25554596</ArticleId></ArticleIdList></Reference><Reference><Citation>Schnitger AK, Yassine H, Kafatos FC, Osta MA. Two C-Type Lectins Cooperate to Defend Anopheles Gambiae Against Gram-Negative Bacteria. J Biol Chem (2009) 284:17616&#x2013;24. doi:&#xa0;10.1074/jbc.M808298200</Citation><ArticleIdList><ArticleId IdType="doi">10.1074/jbc.M808298200</ArticleId><ArticleId IdType="pmc">PMC2719400</ArticleId><ArticleId IdType="pubmed">19380589</ArticleId></ArticleIdList></Reference><Reference><Citation>Wang X-W, Xu J-D, Zhao X-F, Vasta GR, Wang J-X. A Shrimp C-Type Lectin Inhibits Proliferation of the Hemolymph Microbiota by Maintaining the Expression of Antimicrobial Peptides. J Biol Chem (2014) 289:11779&#x2013;90. doi:&#xa0;10.1074/jbc.M114.552307</Citation><ArticleIdList><ArticleId IdType="doi">10.1074/jbc.M114.552307</ArticleId><ArticleId IdType="pmc">PMC4002086</ArticleId><ArticleId IdType="pubmed">24619414</ArticleId></ArticleIdList></Reference><Reference><Citation>Ferreira PG, Tesla B, Hor&#xe1;cio ECA, Nahum LA, Brindley MA, De Oliveira Mendes TA, et al. . Temperature Dramatically Shapes Mosquito Gene Expression With Consequences for Mosquito-Zika Virus Interactions. Front Microbiol (2020) 11:901. doi:&#xa0;10.3389/fmicb.2020.00901</Citation><ArticleIdList><ArticleId IdType="doi">10.3389/fmicb.2020.00901</ArticleId><ArticleId IdType="pmc">PMC7303344</ArticleId><ArticleId IdType="pubmed">32595607</ArticleId></ArticleIdList></Reference><Reference><Citation>Kanagawa M, Satoh T, Ikeda A, Nakano Y, Yagi H, Kato K, et al. . Crystal Structures of Human Secretory Proteins ZG16p and ZG16b Reveal a Jacalin-Related &#x3b2;-Prism Fold. Biochem Biophys Res Commun (2011) 404(1):201&#x2013;5. doi:&#xa0;10.1016/j.bbrc.2010.11.093</Citation><ArticleIdList><ArticleId IdType="doi">10.1016/j.bbrc.2010.11.093</ArticleId><ArticleId IdType="pubmed">21110947</ArticleId></ArticleIdList></Reference><Reference><Citation>Li J, Carroll J, Ellar DJ. Crystal Structure of Insecticidal &#x3b4;-Endotoxin From Bacillus Thuringiensis at 2.5 &#xc5; Resolution. Nature (1991) 353:815&#x2013;21. doi:&#xa0;10.1038/353815a0</Citation><ArticleIdList><ArticleId IdType="doi">10.1038/353815a0</ArticleId><ArticleId IdType="pubmed">1658659</ArticleId></ArticleIdList></Reference><Reference><Citation>Grochulski P, Masson L, Borisova S, Pusztai-Carey M, Schwartz J-L, Brousseau R, et al. . Bacillus Thuringiensis CrylA (a) Insecticidal Toxin: Crystal Structure and Channel Formation. J Mol Biol (1995) 254(3):447&#x2013;64. doi:&#xa0;10.1006/jmbi.1995.0630</Citation><ArticleIdList><ArticleId IdType="doi">10.1006/jmbi.1995.0630</ArticleId><ArticleId IdType="pubmed">7490762</ArticleId></ArticleIdList></Reference><Reference><Citation>Batool K, Alam I, Zhao G, Wang J, Xu J, Yu X, et al. . C-Type Lectin-20 Interacts With ALP1 Receptor to Reduce Cry Toxicity inAedes Aegypti . Toxins (2018) 10(10):390. doi:&#xa0;10.3390/toxins10100390</Citation><ArticleIdList><ArticleId IdType="doi">10.3390/toxins10100390</ArticleId><ArticleId IdType="pmc">PMC6215184</ArticleId><ArticleId IdType="pubmed">30257487</ArticleId></ArticleIdList></Reference><Reference><Citation>Zhang L-L, Hu X-H, Wu S-Q, Batool K, Chowdhury M, Lin Y, et al. . Aedes Aegypti Galectin Competes With Cry11Aa for Binding to ALP1 To Modulate Cry Toxicity. JAFC (2018) 66:13435&#x2013;43. doi:&#xa0;10.1021/acs.jafc.8b04665</Citation><ArticleIdList><ArticleId IdType="doi">10.1021/acs.jafc.8b04665</ArticleId><ArticleId IdType="pubmed">30556692</ArticleId></ArticleIdList></Reference><Reference><Citation>Batool K, Alam I, Jin L, Xu J, Wu C, Wang J, et al. . CTLGA9 Interacts With ALP1 and APN Receptors To Modulate Cry11Aa Toxicity in Aedes Aegypti . JAFC (2019) 67:8896&#x2013;904. doi:&#xa0;10.1021/acs.jafc.9b01840</Citation><ArticleIdList><ArticleId IdType="doi">10.1021/acs.jafc.9b01840</ArticleId><ArticleId IdType="pubmed">31339308</ArticleId></ArticleIdList></Reference><Reference><Citation>Hu X, Chen H, Xu J, Zhao G, Huang X, Liu J, et al. . Function of Aedes Aegypti Galectin-6 in Modulation of Cry11Aa Toxicity. Pesticide Biochem Physiol (2019) 162:96&#x2013;104. doi:&#xa0;10.1016/j.pestbp.2019.09.010</Citation><ArticleIdList><ArticleId IdType="doi">10.1016/j.pestbp.2019.09.010</ArticleId><ArticleId IdType="pubmed">31836060</ArticleId></ArticleIdList></Reference><Reference><Citation>Griffitts JS, Haslam SM, Yang T, Garczynski SF, Mulloy B, Morris H, et al. . Glycolipids as Receptors for Bacillus Thuringiensis Crystal Toxin. Science (2005) 307:922&#x2013;5. doi:&#xa0;10.1126/science.1104444</Citation><ArticleIdList><ArticleId IdType="doi">10.1126/science.1104444</ArticleId><ArticleId IdType="pubmed">15705852</ArticleId></ArticleIdList></Reference><Reference><Citation>Pandian GN, Ishikawa T, Togashi M, Shitomi Y, Haginoya K, Yamamoto S, et al. . Bombyx Mori Midgut Membrane Protein P252, Which Binds to Bacillus Thuringiensis Cry1A, Is a Chlorophyllide-Binding Protein, and the Resulting Complex has Antimicrobial Activity. Appl Environ Microbiol (2008) 74:1324&#x2013;31. doi:&#xa0;10.1128/AEM.01901-07</Citation><ArticleIdList><ArticleId IdType="doi">10.1128/AEM.01901-07</ArticleId><ArticleId IdType="pmc">PMC2258650</ArticleId><ArticleId IdType="pubmed">18192432</ArticleId></ArticleIdList></Reference><Reference><Citation>Da Silva IHS, Gom&#xe9;z I, S&#xe1;nchez J, De Castro DLM, Valicente FH, Sober&#xf3;n M, et al. . Identification of Midgut Membrane Proteins From Different Instars of Helicoverpa Armigera (Lepidoptera: Noctuidae) That Bind to Cry1Ac Toxin. PloS One (2018) 13:e0207789. doi:&#xa0;10.1371/journal.pone.0207789</Citation><ArticleIdList><ArticleId IdType="doi">10.1371/journal.pone.0207789</ArticleId><ArticleId IdType="pmc">PMC6283627</ArticleId><ArticleId IdType="pubmed">30521540</ArticleId></ArticleIdList></Reference><Reference><Citation>Rausell C, Mart&#xed;nez-Ram&#xed;rez AC, Garc&#xed;a-Robles I, Real MD. A Binding Site for Bacillus Thuringiensis Cry1Ab Toxin Is Lost During Larval Development in Two Forest Pests. Appl Environ Microbiol (2000) 66:1553&#x2013;8. doi:&#xa0;10.1128/AEM.66.4.1553-1558.2000</Citation><ArticleIdList><ArticleId IdType="doi">10.1128/AEM.66.4.1553-1558.2000</ArticleId><ArticleId IdType="pmc">PMC92022</ArticleId><ArticleId IdType="pubmed">10742241</ArticleId></ArticleIdList></Reference><Reference><Citation>Jurat-Fuentes JL, Adang MJ. Characterization of a Cry1Ac-Receptor Alkaline Phosphatase in Susceptible and Resistant Heliothis Virescens Larvae. Eur J Chem (2004) 271:3127&#x2013;35. doi:&#xa0;10.1111/j.1432-1033.2004.04238.x</Citation><ArticleIdList><ArticleId IdType="doi">10.1111/j.1432-1033.2004.04238.x</ArticleId><ArticleId IdType="pubmed">15265032</ArticleId></ArticleIdList></Reference><Reference><Citation>Herrero S, Gechev T, Bakker PL, Moar WJ, De Maagd RA. Bacillus Thuringiensis Cry1Ca-Resistant Spodoptera Exigua Lacks Expression of One of Four Aminopeptidase N Genes. BMC Genomics (2005) 6:96. doi:&#xa0;10.1186/1471-2164-6-96</Citation><ArticleIdList><ArticleId IdType="doi">10.1186/1471-2164-6-96</ArticleId><ArticleId IdType="pmc">PMC1184072</ArticleId><ArticleId IdType="pubmed">15978131</ArticleId></ArticleIdList></Reference><Reference><Citation>Flores-Escobar B, Rodr&#xed;guez-Magadan H, Bravo A, Sober&#xf3;n M, G&#xf3;mez I. Differential Role of Manduca Sexta Aminopeptidase-N and Alkaline Phosphatase in the Mode of Action of Cry1Aa, Cry1Ab, and Cry1Ac Toxins From Bacillus Thuringiensis . Appl Environ Microbiol (2013) 79(15):4543&#x2013;50. doi:&#xa0;10.1128/AEM.01062-13</Citation><ArticleIdList><ArticleId IdType="doi">10.1128/AEM.01062-13</ArticleId><ArticleId IdType="pmc">PMC3719532</ArticleId><ArticleId IdType="pubmed">23686267</ArticleId></ArticleIdList></Reference><Reference><Citation>Knowles BH, Knight PJ, Ellar DJ. N-Acetyl Galactosamine Is Part of the Receptor in Insect Gut Epithelia That Recognizes an Insecticidal Protein From Bacillus Thuringiensis . Proc R Soc Lond Ser B: Biol Sci (1991) 245:31&#x2013;5. doi:&#xa0;10.1098/rspb.1991.0084</Citation><ArticleIdList><ArticleId IdType="doi">10.1098/rspb.1991.0084</ArticleId><ArticleId IdType="pubmed">1658805</ArticleId></ArticleIdList></Reference><Reference><Citation>Wirth MC. Mosquito Resistance to Bacterial Larvicidal Toxins. Open Toxinol J (2010) 3:126&#x2013;40. doi:&#xa0;10.2174/1875414701003010126</Citation><ArticleIdList><ArticleId IdType="doi">10.2174/1875414701003010126</ArticleId></ArticleIdList></Reference><Reference><Citation>Shao E, Lin L, Chen C, Chen H, Zhuang H, Wu S, et al. . Loop Replacements With Gut-Binding Peptides in Cry1Ab Domain II Enhanced Toxicity Against the Brown Planthopper, Nilaparvata Lugens (St&#xe5;l). Sci Rep (2016) 6:20106. doi:&#xa0;10.1038/srep20106</Citation><ArticleIdList><ArticleId IdType="doi">10.1038/srep20106</ArticleId><ArticleId IdType="pmc">PMC4735585</ArticleId><ArticleId IdType="pubmed">26830331</ArticleId></ArticleIdList></Reference><Reference><Citation>Torres-Quintero M-C, G&#xf3;mez I, Pacheco S, S&#xe1;nchez J, Flores H, Osuna J, et al. . Engineering Bacillus Thuringiensis Cyt1Aa Toxin Specificity From Dipteran to Lepidopteran Toxicity. Sci Rep (2018) 8:1&#x2013;12. doi:&#xa0;10.1038/s41598-018-22740-9</Citation><ArticleIdList><ArticleId IdType="doi">10.1038/s41598-018-22740-9</ArticleId><ArticleId IdType="pmc">PMC5862903</ArticleId><ArticleId IdType="pubmed">29563565</ArticleId></ArticleIdList></Reference><Reference><Citation>Valtierra-De-Luis D, Villanueva M, Lai L, Williams T, Caballero P. Potential of Cry10Aa and Cyt2Ba, Two Minority &#x3b4;-Endotoxins Produced by Bacillus Thuringiensis Ser. Israelensis, for the Control of Aedes Aegypti Larvae. Toxins (2020) 12(6):355. doi:&#xa0;10.3390/toxins12060355</Citation><ArticleIdList><ArticleId IdType="doi">10.3390/toxins12060355</ArticleId><ArticleId IdType="pmc">PMC7354544</ArticleId><ArticleId IdType="pubmed">32485828</ArticleId></ArticleIdList></Reference><Reference><Citation>L&#xf3;pez-Molina S, Do Nascimento NA, Silva-Filha MHNL, Guerrero A, S&#xe1;nchez J, Pacheco S, et al. . In Vivo Nanoscale Analysis of the Dynamic Synergistic Interaction of Bacillus Thuringiensis Cry11Aa and Cyt1Aa Toxins inAedes Aegypti . PloS Pathog (2021) 17:e1009199. doi:&#xa0;10.1371/journal.ppat.1009199</Citation><ArticleIdList><ArticleId IdType="doi">10.1371/journal.ppat.1009199</ArticleId><ArticleId IdType="pmc">PMC7846010</ArticleId><ArticleId IdType="pubmed">33465145</ArticleId></ArticleIdList></Reference><Reference><Citation>Guo Z, Kang S, Wu Q, Wang S, Crickmore N, Zhou X, et al. . The Regulation Landscape of MAPK Signaling Cascade for Thwarting Bacillus Thuringiensis Infection in an Insect Host. PloS Pathog (2021) 17:e1009917. doi:&#xa0;10.1371/journal.ppat.1009917</Citation><ArticleIdList><ArticleId IdType="doi">10.1371/journal.ppat.1009917</ArticleId><ArticleId IdType="pmc">PMC8452011</ArticleId><ArticleId IdType="pubmed">34495986</ArticleId></ArticleIdList></Reference><Reference><Citation>Ma X, Shao E, Chen W, Cotto-Rivera RO, Yang X, Kain W, et al. . Bt Cry1Ac Resistance in Trichoplusia Ni Is Conferred by Multi-Gene Mutations. Insect Biochem Mol Biol (2022) 140:103678. doi:&#xa0;10.1016/j.ibmb.2021.103678</Citation><ArticleIdList><ArticleId IdType="doi">10.1016/j.ibmb.2021.103678</ArticleId><ArticleId IdType="pubmed">34780898</ArticleId></ArticleIdList></Reference><Reference><Citation>G&#xfc;ney G, Cedden D, H&#xe4;nniger S, Heckel DG, Coutu C, Hegedus DD, et al. . Silencing of an ABC Transporter, But Not a Cadherin, Decreases the Susceptibility of Colorado Potato Beetle Larvae to Bacillus Thuringiensis Ssp. Tenebrionis Cry3Aa Toxin. Arch Insect Biochem Physiol (2021) 108:e21834. doi:&#xa0;10.1002/arch.21834</Citation><ArticleIdList><ArticleId IdType="doi">10.1002/arch.21834</ArticleId><ArticleId IdType="pubmed">34288075</ArticleId></ArticleIdList></Reference><Reference><Citation>Yang Y-J, Xu H-X, Wu Z-H, Lu Z-X. Effects of Inhibitors on the Protease Profiles and Degradation of Activated Cry Toxins in Larval Midgut Juices of Cnaphalocrocis Medinalis (Lepidoptera: Pyralidae). J Integr Agric (2021) 20(8):2195&#x2013;203. doi:&#xa0;10.1016/S2095-3119(20)63316-0</Citation><ArticleIdList><ArticleId IdType="doi">10.1016/S2095-3119(20)63316-0</ArticleId></ArticleIdList></Reference><Reference><Citation>Dhania NK, Chauhan VK, Abhilash D, Thakur V, Chaitanya R, Dutta-Gupta S, et al. . Gut-Specific Arylphorin Mediates Midgut Regenerative Response Against Cry-Induced Damage in Achaea Janata. Comp Biochem Physiol Part B: Biochem Mol Biol (2021) 255:110600. doi:&#xa0;10.1016/j.cbpb.2021.110600</Citation><ArticleIdList><ArticleId IdType="doi">10.1016/j.cbpb.2021.110600</ArticleId><ArticleId IdType="pubmed">33848588</ArticleId></ArticleIdList></Reference><Reference><Citation>Heckel DG. The Essential and Enigmatic Role of ABC Transporters in Bt Resistance of Noctuids and Other Insect Pests of Agriculture. Insects (2021) 12(5):389. doi:&#xa0;10.3390/insects12050389</Citation><ArticleIdList><ArticleId IdType="doi">10.3390/insects12050389</ArticleId><ArticleId IdType="pmc">PMC8145640</ArticleId><ArticleId IdType="pubmed">33924857</ArticleId></ArticleIdList></Reference></ReferenceList></PubmedData></PubmedArticle></PubmedArticleSet>