<?xml version="1.0" ?>
<!DOCTYPE PubmedArticleSet PUBLIC "-//NLM//DTD PubMedArticle, 1st January 2023//EN" "https://dtd.nlm.nih.gov/ncbi/pubmed/out/pubmed_230101.dtd">
<PubmedArticleSet>
<PubmedArticle><MedlineCitation Status="MEDLINE" Owner="NLM" IndexingMethod="Automated"><PMID Version="1">35663472</PMID><DateCompleted><Year>2022</Year><Month>06</Month><Day>08</Day></DateCompleted><DateRevised><Year>2023</Year><Month>09</Month><Day>16</Day></DateRevised><Article PubModel="Electronic-eCollection"><Journal><ISSN IssnType="Electronic">2235-2988</ISSN><JournalIssue CitedMedium="Internet"><Volume>12</Volume><PubDate><Year>2022</Year></PubDate></JournalIssue><Title>Frontiers in cellular and infection microbiology</Title><ISOAbbreviation>Front Cell Infect Microbiol</ISOAbbreviation></Journal><ArticleTitle>Molecular Characterization and Phylogenetic Analysis of the 2019 Dengue Outbreak in Wenzhou, China.</ArticleTitle><Pagination><StartPage>829380</StartPage><MedlinePgn>829380</MedlinePgn></Pagination><ELocationID EIdType="pii" ValidYN="Y">829380</ELocationID><ELocationID EIdType="doi" ValidYN="Y">10.3389/fcimb.2022.829380</ELocationID><Abstract><AbstractText>In 2019, a dengue outbreak occurred with 290 confirmed cases in Wenzhou, a coastal city in southeast China. To identify the origin of the dengue virus (DENV) from this outbreak, viral RNA was extracted from four serum samples and sequenced for whole genome analysis. Then, phylogenetic analysis, gene mutation, secondary structure prediction, selection pressure analysis, and recombination analysis were performed. DENV strains Cam-03 and Cam-11 were isolated from patients traveling from Cambodia, while ZJWZ-18 and ZJWZ-62 strains were isolated from local patients without a record of traveling abroad. The whole genome sequence of all four strains was 10,735 nucleotides long. Phylogenetic tree analysis showed that the four strains belonged to genotype 1 of DENV-1, but the local Wenzhou strains and imported strains clustered in different branches. ZJWZ-18 and ZJWZ-62 were closely related to strain MF033254-Singapore-2016, and Cam-03 and Cam-11 were closely related to strain AB608788-China : Taiwan-1994. A comparison of the coding regions between the local strains and the DENV-1 standard strain (EU848545-Hawaii-1944) showed 82 amino acid mutations between the two strains. A total of 55 amino acid mutations were found between the coding regions of the local and imported strains. The overall secondary structure of the 3' UTR of the local strains had changed: apparent changes in the head and tail position were observed when compared to DENV-1 standard strain. Furthermore, selection pressure analysis and recombination detection using the 4 isolates and 41 reference strains showed two credible positive selection sites and eight credible recombination events, which warrant further studies. This study may enhance the understanding of viral replication, infection, evolution, virulence, and pathogenicity of DENV.</AbstractText><CopyrightInformation>Copyright &#xa9; 2022 Han, Sun, Sun, Xu, Yang, Xie, Guan and Lou.</CopyrightInformation></Abstract><AuthorList CompleteYN="Y"><Author ValidYN="Y"><LastName>Han</LastName><ForeName>Axiang</ForeName><Initials>A</Initials><AffiliationInfo><Affiliation>Wenzhou Key Laboratory of Sanitary Microbiology, Key Laboratory of Laboratory Medicine, Ministry of Education, China, School of Laboratory Medicine and Life Sciences, Wenzhou Medical University, Wenzhou, China.</Affiliation></AffiliationInfo><AffiliationInfo><Affiliation>Department of Clinical Laboratory, Ningbo First Hospital, Ningbo, China.</Affiliation></AffiliationInfo></Author><Author ValidYN="Y"><LastName>Sun</LastName><ForeName>Baochang</ForeName><Initials>B</Initials><AffiliationInfo><Affiliation>Department of Laboratory, Wenzhou Center for Disease Control and Prevention, Wenzhou, China.</Affiliation></AffiliationInfo></Author><Author ValidYN="Y"><LastName>Sun</LastName><ForeName>Zhewei</ForeName><Initials>Z</Initials><AffiliationInfo><Affiliation>Wenzhou Key Laboratory of Sanitary Microbiology, Key Laboratory of Laboratory Medicine, Ministry of Education, China, School of Laboratory Medicine and Life Sciences, Wenzhou Medical University, Wenzhou, China.</Affiliation></AffiliationInfo></Author><Author ValidYN="Y"><LastName>Xu</LastName><ForeName>Xuelian</ForeName><Initials>X</Initials><AffiliationInfo><Affiliation>Wenzhou Key Laboratory of Sanitary Microbiology, Key Laboratory of Laboratory Medicine, Ministry of Education, China, School of Laboratory Medicine and Life Sciences, Wenzhou Medical University, Wenzhou, China.</Affiliation></AffiliationInfo></Author><Author ValidYN="Y"><LastName>Yang</LastName><ForeName>Qiongying</ForeName><Initials>Q</Initials><AffiliationInfo><Affiliation>Wenzhou Key Laboratory of Sanitary Microbiology, Key Laboratory of Laboratory Medicine, Ministry of Education, China, School of Laboratory Medicine and Life Sciences, Wenzhou Medical University, Wenzhou, China.</Affiliation></AffiliationInfo></Author><Author ValidYN="Y"><LastName>Xie</LastName><ForeName>Danli</ForeName><Initials>D</Initials><AffiliationInfo><Affiliation>Wenzhou Key Laboratory of Sanitary Microbiology, Key Laboratory of Laboratory Medicine, Ministry of Education, China, School of Laboratory Medicine and Life Sciences, Wenzhou Medical University, Wenzhou, China.</Affiliation></AffiliationInfo></Author><Author ValidYN="Y"><LastName>Guan</LastName><ForeName>Wanchun</ForeName><Initials>W</Initials><AffiliationInfo><Affiliation>Wenzhou Key Laboratory of Sanitary Microbiology, Key Laboratory of Laboratory Medicine, Ministry of Education, China, School of Laboratory Medicine and Life Sciences, Wenzhou Medical University, Wenzhou, China.</Affiliation></AffiliationInfo></Author><Author ValidYN="Y"><LastName>Lou</LastName><ForeName>Yongliang</ForeName><Initials>Y</Initials><AffiliationInfo><Affiliation>Wenzhou Key Laboratory of Sanitary Microbiology, Key Laboratory of Laboratory Medicine, Ministry of Education, China, School of Laboratory Medicine and Life Sciences, Wenzhou Medical University, Wenzhou, China.</Affiliation></AffiliationInfo></Author></AuthorList><Language>eng</Language><PublicationTypeList><PublicationType UI="D016428">Journal Article</PublicationType><PublicationType UI="D013485">Research Support, Non-U.S. Gov't</PublicationType></PublicationTypeList><ArticleDate DateType="Electronic"><Year>2022</Year><Month>05</Month><Day>19</Day></ArticleDate></Article><MedlineJournalInfo><Country>Switzerland</Country><MedlineTA>Front Cell Infect Microbiol</MedlineTA><NlmUniqueID>101585359</NlmUniqueID><ISSNLinking>2235-2988</ISSNLinking></MedlineJournalInfo><ChemicalList><Chemical><RegistryNumber>0</RegistryNumber><NameOfSubstance UI="D000596">Amino Acids</NameOfSubstance></Chemical></ChemicalList><CitationSubset>IM</CitationSubset><MeshHeadingList><MeshHeading><DescriptorName UI="D000596" MajorTopicYN="N">Amino Acids</DescriptorName></MeshHeading><MeshHeading><DescriptorName UI="D002681" MajorTopicYN="N" Type="Geographic">China</DescriptorName><QualifierName UI="Q000453" MajorTopicYN="N">epidemiology</QualifierName></MeshHeading><MeshHeading><DescriptorName UI="D003715" MajorTopicYN="Y">Dengue</DescriptorName><QualifierName UI="Q000453" MajorTopicYN="N">epidemiology</QualifierName></MeshHeading><MeshHeading><DescriptorName UI="D003716" MajorTopicYN="Y">Dengue Virus</DescriptorName></MeshHeading><MeshHeading><DescriptorName UI="D004196" MajorTopicYN="N">Disease Outbreaks</DescriptorName></MeshHeading><MeshHeading><DescriptorName UI="D016679" MajorTopicYN="N">Genome, Viral</DescriptorName></MeshHeading><MeshHeading><DescriptorName UI="D005838" MajorTopicYN="N">Genotype</DescriptorName></MeshHeading><MeshHeading><DescriptorName UI="D006801" MajorTopicYN="N">Humans</DescriptorName></MeshHeading><MeshHeading><DescriptorName UI="D010802" MajorTopicYN="N">Phylogeny</DescriptorName></MeshHeading></MeshHeadingList><KeywordList Owner="NOTNLM"><Keyword MajorTopicYN="N">dengue virus</Keyword><Keyword MajorTopicYN="N">gene mutation</Keyword><Keyword MajorTopicYN="N">molecular characterization</Keyword><Keyword MajorTopicYN="N">phylogenetic analysis</Keyword><Keyword MajorTopicYN="N">whole-genome</Keyword></KeywordList><CoiStatement>The authors declare that the research was conducted in the absence of any commercial or financial relationships that could be construed as a potential conflict of interest.</CoiStatement></MedlineCitation><PubmedData><History><PubMedPubDate PubStatus="received"><Year>2021</Year><Month>12</Month><Day>5</Day></PubMedPubDate><PubMedPubDate PubStatus="accepted"><Year>2022</Year><Month>4</Month><Day>25</Day></PubMedPubDate><PubMedPubDate PubStatus="entrez"><Year>2022</Year><Month>6</Month><Day>6</Day><Hour>14</Hour><Minute>0</Minute></PubMedPubDate><PubMedPubDate PubStatus="pubmed"><Year>2022</Year><Month>6</Month><Day>7</Day><Hour>6</Hour><Minute>0</Minute></PubMedPubDate><PubMedPubDate PubStatus="medline"><Year>2022</Year><Month>6</Month><Day>9</Day><Hour>6</Hour><Minute>0</Minute></PubMedPubDate></History><PublicationStatus>epublish</PublicationStatus><ArticleIdList><ArticleId IdType="pubmed">35663472</ArticleId><ArticleId IdType="pmc">PMC9161089</ArticleId><ArticleId IdType="doi">10.3389/fcimb.2022.829380</ArticleId></ArticleIdList><ReferenceList><Reference><Citation>Alvarez D. E., De Lella Ezcurra A. L., Fucito S., Gamarnik A. V. (2005). Role of RNA Structures Present at the 3&#x2019;UTR of Dengue Virus on Translation, RNA Synthesis, and Viral Replication. Virology 339, 200&#x2013;212. doi: 10.1016/j.virol.2005.06.009</Citation><ArticleIdList><ArticleId IdType="doi">10.1016/j.virol.2005.06.009</ArticleId><ArticleId IdType="pubmed">16002117</ArticleId></ArticleIdList></Reference><Reference><Citation>Anoop M., Mathew A. J., Jayakumar B., Issac A., Nair S., Abraham R., et al. . (2012). Complete Genome Sequencing and Evolutionary Analysis of Dengue Virus Serotype 1 Isolates From an Outbreak in Kerala, South India. Virus Genes 45 (1), 1&#x2013;13. doi: 10.1007/s11262-012-0756-3</Citation><ArticleIdList><ArticleId IdType="doi">10.1007/s11262-012-0756-3</ArticleId><ArticleId IdType="pubmed">22729802</ArticleId></ArticleIdList></Reference><Reference><Citation>Bhatt S., Gething P. W., Brady O. J., Messina J. P., Farlow A. W., Moyes C. L., et al. . (2013). The Global Distribution and Burden of Dengue. Nature 496, 504&#x2013;507. doi: 10.1038/nature12060</Citation><ArticleIdList><ArticleId IdType="doi">10.1038/nature12060</ArticleId><ArticleId IdType="pmc">PMC3651993</ArticleId><ArticleId IdType="pubmed">23563266</ArticleId></ArticleIdList></Reference><Reference><Citation>Bryant J. E., Vasconcelos P. F., Rijnbrand R. C., Mutebi J. P., Higgs S., Barrett A. D. (2005). Size Heterogeneity in the 3&#x2019; Noncoding Region of South American Isolates of Yellow Fever Virus. J. Virol. 79, 3807&#x2013;3821. doi: 10.1128/JVI.79.6.3807-3821.2005</Citation><ArticleIdList><ArticleId IdType="doi">10.1128/JVI.79.6.3807-3821.2005</ArticleId><ArticleId IdType="pmc">PMC1075708</ArticleId><ArticleId IdType="pubmed">15731274</ArticleId></ArticleIdList></Reference><Reference><Citation>Chambers T. J., Hahn C. S., Galler R., Rice C. M. (1990). Flavivirus Genome Organization, Expression, and Replication. Annu. Rev. Microbiol. 44, 649&#x2013;688. doi: 10.1146/annurev.mi.44.100190.003245</Citation><ArticleIdList><ArticleId IdType="doi">10.1146/annurev.mi.44.100190.003245</ArticleId><ArticleId IdType="pubmed">2174669</ArticleId></ArticleIdList></Reference><Reference><Citation>Chen B., Liu Q. (2015). Dengue Fever in China. Lancet (Lond. Eng.) 385, 1621&#x2013;1622. doi: 10.1016/S0140-6736(15)60793-0</Citation><ArticleIdList><ArticleId IdType="doi">10.1016/S0140-6736(15)60793-0</ArticleId><ArticleId IdType="pubmed">25943817</ArticleId></ArticleIdList></Reference><Reference><Citation>Chiu W. W., Kinney R. M., Dreher T. W. (2005). Control of Translation by the 5&#x2019;- and 3&#x2019;-Terminal Regions of the Dengue Virus Genome. J. Virol. 79, 8303&#x2013;8315. doi: 10.1128/JVI.79.13.8303-8315.2005</Citation><ArticleIdList><ArticleId IdType="doi">10.1128/JVI.79.13.8303-8315.2005</ArticleId><ArticleId IdType="pmc">PMC1143759</ArticleId><ArticleId IdType="pubmed">15956576</ArticleId></ArticleIdList></Reference><Reference><Citation>Collins N. D., Beck A. S., Widen S. G., Wood T. G., Higgs S., Barrett A. D. T. (2018). Structural and Nonstructural Genes Contribute to the Genetic Diversity of RNA Viruses. mBio 9 (5), e01871&#x2013;18. doi: 10.1128/mBio.01871-18</Citation><ArticleIdList><ArticleId IdType="doi">10.1128/mBio.01871-18</ArticleId><ArticleId IdType="pmc">PMC6212827</ArticleId><ArticleId IdType="pubmed">30377281</ArticleId></ArticleIdList></Reference><Reference><Citation>Gibbs M. J., Armstrong J. S., Gibbs A. J. (2000). Sister-Scanning: A Monte Carlo Procedure for Assessing Signals in Recombinant Sequences. Bioinformatics 16, 573&#x2013;582. doi: 10.1093/bioinformatics/16.7.573</Citation><ArticleIdList><ArticleId IdType="doi">10.1093/bioinformatics/16.7.573</ArticleId><ArticleId IdType="pubmed">11038328</ArticleId></ArticleIdList></Reference><Reference><Citation>Gintarong T., Jr., Emran A., Sherin A., Thein T. T., Aung T. S. (2018). Circulation of All Dengue Virus Serotypes During Dengue Outbreak in Sandakan, Sabah, Malaysia, (2016). J. Vector Borne Dis. 55, 168&#x2013;171. doi: 10.4103/0972-9062.242566</Citation><ArticleIdList><ArticleId IdType="doi">10.4103/0972-9062.242566</ArticleId><ArticleId IdType="pubmed">30280717</ArticleId></ArticleIdList></Reference><Reference><Citation>Goncalvez A. P., Escalante A. A., Pujol F. H., Ludert J. E., Tovar D., Salas R. A., et al. . (2002). Diversity and Evolution of the Envelope Gene of Dengue Virus Type 1. Virology 303, 110&#x2013;119. doi: 10.1006/viro.2002.1686</Citation><ArticleIdList><ArticleId IdType="doi">10.1006/viro.2002.1686</ArticleId><ArticleId IdType="pubmed">12482662</ArticleId></ArticleIdList></Reference><Reference><Citation>Henchal E. A., Putnak J. R. (1990). The Dengue Viruses. Clin. Microbiol. Rev. 3, 376&#x2013;396. doi: 10.1128/CMR.3.4.376</Citation><ArticleIdList><ArticleId IdType="doi">10.1128/CMR.3.4.376</ArticleId><ArticleId IdType="pmc">PMC358169</ArticleId><ArticleId IdType="pubmed">2224837</ArticleId></ArticleIdList></Reference><Reference><Citation>Holmes E. C., Twiddy S. S. (2003). The Origin, Emergence and Evolutionary Genetics of Dengue Virus. Infect. Genet. Evol. 3, 19&#x2013;28. doi: 10.1016/S1567-1348(03)00004-2</Citation><ArticleIdList><ArticleId IdType="doi">10.1016/S1567-1348(03)00004-2</ArticleId><ArticleId IdType="pubmed">12797969</ArticleId></ArticleIdList></Reference><Reference><Citation>Jiang L., Ma D., Ye C., Li L., Li X., Yang J., et al. . (2018). Molecular Characterization of Dengue Virus Serotype 2 Cosmospolitan Genotype From 2015 Dengue Outbreak in Yunnan, China. Front. Cell Infect. Microbiol. 8, 219. doi: 10.3389/fcimb.2018.00219</Citation><ArticleIdList><ArticleId IdType="doi">10.3389/fcimb.2018.00219</ArticleId><ArticleId IdType="pmc">PMC6030573</ArticleId><ArticleId IdType="pubmed">29998087</ArticleId></ArticleIdList></Reference><Reference><Citation>Kar M., Nisheetha A., Kumar A., Jagtap S., Shinde J., Singla M., et al. . (2019). Isolation and Molecular Characterization of Dengue Virus Clinical Isolates From Pediatric Patients in New Delhi. Int. J. Infect. Diseases: IJID: Off. Publ. Int. Soc. Infect. Dis. 84S, S25&#x2013;S33. doi: 10.1016/j.ijid.2018.12.003</Citation><ArticleIdList><ArticleId IdType="doi">10.1016/j.ijid.2018.12.003</ArticleId><ArticleId IdType="pmc">PMC6823047</ArticleId><ArticleId IdType="pubmed">30528666</ArticleId></ArticleIdList></Reference><Reference><Citation>Katoh K., Standley D. M. (2013). MAFFT Multiple Sequence Alignment Software Version 7: Improvements in Performance and Usability. Mol. Biol. Evol. 30, 772&#x2013;780. doi: 10.1093/molbev/mst010</Citation><ArticleIdList><ArticleId IdType="doi">10.1093/molbev/mst010</ArticleId><ArticleId IdType="pmc">PMC3603318</ArticleId><ArticleId IdType="pubmed">23329690</ArticleId></ArticleIdList></Reference><Reference><Citation>Kato F., Kotaki A., Yamaguchi Y., Shiba H., Hosono K., Harada S., et al. . (2012). Identification and Characterization of the Short Variable Region of the Japanese Encephalitis Virus 3&#x2019; NTR. Virus Genes 44, 191&#x2013;197. doi: 10.1007/s11262-011-0685-6</Citation><ArticleIdList><ArticleId IdType="doi">10.1007/s11262-011-0685-6</ArticleId><ArticleId IdType="pubmed">22057659</ArticleId></ArticleIdList></Reference><Reference><Citation>Kawano H., Rostapshov V., Rosen L., Lai C. J. (1993). Genetic Determinants of Dengue Type 4 Virus Neurovirulence for Mice. J. Virol. 67, 6567&#x2013;6575. doi: 10.1128/jvi.67.11.6567-6575.1993</Citation><ArticleIdList><ArticleId IdType="doi">10.1128/jvi.67.11.6567-6575.1993</ArticleId><ArticleId IdType="pmc">PMC238094</ArticleId><ArticleId IdType="pubmed">8411360</ArticleId></ArticleIdList></Reference><Reference><Citation>Kosakovsky Pond S. L., Frost S. D. (2005). Not So Different After All: A Comparison of Methods for Detecting Amino Acid Sites Under Selection. Mol. Biol. Evol. 22, 1208&#x2013;1222. doi: 10.1093/molbev/msi105</Citation><ArticleIdList><ArticleId IdType="doi">10.1093/molbev/msi105</ArticleId><ArticleId IdType="pubmed">15703242</ArticleId></ArticleIdList></Reference><Reference><Citation>Kuhn R. J., Zhang W., Rossmann M. G., Pletnev S. V., Corver J., Lenches E., et al. . (2002). Structure of Dengue Virus: Implications for Flavivirus Organization, Maturation, and Fusion. Cell 108, 717&#x2013;725. doi: 10.1016/S0092-8674(02)00660-8</Citation><ArticleIdList><ArticleId IdType="doi">10.1016/S0092-8674(02)00660-8</ArticleId><ArticleId IdType="pmc">PMC4152842</ArticleId><ArticleId IdType="pubmed">11893341</ArticleId></ArticleIdList></Reference><Reference><Citation>Kumar S., Stecher G., Li M., Knyaz C., Tamura K. (2018). MEGA X: Molecular Evolutionary Genetics Analysis Across Computing Platforms. Mol. Biol. Evol. 35, 1547&#x2013;1549. doi: 10.1093/molbev/msy096</Citation><ArticleIdList><ArticleId IdType="doi">10.1093/molbev/msy096</ArticleId><ArticleId IdType="pmc">PMC5967553</ArticleId><ArticleId IdType="pubmed">29722887</ArticleId></ArticleIdList></Reference><Reference><Citation>Kyaw A. K., Ngwe Tun M. M., Moi M. L., Nabeshima T., Soe K. T., Thwe S. M., et al. . (2017). Clinical, Virological and Epidemiological Characterization of Dengue Outbreak in Myanmar 2015. Epidemiol. Infect. 145, 1886&#x2013;1897. doi: 10.1017/S0950268817000735</Citation><ArticleIdList><ArticleId IdType="doi">10.1017/S0950268817000735</ArticleId><ArticleId IdType="pmc">PMC9203345</ArticleId><ArticleId IdType="pubmed">28414004</ArticleId></ArticleIdList></Reference><Reference><Citation>Lam H. M., Ratmann O., Boni M. F. (2018). Improved Algorithmic Complexity for the 3SEQ Recombination Detection Algorithm. Mol. Biol. Evol. 35, 247&#x2013;251. doi: 10.1093/molbev/msx263</Citation><ArticleIdList><ArticleId IdType="doi">10.1093/molbev/msx263</ArticleId><ArticleId IdType="pmc">PMC5850291</ArticleId><ArticleId IdType="pubmed">29029186</ArticleId></ArticleIdList></Reference><Reference><Citation>Leardkamolkarn V., Sirigulpanit W., Kinney R. M. (2010). Characterization of Recombinant Dengue-2 Virus Derived From a Single Nucleotide Substitution in the 5&#x2019; Noncoding Region. J. BioMed. Biotechnol. 2010, 934694. doi: 10.1155/2010/934694</Citation><ArticleIdList><ArticleId IdType="doi">10.1155/2010/934694</ArticleId><ArticleId IdType="pmc">PMC2843905</ArticleId><ArticleId IdType="pubmed">20339476</ArticleId></ArticleIdList></Reference><Reference><Citation>Martin D. P., Murrell B., Golden M., Khoosal A., Muhire B. (2015). RDP4: Detection and Analysis of Recombination Patterns in Virus Genomes. Virus Evol. 1, vev003. doi: 10.1093/ve/vev003</Citation><ArticleIdList><ArticleId IdType="doi">10.1093/ve/vev003</ArticleId><ArticleId IdType="pmc">PMC5014473</ArticleId><ArticleId IdType="pubmed">27774277</ArticleId></ArticleIdList></Reference><Reference><Citation>Martin D. P., Posada D., Crandall K. A., Williamson C. (2005). A Modified Bootscan Algorithm for Automated Identification of Recombinant Sequences and Recombination Breakpoints. AIDS Res. Hum. Retroviruses 21, 98&#x2013;102. doi: 10.1089/aid.2005.21.98</Citation><ArticleIdList><ArticleId IdType="doi">10.1089/aid.2005.21.98</ArticleId><ArticleId IdType="pubmed">15665649</ArticleId></ArticleIdList></Reference><Reference><Citation>Martin D., Rybicki E. (2000). RDP: Detection of Recombination Amongst Aligned Sequences. Bioinformatics 16, 562&#x2013;563. doi: 10.1093/bioinformatics/16.6.562</Citation><ArticleIdList><ArticleId IdType="doi">10.1093/bioinformatics/16.6.562</ArticleId><ArticleId IdType="pubmed">10980155</ArticleId></ArticleIdList></Reference><Reference><Citation>Murray N. E. A., Quam M. B., Wilder-Smith A. (2013). Epidemiology of Dengue: Past, Present and Future Prospects. Clin. Epidemiol. 5, 299&#x2013;309. doi: 10.2147/CLEP.S34440</Citation><ArticleIdList><ArticleId IdType="doi">10.2147/CLEP.S34440</ArticleId><ArticleId IdType="pmc">PMC3753061</ArticleId><ArticleId IdType="pubmed">23990732</ArticleId></ArticleIdList></Reference><Reference><Citation>Murrell B., Moola S., Mabona A., Weighill T., Sheward D., Kosakovsky Pond S. L., et al. . (2013). FUBAR: A Fast, Unconstrained Bayesian Approximation for Inferring Selection. Mol. Biol. Evol. 30, 1196&#x2013;1205. doi: 10.1093/molbev/mst030</Citation><ArticleIdList><ArticleId IdType="doi">10.1093/molbev/mst030</ArticleId><ArticleId IdType="pmc">PMC3670733</ArticleId><ArticleId IdType="pubmed">23420840</ArticleId></ArticleIdList></Reference><Reference><Citation>Murrell B., Wertheim J. O., Moola S., Weighill T., Scheffler K., Kosakovsky Pond S. L. (2012). Detecting Individual Sites Subject to Episodic Diversifying Selection. PloS Genet. 8, e1002764. doi: 10.1371/journal.pgen.1002764</Citation><ArticleIdList><ArticleId IdType="doi">10.1371/journal.pgen.1002764</ArticleId><ArticleId IdType="pmc">PMC3395634</ArticleId><ArticleId IdType="pubmed">22807683</ArticleId></ArticleIdList></Reference><Reference><Citation>Padidam M., Sawyer S., Fauquet C. M. (1999). Possible Emergence of New Geminiviruses by Frequent Recombination. Virology 265, 218&#x2013;225. doi: 10.1006/viro.1999.0056</Citation><ArticleIdList><ArticleId IdType="doi">10.1006/viro.1999.0056</ArticleId><ArticleId IdType="pubmed">10600594</ArticleId></ArticleIdList></Reference><Reference><Citation>Phadungsombat J., Lin M. Y.-C., Srimark N., Yamanaka A., Nakayama E. E., Moolasart V., et al. . (2018). Emergence of Genotype Cosmopolitan of Dengue Virus Type 2 and Genotype III of Dengue Virus Type 3 in Thailand. PloS One 13, e0207220. doi: 10.1371/journal.pone.0207220</Citation><ArticleIdList><ArticleId IdType="doi">10.1371/journal.pone.0207220</ArticleId><ArticleId IdType="pmc">PMC6231660</ArticleId><ArticleId IdType="pubmed">30419004</ArticleId></ArticleIdList></Reference><Reference><Citation>Posada D., Crandall K. A. (2001). Evaluation of Methods for Detecting Recombination From DNA Sequences: Computer Simulations. Proc. Natl. Acad. Sci. U.S.A. 98, 13757&#x2013;13762. doi: 10.1073/pnas.241370698</Citation><ArticleIdList><ArticleId IdType="doi">10.1073/pnas.241370698</ArticleId><ArticleId IdType="pmc">PMC61114</ArticleId><ArticleId IdType="pubmed">11717435</ArticleId></ArticleIdList></Reference><Reference><Citation>Puri B., Nelson W. M., Henchal E. A., Hoke C. H., Eckels K. H., Dubois D. R., et al. . (1997). Molecular Analysis of Dengue Virus Attenuation After Serial Passage in Primary Dog Kidney Cells. J. Gen. Virol. 78 (Pt 9), 2287&#x2013;2291. doi: 10.1099/0022-1317-78-9-2287</Citation><ArticleIdList><ArticleId IdType="doi">10.1099/0022-1317-78-9-2287</ArticleId><ArticleId IdType="pubmed">9292016</ArticleId></ArticleIdList></Reference><Reference><Citation>Quam M. B., Sessions O., Kamaraj U. S., Rockl&#xf6;v J., Wilder-Smith A. (2016). Dissecting Japan&#x2019;s Dengue Outbreak in 2014. Am. J. Trop. Med. Hyg. 94, 409&#x2013;412. doi: 10.4269/ajtmh.15-0468</Citation><ArticleIdList><ArticleId IdType="doi">10.4269/ajtmh.15-0468</ArticleId><ArticleId IdType="pmc">PMC4751952</ArticleId><ArticleId IdType="pubmed">26711518</ArticleId></ArticleIdList></Reference><Reference><Citation>Ren J., Ling F., Sun J., Gong Z., Liu Y., Shi X., et al. . (2018). Epidemiological Profile of Dengue in Zhejiang Province, Southeast China. PloS One 13, e0208810. doi: 10.1371/journal.pone.0208810</Citation><ArticleIdList><ArticleId IdType="doi">10.1371/journal.pone.0208810</ArticleId><ArticleId IdType="pmc">PMC6289432</ArticleId><ArticleId IdType="pubmed">30533054</ArticleId></ArticleIdList></Reference><Reference><Citation>Rico-Hesse R. (2003). Microevolution and Virulence of Dengue Viruses. Adv. Virus Res. 59, 315&#x2013;341. doi: 10.1016/S0065-3527(03)59009-1</Citation><ArticleIdList><ArticleId IdType="doi">10.1016/S0065-3527(03)59009-1</ArticleId><ArticleId IdType="pmc">PMC3045824</ArticleId><ArticleId IdType="pubmed">14696333</ArticleId></ArticleIdList></Reference><Reference><Citation>Rodenhuis-Zybert I. A., Wilschut J., Smit J. M. (2010). Dengue Virus Life Cycle: Viral and Host Factors Modulating Infectivity. Cell. Mol. Life Sci.: CMLS 67, 2773&#x2013;2786. doi: 10.1007/s00018-010-0357-z</Citation><ArticleIdList><ArticleId IdType="doi">10.1007/s00018-010-0357-z</ArticleId><ArticleId IdType="pubmed">20372965</ArticleId></ArticleIdList></Reference><Reference><Citation>Sasmono R. T., Kalalo L. P., Trismiasih S., Denis D., Yohan B., Hayati R. F., et al. . (2019). Multiple Introductions of Dengue Virus Strains Contribute to Dengue Outbreaks in East Kalimantan, Indonesia, in 2015-2016. Virol. J. 16, 93. doi: 10.1186/s12985-019-1202-0</Citation><ArticleIdList><ArticleId IdType="doi">10.1186/s12985-019-1202-0</ArticleId><ArticleId IdType="pmc">PMC6659258</ArticleId><ArticleId IdType="pubmed">31345242</ArticleId></ArticleIdList></Reference><Reference><Citation>Simon-Loriere E., Holmes E. C. (2011). Why do RNA Viruses Recombine? Nat. Rev. Microbiol. 9, 617&#x2013;626. doi: 10.1038/nrmicro2614</Citation><ArticleIdList><ArticleId IdType="doi">10.1038/nrmicro2614</ArticleId><ArticleId IdType="pmc">PMC3324781</ArticleId><ArticleId IdType="pubmed">21725337</ArticleId></ArticleIdList></Reference><Reference><Citation>Smith J. M. (1992). Analyzing the Mosaic Structure of Genes. J. Mol. Evol. 34, 126&#x2013;129. doi: 10.1007/BF00182389</Citation><ArticleIdList><ArticleId IdType="doi">10.1007/BF00182389</ArticleId><ArticleId IdType="pubmed">1556748</ArticleId></ArticleIdList></Reference><Reference><Citation>Sun J., Lu L., Wu H., Yang J., Xu L., Sang S., et al. . (2017). Epidemiological Trends of Dengue in Mainland China 2005-2015. Int. J. Infect. Dis. 57, 86&#x2013;91. doi: 10.1016/j.ijid.2017.02.007</Citation><ArticleIdList><ArticleId IdType="doi">10.1016/j.ijid.2017.02.007</ArticleId><ArticleId IdType="pubmed">28214563</ArticleId></ArticleIdList></Reference><Reference><Citation>Wang X., Niu X., Chen Y., Sun Z., Han A., Lou X., et al. . (2019). Transcriptome Sequencing of a Toxic Dinoflagellate, Karenia Mikimotoi Subjected to Stress From Solar Ultraviolet Radiation. Harmful Algae 88, 101640. doi: 10.1016/j.hal.2019.101640</Citation><ArticleIdList><ArticleId IdType="doi">10.1016/j.hal.2019.101640</ArticleId><ArticleId IdType="pubmed">31582153</ArticleId></ArticleIdList></Reference><Reference><Citation>Wang W., Yu B., Lin X. D., Kong D. G., Wang J., Tian J. H., et al. . (2015). Reemergence and Autochthonous Transmission of Dengue Virus, Eastern China 2014. Emerg. Infect. Dis. 21, 1670&#x2013;1673. doi: 10.3201/eid2109.150622</Citation><ArticleIdList><ArticleId IdType="doi">10.3201/eid2109.150622</ArticleId><ArticleId IdType="pmc">PMC4550164</ArticleId><ArticleId IdType="pubmed">26292098</ArticleId></ArticleIdList></Reference><Reference><Citation>Weaver S. C., Vasilakis N. (2009). Molecular Evolution of Dengue Viruses: Contributions of Phylogenetics to Understanding the History and Epidemiology of the Preeminent Arboviral Disease. Infect. Genet. Evol.: J. Mol. Epidemiol. Evol Genet. Infect. Dis. 9, 523&#x2013;540. doi: 10.1016/j.meegid.2009.02.003</Citation><ArticleIdList><ArticleId IdType="doi">10.1016/j.meegid.2009.02.003</ArticleId><ArticleId IdType="pmc">PMC3609037</ArticleId><ArticleId IdType="pubmed">19460319</ArticleId></ArticleIdList></Reference><Reference><Citation>
World Health Organization . (2015). Dengue and Severe Dengue. Available at: http://www.who.int/mediacentre/factsheets/fs117/en/.</Citation></Reference><Reference><Citation>Worobey M., Rambaut A., Holmes E. C. (1999). Widespread Intra-Serotype Recombination in Natural Populations of Dengue Virus. Proc. Natl. Acad. Sci. U.S.A. 96, 7352&#x2013;7357. doi: 10.1073/pnas.96.13.7352</Citation><ArticleIdList><ArticleId IdType="doi">10.1073/pnas.96.13.7352</ArticleId><ArticleId IdType="pmc">PMC22089</ArticleId><ArticleId IdType="pubmed">10377418</ArticleId></ArticleIdList></Reference><Reference><Citation>Ye Q., Li X. F., Zhao H., Li S. H., Deng Y. Q., Cao R. Y., et al. . (2012). A Single Nucleotide Mutation in NS2A of Japanese Encephalitis-Live Vaccine Virus (SA14-14-2) Ablates NS1&#x2019; Formation and Contributes to Attenuation. J. Gen. Virol. 93, 1959&#x2013;1964. doi: 10.1099/vir.0.043844-0</Citation><ArticleIdList><ArticleId IdType="doi">10.1099/vir.0.043844-0</ArticleId><ArticleId IdType="pubmed">22739060</ArticleId></ArticleIdList></Reference><Reference><Citation>Yuan L., Huang X. Y., Liu Z. Y., Zhang F., Zhu X. L., Yu J. Y., et al. . (2017). A Single Mutation in the prM Protein of Zika Virus Contributes to Fetal Microcephaly. Science 358, 933&#x2013;936. doi: 10.1126/science.aam7120</Citation><ArticleIdList><ArticleId IdType="doi">10.1126/science.aam7120</ArticleId><ArticleId IdType="pubmed">28971967</ArticleId></ArticleIdList></Reference><Reference><Citation>Yue Y., Liu X., Xu M., Ren D., Liu Q. (2019). Epidemiological Dynamics of Dengue Fever in Mainland China 2014-2018. Int. J. Infect. Dis: IJID: Off. Publ. Int. Soc. Infect. Dis. 86, 82&#x2013;93. doi: 10.1016/j.ijid.2019.06.015</Citation><ArticleIdList><ArticleId IdType="doi">10.1016/j.ijid.2019.06.015</ArticleId><ArticleId IdType="pubmed">31228577</ArticleId></ArticleIdList></Reference></ReferenceList></PubmedData></PubmedArticle></PubmedArticleSet>