<?xml version="1.0" ?>
<!DOCTYPE PubmedArticleSet PUBLIC "-//NLM//DTD PubMedArticle, 1st January 2023//EN" "https://dtd.nlm.nih.gov/ncbi/pubmed/out/pubmed_230101.dtd">
<PubmedArticleSet>
<PubmedArticle><MedlineCitation Status="MEDLINE" Owner="NLM" IndexingMethod="Automated"><PMID Version="1">35830225</PMID><DateCompleted><Year>2022</Year><Month>07</Month><Day>15</Day></DateCompleted><DateRevised><Year>2022</Year><Month>09</Month><Day>24</Day></DateRevised><Article PubModel="Electronic"><Journal><ISSN IssnType="Electronic">2369-2960</ISSN><JournalIssue CitedMedium="Internet"><Volume>8</Volume><Issue>7</Issue><PubDate><Year>2022</Year><Month>Jul</Month><Day>13</Day></PubDate></JournalIssue><Title>JMIR public health and surveillance</Title><ISOAbbreviation>JMIR Public Health Surveill</ISOAbbreviation></Journal><ArticleTitle>Linguistic Pattern-Infused Dual-Channel Bidirectional Long Short-term Memory With Attention for Dengue Case Summary Generation From the Program for Monitoring Emerging Diseases-Mail Database: Algorithm Development Study.</ArticleTitle><Pagination><StartPage>e34583</StartPage><MedlinePgn>e34583</MedlinePgn></Pagination><ELocationID EIdType="pii" ValidYN="Y">e34583</ELocationID><ELocationID EIdType="doi" ValidYN="Y">10.2196/34583</ELocationID><Abstract><AbstractText Label="BACKGROUND">Globalization and environmental changes have intensified the emergence or re-emergence of infectious diseases worldwide, such as outbreaks of dengue fever in Southeast Asia. Collaboration on region-wide infectious disease surveillance systems is therefore critical but difficult to achieve because of the different transparency levels of health information systems in different countries. Although the Program for Monitoring Emerging Diseases (ProMED)-mail is the most comprehensive international expert-curated platform providing rich disease outbreak information on humans, animals, and plants, the unstructured text content of the reports makes analysis for further application difficult.</AbstractText><AbstractText Label="OBJECTIVE">To make monitoring the epidemic situation in Southeast Asia more efficient, this study aims to develop an automatic summary of the alert articles from ProMED-mail, a huge textual data source. In this paper, we proposed a text summarization method that uses natural language processing technology to automatically extract important sentences from alert articles in ProMED-mail emails to generate summaries. Using our method, we can quickly capture crucial information to help make important decisions regarding epidemic surveillance.</AbstractText><AbstractText Label="METHODS">Our data, which span a period from 1994 to 2019, come from the ProMED-mail website. We analyzed the collected data to establish a unique Taiwan dengue corpus that was validated with professionals' annotations to achieve almost perfect agreement (Cohen &#x3ba;=90%). To generate a ProMED-mail summary, we developed a dual-channel bidirectional long short-term memory with attention mechanism with infused latent syntactic features to identify key sentences from the alerting article.</AbstractText><AbstractText Label="RESULTS">Our method is superior to many well-known machine learning and neural network approaches in identifying important sentences, achieving a macroaverage F1 score of 93%. Moreover, it can successfully extract the relevant correct information on dengue fever from a ProMED-mail alerting article, which can help researchers or general users to quickly understand the essence of the alerting article at first glance. In addition to verifying the model, we also recruited 3 professional experts and 2 students from related fields to participate in a satisfaction survey on the generated summaries, and the results show that 84% (63/75) of the summaries received high satisfaction ratings.</AbstractText><AbstractText Label="CONCLUSIONS">The proposed approach successfully fuses latent syntactic features into a deep neural network to analyze the syntactic, semantic, and contextual information in the text. It then exploits the derived information to identify crucial sentences in the ProMED-mail alerting article. The experiment results show that the proposed method is not only effective but also outperforms the compared methods. Our approach also demonstrates the potential for case summary generation from ProMED-mail alerting articles. In terms of practical application, when a new alerting article arrives, our method can quickly identify the relevant case information, which is the most critical part, to use as a reference or for further analysis.</AbstractText><CopyrightInformation>&#xa9;Yung-Chun Chang, Yu-Wen Chiu, Ting-Wu Chuang. Originally published in JMIR Public Health and Surveillance (https://publichealth.jmir.org), 13.07.2022.</CopyrightInformation></Abstract><AuthorList CompleteYN="Y"><Author ValidYN="Y"><LastName>Chang</LastName><ForeName>Yung-Chun</ForeName><Initials>YC</Initials><Identifier Source="ORCID">0000-0002-9634-8380</Identifier><AffiliationInfo><Affiliation>Graduate Institute of Data Science, Taipei Medical University, Taipei, Taiwan.</Affiliation></AffiliationInfo><AffiliationInfo><Affiliation>Clinical Big Data Research Center, Taipei Medical University Hospital, Taipei, Taiwan.</Affiliation></AffiliationInfo></Author><Author ValidYN="Y"><LastName>Chiu</LastName><ForeName>Yu-Wen</ForeName><Initials>YW</Initials><Identifier Source="ORCID">0000-0003-4121-3929</Identifier><AffiliationInfo><Affiliation>Graduate Institute of Data Science, Taipei Medical University, Taipei, Taiwan.</Affiliation></AffiliationInfo><AffiliationInfo><Affiliation>Department of Molecular Parasitology and Tropical Diseases, School of Medicine, College of Medicine, Taipei Medical University, Taipei, Taiwan.</Affiliation></AffiliationInfo></Author><Author ValidYN="Y"><LastName>Chuang</LastName><ForeName>Ting-Wu</ForeName><Initials>TW</Initials><Identifier Source="ORCID">0000-0001-8359-8172</Identifier><AffiliationInfo><Affiliation>Department of Molecular Parasitology and Tropical Diseases, School of Medicine, College of Medicine, Taipei Medical University, Taipei, Taiwan.</Affiliation></AffiliationInfo></Author></AuthorList><Language>eng</Language><PublicationTypeList><PublicationType UI="D016428">Journal Article</PublicationType><PublicationType UI="D013485">Research Support, Non-U.S. Gov't</PublicationType></PublicationTypeList><ArticleDate DateType="Electronic"><Year>2022</Year><Month>07</Month><Day>13</Day></ArticleDate></Article><MedlineJournalInfo><Country>Canada</Country><MedlineTA>JMIR Public Health Surveill</MedlineTA><NlmUniqueID>101669345</NlmUniqueID><ISSNLinking>2369-2960</ISSNLinking></MedlineJournalInfo><CitationSubset>IM</CitationSubset><MeshHeadingList><MeshHeading><DescriptorName UI="D000465" MajorTopicYN="N">Algorithms</DescriptorName></MeshHeading><MeshHeading><DescriptorName UI="D000818" MajorTopicYN="N">Animals</DescriptorName></MeshHeading><MeshHeading><DescriptorName UI="D003141" MajorTopicYN="Y">Communicable Diseases</DescriptorName><QualifierName UI="Q000453" MajorTopicYN="N">epidemiology</QualifierName></MeshHeading><MeshHeading><DescriptorName UI="D003715" MajorTopicYN="Y">Dengue</DescriptorName><QualifierName UI="Q000453" MajorTopicYN="N">epidemiology</QualifierName></MeshHeading><MeshHeading><DescriptorName UI="D006801" MajorTopicYN="N">Humans</DescriptorName></MeshHeading><MeshHeading><DescriptorName UI="D008037" MajorTopicYN="N">Linguistics</DescriptorName></MeshHeading><MeshHeading><DescriptorName UI="D008570" MajorTopicYN="N">Memory, Short-Term</DescriptorName></MeshHeading><MeshHeading><DescriptorName UI="D011177" MajorTopicYN="N">Postal Service</DescriptorName></MeshHeading></MeshHeadingList><KeywordList Owner="NOTNLM"><Keyword MajorTopicYN="N">ProMED-mail</Keyword><Keyword MajorTopicYN="N">bidirectional long short-term memory</Keyword><Keyword MajorTopicYN="N">dengue</Keyword><Keyword MajorTopicYN="N">dual channel</Keyword><Keyword MajorTopicYN="N">natural language processing</Keyword></KeywordList><CoiStatement>Conflicts of Interest: None declared.</CoiStatement></MedlineCitation><PubmedData><History><PubMedPubDate PubStatus="received"><Year>2021</Year><Month>10</Month><Day>30</Day></PubMedPubDate><PubMedPubDate PubStatus="accepted"><Year>2022</Year><Month>5</Month><Day>27</Day></PubMedPubDate><PubMedPubDate PubStatus="revised"><Year>2022</Year><Month>4</Month><Day>15</Day></PubMedPubDate><PubMedPubDate PubStatus="entrez"><Year>2022</Year><Month>7</Month><Day>13</Day><Hour>11</Hour><Minute>53</Minute></PubMedPubDate><PubMedPubDate PubStatus="pubmed"><Year>2022</Year><Month>7</Month><Day>14</Day><Hour>6</Hour><Minute>0</Minute></PubMedPubDate><PubMedPubDate PubStatus="medline"><Year>2022</Year><Month>7</Month><Day>16</Day><Hour>6</Hour><Minute>0</Minute></PubMedPubDate></History><PublicationStatus>epublish</PublicationStatus><ArticleIdList><ArticleId IdType="pubmed">35830225</ArticleId><ArticleId IdType="pmc">PMC9491834</ArticleId><ArticleId IdType="doi">10.2196/34583</ArticleId><ArticleId IdType="pii">v8i7e34583</ArticleId></ArticleIdList><ReferenceList><Reference><Citation>Johansson MA, Cummings DA, Glass GE. Multiyear climate variability and dengue--El Ni&#xf1;o southern oscillation, weather, and dengue incidence in Puerto Rico, Mexico, and Thailand: a longitudinal data analysis. PLoS Med. 2009 Nov;6(11):e1000168. doi: 10.1371/journal.pmed.1000168. 
 
</Citation><ArticleIdList><ArticleId IdType="doi">10.1371/journal.pmed.1000168</ArticleId><ArticleId IdType="doi">10.1371/journal.pmed.1000168</ArticleId><ArticleId IdType="pmc">PMC2771282</ArticleId><ArticleId IdType="pubmed">19918363</ArticleId></ArticleIdList></Reference><Reference><Citation>Kovats RS, Bouma MJ, Hajat S, Worrall E, Haines A. El Ni&#xf1;o and health. Lancet. 2003 Nov 01;362(9394):1481&#x2013;9. doi: 10.1016/S0140-6736(03)14695-8.S0140-6736(03)14695-8</Citation><ArticleIdList><ArticleId IdType="doi">10.1016/S0140-6736(03)14695-8</ArticleId><ArticleId IdType="pubmed">14602445</ArticleId></ArticleIdList></Reference><Reference><Citation>Petersen LR, Jamieson DJ, Powers AM, Honein MA. Zika Virus. N Engl J Med. 2016 Apr 21;374(16):1552&#x2013;63. doi: 10.1056/NEJMra1602113.</Citation><ArticleIdList><ArticleId IdType="doi">10.1056/NEJMra1602113</ArticleId><ArticleId IdType="pubmed">27028561</ArticleId></ArticleIdList></Reference><Reference><Citation>Patz JA, Olson SH. Malaria risk and temperature: influences from global climate change and local land use practices. Proc Natl Acad Sci U S A. 2006 Apr 11;103(15):5635&#x2013;6. doi: 10.1073/pnas.0601493103. 
 
0601493103</Citation><ArticleIdList><ArticleId IdType="doi">10.1073/pnas.0601493103</ArticleId><ArticleId IdType="pmc">PMC1458623</ArticleId><ArticleId IdType="pubmed">16595623</ArticleId></ArticleIdList></Reference><Reference><Citation>Ebi KL, Nealon J. Dengue in a changing climate. Environ Res. 2016 Nov;151:115&#x2013;23. doi: 10.1016/j.envres.2016.07.026. 
 
S0013-9351(16)30312-7</Citation><ArticleIdList><ArticleId IdType="doi">10.1016/j.envres.2016.07.026</ArticleId><ArticleId IdType="pubmed">27475051</ArticleId></ArticleIdList></Reference><Reference><Citation>Chuang T, Soble A, Ntshalintshali N, Mkhonta N, Seyama E, Mthethwa S, Pindolia D, Kunene S. Assessment of climate-driven variations in malaria incidence in Swaziland: toward malaria elimination. Malar J. 2017 Jun 01;16(1):232. doi: 10.1186/s12936-017-1874-0. 
 
10.1186/s12936-017-1874-0</Citation><ArticleIdList><ArticleId IdType="doi">10.1186/s12936-017-1874-0</ArticleId><ArticleId IdType="doi">10.1186/s12936-017-1874-0</ArticleId><ArticleId IdType="pmc">PMC5455096</ArticleId><ArticleId IdType="pubmed">28571572</ArticleId></ArticleIdList></Reference><Reference><Citation>Wesolowski A, Qureshi T, Boni MF, Sunds&#xf8;y PR, Johansson MA, Rasheed SB, Eng&#xf8;-Monsen K, Buckee CO. Impact of human mobility on the emergence of dengue epidemics in Pakistan. Proc Natl Acad Sci U S A. 2015 Sep 22;112(38):11887&#x2013;92. doi: 10.1073/pnas.1504964112. 
 
1504964112</Citation><ArticleIdList><ArticleId IdType="doi">10.1073/pnas.1504964112?url_ver=Z39.88-2003&amp;rfr_id=ori:rid:crossref.org&amp;rfr_dat=cr_pub%3dpubmed</ArticleId><ArticleId IdType="doi">10.1073/pnas.1504964112</ArticleId><ArticleId IdType="pmc">PMC4586847</ArticleId><ArticleId IdType="pubmed">26351662</ArticleId></ArticleIdList></Reference><Reference><Citation>ProMED homepage. ProMED.  [2022-07-04].  
 https://promedmail.org/
</Citation></Reference><Reference><Citation>Morse SS, Rosenberg BH, Woodall J. ProMED global monitoring of emerging diseases: design for a demonstration program. Health Policy. 1996 Dec;38(3):135&#x2013;53. doi: 10.1016/0168-8510(96)00863-9. 
 
0168851096008639</Citation><ArticleIdList><ArticleId IdType="doi">10.1016/0168-8510(96)00863-9</ArticleId><ArticleId IdType="pubmed">10162418</ArticleId></ArticleIdList></Reference><Reference><Citation>Chase V. ProMED: a global early warning system for disease. Environ Health Perspect. 1996 Jul;104(7):699. doi: 10.1289/ehp.104-1469400. 
 
</Citation><ArticleIdList><ArticleId IdType="doi">10.1289/ehp.104-1469400?url_ver=Z39.88-2003&amp;rfr_id=ori:rid:crossref.org&amp;rfr_dat=cr_pub%3dpubmed</ArticleId><ArticleId IdType="doi">10.1289/ehp.104-1469400</ArticleId><ArticleId IdType="pmc">PMC1469400</ArticleId><ArticleId IdType="pubmed">8841752</ArticleId></ArticleIdList></Reference><Reference><Citation>Carrion M, Madoff LC. ProMED-mail: 22 years of digital surveillance of emerging infectious diseases. Int Health. 2017 May 01;9(3):177&#x2013;83. doi: 10.1093/inthealth/ihx014. 
 
3861034</Citation><ArticleIdList><ArticleId IdType="doi">10.1093/inthealth/ihx014</ArticleId><ArticleId IdType="pmc">PMC5881259</ArticleId><ArticleId IdType="pubmed">28582558</ArticleId></ArticleIdList></Reference><Reference><Citation>Ginsberg J, Mohebbi MH, Patel RS, Brammer L, Smolinski MS, Brilliant L. Detecting influenza epidemics using search engine query data. Nature. 2009 Feb 19;457(7232):1012&#x2013;4. doi: 10.1038/nature07634.nature07634</Citation><ArticleIdList><ArticleId IdType="doi">10.1038/nature07634</ArticleId><ArticleId IdType="pubmed">19020500</ArticleId></ArticleIdList></Reference><Reference><Citation>Cai O, Sousa-Pinto B. United States influenza search patterns since the emergence of COVID-19: infodemiology study. JMIR Public Health Surveill. 2022 Mar 03;8(3):e32364. doi: 10.2196/32364. 
 
v8i3e32364</Citation><ArticleIdList><ArticleId IdType="doi">10.2196/32364</ArticleId><ArticleId IdType="pmc">PMC8896565</ArticleId><ArticleId IdType="pubmed">34878996</ArticleId></ArticleIdList></Reference><Reference><Citation>Husnayain A, Chuang T, Fuad A, Su EC. High variability in model performance of Google relative search volumes in spatially clustered COVID-19 areas of the USA. Int J Infect Dis. 2021 Aug;109:269&#x2013;78. doi: 10.1016/j.ijid.2021.07.031. 
 
S1201-9712(21)00587-7</Citation><ArticleIdList><ArticleId IdType="doi">10.1016/j.ijid.2021.07.031</ArticleId><ArticleId IdType="pmc">PMC8922685</ArticleId><ArticleId IdType="pubmed">34273513</ArticleId></ArticleIdList></Reference><Reference><Citation>Castillo-Salgado C. Trends and directions of global public health surveillance. Epidemiol Rev. 2010;32(1):93&#x2013;109. doi: 10.1093/epirev/mxq008.mxq008</Citation><ArticleIdList><ArticleId IdType="doi">10.1093/epirev/mxq008</ArticleId><ArticleId IdType="pubmed">20534776</ArticleId></ArticleIdList></Reference><Reference><Citation>Madoff LC. ProMED-mail: an early warning system for emerging diseases. Clin Infect Dis. 2004 Jul 15;39(2):227&#x2013;32. doi: 10.1086/422003.CID33468</Citation><ArticleIdList><ArticleId IdType="doi">10.1086/422003</ArticleId><ArticleId IdType="pubmed">15307032</ArticleId></ArticleIdList></Reference><Reference><Citation>Lorthe TS, Pollack MP, Lassmann B, Brownstein JS, Cohn E, Divi N, Herrera-Guibert DJ, Olsen J, Smolinski MS, Madoff LC. Evaluation of the EpiCore outbreak verification system. Bull World Health Organ. 2018 May 01;96(5):327&#x2013;34. doi: 10.2471/BLT.17.207225. 
 
BLT.17.207225</Citation><ArticleIdList><ArticleId IdType="doi">10.2471/BLT.17.207225</ArticleId><ArticleId IdType="pmc">PMC5985427</ArticleId><ArticleId IdType="pubmed">29875517</ArticleId></ArticleIdList></Reference><Reference><Citation>Milne-Price S, Miazgowicz KL, Munster VJ. The emergence of the Middle East respiratory syndrome coronavirus. Pathog Dis. 2014 Jul;71(2):121&#x2013;36. doi: 10.1111/2049-632X.12166. 
 
</Citation><ArticleIdList><ArticleId IdType="doi">10.1111/2049-632X.12166</ArticleId><ArticleId IdType="pmc">PMC4106996</ArticleId><ArticleId IdType="pubmed">24585737</ArticleId></ArticleIdList></Reference><Reference><Citation>Lessler J, Moore SM, Luquero FJ, McKay HS, Grais R, Henkens M, Mengel M, Dunoyer J, M'bangombe M, Lee EC, Djingarey MH, Sudre B, Bompangue D, Fraser RS, Abubakar A, Perea W, Legros D, Azman AS. Mapping the burden of cholera in sub-Saharan Africa and implications for control: an analysis of data across geographical scales. Lancet. 2018 May 12;391(10133):1908&#x2013;15. doi: 10.1016/S0140-6736(17)33050-7. 
 
S0140-6736(17)33050-7</Citation><ArticleIdList><ArticleId IdType="doi">10.1016/S0140-6736(17)33050-7</ArticleId><ArticleId IdType="pmc">PMC5946088</ArticleId><ArticleId IdType="pubmed">29502905</ArticleId></ArticleIdList></Reference><Reference><Citation>Tarnas MC, Desai AN, Lassmann B, Abbara A. Increase in vector-borne disease reporting affecting humans and animals in Syria and neighboring countries after the onset of conflict: a ProMED analysis 2003-2018. Int J Infect Dis. 2021 Jan;102:103&#x2013;9. doi: 10.1016/j.ijid.2020.09.1453. 
 
S1201-9712(20)32169-X</Citation><ArticleIdList><ArticleId IdType="doi">10.1016/j.ijid.2020.09.1453</ArticleId><ArticleId IdType="pubmed">33002614</ArticleId></ArticleIdList></Reference><Reference><Citation>Chatziprodromidou IP, Arvanitidou M, Guitian J, Apostolou T, Vantarakis G, Vantarakis A. Global avian influenza outbreaks 2010-2016: a systematic review of their distribution, avian species and virus subtype. Syst Rev. 2018 Jan 25;7(1):17. doi: 10.1186/s13643-018-0691-z. 
 
10.1186/s13643-018-0691-z</Citation><ArticleIdList><ArticleId IdType="doi">10.1186/s13643-018-0691-z</ArticleId><ArticleId IdType="doi">10.1186/s13643-018-0691-z</ArticleId><ArticleId IdType="pmc">PMC5784696</ArticleId><ArticleId IdType="pubmed">29368637</ArticleId></ArticleIdList></Reference><Reference><Citation>Izquierdo JL, Ancochea J, Savana COVID-19 Research Group. Soriano JB. Clinical characteristics and prognostic factors for intensive care unit admission of patients with COVID-19: retrospective study using machine learning and natural language processing. J Med Internet Res. 2020 Oct 28;22(10):e21801. doi: 10.2196/21801. 
 
v22i10e21801</Citation><ArticleIdList><ArticleId IdType="doi">10.2196/21801</ArticleId><ArticleId IdType="pmc">PMC7595750</ArticleId><ArticleId IdType="pubmed">33090964</ArticleId></ArticleIdList></Reference><Reference><Citation>Jiao Y, Sharma A, Ben Abdallah A, Maddox TM, Kannampallil T. Probabilistic forecasting of surgical case duration using machine learning: model development and validation. J Am Med Inform Assoc. 2020 Dec 09;27(12):1885&#x2013;93. doi: 10.1093/jamia/ocaa140. 
 
5919678</Citation><ArticleIdList><ArticleId IdType="doi">10.1093/jamia/ocaa140</ArticleId><ArticleId IdType="pmc">PMC7727362</ArticleId><ArticleId IdType="pubmed">33031543</ArticleId></ArticleIdList></Reference><Reference><Citation>Manning C, Schutze H. Foundations of Statistical Natural Language Processing. Cambridge, Massachusetts, United States: MIT press; 1999.</Citation></Reference><Reference><Citation>Kim M, Chae K, Lee S, Jang H, Kim S. Automated classification of online sources for infectious disease occurrences using machine-learning-based natural language processing approaches. Int J Environ Res Public Health. 2020 Dec 17;17(24):9467. doi: 10.3390/ijerph17249467. 
 
ijerph17249467</Citation><ArticleIdList><ArticleId IdType="doi">10.3390/ijerph17249467</ArticleId><ArticleId IdType="pmc">PMC7766498</ArticleId><ArticleId IdType="pubmed">33348764</ArticleId></ArticleIdList></Reference><Reference><Citation>Fernandes P, Allamanis M, Brockschmidt M. Structured neural summarization. Proceedings of the Structured neural summarization; The International Conference on Learning Representations (ICLR); May 6 - 9, 2019; New Orleans. 2019.  
 
</Citation></Reference><Reference><Citation>Liu G, Guo J. Bidirectional LSTM with attention mechanism and convolutional layer for text classification. Neurocomputing. 2019 Apr;337:325&#x2013;38. doi: 10.1016/j.neucom.2019.01.078.</Citation><ArticleIdList><ArticleId IdType="doi">10.1016/j.neucom.2019.01.078</ArticleId></ArticleIdList></Reference><Reference><Citation>Murray NE, Quam MB, Wilder-Smith A. Epidemiology of dengue: past, present and future prospects. Clin Epidemiol. 2013;5:299&#x2013;309. doi: 10.2147/CLEP.S34440. doi: 10.2147/CLEP.S34440.clep-5-299</Citation><ArticleIdList><ArticleId IdType="doi">10.2147/CLEP.S34440</ArticleId><ArticleId IdType="doi">10.2147/CLEP.S34440</ArticleId><ArticleId IdType="pmc">PMC3753061</ArticleId><ArticleId IdType="pubmed">23990732</ArticleId></ArticleIdList></Reference><Reference><Citation>Guzman MG, Halstead SB, Artsob H, Buchy P, Farrar J, Gubler DJ, Hunsperger E, Kroeger A, Margolis HS, Mart&#xed;nez Eric, Nathan MB, Pelegrino JL, Simmons C, Yoksan S, Peeling RW. Dengue: a continuing global threat. Nat Rev Microbiol. 2010 Dec;8(12 Suppl):S7&#x2013;16. doi: 10.1038/nrmicro2460. 
 
nrmicro2460</Citation><ArticleIdList><ArticleId IdType="doi">10.1038/nrmicro2460</ArticleId><ArticleId IdType="pmc">PMC4333201</ArticleId><ArticleId IdType="pubmed">21079655</ArticleId></ArticleIdList></Reference><Reference><Citation>Bhatt S, Gething PW, Brady OJ, Messina JP, Farlow AW, Moyes CL, Drake JM, Brownstein JS, Hoen AG, Sankoh O, Myers MF, George DB, Jaenisch T, Wint GR, Simmons CP, Scott TW, Farrar JJ, Hay SI. The global distribution and burden of dengue. Nature. 2013 Apr 25;496(7446):504&#x2013;7. doi: 10.1038/nature12060. 
 
nature12060</Citation><ArticleIdList><ArticleId IdType="doi">10.1038/nature12060</ArticleId><ArticleId IdType="pmc">PMC3651993</ArticleId><ArticleId IdType="pubmed">23563266</ArticleId></ArticleIdList></Reference><Reference><Citation>Brady OJ, Gething PW, Bhatt S, Messina JP, Brownstein JS, Hoen AG, Moyes CL, Farlow AW, Scott TW, Hay SI. Refining the global spatial limits of dengue virus transmission by evidence-based consensus. PLoS Negl Trop Dis. 2012;6(8):e1760. doi: 10.1371/journal.pntd.0001760. 
 
PNTD-D-12-00433</Citation><ArticleIdList><ArticleId IdType="doi">10.1371/journal.pntd.0001760</ArticleId><ArticleId IdType="doi">10.1371/journal.pntd.0001760</ArticleId><ArticleId IdType="pmc">PMC3413714</ArticleId><ArticleId IdType="pubmed">22880140</ArticleId></ArticleIdList></Reference><Reference><Citation>Medical record. Wikipedia.  [2022-07-04].  
 https://en.wikipedia.org/wiki/Medical_record
.</Citation></Reference><Reference><Citation>Zhai C, Lafferty J. A study of smoothing methods for language models applied to ad hoc information retrieval. SIGIR Forum. 2017 Aug 02;51(2):268&#x2013;76. doi: 10.1145/3130348.3130377.</Citation><ArticleIdList><ArticleId IdType="doi">10.1145/3130348.3130377</ArticleId></ArticleIdList></Reference><Reference><Citation>Krallinger M, Rabal O, Louren&#xe7;o A, Oyarzabal J, Valencia A. Information retrieval and text mining technologies for chemistry. Chem Rev. 2017 Jun 28;117(12):7673&#x2013;761. doi: 10.1021/acs.chemrev.6b00851.</Citation><ArticleIdList><ArticleId IdType="doi">10.1021/acs.chemrev.6b00851</ArticleId><ArticleId IdType="pubmed">28475312</ArticleId></ArticleIdList></Reference><Reference><Citation>Marcos-Pablos S, Garc&#xed;a-Pe&#xf1;alvo FJ. Information retrieval methodology for aiding scientific database search. Soft Comput. 2018 Oct 12;24(8):5551&#x2013;60. doi: 10.1007/s00500-018-3568-0.</Citation><ArticleIdList><ArticleId IdType="doi">10.1007/s00500-018-3568-0</ArticleId></ArticleIdList></Reference><Reference><Citation>Ricardo BY, Berthier RN. Modern Information Retrieval. London, United Kingdom: Pearson Education; 1999.</Citation></Reference><Reference><Citation>Landis JR, Koch GG. The measurement of observer agreement for categorical data. Biometrics. 1977 Mar;33(1):159&#x2013;74. doi: 10.2307/2529310.</Citation><ArticleIdList><ArticleId IdType="doi">10.2307/2529310</ArticleId><ArticleId IdType="pubmed">843571</ArticleId></ArticleIdList></Reference><Reference><Citation>McHugh ML. Interrater reliability: the kappa statistic. Biochem Med. 2012;22(3):276&#x2013;82. doi: 10.11613/bm.2012.031.</Citation><ArticleIdList><ArticleId IdType="doi">10.11613/bm.2012.031</ArticleId><ArticleId IdType="pmc">PMC3900052</ArticleId><ArticleId IdType="pubmed">23092060</ArticleId></ArticleIdList></Reference><Reference><Citation>Guba E, Lincoln Y. Effective Evaluation: Improving the Usefulness of Evaluation Results Through Responsive and Naturalistic Approaches. San Francisco, California, United States: Jossey-Bass; 2016. Sep 03,</Citation></Reference><Reference><Citation>TMUDCC: Taipei Medical University Dengue Case Corpus. Taipei Medical University.  [2022-07-04].  
 http://nlp.tmu.edu.tw/ProMED/TMUDCC/index.html
.</Citation></Reference><Reference><Citation>Natural Language Toolkit. NLTK.  [2022-07-04].  
 https://www.nltk.org/
</Citation></Reference><Reference><Citation>Sch&#xfc;tze H, Manning C, Raghavan P. Introduction to Information Retrieval. Cambridge: Cambridge University Press; 2008.</Citation></Reference><Reference><Citation>Cheng Y, Chen Y, Yeh W, Chang Y. Valence and arousal-infused bi-directional LSTM for sentiment analysis of government social media management. Applied Sci. 2021 Jan 19;11(2):880. doi: 10.3390/app11020880.</Citation><ArticleIdList><ArticleId IdType="doi">10.3390/app11020880</ArticleId></ArticleIdList></Reference><Reference><Citation>Chen C, Warikoo N, Chang Y-C, Chen J-H, Hsu W-L. Medical knowledge infused convolutional neural networks for cohort selection in clinical trials. J Am Med Inform Assoc. 2019 Nov 01;26(11):1227&#x2013;36. doi: 10.1093/jamia/ocz128. 
 
5544738</Citation><ArticleIdList><ArticleId IdType="doi">10.1093/jamia/ocz128</ArticleId><ArticleId IdType="pmc">PMC7647228</ArticleId><ArticleId IdType="pubmed">31390470</ArticleId></ArticleIdList></Reference><Reference><Citation>Wang H, Shi H, Lin K, Qin C, Zhao L, Huang Y, Liu C. A high-precision arrhythmia classification method based on dual fully connected neural network. Biomedical Signal Process Control. 2020 Apr;58:101874. doi: 10.1016/j.bspc.2020.101874.</Citation><ArticleIdList><ArticleId IdType="doi">10.1016/j.bspc.2020.101874</ArticleId></ArticleIdList></Reference><Reference><Citation>Hussain S, Mokhtar M, Howe JM. Sensor failure detection, identification, and accommodation using fully connected cascade neural network. IEEE Trans Ind Electron. 2015 Mar;62(3):1683&#x2013;92. doi: 10.1109/tie.2014.2361600.</Citation><ArticleIdList><ArticleId IdType="doi">10.1109/tie.2014.2361600</ArticleId></ArticleIdList></Reference><Reference><Citation>Rumelhart DE, Hinton GE, Williams RJ. Learning representations by back-propagating errors. Nature. 1986 Oct;323(6088):533&#x2013;6. doi: 10.1038/323533a0.</Citation><ArticleIdList><ArticleId IdType="doi">10.1038/323533a0</ArticleId></ArticleIdList></Reference><Reference><Citation>Srivastava N, Hinton G, Krizhevsky A, Sutskever I, Salakhutdinov R. Dropout: a simple way to prevent neural networks from overfitting. J Mach Learn Res. 2014;15(1):1929&#x2013;58. doi: 10.5555/2627435.2670313.</Citation><ArticleIdList><ArticleId IdType="doi">10.5555/2627435.2670313</ArticleId></ArticleIdList></Reference><Reference><Citation>Kingma D, Ba JL. Adam: a method for stochastic optimization. Proceedings of the ICLR 2015; ICLR 2015; May 7-9, 2015; San Diego, CA, USA. 2015.</Citation></Reference><Reference><Citation>Shore J, Johnson R. Axiomatic derivation of the principle of maximum entropy and the principle of minimum cross-entropy. IEEE Trans Inform Theory. 1980 Jan;26(1):26&#x2013;37. doi: 10.1109/tit.1980.1056144.</Citation><ArticleIdList><ArticleId IdType="doi">10.1109/tit.1980.1056144</ArticleId></ArticleIdList></Reference><Reference><Citation>Han J, Kamber M, Pei J. Data Mining: Concepts and Techniques. Burlington, Massachusetts, United States: Morgan Kaufmann; 2012.</Citation></Reference><Reference><Citation>Chen T, Guestrin C. XGBoost: a scalable tree boosting system. 22nd ACM SIGKDD International Conference on Knowledge Discovery and Data Mining; Proceedings of the 22nd ACM SIGKDD International Conference on Knowledge Discovery and Data Mining; Aug 13 - 17, 2016; San Francisco, California, USA. 2016.  
 
</Citation><ArticleIdList><ArticleId IdType="doi">10.1145/2939672.2939785</ArticleId><ArticleId IdType="doi">10.1145/2939672.2939785</ArticleId></ArticleIdList></Reference><Reference><Citation>Fan J, Wang X, Wu L, Zhou H, Zhang F, Yu X, Lu X, Xiang Y. Comparison of support vector machine and extreme gradient boosting for predicting daily global solar radiation using temperature and precipitation in humid subtropical climates: a case study in China. Energy Conversion Manag. 2018 May;164:102&#x2013;11. doi: 10.1016/j.enconman.2018.02.087.</Citation><ArticleIdList><ArticleId IdType="doi">10.1016/j.enconman.2018.02.087</ArticleId></ArticleIdList></Reference><Reference><Citation>Rossi F, Conan-Guez B. Functional multi-layer perceptron: a non-linear tool for functional data analysis. Neural Netw. 2005 Jan;18(1):45&#x2013;60. doi: 10.1016/j.neunet.2004.07.001.S0893-6080(04)00141-8</Citation><ArticleIdList><ArticleId IdType="doi">10.1016/j.neunet.2004.07.001</ArticleId><ArticleId IdType="pubmed">15649661</ArticleId></ArticleIdList></Reference><Reference><Citation>Liao S, Wang J, Yu R, Sato K, Cheng Z. CNN for situations understanding based on sentiment analysis of twitter data. Procedia Comput Sci. 2017;111:376&#x2013;81. doi: 10.1016/j.procs.2017.06.037.</Citation><ArticleIdList><ArticleId IdType="doi">10.1016/j.procs.2017.06.037</ArticleId></ArticleIdList></Reference><Reference><Citation>Kim Y. Convolutional neural networks for sentence classification. Proceedings of the 2014 Conference on Empirical Methods in Natural Language Processing (EMNLP); 2014 Conference on Empirical Methods in Natural Language Processing (EMNLP); Oct 25&#x2013;29, 2014; Doha, Qatar. 2014.</Citation><ArticleIdList><ArticleId IdType="doi">10.3115/v1/d14-1181</ArticleId><ArticleId IdType="pmc">PMC5300751</ArticleId><ArticleId IdType="pubmed">28191551</ArticleId></ArticleIdList></Reference><Reference><Citation>Rish I. An empirical study of the naive Bayes classifier. Proceedings of the IJCAI 2001 workshop on empirical methods in artificial intelligence; IJCAI 2001 workshop on empirical methods in artificial intelligence; Aug 4 - 10, 2001; Seattle, Washington, USA. 2001.  
 
</Citation></Reference><Reference><Citation>Hand DJ, Yu K. Idiot's Bayes&#x2014;not so stupid after all? Int Stat Rev. 2001 Dec;69(3):385&#x2013;98. doi: 10.1111/j.1751-5823.2001.tb00465.x.</Citation><ArticleIdList><ArticleId IdType="doi">10.1111/j.1751-5823.2001.tb00465.x</ArticleId></ArticleIdList></Reference><Reference><Citation>Webb GI, Boughton JR, Wang Z. Not so Naive Bayes: aggregating one-dependence estimators. Mach Learn. 2005 Jan;58(1):5&#x2013;24. doi: 10.1007/s10994-005-4258-6.</Citation><ArticleIdList><ArticleId IdType="doi">10.1007/s10994-005-4258-6</ArticleId></ArticleIdList></Reference><Reference><Citation>Mitchell T. Machine Learning. New York, United States: McGraw-Hill Education; 1997.</Citation></Reference><Reference><Citation>Keras homepage. Keras.  [2022-07-04].  
 https://keras.io/
</Citation></Reference><Reference><Citation>Hull D. Using statistical testing in the evaluation of retrieval experiments. Proceedings of the 16th annual international ACM SIGIR conference on Research and development in information retrieval; SIGIR93: 16th International ACM/SIGIR '93 Conference on Research and Development in Information Retrieval; Jun 27 - Jul 1, 1993; Pittsburgh Pennsylvania USA. 1993.</Citation><ArticleIdList><ArticleId IdType="doi">10.1145/160688.160758</ArticleId></ArticleIdList></Reference><Reference><Citation>Alphabetical list of part-of-speech tags used in the Penn Treebank Project. Penn Treebank.  [2022-07-04].  
 https://www.ling.upenn.edu/courses/Fall_2003/ling001/penn_treebank_pos.html
.</Citation></Reference><Reference><Citation>Nelson R. HealthMap: the future of infectious diseases surveillance? Lancet Infectious Diseases. 2008 Oct 21;8(10):596. doi: 10.1016/S1473-3099(08)70219-6.</Citation><ArticleIdList><ArticleId IdType="doi">10.1016/S1473-3099(08)70219-6</ArticleId></ArticleIdList></Reference><Reference><Citation>Valentin S, Mercier A, Lancelot R, Roche M, Arsevska E. Monitoring online media reports for early detection of unknown diseases: insight from a retrospective study of COVID-19 emergence. Transbound Emerg Dis. 2021 May;68(3):981&#x2013;6. doi: 10.1111/tbed.13738. 
 
</Citation><ArticleIdList><ArticleId IdType="doi">10.1111/tbed.13738</ArticleId><ArticleId IdType="pmc">PMC7405088</ArticleId><ArticleId IdType="pubmed">32683774</ArticleId></ArticleIdList></Reference><Reference><Citation>Rolland C, Lazarus C, Giese C, Monate B, Travert A, Salomon J. Early detection of public health emergencies of international concern through undiagnosed disease reports in ProMED-Mail. Emerg Infect Dis. 2020 Feb;26(2):336&#x2013;9. doi: 10.3201/eid2602.191043. doi: 10.3201/eid2602.191043.</Citation><ArticleIdList><ArticleId IdType="doi">10.3201/eid2602.191043</ArticleId><ArticleId IdType="doi">10.3201/eid2602.191043</ArticleId><ArticleId IdType="pmc">PMC6986859</ArticleId><ArticleId IdType="pubmed">31961311</ArticleId></ArticleIdList></Reference></ReferenceList></PubmedData></PubmedArticle></PubmedArticleSet>