<?xml version="1.0" ?>
<!DOCTYPE PubmedArticleSet PUBLIC "-//NLM//DTD PubMedArticle, 1st January 2023//EN" "https://dtd.nlm.nih.gov/ncbi/pubmed/out/pubmed_230101.dtd">
<PubmedArticleSet>
<PubmedArticle><MedlineCitation Status="PubMed-not-MEDLINE" Owner="NLM"><PMID Version="1">35844899</PMID><DateRevised><Year>2022</Year><Month>12</Month><Day>21</Day></DateRevised><Article PubModel="Print-Electronic"><Journal><ISSN IssnType="Print">0960-0779</ISSN><JournalIssue CitedMedium="Print"><Volume>162</Volume><PubDate><Year>2022</Year><Month>Sep</Month></PubDate></JournalIssue><Title>Chaos, solitons, and fractals</Title><ISOAbbreviation>Chaos Solitons Fractals</ISOAbbreviation></Journal><ArticleTitle>Assessing the impact of SARS-CoV-2 infection on the dynamics of dengue and HIV via fractional derivatives.</ArticleTitle><Pagination><StartPage>112427</StartPage><MedlinePgn>112427</MedlinePgn></Pagination><ELocationID EIdType="doi" ValidYN="Y">10.1016/j.chaos.2022.112427</ELocationID><Abstract><AbstractText>A new non-integer order mathematical model for SARS-CoV-2, Dengue and HIV co-dynamics is designed and studied. The impact of SARS-CoV-2 infection on the dynamics of dengue and HIV is analyzed using the tools of fractional calculus. The existence and uniqueness of solution of the proposed model are established employing well known Banach contraction principle. The Ulam-Hyers and generalized Ulam-Hyers stability of the model is also presented. We have applied the Laplace Adomian decomposition method to investigate the model with the help of three different fractional derivatives, namely: Caputo, Caputo-Fabrizio and Atangana-Baleanu derivatives. Stability analyses of the iterative schemes are also performed. The model fitting using the three fractional derivatives was carried out using real data from Argentina. Simulations were performed with each non-integer derivative and the results thus obtained are compared. Furthermore, it was concluded that efforts to keep the spread of SARS-CoV-2 low will have a significant impact in reducing the co-infections of SARS-CoV-2 and dengue or SARS-COV-2 and HIV. We also highlighted the impact of three different fractional derivatives in analyzing complex models dealing with the co-dynamics of different diseases.</AbstractText><CopyrightInformation>&#xa9; 2022 Elsevier Ltd. All rights reserved.</CopyrightInformation></Abstract><AuthorList CompleteYN="Y"><Author ValidYN="Y"><LastName>Omame</LastName><ForeName>Andrew</ForeName><Initials>A</Initials><AffiliationInfo><Affiliation>Department of Mathematics, Federal University of Technology, Owerri, Nigeria.</Affiliation></AffiliationInfo><AffiliationInfo><Affiliation>Abdus Salam School of Mathematical Sciences, Government College University, Katchery Road, Lahore 54000, Pakistan.</Affiliation></AffiliationInfo></Author><Author ValidYN="Y"><LastName>Abbas</LastName><ForeName>Mujahid</ForeName><Initials>M</Initials><AffiliationInfo><Affiliation>Abdus Salam School of Mathematical Sciences, Government College University, Katchery Road, Lahore 54000, Pakistan.</Affiliation></AffiliationInfo><AffiliationInfo><Affiliation>Department of Mathematics, Government College University, Katchery Road, Lahore 54000, Pakistan.</Affiliation></AffiliationInfo><AffiliationInfo><Affiliation>Department of Medical Research, China Medical University Hospital, China Medical University, Taichung 40402, Taiwan.</Affiliation></AffiliationInfo></Author><Author ValidYN="Y"><LastName>Abdel-Aty</LastName><ForeName>Abdel-Haleem</ForeName><Initials>AH</Initials><AffiliationInfo><Affiliation>Department of Physics, College of Sciences, University of Bisha, P.O. Box 344, Bisha 61922, Saudi Arabia.</Affiliation></AffiliationInfo></Author></AuthorList><Language>eng</Language><PublicationTypeList><PublicationType UI="D016428">Journal Article</PublicationType></PublicationTypeList><ArticleDate DateType="Electronic"><Year>2022</Year><Month>07</Month><Day>11</Day></ArticleDate></Article><MedlineJournalInfo><Country>England</Country><MedlineTA>Chaos Solitons Fractals</MedlineTA><NlmUniqueID>100971564</NlmUniqueID><ISSNLinking>0960-0779</ISSNLinking></MedlineJournalInfo><KeywordList Owner="NOTNLM"><Keyword MajorTopicYN="N">COVID-19</Keyword><Keyword MajorTopicYN="N">Co-infection</Keyword><Keyword MajorTopicYN="N">Dengue</Keyword><Keyword MajorTopicYN="N">HIV</Keyword><Keyword MajorTopicYN="N">Laplace Adomian Decomposition Method</Keyword><Keyword MajorTopicYN="N">Stability</Keyword></KeywordList><CoiStatement>The authors show no conflict of interest to submit this paper.</CoiStatement></MedlineCitation><PubmedData><History><PubMedPubDate PubStatus="received"><Year>2021</Year><Month>12</Month><Day>22</Day></PubMedPubDate><PubMedPubDate PubStatus="revised"><Year>2022</Year><Month>6</Month><Day>7</Day></PubMedPubDate><PubMedPubDate PubStatus="accepted"><Year>2022</Year><Month>7</Month><Day>5</Day></PubMedPubDate><PubMedPubDate PubStatus="pubmed"><Year>2022</Year><Month>7</Month><Day>19</Day><Hour>6</Hour><Minute>0</Minute></PubMedPubDate><PubMedPubDate PubStatus="medline"><Year>2022</Year><Month>7</Month><Day>19</Day><Hour>6</Hour><Minute>1</Minute></PubMedPubDate><PubMedPubDate PubStatus="entrez"><Year>2022</Year><Month>7</Month><Day>18</Day><Hour>3</Hour><Minute>42</Minute></PubMedPubDate></History><PublicationStatus>ppublish</PublicationStatus><ArticleIdList><ArticleId IdType="pubmed">35844899</ArticleId><ArticleId IdType="pmc">PMC9271450</ArticleId><ArticleId IdType="doi">10.1016/j.chaos.2022.112427</ArticleId><ArticleId IdType="pii">S0960-0779(22)00637-3</ArticleId></ArticleIdList><ReferenceList><Reference><Citation>The Coronavirus Resource Center, Johns Hopkins University https://coronavirus.jhu.edu/map.html</Citation></Reference><Reference><Citation>https://www.who.int/en/activities/tracking-SARS-CoV-2-variants/</Citation></Reference><Reference><Citation>Lai C.-C., Wang C.-Y., Hsueh P.-R. Co-infections among patients with COVID-19: the need for combination therapy withnon-anti-SARS-CoV-2 agents. J Microbiol Immunol Infect. 2020;53:505&#x2013;512. doi: 10.1016/j.jmii.2020.05.013.</Citation><ArticleIdList><ArticleId IdType="doi">10.1016/j.jmii.2020.05.013</ArticleId><ArticleId IdType="pmc">PMC7245213</ArticleId><ArticleId IdType="pubmed">32482366</ArticleId></ArticleIdList></Reference><Reference><Citation>Qin C., Zhou L., Hu Z., Zhang S., Yang S., et al.  Dysregulation of immune response in patients with COVID-19 in Wuhan, China. Clin Infect Dis. 2020;71:762&#x2013;768. https://pubmed.ncbi.nlm.nih.gov/32161940/</Citation><ArticleIdList><ArticleId IdType="pmc">PMC7108125</ArticleId><ArticleId IdType="pubmed">32161940</ArticleId></ArticleIdList></Reference><Reference><Citation>Suwanwongse K., Shabarek N. Clinical features and outcome of HIV/SARS-CoV-2 co-infected patients in the Bronx, New York City. J Med Virol. 2020;92:2387&#x2013;2389.</Citation><ArticleIdList><ArticleId IdType="pmc">PMC7283854</ArticleId><ArticleId IdType="pubmed">32462663</ArticleId></ArticleIdList></Reference><Reference><Citation>Kanwugu O.N., Adadi P. HIV/SARS-CoV-2 co-infection: a global perspective. J Med Virol. 2020;93:726&#x2013;732.</Citation><ArticleIdList><ArticleId IdType="pmc">PMC7404432</ArticleId><ArticleId IdType="pubmed">32692406</ArticleId></ArticleIdList></Reference><Reference><Citation>Spinelli M.A., et al. SARS-CoV-2 seroprevalence, and IgG concentration and pseudovirus neutralising antibody titres after infection, compared by HIV status: a matched case-control observational study. Lancet HIV. 2021;8(6):E334&#x2013;E341.</Citation><ArticleIdList><ArticleId IdType="pmc">PMC8084354</ArticleId><ArticleId IdType="pubmed">33933189</ArticleId></ArticleIdList></Reference><Reference><Citation>Dauby N., Martin C. SARS-CoV-2 immunity and HIV infection: total recall? Lancet HIV. 2021;8(6):e312&#x2013;e313.</Citation><ArticleIdList><ArticleId IdType="pmc">PMC8084353</ArticleId><ArticleId IdType="pubmed">33933190</ArticleId></ArticleIdList></Reference><Reference><Citation>https://www.aidsmap.com/about-hiv/covid-19-and-coronavirus-people-living-hiv</Citation></Reference><Reference><Citation>Hossein M., Willi M., Mohammad K., Hamid S. COVID-19 among people living with HIV: a systematic review. AIDS Behav. 2020;30:1&#x2013;8.</Citation></Reference><Reference><Citation>https://www.cdc.gov/coronavirus/2019-ncov/need-extra-precautions/hiv.html</Citation></Reference><Reference><Citation>Nagarakanti S.R., Okoh A.K., Grinberg S., Bishburg E. Clinical outcomes of patients with COVID-19 and HIV coinfection. J Med Virol. 2021;93(3):1687&#x2013;1693.</Citation><ArticleIdList><ArticleId IdType="pmc">PMC7537324</ArticleId><ArticleId IdType="pubmed">32949148</ArticleId></ArticleIdList></Reference><Reference><Citation>Xu L., Liu J., Lu M., Yang D., Zheng X. Liver injury during highly pathogenic human coronavirus infections. Liver Int. 2020;40:998&#x2013;1004.</Citation><ArticleIdList><ArticleId IdType="pmc">PMC7228361</ArticleId><ArticleId IdType="pubmed">32170806</ArticleId></ArticleIdList></Reference><Reference><Citation>Setiati T.E., Wagenaar J.F.P., de Kruif M., Mairuhu A. Changing epidemiology of dengue haemorrhagic fever in Indonesia. Dengue Bull. 2006;30:1&#x2013;14.</Citation></Reference><Reference><Citation>Azhar A., Saeed U., Piracha Z.Z., Amjad A., Ahmed A. SARSCoV-2 related HIV, HBV, RSV, VZV, Enteric viruses, Infl uenza, DENV, S. aureus and TB coinfections. Arch Pathol Clin Res. 2021;5:026&#x2013;033.</Citation></Reference><Reference><Citation>Saddique A., Rana M.S., Alam M.M., Ikram A., Usman M., et al. Emergence of co-infection of COVID-19 and dengue: a serious public health threat. J Infect. 2020;81:16&#x2013;18.</Citation><ArticleIdList><ArticleId IdType="pmc">PMC7422859</ArticleId><ArticleId IdType="pubmed">32800797</ArticleId></ArticleIdList></Reference><Reference><Citation>Saddique A., Rana M.S., Alam M.M., Ikram A., Usman M., Salman M., et al. Emergence of co-infection of COVID-19 and dengue: a serious public health threat. J Infect. 2020;81:e16&#x2013;e18.</Citation><ArticleIdList><ArticleId IdType="pmc">PMC7422859</ArticleId><ArticleId IdType="pubmed">32800797</ArticleId></ArticleIdList></Reference><Reference><Citation>Salvo C.P., Lella N.D., Lopez F.S., Hugo J., Zito J.G., A. Vilela coinfection dengue Y SARS-CoV-2 en paciente HIV positivo. Medicina (Buenos Aires) 2020;80(6):94&#x2013;96.</Citation><ArticleIdList><ArticleId IdType="pubmed">33481738</ArticleId></ArticleIdList></Reference><Reference><Citation>Darling K.E., Diserens E.A., N&#x2019;garambe C., Ansermet-Pagot A., Masserey E., Cavassini M., Bodenmann P. A cross-sectional surveyof attitudes to HIV risk and rapid HIV testing among clients ofsex workers in Switzerland. Sex Transm Infect. 2012;88:462&#x2013;464.</Citation><ArticleIdList><ArticleId IdType="pubmed">22628660</ArticleId></ArticleIdList></Reference><Reference><Citation>Vezzani D., Velazquez S.M., Schweigmann N. Seasonal pattern of abundance of Aedes aegypti (Diptera: Culicidae) in Buenos Aires city, Argentina. Mem Inst Oswaldo Cruz. 2004;99:351&#x2013;356.</Citation><ArticleIdList><ArticleId IdType="pubmed">15322622</ArticleId></ArticleIdList></Reference><Reference><Citation>PAHO . Pan Am. Health Organ. World Health Organ; 2019. PLISA health information platform for the Americas.http://www.paho.org/data/index.php/en/</Citation></Reference><Reference><Citation>Lopez M.S., Jordan D.I., Blatter E., et al. Dengue emergence in the temperate argentinian province of Santa Fe, 2009&#x2013;2020. Sci Data. 2021;8:134. doi: 10.1038/s41597-021-00914-x.</Citation><ArticleIdList><ArticleId IdType="doi">10.1038/s41597-021-00914-x</ArticleId><ArticleId IdType="pmc">PMC8137689</ArticleId><ArticleId IdType="pubmed">34016998</ArticleId></ArticleIdList></Reference><Reference><Citation>M Caputo , Linear models of dissipation whose Q is almost frequency independent, Ann Geophys 196;19(4):383-393.</Citation></Reference><Reference><Citation>Caputo M., Fabrizio M. A new definition of fractional derivative without singular kernel. Prog Fract Differ Appl. 2015;1(2):1&#x2013;3.</Citation></Reference><Reference><Citation>Atangana A., Baleanu D. New fractional derivatives with nonlocal and non-singular kernel: theory and applications to heat transfer model. Therm Sci. 2016;20(2):763&#x2013;769.</Citation></Reference><Reference><Citation>Baleanu D., Abadi M.H., Jajarmi A., Vahid K.Z., Nieto J.J. A new comparative study on the general fractional model of COVID-19 with isolation and quarantine effects. Alex Eng J. 2022;61(6):4779&#x2013;4791. doi: 10.1016/j.aej.2021.10.030.</Citation><ArticleIdList><ArticleId IdType="doi">10.1016/j.aej.2021.10.030</ArticleId></ArticleIdList></Reference><Reference><Citation>Baleanu D., Jajarmi A., Vahid K.Z., Mobayen S. A general fractional formulation and tracking control for immunogenic tumor dynamics. Math Methods Appl Sci. 2022;45(2):667&#x2013;680.</Citation></Reference><Reference><Citation>Baleanu D., Jajarmi A., Mohammadi H., Rezapour S. A new study on the mathematical modelling of human liver with Caputo-Fabrizio fractional derivative. Chaos Solitons Fractals. 2020;134 doi: 10.1016/j.chaos.2020.109705.</Citation><ArticleIdList><ArticleId IdType="doi">10.1016/j.chaos.2020.109705</ArticleId></ArticleIdList></Reference><Reference><Citation>Mansal F., Sene N. Analysis of fractional fishery model with reserve area in the context of time-fractional order derivative. Chaos Solitons Fractals. 2020;140</Citation></Reference><Reference><Citation>Gao F., Li X., Li W., Zhou X. Stability analysis of a fractional-order novel hepatitis B virus model with immune delay based on Caputo-Fabrizio derivative. Chaos Solitons Fractals. 2021;142</Citation></Reference><Reference><Citation>Ahmad S., Matoog R.T., Alshehri N.A., Khan T., ur Rahman M. Study on the mathematical modelling of COVID-19 with Caputo-Fabrizio operator. Chaos Solitons Fractals. 2021;150 doi: 10.1016/j.chaos.2021.111121.</Citation><ArticleIdList><ArticleId IdType="doi">10.1016/j.chaos.2021.111121</ArticleId><ArticleId IdType="pmc">PMC8179098</ArticleId><ArticleId IdType="pubmed">34108819</ArticleId></ArticleIdList></Reference><Reference><Citation>Shaikh A.S., Nisar K.S. Transmission dynamics of fractional order typhoid fever model using Caputo-Fabrizio operator. Chaos Solitons Fractals. 2019;128:355&#x2013;365.</Citation></Reference><Reference><Citation>Kolebaje O.T., Vincent O.R., Vincent U.E., McClintock P.V.E. Nonlinear growth and mathematical modelling of COVID-19 in some African countries with the Atangana-Baleanu fractional. Commun Nonlinear Sci Numer Simul. 2022;105 derivative.</Citation><ArticleIdList><ArticleId IdType="pmc">PMC8525026</ArticleId><ArticleId IdType="pubmed">34690462</ArticleId></ArticleIdList></Reference><Reference><Citation>Jajarmi A., Ghanbari B., Baleanu D. A new and efficient numerical method for the fractional modelling and optimal control of diabetes and tuberculosis co-existence. Chaos Interdiscip J Nonlinear Sci. 2019;29(9)</Citation><ArticleIdList><ArticleId IdType="pubmed">31575146</ArticleId></ArticleIdList></Reference><Reference><Citation>Bonyah E., Sagoe A.K., Devendra S., Deniz S. Fractional optimal control dynamics of coronavirus model with Mittag-Leffler law. Ecol Complex. 2021;45</Citation></Reference><Reference><Citation>Omame A., Abbas M., Onyenegecha C.P. A fractional-order model for COVID-19 and tuberculosis co-infection using Atangana-Baleanu derivative. Chaos Solitons Fractals. 2021;153(1)</Citation><ArticleIdList><ArticleId IdType="pmc">PMC8501266</ArticleId><ArticleId IdType="pubmed">34658543</ArticleId></ArticleIdList></Reference><Reference><Citation>Omame A., Abbas M., Nwajeri U.K., Onyenegecha C.P. A fractional-order control model for diabetes COVID-19 co-dynamics with Mittag-Leffler function. Alex Eng J. 2022;61(10):7619&#x2013;7635. doi: 10.1016/j.aej.2022.01.012.</Citation><ArticleIdList><ArticleId IdType="doi">10.1016/j.aej.2022.01.012</ArticleId></ArticleIdList></Reference><Reference><Citation>Sene N. SIR epidemic model with Mittag-Leffler fractional derivative. Chaos Solitons Fractals. 2020;137</Citation></Reference><Reference><Citation>Yadav S., Kumar D., Singh J., Baleanu D. Analysis and dynamics of fractional order Covid-19 model with memory effect. Res Phys. 2021;24</Citation></Reference><Reference><Citation>Khan H., Shah R., Baleanu D., Kumam P., Arif M. Analytical solution of fractional-order hyperbolic telegraph equation, using natural transform decomposition method. Electron. 2019;8(9):1015.</Citation></Reference><Reference><Citation>Khan H., Shah R., Kumam P., Arif M. Analytical solutions of fractional-order heat and wave equations by the natural transform decomposition method. Entropy. 2019;21(6):597.</Citation><ArticleIdList><ArticleId IdType="pmc">PMC7515102</ArticleId><ArticleId IdType="pubmed">33267311</ArticleId></ArticleIdList></Reference><Reference><Citation>Jafari H., Khalique C.M., Nazari M. Application of the Laplace decomposition method for solving linear and nonlinear fractional diffusion-wave equations. Appl Math Lett. 2011;24(11):1799&#x2013;1805.</Citation></Reference><Reference><Citation>Carpinteri A., Mainardi F. Springer-Verlag Wien GmbH; 1997. Fractals and fractional calculus in continum mechanics.</Citation></Reference><Reference><Citation>Atangana A., Alkahtani B.S.T. Analysis of the Keller-Segel model with a fractional derivative without singular kernel. Entropy. 2015;17(6):4439&#x2013;4453.</Citation></Reference><Reference><Citation>Banach S. Sur les op&#xe9;rations dans les ensembles abstraits et leurs applications aux &#xe9;quations int&#xe9;grales. Fund Math. 1922;3:133&#x2013;181.</Citation></Reference><Reference><Citation>Berinde V. Approximating fixed points of weak contractions using picard iteration. Nonlinear Anal Forum. 2004;9(1):43&#x2013;53.</Citation></Reference><Reference><Citation>AM Ostrowski , The round-off stability of iterations. Z Angew Math Mech 47 (1): 77-81.</Citation></Reference><Reference><Citation>van den Driessche P., Watmough J. Reproduction numbers and sub-threshold endemic equilibria for compartmental models of disease transmission. Math Biosci. 2002;180(1):29&#x2013;48.</Citation><ArticleIdList><ArticleId IdType="pubmed">12387915</ArticleId></ArticleIdList></Reference><Reference><Citation>Ulam S.M. A collection of mathematical problems. New York. 1960. p. 29.</Citation></Reference><Reference><Citation>Ulam S.M. Courier Co; 2004. Problem in modern mathematics.</Citation></Reference><Reference><Citation>http://www.indexmundi.com/argentina/demographics_profile</Citation></Reference><Reference><Citation>Garba S.M., Gumel A.B., Abu Bakar M.R. Backward bifurcations in dengue transmission dynamics. Math Biosci. 2008;215:11&#x2013;25.</Citation><ArticleIdList><ArticleId IdType="pubmed">18573507</ArticleId></ArticleIdList></Reference><Reference><Citation>Okuneye K.O., Velasco-Hernandez J.X., Gumel A.B. The "unholy" chikungunya-dengue-zika trinity: a theoretical analysis. J Biol Syst. 2017;25(4):545&#x2013;585.</Citation></Reference><Reference><Citation>Nwankwo A., Okuonghae D. Mathematical analysis of the transmission dynamics of HIV syphilis co-infection in the presence of treatment for syphilis. Bull Math Biol. 2018;80(3):437&#x2013;492.</Citation><ArticleIdList><ArticleId IdType="pubmed">29282597</ArticleId></ArticleIdList></Reference><Reference><Citation>Asamoah J.K.K., Okyere E., Yankson E., Opoku A.A., Adom-Konadu A., Acheampong E., Arthur Y.D. Non-fractional and fractional mathematical analysis and simulations for Q fever. Chaos Solitons Fractals. 2022;156 doi: 10.1016/j.chaos.2022.111821.</Citation><ArticleIdList><ArticleId IdType="doi">10.1016/j.chaos.2022.111821</ArticleId></ArticleIdList></Reference><Reference><Citation>McCall J. Genetic algorithms for modelling and optimisation. J Comput ApplMath. 2005;184:205&#x2013;222.</Citation></Reference><Reference><Citation>Argentina: Coronavirus Pandemic Country Profile. https://ourworldindata.org/coronavirus/country/argentina</Citation></Reference></ReferenceList></PubmedData></PubmedArticle></PubmedArticleSet>