<?xml version="1.0" ?>
<!DOCTYPE PubmedArticleSet PUBLIC "-//NLM//DTD PubMedArticle, 1st January 2023//EN" "https://dtd.nlm.nih.gov/ncbi/pubmed/out/pubmed_230101.dtd">
<PubmedArticleSet>
<PubmedArticle><MedlineCitation Status="PubMed-not-MEDLINE" Owner="NLM"><PMID Version="1">35865937</PMID><DateRevised><Year>2022</Year><Month>07</Month><Day>23</Day></DateRevised><Article PubModel="Electronic-eCollection"><Journal><ISSN IssnType="Print">1664-302X</ISSN><JournalIssue CitedMedium="Print"><Volume>13</Volume><PubDate><Year>2022</Year></PubDate></JournalIssue><Title>Frontiers in microbiology</Title><ISOAbbreviation>Front Microbiol</ISOAbbreviation></Journal><ArticleTitle>Impact of Intrahost NS5 Nucleotide Variations on Dengue Virus Replication.</ArticleTitle><Pagination><StartPage>894200</StartPage><MedlinePgn>894200</MedlinePgn></Pagination><ELocationID EIdType="pii" ValidYN="Y">894200</ELocationID><ELocationID EIdType="doi" ValidYN="Y">10.3389/fmicb.2022.894200</ELocationID><Abstract><AbstractText>Due to the nature of RNA viruses, their high mutation rates produce a population of closely related but genetically diverse viruses, termed quasispecies. To determine the role of quasispecies in DENV disease severity, 22 isolates (10 from mild cases, 12 from fatal cases) were obtained, amplified, and sequenced with Next Generation Sequencing using the Illumina MiSeq platform. Using variation calling, unique wildtype nucleotide positions were selected and analyzed for variant nucleotides between mild and fatal cases. The analysis of variant nucleotides between mild and fatal cases showed 6 positions with a significant difference of <i>p</i>&#x2009;&lt;&#x2009;0.05 with 1 position in the structural region, and 5 positions in the non-structural (NS) regions. All variations were found to have a higher percentage in fatal cases. To further investigate the genetic changes that affect the virus's properties, reverse genetics (rg) viruses containing substitutions with the variations were generated and viral growth properties were examined. We found that the virus variant rgNS5-T7812G (G81G) had higher replication rates in both Baby hamster kidney cells (BHK-21) and Vero cells while rgNS5-C9420A (A617A) had a higher replication rate only in BHK-21 cells compared to wildtype virus. Both variants were considered temperature sensitive whereby the viral titers of the variants were relatively lower at 39&#xb0;C, but was higher at 35 and 37&#xb0;C. Additionally, the variants were thermally stable compared to wildtype at temperatures of 29, 37, and 39&#xb0;C. In conclusion, viral quasispecies found in isolates from the 2015 DENV epidemic, resulted in variations with significant difference between mild and fatal cases. These variations, NS5-T7812G (G81G) and NS5-C9420A (A617A), affect viral properties which may play a role in the virulence of DENV.</AbstractText><CopyrightInformation>Copyright &#xa9; 2022 Cheng, Huang, Chin, Hung, Tsai, Chu, Chao and Wang.</CopyrightInformation></Abstract><AuthorList CompleteYN="Y"><Author ValidYN="Y"><LastName>Cheng</LastName><ForeName>Dayna</ForeName><Initials>D</Initials><AffiliationInfo><Affiliation>Institute of Basic Medical Sciences, College of Medicine, National Cheng Kung University, Tainan, Taiwan.</Affiliation></AffiliationInfo><AffiliationInfo><Affiliation>Department of Medical Laboratory Science and Biotechnology, College of Medicine, National Cheng Kung University, Tainan, Taiwan.</Affiliation></AffiliationInfo></Author><Author ValidYN="Y"><LastName>Huang</LastName><ForeName>Sheng-Wen</ForeName><Initials>SW</Initials><AffiliationInfo><Affiliation>National Mosquito-Borne Diseases Control Research Center, National Health Research Institutes, Tainan, Taiwan.</Affiliation></AffiliationInfo></Author><Author ValidYN="Y"><LastName>Chin</LastName><ForeName>Wei-Xin</ForeName><Initials>WX</Initials><AffiliationInfo><Affiliation>Department of Microbiology and Immunology, Infectious Diseases Translational Research Program, Yong Loo Lin School of Medicine, National University of Singapore, Singapore, Singapore.</Affiliation></AffiliationInfo></Author><Author ValidYN="Y"><LastName>Hung</LastName><ForeName>Su-Jhen</ForeName><Initials>SJ</Initials><AffiliationInfo><Affiliation>National Mosquito-Borne Diseases Control Research Center, National Health Research Institutes, Tainan, Taiwan.</Affiliation></AffiliationInfo></Author><Author ValidYN="Y"><LastName>Tsai</LastName><ForeName>Huey-Pin</ForeName><Initials>HP</Initials><AffiliationInfo><Affiliation>Department of Pathology, National Cheng Kung University Hospital, Tainan, Taiwan.</Affiliation></AffiliationInfo><AffiliationInfo><Affiliation>Department of Pathology, National Cheng Kung University Hospital, Tainan, Taiwan.</Affiliation></AffiliationInfo></Author><Author ValidYN="Y"><LastName>Chu</LastName><ForeName>Justin Jang Hann</ForeName><Initials>JJH</Initials><AffiliationInfo><Affiliation>Department of Microbiology and Immunology, Infectious Diseases Translational Research Program, Yong Loo Lin School of Medicine, National University of Singapore, Singapore, Singapore.</Affiliation></AffiliationInfo></Author><Author ValidYN="Y"><LastName>Chao</LastName><ForeName>Chiao-Hsuan</ForeName><Initials>CH</Initials><AffiliationInfo><Affiliation>Department of Medical Laboratory Science and Biotechnology, College of Medicine, National Cheng Kung University, Tainan, Taiwan.</Affiliation></AffiliationInfo></Author><Author ValidYN="Y"><LastName>Wang</LastName><ForeName>Jen-Ren</ForeName><Initials>JR</Initials><AffiliationInfo><Affiliation>Institute of Basic Medical Sciences, College of Medicine, National Cheng Kung University, Tainan, Taiwan.</Affiliation></AffiliationInfo><AffiliationInfo><Affiliation>Department of Pathology, National Cheng Kung University Hospital, Tainan, Taiwan.</Affiliation></AffiliationInfo><AffiliationInfo><Affiliation>Department of Medical Laboratory Science and Biotechnology, College of Medicine, National Cheng Kung University, Tainan, Taiwan.</Affiliation></AffiliationInfo><AffiliationInfo><Affiliation>National Institute of Infectious Diseases and Vaccinology, National Health Research Institutes, Tainan, Taiwan.</Affiliation></AffiliationInfo></Author></AuthorList><Language>eng</Language><PublicationTypeList><PublicationType UI="D016428">Journal Article</PublicationType></PublicationTypeList><ArticleDate DateType="Electronic"><Year>2022</Year><Month>07</Month><Day>05</Day></ArticleDate></Article><MedlineJournalInfo><Country>Switzerland</Country><MedlineTA>Front Microbiol</MedlineTA><NlmUniqueID>101548977</NlmUniqueID><ISSNLinking>1664-302X</ISSNLinking></MedlineJournalInfo><KeywordList Owner="NOTNLM"><Keyword MajorTopicYN="N">dengue virus</Keyword><Keyword MajorTopicYN="N">disease severity</Keyword><Keyword MajorTopicYN="N">intrahost variations on dengue replication</Keyword><Keyword MajorTopicYN="N">next-generation sequencing</Keyword><Keyword MajorTopicYN="N">quasispecies</Keyword><Keyword MajorTopicYN="N">virulence</Keyword></KeywordList><CoiStatement>The authors declare that the research was conducted in the absence of any commercial or financial relationships that could be construed as a potential conflict of interest.</CoiStatement></MedlineCitation><PubmedData><History><PubMedPubDate PubStatus="received"><Year>2022</Year><Month>3</Month><Day>11</Day></PubMedPubDate><PubMedPubDate PubStatus="accepted"><Year>2022</Year><Month>6</Month><Day>10</Day></PubMedPubDate><PubMedPubDate PubStatus="entrez"><Year>2022</Year><Month>7</Month><Day>22</Day><Hour>2</Hour><Minute>36</Minute></PubMedPubDate><PubMedPubDate PubStatus="pubmed"><Year>2022</Year><Month>7</Month><Day>23</Day><Hour>6</Hour><Minute>0</Minute></PubMedPubDate><PubMedPubDate PubStatus="medline"><Year>2022</Year><Month>7</Month><Day>23</Day><Hour>6</Hour><Minute>1</Minute></PubMedPubDate></History><PublicationStatus>epublish</PublicationStatus><ArticleIdList><ArticleId IdType="pubmed">35865937</ArticleId><ArticleId IdType="pmc">PMC9294511</ArticleId><ArticleId IdType="doi">10.3389/fmicb.2022.894200</ArticleId></ArticleIdList><ReferenceList><Reference><Citation>B&#xe4;ck A. T., Lundkvist A. (2013). Dengue viruses - an overview. Infect. Ecol. Epidemiology 3, 1&#x2013;21. doi: 10.3402/iee.v3403i3400.19839</Citation><ArticleIdList><ArticleId IdType="doi">10.3402/iee.v3403i3400.19839</ArticleId><ArticleId IdType="pmc">PMC3759171</ArticleId><ArticleId IdType="pubmed">24003364</ArticleId></ArticleIdList></Reference><Reference><Citation>Bahassi E. M., Stambrook P. J. (2014). Next-generation sequencing technologies: breaking the sound barrier of human genetics. Mutagenesis 29, 303&#x2013;310. doi: 10.1093/mutage/geu031, PMID:</Citation><ArticleIdList><ArticleId IdType="doi">10.1093/mutage/geu031</ArticleId><ArticleId IdType="pmc">PMC7318892</ArticleId><ArticleId IdType="pubmed">25150023</ArticleId></ArticleIdList></Reference><Reference><Citation>Barzon L., Lavezzo E., Costanzi G., Franchin E., Toppo S., Palu G. (2013). Next-generation sequencing technologies in diagnostic virology. J. Clin. Virol. 58, 346&#x2013;350. doi: 10.1016/j.jcv.2013.03.003</Citation><ArticleIdList><ArticleId IdType="doi">10.1016/j.jcv.2013.03.003</ArticleId><ArticleId IdType="pubmed">23523339</ArticleId></ArticleIdList></Reference><Reference><Citation>Behjati S., Tarpey P. S. (2013). What is next generation sequencing? Archives of disease in childhood. Educ. Pract. Edition 98, 236&#x2013;238. doi: 10.1136/archdischild-2013-304340, PMID:</Citation><ArticleIdList><ArticleId IdType="doi">10.1136/archdischild-2013-304340</ArticleId><ArticleId IdType="pmc">PMC3841808</ArticleId><ArticleId IdType="pubmed">23986538</ArticleId></ArticleIdList></Reference><Reference><Citation>Burrel C. J., Howard C. R., Murphy F. A. (2017). Fenner and White's Medical Virology. Cambridge, MA: Academic Press.</Citation></Reference><Reference><Citation>CDC, R.O.T.C.  (2022). Communicable Diseases &amp; Prevention: Dengue Fever [Online]. Available at: https://www.cdc.gov.tw/En/Category/ListContent/bg0g_VU_Ysrgkes_KRUDgQ?uaid=9_Oq7OYHa-l8B05iUwyVvQ. Accessed 2022].</Citation></Reference><Reference><Citation>Chang C.-J., Chen C. S., Tien C.-J., Lu M.-R. (2018). Epidemiological, clinical and climatic characteristics of dengue fever in Kaohsiung City, Taiwan with implication for prevention and control. PLoS One 13:e0190637. doi: 10.1371/journal.pone.0190637, PMID:</Citation><ArticleIdList><ArticleId IdType="doi">10.1371/journal.pone.0190637</ArticleId><ArticleId IdType="pmc">PMC5749826</ArticleId><ArticleId IdType="pubmed">29293624</ArticleId></ArticleIdList></Reference><Reference><Citation>Chen W.-J. (2018). Dengue outbreaks and the geographic distribution of dengue vectors in Taiwan: a 20-year epidemiological analysis. Biom. J. 41, 283&#x2013;289. doi: 10.1016/j.bj.2018.06.002, PMID:</Citation><ArticleIdList><ArticleId IdType="doi">10.1016/j.bj.2018.06.002</ArticleId><ArticleId IdType="pmc">PMC6306330</ArticleId><ArticleId IdType="pubmed">30580791</ArticleId></ArticleIdList></Reference><Reference><Citation>Chen H.-L., Lin S.-R., Liu H.-F., King C.-C., Hsieh S.-C., Wang W.-K. (2008). Evolution of dengue virus type 2 during two consecutive outbreaks with an increase in severity in southern Taiwan in 2001-2002. Am J. Trop. Med. Hyg. 79, 495&#x2013;505. doi: 10.4269/ajtmh.2008.79.495, PMID:</Citation><ArticleIdList><ArticleId IdType="doi">10.4269/ajtmh.2008.79.495</ArticleId><ArticleId IdType="pubmed">18840735</ArticleId></ArticleIdList></Reference><Reference><Citation>Chin-inmanu K., Suttitheptumrong A., Sangsrakru D., Tangphatsornruang S., Tragoonrung S., Malasit P., et al. . (2012). Feasibility of using 454 pyrosequencing for studying quasispecies of the whole dengue viral genome. BMC Genom. 13:S7. doi: 10.1186/1471-2164-13-S7-S7, PMID:</Citation><ArticleIdList><ArticleId IdType="doi">10.1186/1471-2164-13-S7-S7</ArticleId><ArticleId IdType="pmc">PMC3521222</ArticleId><ArticleId IdType="pubmed">23281804</ArticleId></ArticleIdList></Reference><Reference><Citation>Clyde K., Barrera J., Harris E. (2008). The capsid-coding region hairpin element (cHP) is a critical determinant of dengue virus and West Nile virus RNA synthesis. Virology 379, 314&#x2013;323. doi: 10.1016/j.virol.2008.06.034, PMID:</Citation><ArticleIdList><ArticleId IdType="doi">10.1016/j.virol.2008.06.034</ArticleId><ArticleId IdType="pmc">PMC2628549</ArticleId><ArticleId IdType="pubmed">18676000</ArticleId></ArticleIdList></Reference><Reference><Citation>Domingo E. (1997). Rapid evolution of viral RNA genomes. J. Nutr. 127, 958S&#x2013;961S. doi: 10.1093/jn/127.5.958S</Citation><ArticleIdList><ArticleId IdType="doi">10.1093/jn/127.5.958S</ArticleId><ArticleId IdType="pubmed">9164273</ArticleId></ArticleIdList></Reference><Reference><Citation>Domingo E., Garc&#xed;a-Crespo C., Perales C. (2021). Historical perspective on the discovery of the Quasispecies concept. Annu. Rev. Virol. 8, 51&#x2013;72. doi: 10.1146/annurev-virology-091919-105900, PMID:</Citation><ArticleIdList><ArticleId IdType="doi">10.1146/annurev-virology-091919-105900</ArticleId><ArticleId IdType="pubmed">34586874</ArticleId></ArticleIdList></Reference><Reference><Citation>Eigen M. (1971). Selforganization of matter and the evolution of biological macromolecules. Naturwissenschaften 58, 465&#x2013;523. doi: 10.1007/bf00623322, PMID:</Citation><ArticleIdList><ArticleId IdType="doi">10.1007/bf00623322</ArticleId><ArticleId IdType="pubmed">4942363</ArticleId></ArticleIdList></Reference><Reference><Citation>Eigen M., Schuster P. (1978). The Hypercycle. Naturwissenschaften 65, 7&#x2013;41. doi: 10.1007/bf00420631</Citation><ArticleIdList><ArticleId IdType="doi">10.1007/bf00420631</ArticleId></ArticleIdList></Reference><Reference><Citation>El Sahili A., Lescar J. (2017). Dengue virus non-structural protein 5. Viruses 9:91. doi: 10.3390/v9040091, PMID:</Citation><ArticleIdList><ArticleId IdType="doi">10.3390/v9040091</ArticleId><ArticleId IdType="pmc">PMC5408697</ArticleId><ArticleId IdType="pubmed">28441781</ArticleId></ArticleIdList></Reference><Reference><Citation>Farci P., Shimoda A., Coiana A., Diaz G., Peddis G., Melpolder Jacqueline C., et al. . (2000). The outcome of acute hepatitis C predicted by the evolution of the viral Quasispecies. Science 288, 339&#x2013;344. doi: 10.1126/science.288.5464.339, PMID:</Citation><ArticleIdList><ArticleId IdType="doi">10.1126/science.288.5464.339</ArticleId><ArticleId IdType="pubmed">10764648</ArticleId></ArticleIdList></Reference><Reference><Citation>Fishman S. L., Branch A. D. (2009). The quasispecies nature and biological implications of the hepatitis C virus. Infect. Genet. Evol. 9, 1158&#x2013;1167. doi: 10.1016/j.meegid.2009.07.011, PMID:</Citation><ArticleIdList><ArticleId IdType="doi">10.1016/j.meegid.2009.07.011</ArticleId><ArticleId IdType="pmc">PMC2790008</ArticleId><ArticleId IdType="pubmed">19666142</ArticleId></ArticleIdList></Reference><Reference><Citation>Greaves I., Hunt P. (2010). &#x201c;Biological agents,&#x201d; in Responding to Terrorism (Edinburgh: Churchill Livingstone; ), 133&#x2013;231.</Citation></Reference><Reference><Citation>Gubler Duane J. (1998). Dengue and dengue hemorrhagic fever. Clin. Microbiol. Rev. 11, 480&#x2013;496. doi: 10.1128/CMR.11.3.480, PMID:</Citation><ArticleIdList><ArticleId IdType="doi">10.1128/CMR.11.3.480</ArticleId><ArticleId IdType="pmc">PMC88892</ArticleId><ArticleId IdType="pubmed">9665979</ArticleId></ArticleIdList></Reference><Reference><Citation>Hadinegoro S. R. S. (2012). The revised WHO dengue case classification: does the system need to be modified? Paediatr. Int. Child Health 32, 33&#x2013;38. doi: 10.1179/2046904712Z.00000000052, PMID:</Citation><ArticleIdList><ArticleId IdType="doi">10.1179/2046904712Z.00000000052</ArticleId><ArticleId IdType="pmc">PMC3381438</ArticleId><ArticleId IdType="pubmed">22668448</ArticleId></ArticleIdList></Reference><Reference><Citation>Herring B. L., Tsui R., Peddada L., Busch M., Delwart E. L. (2005). Wide range of quasispecies diversity during primary hepatitis C virus infection. J. Virol. 79, 4340&#x2013;4346. doi: 10.1128/jvi.79.7.4340-4346.2005, PMID:</Citation><ArticleIdList><ArticleId IdType="doi">10.1128/jvi.79.7.4340-4346.2005</ArticleId><ArticleId IdType="pmc">PMC1061543</ArticleId><ArticleId IdType="pubmed">15767434</ArticleId></ArticleIdList></Reference><Reference><Citation>Hsieh W. C., Chen M. F., Lin K. T., Hsu S. T., Ma C. I., Wu S. S. (1982). Outbreaks of dengue fever in 1981 in Liouchyou Shiang, Pingtung County. J. Formos. Med. Assoc. 81, 1388&#x2013;1395.</Citation><ArticleIdList><ArticleId IdType="pubmed">6962280</ArticleId></ArticleIdList></Reference><Reference><Citation>Huang S.-W., Huang Y.-H., Tsai H.-P., Kuo P.-H., Wang S.-M., Liu C.-C., et al. . (2017). A selective bottleneck shapes the evolutionary mutant spectra of Enterovirus A71 during viral dissemination in humans. J. Virol. 91, e01062&#x2013;e01017. doi: 10.1128/JVI.01062-17, PMID:</Citation><ArticleIdList><ArticleId IdType="doi">10.1128/JVI.01062-17</ArticleId><ArticleId IdType="pmc">PMC5686718</ArticleId><ArticleId IdType="pubmed">28931688</ArticleId></ArticleIdList></Reference><Reference><Citation>Hwang E.-H., Chung H., Kim G., Oh H., An Y. J., Kang P., et al. . (2021). Host- and species-dependent Quasispecies divergence of severe acute respiratory syndrome Coronavirus-2 in non-human primate models. Front. Microbiol. 12:694897. doi: 10.3389/fmicb.2021.694897, PMID:</Citation><ArticleIdList><ArticleId IdType="doi">10.3389/fmicb.2021.694897</ArticleId><ArticleId IdType="pmc">PMC8299785</ArticleId><ArticleId IdType="pubmed">34305860</ArticleId></ArticleIdList></Reference><Reference><Citation>Ko Y. C. (1989). Epidemiology of dengue fever in Taiwan. Kaohsiung J. Med. Sci. 5, 1&#x2013;11.</Citation><ArticleIdList><ArticleId IdType="pubmed">2659810</ArticleId></ArticleIdList></Reference><Reference><Citation>Koizumi T., Yamaguchi K., Tonomura K. (1918). An epidemiological study of dengue fever. Rev Trop Dis Bull 12, 77&#x2013;78.</Citation></Reference><Reference><Citation>Kroschewski H., Lim S. P., Butcher R. E., Yap T. L., Lescar J., Wright P. J., et al. . (2008). Mutagenesis of the dengue virus type 2 NS5 Methyltransferase domain *&lt;sup&gt; &lt;/sup&gt;. J. Biol. Chem. 283, 19410&#x2013;19421. doi: 10.1074/jbc.M800613200, PMID:</Citation><ArticleIdList><ArticleId IdType="doi">10.1074/jbc.M800613200</ArticleId><ArticleId IdType="pubmed">18469001</ArticleId></ArticleIdList></Reference><Reference><Citation>Lauring A. S., Andino R. (2010). Quasispecies theory and the behavior of RNA viruses. PLoS Pathog. 6:e1001005. doi: 10.1371/journal.ppat.1001005, PMID:</Citation><ArticleIdList><ArticleId IdType="doi">10.1371/journal.ppat.1001005</ArticleId><ArticleId IdType="pmc">PMC2908548</ArticleId><ArticleId IdType="pubmed">20661479</ArticleId></ArticleIdList></Reference><Reference><Citation>Lee J. K., Chui J. L. M., Lee R. C. H., Kong H. Y., Chin W.-X., Chu J. J. H. (2019). Antiviral activity of ST081006 against the dengue virus. Antivir. Res. 171:104589. doi: 10.1016/j.antiviral.2019.104589, PMID:</Citation><ArticleIdList><ArticleId IdType="doi">10.1016/j.antiviral.2019.104589</ArticleId><ArticleId IdType="pubmed">31421165</ArticleId></ArticleIdList></Reference><Reference><Citation>Lee C. M., Xie X., Zou J., Li S. H., Lee M. Y., Dong H., et al. . (2015). Determinants of dengue virus NS4A protein Oligomerization. J. Virol. 89, 6171&#x2013;6183. doi: 10.1128/JVI.00546-15, PMID:</Citation><ArticleIdList><ArticleId IdType="doi">10.1128/JVI.00546-15</ArticleId><ArticleId IdType="pmc">PMC4474302</ArticleId><ArticleId IdType="pubmed">25833044</ArticleId></ArticleIdList></Reference><Reference><Citation>Lin J.-J., Chung P.-J., Dai S.-S., Tsai W.-T., Lin Y.-F., Kuo Y.-P., et al. . (2021). Aggressive organ penetration and high vector transmissibility of epidemic dengue virus-2 cosmopolitan genotype in a transmission mouse model. PLoS Pathog. 17:e1009480. doi: 10.1371/journal.ppat.1009480, PMID:</Citation><ArticleIdList><ArticleId IdType="doi">10.1371/journal.ppat.1009480</ArticleId><ArticleId IdType="pmc">PMC8034735</ArticleId><ArticleId IdType="pubmed">33784371</ArticleId></ArticleIdList></Reference><Reference><Citation>Liu L., Dong H., Chen H., Zhang J., Ling H., Li Z., et al. . (2010). Flavivirus RNA cap methyltransferase: structure, function, and inhibition. Front. Biol. 5, 286&#x2013;303. doi: 10.1007/s11515-010-0660-y, PMID:</Citation><ArticleIdList><ArticleId IdType="doi">10.1007/s11515-010-0660-y</ArticleId><ArticleId IdType="pmc">PMC3172701</ArticleId><ArticleId IdType="pubmed">21927615</ArticleId></ArticleIdList></Reference><Reference><Citation>Manokaran G., Sujatmoko, McPherson K. G., Simmons C. P. (2019). Attenuation of a dengue virus replicon by codon deoptimization of nonstructural genes. Vaccine 37, 2857&#x2013;2863. doi: 10.1016/j.vaccine.2019.03.062, PMID:</Citation><ArticleIdList><ArticleId IdType="doi">10.1016/j.vaccine.2019.03.062</ArticleId><ArticleId IdType="pubmed">31000413</ArticleId></ArticleIdList></Reference><Reference><Citation>McMichael A. J., Borrow P., Tomaras G. D., Goonetilleke N., Haynes B. F. (2010). The immune response during acute HIV-1 infection: clues for vaccine development. Nat. Rev. Immunol. 10, 11&#x2013;23. doi: 10.1038/nri2674, PMID:</Citation><ArticleIdList><ArticleId IdType="doi">10.1038/nri2674</ArticleId><ArticleId IdType="pmc">PMC3119211</ArticleId><ArticleId IdType="pubmed">20010788</ArticleId></ArticleIdList></Reference><Reference><Citation>Megawati D., Masyeni S., Yohan B., Lestarini A., Hayati R. F., Meutiawati F., et al. . (2017). Dengue in Bali: clinical characteristics and genetic diversity of circulating dengue viruses. PLoS Negl. Trop. Dis. 11:e0005483. doi: 10.1371/journal.pntd.0005483, PMID:</Citation><ArticleIdList><ArticleId IdType="doi">10.1371/journal.pntd.0005483</ArticleId><ArticleId IdType="pmc">PMC5456401</ArticleId><ArticleId IdType="pubmed">28531223</ArticleId></ArticleIdList></Reference><Reference><Citation>Mukhopadhyay S., Kuhn R. J., Rossmann M. G. (2005). A structural perspective of the flavivirus life cycle. Nat. Rev. Microbiol. 3, 13&#x2013;22. doi: 10.1038/nrmicro1067, PMID:</Citation><ArticleIdList><ArticleId IdType="doi">10.1038/nrmicro1067</ArticleId><ArticleId IdType="pubmed">15608696</ArticleId></ArticleIdList></Reference><Reference><Citation>Parameswaran P., Wang C., Trivedi S. B., Eswarappa M., Montoya M., Balmaseda A., et al. . (2017). Intrahost selection pressures drive rapid dengue virus microevolution in acute human infections. Cell Host Microbe 22, 400&#x2013;410.e5. doi: 10.1016/j.chom.2017.08.003, PMID:</Citation><ArticleIdList><ArticleId IdType="doi">10.1016/j.chom.2017.08.003</ArticleId><ArticleId IdType="pmc">PMC5616187</ArticleId><ArticleId IdType="pubmed">28910637</ArticleId></ArticleIdList></Reference><Reference><Citation>Quail M. A., Smith M., Coupland P., Otto T. D., Harris S. R., Connor T. R., et al. . (2012). A tale of three next generation sequencing platforms: comparison of ion torrent, Pacific biosciences and Illumina MiSeq sequencers. BMC Genom. 13:341. doi: 10.1186/1471-2164-13-341, PMID:</Citation><ArticleIdList><ArticleId IdType="doi">10.1186/1471-2164-13-341</ArticleId><ArticleId IdType="pmc">PMC3431227</ArticleId><ArticleId IdType="pubmed">22827831</ArticleId></ArticleIdList></Reference><Reference><Citation>Rodriguez-Roche R., Blanc H., Border&#xed;a A. V., D&#xed;az G., Henningsson R., Gonzalez D., et al. . (2016). Increasing clinical severity during a dengue virus type 3 Cuban epidemic: deep sequencing of evolving viral populations. J. Virol. 90, 4320&#x2013;4333. doi: 10.1128/jvi.02647-15, PMID:</Citation><ArticleIdList><ArticleId IdType="doi">10.1128/jvi.02647-15</ArticleId><ArticleId IdType="pmc">PMC4836355</ArticleId><ArticleId IdType="pubmed">26889031</ArticleId></ArticleIdList></Reference><Reference><Citation>Selisko B., Wang C., Harris E., Canard B. (2014). Regulation of Flavivirus RNA synthesis and replication. Curr. Opin. Virol. 9, 74&#x2013;83. doi: 10.1016/j.coviro.2014.09.011, PMID:</Citation><ArticleIdList><ArticleId IdType="doi">10.1016/j.coviro.2014.09.011</ArticleId><ArticleId IdType="pmc">PMC4295515</ArticleId><ArticleId IdType="pubmed">25462437</ArticleId></ArticleIdList></Reference><Reference><Citation>Sun F., Wang X., Tan S., Dan Y., Lu Y., Zhang J., et al. . (2021). SARS-CoV-2 Quasispecies provides an advantage mutation Pool for the epidemic variants. Microbiol. Spectr. 9:e0026121. doi: 10.1128/Spectrum.00261-21, PMID:</Citation><ArticleIdList><ArticleId IdType="doi">10.1128/Spectrum.00261-21</ArticleId><ArticleId IdType="pmc">PMC8552775</ArticleId><ArticleId IdType="pubmed">34346744</ArticleId></ArticleIdList></Reference><Reference><Citation>T&#xf6;pfer A., Zagordi O., Prabhakaran S., Roth V., Halperin E., Beerenwinkel N. (2013). Probabilistic inference of viral quasispecies subject to recombination. J. Comput. Biol. 20, 113&#x2013;123. doi: 10.1089/cmb.2012.0232, PMID:</Citation><ArticleIdList><ArticleId IdType="doi">10.1089/cmb.2012.0232</ArticleId><ArticleId IdType="pmc">PMC3576916</ArticleId><ArticleId IdType="pubmed">23383997</ArticleId></ArticleIdList></Reference><Reference><Citation>Torres M. C., Lima de Mendon&#xe7;a M. C., dos Santos D., Rodrigues C., Fonseca V., Ribeiro M. S., et al. . (2021). Dengue virus serotype 2 Intrahost diversity in patients with different clinical outcomes. Viruses 13, 1&#x2013;20. doi: 10.3390/v13020349, PMID:</Citation><ArticleIdList><ArticleId IdType="doi">10.3390/v13020349</ArticleId><ArticleId IdType="pmc">PMC7926750</ArticleId><ArticleId IdType="pubmed">33672226</ArticleId></ArticleIdList></Reference><Reference><Citation>Tsai Y.-H., Huang S.-W., Hsieh W.-S., Cheng C.-K., Chang C.-F., Wang Y.-F., et al. . (2019). Enterovirus A71 containing codon-Deoptimized VP1 and high-Fidelity polymerase as next-generation vaccine candidate. J. Virol. 93, e02308&#x2013;e02318. doi: 10.1128/JVI.02308-18, PMID:</Citation><ArticleIdList><ArticleId IdType="doi">10.1128/JVI.02308-18</ArticleId><ArticleId IdType="pmc">PMC6580961</ArticleId><ArticleId IdType="pubmed">30996087</ArticleId></ArticleIdList></Reference><Reference><Citation>Van Slyke G. A., Ciota A. T., Willsey G. G., Jaeger J., Shi P.-Y., Kramer L. D. (2012). Point mutations in the West Nile virus (Flaviviridae; Flavivirus) RNA-dependent RNA polymerase alter viral fitness in a host-dependent manner in vitro and in vivo. Virology 427, 18&#x2013;24. doi: 10.1016/j.virol.2012.01.036, PMID:</Citation><ArticleIdList><ArticleId IdType="doi">10.1016/j.virol.2012.01.036</ArticleId><ArticleId IdType="pmc">PMC3299857</ArticleId><ArticleId IdType="pubmed">22365326</ArticleId></ArticleIdList></Reference><Reference><Citation>Vignuzzi M., Stone J. K., Arnold J. J., Cameron C. E., Andino R. (2006). Quasispecies diversity determines pathogenesis through cooperative interactions in a viral population. Nature 439, 344&#x2013;348. doi: 10.1038/nature04388, PMID:</Citation><ArticleIdList><ArticleId IdType="doi">10.1038/nature04388</ArticleId><ArticleId IdType="pmc">PMC1569948</ArticleId><ArticleId IdType="pubmed">16327776</ArticleId></ArticleIdList></Reference><Reference><Citation>Wan S. W., Lin C. F., Yeh T. M., Liu C. C., Liu H. S., Wang S. Y., et al. . (2013). Autoimmunity in dengue pathogenesis. J. Formos. Med. Assoc. 112, 3&#x2013;11. doi: 10.1016/j.jfma.2012.11.006</Citation><ArticleIdList><ArticleId IdType="doi">10.1016/j.jfma.2012.11.006</ArticleId><ArticleId IdType="pubmed">23332423</ArticleId></ArticleIdList></Reference><Reference><Citation>Wang S.-F., Chang K., Loh E.-W., Wang W.-H., Tseng S.-P., Lu P.-L., et al. . (2016a). Consecutive large dengue outbreaks in Taiwan in 2014-2015. Emerg. Microbes Infect. 5:e123. doi: 10.1038/emi.2016.124, PMID:</Citation><ArticleIdList><ArticleId IdType="doi">10.1038/emi.2016.124</ArticleId><ArticleId IdType="pmc">PMC5180368</ArticleId><ArticleId IdType="pubmed">27924810</ArticleId></ArticleIdList></Reference><Reference><Citation>Wang W.-K., Lin S.-R., Lee C.-M., King C.-C., Chang S.-C. (2002). Dengue type 3 virus in plasma is a population of closely related genomes: quasispecies. J. Virol. 76, 4662&#x2013;4665. doi: 10.1128/jvi.76.9.4662-4665.2002, PMID:</Citation><ArticleIdList><ArticleId IdType="doi">10.1128/jvi.76.9.4662-4665.2002</ArticleId><ArticleId IdType="pmc">PMC155095</ArticleId><ArticleId IdType="pubmed">11932434</ArticleId></ArticleIdList></Reference><Reference><Citation>Wang S.-F., Wang W.-H., Chang K., Chen Y.-H., Tseng S.-P., Yen C.-H., et al. . (2016b). Severe dengue fever outbreak in Taiwan. Am. J. Trop. Med. Hyg. 94, 193&#x2013;197. doi: 10.4269/ajtmh.15-0422, PMID:</Citation><ArticleIdList><ArticleId IdType="doi">10.4269/ajtmh.15-0422</ArticleId><ArticleId IdType="pmc">PMC4710429</ArticleId><ArticleId IdType="pubmed">26572871</ArticleId></ArticleIdList></Reference><Reference><Citation>Wilm A., Aw P. P. K., Bertrand D., Yeo G. H. T., Ong S. H., Wong C. H., et al. . (2012). LoFreq: a sequence-quality aware, ultra-sensitive variant caller for uncovering cell-population heterogeneity from high-throughput sequencing datasets. Nucleic Acids Res. 40, 11189&#x2013;11201. doi: 10.1093/nar/gks918, PMID:</Citation><ArticleIdList><ArticleId IdType="doi">10.1093/nar/gks918</ArticleId><ArticleId IdType="pmc">PMC3526318</ArticleId><ArticleId IdType="pubmed">23066108</ArticleId></ArticleIdList></Reference><Reference><Citation>Wu Y. C. (1986). Epidemic dengue 2 on Liu Chiu Hsiang, Pingtung County in 1981. Chin. J. Microbiol. Immunol. 19, 203&#x2013;211.</Citation><ArticleIdList><ArticleId IdType="pubmed">3816365</ArticleId></ArticleIdList></Reference><Reference><Citation>Yu F., Hasebe F., Inoue S., Mathenge E. G. M., Morita K. (2007). Identification and characterization of RNA-dependent RNA polymerase activity in recombinant Japanese encephalitis virus NS5 protein. Arch. Virol. 152, 1859&#x2013;1869. doi: 10.1007/s00705-007-1007-0, PMID:</Citation><ArticleIdList><ArticleId IdType="doi">10.1007/s00705-007-1007-0</ArticleId><ArticleId IdType="pmc">PMC7086876</ArticleId><ArticleId IdType="pubmed">17577613</ArticleId></ArticleIdList></Reference><Reference><Citation>Zhou J.-h., Zhang J., Sun D.-j., Ma Q., Chen H.-t., Ma L.-n., et al. . (2013). The distribution of synonymous codon choice in the translation initiation region of dengue virus. PLoS One 8:e77239. doi: 10.1371/journal.pone.0077239, PMID:</Citation><ArticleIdList><ArticleId IdType="doi">10.1371/journal.pone.0077239</ArticleId><ArticleId IdType="pmc">PMC3808402</ArticleId><ArticleId IdType="pubmed">24204777</ArticleId></ArticleIdList></Reference><Reference><Citation>Zhou Z., Dang Y., Zhou M., Li L., Yu C.-H., Fu J., et al. . (2016). Codon usage is an important determinant of gene expression levels largely through its effects on transcription. Proc. Natl. Acad. Sci. U. S. A. 113, E6117&#x2013;E6125. doi: 10.1073/pnas.1606724113, PMID:</Citation><ArticleIdList><ArticleId IdType="doi">10.1073/pnas.1606724113</ArticleId><ArticleId IdType="pmc">PMC5068308</ArticleId><ArticleId IdType="pubmed">27671647</ArticleId></ArticleIdList></Reference></ReferenceList></PubmedData></PubmedArticle></PubmedArticleSet>