<?xml version="1.0" ?>
<!DOCTYPE PubmedArticleSet PUBLIC "-//NLM//DTD PubMedArticle, 1st January 2023//EN" "https://dtd.nlm.nih.gov/ncbi/pubmed/out/pubmed_230101.dtd">
<PubmedArticleSet>
<PubmedArticle><MedlineCitation Status="MEDLINE" Owner="NLM" IndexingMethod="Automated"><PMID Version="1">36055945</PMID><DateCompleted><Year>2023</Year><Month>03</Month><Day>20</Day></DateCompleted><DateRevised><Year>2023</Year><Month>03</Month><Day>20</Day></DateRevised><Article PubModel="Print-Electronic"><Journal><ISSN IssnType="Electronic">1995-9133</ISSN><JournalIssue CitedMedium="Internet"><Volume>56</Volume><Issue>2</Issue><PubDate><Year>2023</Year><Month>Apr</Month></PubDate></JournalIssue><Title>Journal of microbiology, immunology, and infection = Wei mian yu gan ran za zhi</Title><ISOAbbreviation>J Microbiol Immunol Infect</ISOAbbreviation></Journal><ArticleTitle>The association of obesity and dengue severity in hospitalized adult patients.</ArticleTitle><Pagination><StartPage>267</StartPage><EndPage>273</EndPage><MedlinePgn>267-273</MedlinePgn></Pagination><ELocationID EIdType="doi" ValidYN="Y">10.1016/j.jmii.2022.08.008</ELocationID><ELocationID EIdType="pii" ValidYN="Y">S1684-1182(22)00137-2</ELocationID><Abstract><AbstractText Label="BACKGROUND" NlmCategory="BACKGROUND">Obesity is associated with unfavorable outcomes for infectious diseases. Most researches exploring the association between nutritional status and dengue severity have focused on pediatric populations, with only few studies assessing adult patients.</AbstractText><AbstractText Label="METHODS" NlmCategory="METHODS">Adult patients with laboratory-confirmed dengue admitted to a tertiary hospital in southern Taiwan between 2014 and 2015 were enrolled retrospectively. Demographics, comorbidities, clinical presentation, laboratory findings, and outcomes were obtained from case-record forms. Patients were categorized into obese group and nonobese group. The obese group comprised patients with a body mass index of &#x2265;27.5&#xa0;kg/m<sup>2</sup>.</AbstractText><AbstractText Label="RESULTS" NlmCategory="RESULTS">A total of 1417 hospitalized patients with dengue were evaluated. The mean age was 57.9 years (range: 18-92 years). The obese and nonobese groups comprised 333 (23.5%) and 1084 (76.5%) patients, respectively. The obese group included more patients with hypertension (85%, p&#xa0;&lt;&#xa0;0.001), diabetes mellitus (33%, p&#xa0;&lt;&#xa0;0.001), and congestive heart failure (6.3%, p&#xa0;=&#xa0;0.049). Multivariate analysis revealed that the obese group had more petechiae (AOR: 1.353, 95% CI: 1.025-1.786, p&#xa0;=&#xa0;0.033), more dyspnea (AOR: 1.380, 95% CI: 1.015-1.876, p&#xa0;=&#xa0;0.040), and more severe hepatitis (AOR: 2.061, 95% CI: 1.050-4.048, p&#xa0;=&#xa0;0.036). The obese group also had higher peak hematocrit values (44.1%, p&#xa0;&lt;&#xa0;0.001) and lower nadir platelet count (45.3&#xa0;&#xd7;&#xa0;10<sup>3</sup>/&#x3bc;L, p&#xa0;=&#xa0;0.049) than the nonobese group.</AbstractText><AbstractText Label="CONCLUSION" NlmCategory="CONCLUSIONS">In adult patients with dengue, obese group had more petechiae, dyspnea, severe hepatitis, lower nadir of platelet count, and higher peak hematocrit level. We observed no difference in severe dengue or mortality between obese and nonobese group.</AbstractText><CopyrightInformation>Copyright &#xa9; 2022. Published by Elsevier B.V.</CopyrightInformation></Abstract><AuthorList CompleteYN="Y"><Author ValidYN="Y"><LastName>Chiu</LastName><ForeName>Yu-Yao</ForeName><Initials>YY</Initials><AffiliationInfo><Affiliation>Division of Infectious Diseases, Department of Internal Medicine, Kaohsiung Medical University Hospital, Kaohsiung Medical University, Kaohsiung, Taiwan; School of Medicine, Graduate Institute of Medicine, College of Medicine, Sepsis Research Center, Center for Tropical Medicine and Infectious Disease, Kaohsiung Medical University, Kaohsiung, Taiwan.</Affiliation></AffiliationInfo></Author><Author ValidYN="Y"><LastName>Lin</LastName><ForeName>Chun-Yu</ForeName><Initials>CY</Initials><AffiliationInfo><Affiliation>Division of Infectious Diseases, Department of Internal Medicine, Kaohsiung Medical University Hospital, Kaohsiung Medical University, Kaohsiung, Taiwan; School of Medicine, Graduate Institute of Medicine, College of Medicine, Sepsis Research Center, Center for Tropical Medicine and Infectious Disease, Kaohsiung Medical University, Kaohsiung, Taiwan; Department of Medical Biochemistry and Microbiology, Department of Surgical Sciences, Uppsala University, Uppsala, Sweden; Kaohsiung Municipal Min-Sheng Hospital, Kaohsiung, Taiwan.</Affiliation></AffiliationInfo></Author><Author ValidYN="Y"><LastName>Yu</LastName><ForeName>Ling-Shan</ForeName><Initials>LS</Initials><AffiliationInfo><Affiliation>Institute of BioPharmaceutical Sciences, National Sun Yat-Sen University, Kaohsiung, Taiwan.</Affiliation></AffiliationInfo></Author><Author ValidYN="Y"><LastName>Wang</LastName><ForeName>Wen-Hung</ForeName><Initials>WH</Initials><AffiliationInfo><Affiliation>Division of Infectious Diseases, Department of Internal Medicine, Kaohsiung Medical University Hospital, Kaohsiung Medical University, Kaohsiung, Taiwan; School of Medicine, Graduate Institute of Medicine, College of Medicine, Sepsis Research Center, Center for Tropical Medicine and Infectious Disease, Kaohsiung Medical University, Kaohsiung, Taiwan.</Affiliation></AffiliationInfo></Author><Author ValidYN="Y"><LastName>Huang</LastName><ForeName>Chung-Hao</ForeName><Initials>CH</Initials><AffiliationInfo><Affiliation>Division of Infectious Diseases, Department of Internal Medicine, Kaohsiung Medical University Hospital, Kaohsiung Medical University, Kaohsiung, Taiwan; School of Medicine, Graduate Institute of Medicine, College of Medicine, Sepsis Research Center, Center for Tropical Medicine and Infectious Disease, Kaohsiung Medical University, Kaohsiung, Taiwan. Electronic address: locusthao@gmail.com.</Affiliation></AffiliationInfo></Author><Author ValidYN="Y"><LastName>Chen</LastName><ForeName>Yen-Hsu</ForeName><Initials>YH</Initials><AffiliationInfo><Affiliation>Division of Infectious Diseases, Department of Internal Medicine, Kaohsiung Medical University Hospital, Kaohsiung Medical University, Kaohsiung, Taiwan; School of Medicine, Graduate Institute of Medicine, College of Medicine, Sepsis Research Center, Center for Tropical Medicine and Infectious Disease, Kaohsiung Medical University, Kaohsiung, Taiwan; Department of Biological Science and Technology, College of Biological Science and Technology, National Yang Ming Chiao Tung University, HsinChu, Taiwan; Institute of Medical Science and Technology, School of Medicine, College of Medicine, National Sun Yat-Sen University, Kaohsiung, Taiwan.</Affiliation></AffiliationInfo></Author></AuthorList><Language>eng</Language><PublicationTypeList><PublicationType UI="D016428">Journal Article</PublicationType></PublicationTypeList><ArticleDate DateType="Electronic"><Year>2022</Year><Month>08</Month><Day>18</Day></ArticleDate></Article><MedlineJournalInfo><Country>England</Country><MedlineTA>J Microbiol Immunol Infect</MedlineTA><NlmUniqueID>100956211</NlmUniqueID><ISSNLinking>1684-1182</ISSNLinking></MedlineJournalInfo><CitationSubset>IM</CitationSubset><MeshHeadingList><MeshHeading><DescriptorName UI="D002648" MajorTopicYN="N">Child</DescriptorName></MeshHeading><MeshHeading><DescriptorName UI="D006801" MajorTopicYN="N">Humans</DescriptorName></MeshHeading><MeshHeading><DescriptorName UI="D000328" MajorTopicYN="N">Adult</DescriptorName></MeshHeading><MeshHeading><DescriptorName UI="D008875" MajorTopicYN="N">Middle Aged</DescriptorName></MeshHeading><MeshHeading><DescriptorName UI="D012189" MajorTopicYN="N">Retrospective Studies</DescriptorName></MeshHeading><MeshHeading><DescriptorName UI="D009765" MajorTopicYN="N">Obesity</DescriptorName><QualifierName UI="Q000150" MajorTopicYN="N">complications</QualifierName><QualifierName UI="Q000453" MajorTopicYN="N">epidemiology</QualifierName></MeshHeading><MeshHeading><DescriptorName UI="D019595" MajorTopicYN="Y">Severe Dengue</DescriptorName><QualifierName UI="Q000150" MajorTopicYN="N">complications</QualifierName><QualifierName UI="Q000453" MajorTopicYN="N">epidemiology</QualifierName></MeshHeading><MeshHeading><DescriptorName UI="D015897" MajorTopicYN="N">Comorbidity</DescriptorName></MeshHeading><MeshHeading><DescriptorName UI="D006760" MajorTopicYN="N">Hospitalization</DescriptorName></MeshHeading><MeshHeading><DescriptorName UI="D003715" MajorTopicYN="Y">Dengue</DescriptorName><QualifierName UI="Q000150" MajorTopicYN="N">complications</QualifierName><QualifierName UI="Q000453" MajorTopicYN="N">epidemiology</QualifierName></MeshHeading></MeshHeadingList><KeywordList Owner="NOTNLM"><Keyword MajorTopicYN="N">Dengue</Keyword><Keyword MajorTopicYN="N">Dengue severity</Keyword><Keyword MajorTopicYN="N">Obesity</Keyword></KeywordList><CoiStatement>Declaration of competing interest The authors declare no conflicts of interest in this work.</CoiStatement></MedlineCitation><PubmedData><History><PubMedPubDate PubStatus="received"><Year>2022</Year><Month>4</Month><Day>25</Day></PubMedPubDate><PubMedPubDate PubStatus="revised"><Year>2022</Year><Month>8</Month><Day>3</Day></PubMedPubDate><PubMedPubDate PubStatus="accepted"><Year>2022</Year><Month>8</Month><Day>9</Day></PubMedPubDate><PubMedPubDate PubStatus="pubmed"><Year>2022</Year><Month>9</Month><Day>3</Day><Hour>6</Hour><Minute>0</Minute></PubMedPubDate><PubMedPubDate PubStatus="medline"><Year>2023</Year><Month>3</Month><Day>21</Day><Hour>6</Hour><Minute>0</Minute></PubMedPubDate><PubMedPubDate PubStatus="entrez"><Year>2022</Year><Month>9</Month><Day>2</Day><Hour>22</Hour><Minute>7</Minute></PubMedPubDate></History><PublicationStatus>ppublish</PublicationStatus><ArticleIdList><ArticleId IdType="pubmed">36055945</ArticleId><ArticleId IdType="doi">10.1016/j.jmii.2022.08.008</ArticleId><ArticleId IdType="pii">S1684-1182(22)00137-2</ArticleId></ArticleIdList></PubmedData></PubmedArticle></PubmedArticleSet>