<?xml version="1.0" ?>
<!DOCTYPE PubmedArticleSet PUBLIC "-//NLM//DTD PubMedArticle, 1st January 2023//EN" "https://dtd.nlm.nih.gov/ncbi/pubmed/out/pubmed_230101.dtd">
<PubmedArticleSet>
<PubmedArticle><MedlineCitation Status="MEDLINE" Owner="NLM" IndexingMethod="Automated"><PMID Version="1">36055433</PMID><DateCompleted><Year>2022</Year><Month>10</Month><Day>17</Day></DateCompleted><DateRevised><Year>2022</Year><Month>11</Month><Day>16</Day></DateRevised><Article PubModel="Print-Electronic"><Journal><ISSN IssnType="Electronic">1872-9096</ISSN><JournalIssue CitedMedium="Internet"><Volume>207</Volume><PubDate><Year>2022</Year><Month>Nov</Month></PubDate></JournalIssue><Title>Antiviral research</Title><ISOAbbreviation>Antiviral Res</ISOAbbreviation></Journal><ArticleTitle>Sulforaphane suppresses dengue virus replication by inhibition of dengue protease and enhancement of antiviral interferon response through Nrf2-mediated heme oxygenase-1 induction.</ArticleTitle><Pagination><StartPage>105400</StartPage><MedlinePgn>105400</MedlinePgn></Pagination><ELocationID EIdType="doi" ValidYN="Y">10.1016/j.antiviral.2022.105400</ELocationID><ELocationID EIdType="pii" ValidYN="Y">S0166-3542(22)00169-3</ELocationID><Abstract><AbstractText>Dengue virus (DENV) infection is a life-threatening disease that causes severe dengue hemorrhagic fever and dengue shock syndrome. There is currently no effective therapeutic agent or widely used vaccine for treating DENV infections. In this study, sulforaphane (SFN), an antioxidant phytocompound, exhibited significant antiviral activity, with a half-inhibitory concentration value of 5.8&#xa0;&#xb1;&#xa0;0.7&#xa0;&#x3bc;M to suppress viral RNA replication. Mechanistic studies demonstrated that SFN-induced heme oxygenase-1 (HO-1) expression, which inhibited viral protease activity, leading to the restoration of antiviral interferon (IFN) responses against DENV replication. Its antiviral activity can be attenuated by the knockdown of HO-1 expression by short hairpin RNA and blockage of activity with a specific inhibitor, supporting the contention that HO-1 induction contributes to the anti-DENV activity of SFN. SFN also stimulated HO-1 induction through an Nrf2-dependent pathway. SFN effectively prolonged the survival rate and reduced the virus titer in DENV-infected ICR suckling mice with activated expression of interferon-stimulated genes. The anti-DENV activity of SFN was also observed in the IFN-deficient AG129 mouse model. Collectively, SFN represents significant anti-DENV activity in vitro and in vivo and is a promising drug candidate or dietary supplement against DENV.</AbstractText><CopyrightInformation>Copyright &#xa9; 2022 Elsevier B.V. All rights reserved.</CopyrightInformation></Abstract><AuthorList CompleteYN="Y"><Author ValidYN="Y"><LastName>Chen</LastName><ForeName>Wei-Chun</ForeName><Initials>WC</Initials><AffiliationInfo><Affiliation>Department of Biotechnology, College of Life Science, Kaohsiung Medical University, Kaohsiung, Taiwan.</Affiliation></AffiliationInfo></Author><Author ValidYN="Y"><LastName>Huang</LastName><ForeName>Chung-Hao</ForeName><Initials>CH</Initials><AffiliationInfo><Affiliation>Division of Infectious Diseases, Department of Internal Medicine, Kaohsiung Medical University Hospital, Kaohsiung Medical University, Kaohsiung, Taiwan; School of Medicine, Graduate Institute of Medicine, College of Medicine, Sepsis Research Center, Kaohsiung Medical University, Kaohsiung, Taiwan; Center for Tropical Medicine and Infectious Disease, Kaohsiung Medical University, Kaohsiung, Taiwan.</Affiliation></AffiliationInfo></Author><Author ValidYN="Y"><LastName>Liu</LastName><ForeName>Wangta</ForeName><Initials>W</Initials><AffiliationInfo><Affiliation>Department of Biotechnology, College of Life Science, Kaohsiung Medical University, Kaohsiung, Taiwan.</Affiliation></AffiliationInfo></Author><Author ValidYN="Y"><LastName>Lee</LastName><ForeName>Jin-Ching</ForeName><Initials>JC</Initials><AffiliationInfo><Affiliation>Department of Biotechnology, College of Life Science, Kaohsiung Medical University, Kaohsiung, Taiwan; Department of Marine Biotechnology and Resources, College of Marine Sciences, National Sun Yat-sen University, Kaohsiung, Taiwan; Graduate Institute of Natural Products, College of Pharmacy, Kaohsiung Medical University, Kaohsiung, Taiwan. Electronic address: jclee@mail.nsysu.edu.tw.</Affiliation></AffiliationInfo></Author></AuthorList><Language>eng</Language><PublicationTypeList><PublicationType UI="D016428">Journal Article</PublicationType><PublicationType UI="D013485">Research Support, Non-U.S. Gov't</PublicationType></PublicationTypeList><ArticleDate DateType="Electronic"><Year>2022</Year><Month>08</Month><Day>31</Day></ArticleDate></Article><MedlineJournalInfo><Country>Netherlands</Country><MedlineTA>Antiviral Res</MedlineTA><NlmUniqueID>8109699</NlmUniqueID><ISSNLinking>0166-3542</ISSNLinking></MedlineJournalInfo><ChemicalList><Chemical><RegistryNumber>0</RegistryNumber><NameOfSubstance UI="D000975">Antioxidants</NameOfSubstance></Chemical><Chemical><RegistryNumber>0</RegistryNumber><NameOfSubstance UI="D000998">Antiviral Agents</NameOfSubstance></Chemical><Chemical><RegistryNumber>0</RegistryNumber><NameOfSubstance UI="D017879">Isothiocyanates</NameOfSubstance></Chemical><Chemical><RegistryNumber>0</RegistryNumber><NameOfSubstance UI="D051267">NF-E2-Related Factor 2</NameOfSubstance></Chemical><Chemical><RegistryNumber>0</RegistryNumber><NameOfSubstance UI="D034741">RNA, Small Interfering</NameOfSubstance></Chemical><Chemical><RegistryNumber>0</RegistryNumber><NameOfSubstance UI="D012367">RNA, Viral</NameOfSubstance></Chemical><Chemical><RegistryNumber>0</RegistryNumber><NameOfSubstance UI="D013454">Sulfoxides</NameOfSubstance></Chemical><Chemical><RegistryNumber>9008-11-1</RegistryNumber><NameOfSubstance UI="D007372">Interferons</NameOfSubstance></Chemical><Chemical><RegistryNumber>EC 1.14.14.18</RegistryNumber><NameOfSubstance UI="D051547">Heme Oxygenase-1</NameOfSubstance></Chemical><Chemical><RegistryNumber>EC 3.4.-</RegistryNumber><NameOfSubstance UI="D010447">Peptide Hydrolases</NameOfSubstance></Chemical><Chemical><RegistryNumber>EC 3.4.-</RegistryNumber><NameOfSubstance UI="D000085242">Viral Proteases</NameOfSubstance></Chemical><Chemical><RegistryNumber>GA49J4310U</RegistryNumber><NameOfSubstance UI="C016766">sulforaphane</NameOfSubstance></Chemical></ChemicalList><CitationSubset>IM</CitationSubset><MeshHeadingList><MeshHeading><DescriptorName UI="D000818" MajorTopicYN="N">Animals</DescriptorName></MeshHeading><MeshHeading><DescriptorName UI="D000975" MajorTopicYN="N">Antioxidants</DescriptorName><QualifierName UI="Q000494" MajorTopicYN="N">pharmacology</QualifierName></MeshHeading><MeshHeading><DescriptorName UI="D000998" MajorTopicYN="N">Antiviral Agents</DescriptorName><QualifierName UI="Q000494" MajorTopicYN="N">pharmacology</QualifierName><QualifierName UI="Q000627" MajorTopicYN="N">therapeutic use</QualifierName></MeshHeading><MeshHeading><DescriptorName UI="D003715" MajorTopicYN="Y">Dengue</DescriptorName><QualifierName UI="Q000188" MajorTopicYN="N">drug therapy</QualifierName></MeshHeading><MeshHeading><DescriptorName UI="D003716" MajorTopicYN="Y">Dengue Virus</DescriptorName></MeshHeading><MeshHeading><DescriptorName UI="D051547" MajorTopicYN="N">Heme Oxygenase-1</DescriptorName><QualifierName UI="Q000378" MajorTopicYN="N">metabolism</QualifierName></MeshHeading><MeshHeading><DescriptorName UI="D007372" MajorTopicYN="N">Interferons</DescriptorName><QualifierName UI="Q000494" MajorTopicYN="N">pharmacology</QualifierName></MeshHeading><MeshHeading><DescriptorName UI="D017879" MajorTopicYN="N">Isothiocyanates</DescriptorName></MeshHeading><MeshHeading><DescriptorName UI="D051379" MajorTopicYN="N">Mice</DescriptorName></MeshHeading><MeshHeading><DescriptorName UI="D008813" MajorTopicYN="N">Mice, Inbred ICR</DescriptorName></MeshHeading><MeshHeading><DescriptorName UI="D051267" MajorTopicYN="N">NF-E2-Related Factor 2</DescriptorName></MeshHeading><MeshHeading><DescriptorName UI="D010447" MajorTopicYN="N">Peptide Hydrolases</DescriptorName></MeshHeading><MeshHeading><DescriptorName UI="D034741" MajorTopicYN="N">RNA, Small Interfering</DescriptorName><QualifierName UI="Q000494" MajorTopicYN="N">pharmacology</QualifierName></MeshHeading><MeshHeading><DescriptorName UI="D012367" MajorTopicYN="N">RNA, Viral</DescriptorName></MeshHeading><MeshHeading><DescriptorName UI="D013454" MajorTopicYN="N">Sulfoxides</DescriptorName></MeshHeading><MeshHeading><DescriptorName UI="D000085242" MajorTopicYN="N">Viral Proteases</DescriptorName></MeshHeading><MeshHeading><DescriptorName UI="D014779" MajorTopicYN="N">Virus Replication</DescriptorName></MeshHeading></MeshHeadingList><KeywordList Owner="NOTNLM"><Keyword MajorTopicYN="N">Dengue virus</Keyword><Keyword MajorTopicYN="N">Heme oxygenase-1</Keyword><Keyword MajorTopicYN="N">Interferon</Keyword><Keyword MajorTopicYN="N">Sulforaphane</Keyword></KeywordList><CoiStatement>Declaration of competing interest The authors declare that they have no known competing financial interests or personal relationships that could have appeared to influence the work reported in this paper.</CoiStatement></MedlineCitation><PubmedData><History><PubMedPubDate PubStatus="received"><Year>2022</Year><Month>5</Month><Day>17</Day></PubMedPubDate><PubMedPubDate PubStatus="revised"><Year>2022</Year><Month>8</Month><Day>11</Day></PubMedPubDate><PubMedPubDate PubStatus="accepted"><Year>2022</Year><Month>8</Month><Day>17</Day></PubMedPubDate><PubMedPubDate PubStatus="pubmed"><Year>2022</Year><Month>9</Month><Day>3</Day><Hour>6</Hour><Minute>0</Minute></PubMedPubDate><PubMedPubDate PubStatus="medline"><Year>2022</Year><Month>10</Month><Day>18</Day><Hour>6</Hour><Minute>0</Minute></PubMedPubDate><PubMedPubDate PubStatus="entrez"><Year>2022</Year><Month>9</Month><Day>2</Day><Hour>19</Hour><Minute>24</Minute></PubMedPubDate></History><PublicationStatus>ppublish</PublicationStatus><ArticleIdList><ArticleId IdType="pubmed">36055433</ArticleId><ArticleId IdType="doi">10.1016/j.antiviral.2022.105400</ArticleId><ArticleId IdType="pii">S0166-3542(22)00169-3</ArticleId></ArticleIdList></PubmedData></PubmedArticle></PubmedArticleSet>