<?xml version="1.0" ?>
<!DOCTYPE PubmedArticleSet PUBLIC "-//NLM//DTD PubMedArticle, 1st January 2023//EN" "https://dtd.nlm.nih.gov/ncbi/pubmed/out/pubmed_230101.dtd">
<PubmedArticleSet>
<PubmedArticle><MedlineCitation Status="MEDLINE" Owner="NLM" IndexingMethod="Automated"><PMID Version="1">36078811</PMID><DateCompleted><Year>2022</Year><Month>09</Month><Day>13</Day></DateCompleted><DateRevised><Year>2023</Year><Month>01</Month><Day>07</Day></DateRevised><Article PubModel="Electronic"><Journal><ISSN IssnType="Electronic">1660-4601</ISSN><JournalIssue CitedMedium="Internet"><Volume>19</Volume><Issue>17</Issue><PubDate><Year>2022</Year><Month>Sep</Month><Day>05</Day></PubDate></JournalIssue><Title>International journal of environmental research and public health</Title><ISOAbbreviation>Int J Environ Res Public Health</ISOAbbreviation></Journal><ArticleTitle>Risk Factors Associated with Passengers with Imported Dengue Fever at International Airports in Taiwan.</ArticleTitle><ELocationID EIdType="pii" ValidYN="Y">11096</ELocationID><ELocationID EIdType="doi" ValidYN="Y">10.3390/ijerph191711096</ELocationID><Abstract><AbstractText>Dengue fever (DF) is a mosquito-borne disease prevalent in the tropics (e.g., sub-Saharan Africa, Asia, and Central and South America) and a common cause of febrile illness in travelers. The high incidence of imported DF in Taiwan has led to a domestic outbreak. This study explored the risk factors associated with individuals given diagnoses of imported DF at international airports in Taiwan. The results may serve as a reference for DF prevention. In this retrospective study, data from the symptom notification system database of the Taiwan Centers for Disease Control (TCDC) were used. These data concerned travelers who returned to Taiwan from DF-endemic areas with suspected DF symptoms. The epidemiological characteristics of the cases were analyzed, and 28 variables related to DF infection were included in the multivariate logistic regression analysis. In 2018-2019, there were 8656 cases (451 positive and 8205 negative cases). The results revealed DF symptoms and a 16-30-day stay in endemic areas to be independent risk factors and the presence of three respiratory symptoms and &lt;10 days of short-term travel to be protective factors. These results may enable the accurate assessment of symptoms in travelers with DF as well as the risk factors associated with imported DF, lowering the risk of indigenous DF outbreaks caused by imported DF.</AbstractText></Abstract><AuthorList CompleteYN="Y"><Author ValidYN="Y"><LastName>Wang</LastName><ForeName>Ying-Yun</ForeName><Initials>YY</Initials><AffiliationInfo><Affiliation>Graduate Institute of Clinical Medical Sciences, Chang Gung University, Taoyuan 333, Taiwan.</Affiliation></AffiliationInfo></Author><Author ValidYN="Y"><LastName>Tsay</LastName><ForeName>Pei-Kwei</ForeName><Initials>PK</Initials><Identifier Source="ORCID">0000-0003-1749-1419</Identifier><AffiliationInfo><Affiliation>Department of Public Health and Center of Biostatistics, College of Medicine, Chang Gung University, Taoyuan 333, Taiwan.</Affiliation></AffiliationInfo></Author></AuthorList><Language>eng</Language><PublicationTypeList><PublicationType UI="D016428">Journal Article</PublicationType></PublicationTypeList><ArticleDate DateType="Electronic"><Year>2022</Year><Month>09</Month><Day>05</Day></ArticleDate></Article><MedlineJournalInfo><Country>Switzerland</Country><MedlineTA>Int J Environ Res Public Health</MedlineTA><NlmUniqueID>101238455</NlmUniqueID><ISSNLinking>1660-4601</ISSNLinking></MedlineJournalInfo><CitationSubset>IM</CitationSubset><MeshHeadingList><MeshHeading><DescriptorName UI="D059028" MajorTopicYN="Y">Airports</DescriptorName></MeshHeading><MeshHeading><DescriptorName UI="D000818" MajorTopicYN="N">Animals</DescriptorName></MeshHeading><MeshHeading><DescriptorName UI="D003715" MajorTopicYN="Y">Dengue</DescriptorName><QualifierName UI="Q000517" MajorTopicYN="N">prevention &amp; control</QualifierName></MeshHeading><MeshHeading><DescriptorName UI="D006801" MajorTopicYN="N">Humans</DescriptorName></MeshHeading><MeshHeading><DescriptorName UI="D012189" MajorTopicYN="N">Retrospective Studies</DescriptorName></MeshHeading><MeshHeading><DescriptorName UI="D012307" MajorTopicYN="N">Risk Factors</DescriptorName></MeshHeading><MeshHeading><DescriptorName UI="D013624" MajorTopicYN="N" Type="Geographic">Taiwan</DescriptorName><QualifierName UI="Q000453" MajorTopicYN="N">epidemiology</QualifierName></MeshHeading><MeshHeading><DescriptorName UI="D014195" MajorTopicYN="N">Travel</DescriptorName></MeshHeading></MeshHeadingList><KeywordList Owner="NOTNLM"><Keyword MajorTopicYN="N">imported dengue fever</Keyword><Keyword MajorTopicYN="N">quarantine</Keyword><Keyword MajorTopicYN="N">risk factor</Keyword></KeywordList><CoiStatement>The authors declare no conflict of interest.</CoiStatement></MedlineCitation><PubmedData><History><PubMedPubDate PubStatus="received"><Year>2022</Year><Month>7</Month><Day>21</Day></PubMedPubDate><PubMedPubDate PubStatus="revised"><Year>2022</Year><Month>8</Month><Day>29</Day></PubMedPubDate><PubMedPubDate PubStatus="accepted"><Year>2022</Year><Month>9</Month><Day>2</Day></PubMedPubDate><PubMedPubDate PubStatus="entrez"><Year>2022</Year><Month>9</Month><Day>9</Day><Hour>1</Hour><Minute>18</Minute></PubMedPubDate><PubMedPubDate PubStatus="pubmed"><Year>2022</Year><Month>9</Month><Day>10</Day><Hour>6</Hour><Minute>0</Minute></PubMedPubDate><PubMedPubDate PubStatus="medline"><Year>2022</Year><Month>9</Month><Day>14</Day><Hour>6</Hour><Minute>0</Minute></PubMedPubDate></History><PublicationStatus>epublish</PublicationStatus><ArticleIdList><ArticleId IdType="pubmed">36078811</ArticleId><ArticleId IdType="pmc">PMC9517761</ArticleId><ArticleId IdType="doi">10.3390/ijerph191711096</ArticleId><ArticleId IdType="pii">ijerph191711096</ArticleId></ArticleIdList><ReferenceList><Reference><Citation>WHO  Dengue and Severe Dengue.  [(accessed on 10 January 2022)].  Available online:  https://www.who.int/zh/news-room/fact-sheets/detail/dengue-and-severe-dengue.</Citation></Reference><Reference><Citation>Yu H.L., Angulo J.M., Cheng M.H., Wu J., Christakos G. An online spatiotemporal prediction model for dengue fever epidemic in K aohsiung (T aiwan) Biom. J. 2014;56:428&#x2013;440.</Citation><ArticleIdList><ArticleId IdType="pubmed">24615833</ArticleId></ArticleIdList></Reference><Reference><Citation>Lin L.-L., Chen C.-T., Chou Y.-M., Yang C.-H. Impacts of Publicly Funded Dengue NS1 Antigen Rapid Test Program on Notification Timeliness, Taiwan, 2013&#x2013;2017. Taiwan Epidemiol. Bull. 2019;35:230&#x2013;236.</Citation></Reference><Reference><Citation>Wang S.F., Wang W.H., Chang K., Chen Y.H., Tseng S.P., Yen C.H., Wu D.C., Chen Y.M. Severe Dengue Fever Outbreak in Taiwan. Am. J. Trop. Med. Hyg. 2016;94:193&#x2013;197. doi: 10.4269/ajtmh.15-0422.</Citation><ArticleIdList><ArticleId IdType="doi">10.4269/ajtmh.15-0422</ArticleId><ArticleId IdType="pmc">PMC4710429</ArticleId><ArticleId IdType="pubmed">26572871</ArticleId></ArticleIdList></Reference><Reference><Citation>Lai S.-K., Chen C.-T., Chou Y.-M. Laboratory Characteristics of Dengue Fever in Taiwan During 2009&#x2013;2013. Taiwan Epidemiol. Bull. 2015;31:431&#x2013;439. doi: 10.6524/eb.20150908.31(17).002.</Citation><ArticleIdList><ArticleId IdType="doi">10.6524/eb.20150908.31(17).002</ArticleId></ArticleIdList></Reference><Reference><Citation>Guidelines for Dengue/Chikungunya Control 2022. 14th ed. Taiwan Centers for Disease Control; Taipei, Taiwan:  [(accessed on 23 May 2021)].  Available online:  https://www.cdc.gov.tw/En/InfectionReport/Info/9YUAXbFsmorP5T10V8qvMA?infoId=p51mlpweYySRSzPLgXRgoA.</Citation></Reference><Reference><Citation>Taiwan National Infection Disease Statistics System. Taiwan Centers for Disease Control; Taipei, Taiwan:  [(accessed on 2 December 2020)].  Available online:  https://nidss.cdc.gov.tw/nndss/disease?id=061.</Citation></Reference><Reference><Citation>Yang C.-F., Chang S.-F., Hsu T.-C., Su C.-L., Wang T.-C., Lin S.-H., Yang S.-L., Lin C.-C., Shu P.-Y. Molecular characterization and phylogenetic analysis of dengue viruses imported into Taiwan during 2011&#x2013;2016. PLoS Negl. Trop. Dis. 2018;12:e0006773. doi: 10.1371/journal.pntd.0006773.</Citation><ArticleIdList><ArticleId IdType="doi">10.1371/journal.pntd.0006773</ArticleId><ArticleId IdType="pmc">PMC6168156</ArticleId><ArticleId IdType="pubmed">30235208</ArticleId></ArticleIdList></Reference><Reference><Citation>Phan D.Q., Nguyen L.D.N., Pham S.T., Nguyen T., Pham P.T.T., Nguyen S.T.H., Pham D.T., Pham H.T., Tran D.K., Le S.H., et al. The Distribution of Dengue Virus Serotype in Quang Nam Province (Vietnam) during the Outbreak in 2018. Int. J. Environ. Res. Public Health. 2022;19:1285. doi: 10.3390/ijerph19031285.</Citation><ArticleIdList><ArticleId IdType="doi">10.3390/ijerph19031285</ArticleId><ArticleId IdType="pmc">PMC8835360</ArticleId><ArticleId IdType="pubmed">35162303</ArticleId></ArticleIdList></Reference><Reference><Citation>L&#x2019;Azou M., Moureau A., Sarti E., Nealon J., Zambrano B., Wartel T.A., Villar L., Capeding M.R.Z., Ochiai R.L. Symptomatic Dengue in Children in 10 Asian and Latin American Countries. N. Engl. J. Med. 2016;374:1155&#x2013;1166. doi: 10.1056/NEJMoa1503877.</Citation><ArticleIdList><ArticleId IdType="doi">10.1056/NEJMoa1503877</ArticleId><ArticleId IdType="pubmed">27007959</ArticleId></ArticleIdList></Reference><Reference><Citation>Neumayr A., Mu&#xf1;oz J., Schunk M., Bottieau E., Cramer J., Calleri G., L&#xf3;pez-V&#xe9;lez R., Angheben A., Zoller T., Visser L. Sentinel surveillance of imported dengue via travellers to Europe 2012 to 2014: TropNet data from the DengueTools Research Initiative. Eurosurveillance. 2017;22:30433.</Citation><ArticleIdList><ArticleId IdType="pmc">PMC5388098</ArticleId><ArticleId IdType="pubmed">28080959</ArticleId></ArticleIdList></Reference><Reference><Citation>Su C.-P., Wang Y.-Y., Ku K.-C., Fang C.-T. Clinical and epidemiological characteristics of imported dengue fever among inbound passengers: Infrared thermometer&#x2014;Based active surveillance at an international airport. PLoS ONE. 2019;14:e0225840.</Citation><ArticleIdList><ArticleId IdType="pmc">PMC6894787</ArticleId><ArticleId IdType="pubmed">31805101</ArticleId></ArticleIdList></Reference><Reference><Citation>Lin S.-H., Lin Y.-C., Chen P.-F., Wu L.-J., Ho L.-L., Wu Y.-C. Assessment of Sensitivity of Screening for Imported Notifiable Diseases at Port of Entry, Taiwan, 2012&#x2013;2015. Taiwan Epidemiol. Bull. 2017;33:210&#x2013;218. doi: 10.6524/eb.20170627.33(12).001.</Citation><ArticleIdList><ArticleId IdType="doi">10.6524/eb.20170627.33(12).001</ArticleId></ArticleIdList></Reference><Reference><Citation>Ho L.-L., Tsai Y.-H., Lee W.-P., Liao S.-T., Wu L.-G., Wu Y.-C. Taiwan&#x2019;s travel and border health measures in response to Zika. Health Secur. 2017;15:185&#x2013;191. doi: 10.1089/hs.2016.0106.</Citation><ArticleIdList><ArticleId IdType="doi">10.1089/hs.2016.0106</ArticleId><ArticleId IdType="pmc">PMC5404253</ArticleId><ArticleId IdType="pubmed">28418744</ArticleId></ArticleIdList></Reference><Reference><Citation>Chang C.-W., Chen P.-F., Wu L.-C., Ho L.-L., Wu Y.-C. Profile of Imported Notifiable Acute Infectious Diseases from South-East Asia Region in Taiwanese between 2008 and 2013. Taiwan Epidemiol. Bull. 2015;31:315&#x2013;327. doi: 10.6524/eb.20150714.31(13).001.</Citation><ArticleIdList><ArticleId IdType="doi">10.6524/eb.20150714.31(13).001</ArticleId></ArticleIdList></Reference><Reference><Citation>Ericsson C.D., Hatz C., Leder K., Tong S., Weld L., Kain K.C., Wilder-Smith A., von Sonnenburg F., Black J., Brown G.V. Illness in travelers visiting friends and relatives: A review of the GeoSentinel Surveillance Network. Clin. Infect. Dis. 2006;43:1185&#x2013;1193. doi: 10.1086/507893.</Citation><ArticleIdList><ArticleId IdType="doi">10.1086/507893</ArticleId><ArticleId IdType="pubmed">17029140</ArticleId></ArticleIdList></Reference><Reference><Citation>Fenner L., Weber R., Steffen R., Schlagenhauf P. Imported infectious disease and purpose of travel, Switzerland. Emerg. Infect. Dis. 2007;13:217. doi: 10.3201/eid1302.060847.</Citation><ArticleIdList><ArticleId IdType="doi">10.3201/eid1302.060847</ArticleId><ArticleId IdType="pmc">PMC2725840</ArticleId><ArticleId IdType="pubmed">17479882</ArticleId></ArticleIdList></Reference><Reference><Citation>Chan H.-Y. The Impact of Delay in Seeking Care on Hospitalization of Overseas Dengue Infection Patients. National Yang-Ming University; Taipei, Taiwan: 2018.</Citation></Reference><Reference><Citation>Yoshimura Y., Sakamoto Y., Amano Y., Nakaharai K., Yaita K., Hoshina T., Kurai H., Usuku S., Tachikawa N. Four Cases of Autochthonous Dengue Infection in Japan and 46 Imported Cases: Characteristics of Japanese Dengue. Intern. Med. 2015;54:3005&#x2013;3008. doi: 10.2169/internalmedicine.54.4475.</Citation><ArticleIdList><ArticleId IdType="doi">10.2169/internalmedicine.54.4475</ArticleId><ArticleId IdType="pubmed">26631883</ArticleId></ArticleIdList></Reference><Reference><Citation>Chang C.-J., Chen C.S., Tien C.-J., Lu M.-R. Epidemiological, clinical and climatic characteristics of dengue fever in Kaohsiung City, Taiwan with implication for prevention and control. PLoS ONE. 2018;13:e0190637.</Citation><ArticleIdList><ArticleId IdType="pmc">PMC5749826</ArticleId><ArticleId IdType="pubmed">29293624</ArticleId></ArticleIdList></Reference><Reference><Citation>Mallhi T.H., Khan A.H., Adnan A.S., Sarriff A., Khan Y.H., Jummaat F. Clinico-laboratory spectrum of dengue viral infection and risk factors associated with dengue hemorrhagic fever: A retrospective study. BMC Infect. Dis. 2015;15:399.</Citation><ArticleIdList><ArticleId IdType="pmc">PMC4590689</ArticleId><ArticleId IdType="pubmed">26423145</ArticleId></ArticleIdList></Reference><Reference><Citation>World Health Organization Regional Office for South-East Asia . Comprehensive Guideline for Prevention and Control of Dengue and Dengue Haemorrhagic Fever. Revised and Expanded Edition. WHO Regional Office for South-East Asia; New Delhi, India: 2011.</Citation></Reference><Reference><Citation>Wilder-Smith A., Schwartz E. Dengue in Travelers. N. Engl. J. Med. 2005;353:924&#x2013;932. doi: 10.1056/NEJMra041927.</Citation><ArticleIdList><ArticleId IdType="doi">10.1056/NEJMra041927</ArticleId><ArticleId IdType="pubmed">16135837</ArticleId></ArticleIdList></Reference><Reference><Citation>Wang Y.-Y., Tsay P.-K. Risk factor analysis of Imported Dengue cases of Taiwan Taoyuan International Airport; Proceedings of the 13TH International Symposium of Healthcare Information Management (2018 UHIMA), Hualien Tzu Chi Hospital; Hualien City, Taiwan. 8&#x2013;10 June 2018.</Citation></Reference><Reference><Citation>Kuo J.-S., Lai S.-K., Chen C.-T., Wu J.-W., Yen J.-J. Epidemiological Analysis on Suspected Dengue Fever Cases Detected at International Ports in Taiwan during 2008&#x2013;2011. Taiwan Epidemiol. Bull. 2014;30:297&#x2013;303.</Citation></Reference><Reference><Citation>Kuan M.-M., Chang F.-Y. Airport sentinel surveillance and entry quarantine for dengue infections following a fever screening program in Taiwan. BMC Infect. Dis. 2012;12:182. doi: 10.1186/1471-2334-12-182.</Citation><ArticleIdList><ArticleId IdType="doi">10.1186/1471-2334-12-182</ArticleId><ArticleId IdType="pmc">PMC3462143</ArticleId><ArticleId IdType="pubmed">22867003</ArticleId></ArticleIdList></Reference><Reference><Citation>Wu Y.-C. Cost Effectiveness Analysis of Setting Up Fever Screening Stations in International Ports in Taiwan: Taking Dengue Fever as an Example. TCDC; Taipei, Taiwan: 2017. MOHW106-CDC-C-315-000118.</Citation></Reference><Reference><Citation>Shepard D.S., Coudeville L., Halasa Y.A., Zambrano B., Dayan G.H. Economic impact of dengue illness in the Americas. Am. J. Trop. Med. Hyg. 2011;84:200&#x2013;207. doi: 10.4269/ajtmh.2011.10-0503.</Citation><ArticleIdList><ArticleId IdType="doi">10.4269/ajtmh.2011.10-0503</ArticleId><ArticleId IdType="pmc">PMC3029168</ArticleId><ArticleId IdType="pubmed">21292885</ArticleId></ArticleIdList></Reference><Reference><Citation>Xu M., Chang N., Tu T., Sun J., Jiang J., Xia Y., Tang W., Ji H., Zhao X., Zhu J., et al. Economic burden of dengue fever in China: A retrospective research study. PLoS Negl. Trop. Dis. 2022;16:e0010360. doi: 10.1371/journal.pntd.0010360.</Citation><ArticleIdList><ArticleId IdType="doi">10.1371/journal.pntd.0010360</ArticleId><ArticleId IdType="pmc">PMC9162330</ArticleId><ArticleId IdType="pubmed">35594296</ArticleId></ArticleIdList></Reference><Reference><Citation>Chou Y.-C., Hsieh C.-J., Cheng C.-A., Wu D.-C., Wu W.-C., Lin F.-H., Yu C.-P. Epidemiologic characteristics of imported and domestic chikungunya cases in Taiwan: A 13-year retrospective study. Int. J. Environ. Res. Public Health. 2020;17:3615.</Citation><ArticleIdList><ArticleId IdType="pmc">PMC7277729</ArticleId><ArticleId IdType="pubmed">32455712</ArticleId></ArticleIdList></Reference></ReferenceList></PubmedData></PubmedArticle></PubmedArticleSet>