<?xml version="1.0" ?>
<!DOCTYPE PubmedArticleSet PUBLIC "-//NLM//DTD PubMedArticle, 1st January 2023//EN" "https://dtd.nlm.nih.gov/ncbi/pubmed/out/pubmed_230101.dtd">
<PubmedArticleSet>
<PubmedArticle><MedlineCitation Status="MEDLINE" Owner="NLM" IndexingMethod="Automated"><PMID Version="1">36137080</PMID><DateCompleted><Year>2022</Year><Month>10</Month><Day>06</Day></DateCompleted><DateRevised><Year>2022</Year><Month>10</Month><Day>07</Day></DateRevised><Article PubModel="Electronic-eCollection"><Journal><ISSN IssnType="Electronic">1935-2735</ISSN><JournalIssue CitedMedium="Internet"><Volume>16</Volume><Issue>9</Issue><PubDate><Year>2022</Year><Month>Sep</Month></PubDate></JournalIssue><Title>PLoS neglected tropical diseases</Title><ISOAbbreviation>PLoS Negl Trop Dis</ISOAbbreviation></Journal><ArticleTitle>The role of voltage-gated sodium channel genotypes in pyrethroid resistance in Aedes aegypti in Taiwan.</ArticleTitle><Pagination><StartPage>e0010780</StartPage><MedlinePgn>e0010780</MedlinePgn></Pagination><ELocationID EIdType="pii" ValidYN="Y">e0010780</ELocationID><ELocationID EIdType="doi" ValidYN="Y">10.1371/journal.pntd.0010780</ELocationID><Abstract><AbstractText Label="BACKGROUND">Aedes aegypti is the major vector of dengue that threatens public health in tropical and subtropical regions. Pyrethroid-based control strategies effectively control this vector, but the repeated usage of the same insecticides leads to resistance and hampers control efforts. Therefore, efficient and prompt monitoring of insecticide resistance in local mosquito populations is critical for dengue control.</AbstractText><AbstractText Label="METHODOLOGY/PRINCIPAL FINDING">We collected Ae. aegypti in southern Taiwan in March and October 2016. We analyzed the voltage-gated sodium channel (vgsc) genotypes of parentals (G0) and G1 adults after cypermethrin insecticide bioassay. Our results showed that four VGSC mutations (S989P, V1016G, F1534C, and D1763Y) associated with resistance were commonly detected in field-collected Ae. aegypti. The frequencies of these four mutations in the local mosquito population were significantly higher in October (0.29, 0.4, 0.27 and 0.11) than in March (0.09, 0.16, 0.18 and 0.03). Specific vgsc combined genotypes composed of the one to four such mutations (SGFY/SGFY, SVCD/SVCD, SGFY/PGFD, SVCD/SGFY, PGFD/PGFD, and SVCD/PGFD) shifted towards higher frequencies in October, implying their resistance role. In addition, the cypermethrin exposure bioassay data supported the field observations. Moreover, our study observed an association between the resistance level and the proportion of resistance genotypes in the population.</AbstractText><AbstractText Label="CONCLUSIONS/SIGNIFICANCE">This is the first study to demonstrate the role of four-locus vgsc genotypes in resistance evaluation in a local Ae. aegypti population in Taiwan. This alternative method using resistance-associated genotypes as an indicator of practically insecticide resistance monitoring is a useful tool for providing precise and real-time information for decision makers.</AbstractText></Abstract><AuthorList CompleteYN="Y"><Author ValidYN="Y"><LastName>Chung</LastName><ForeName>Han-Hsuan</ForeName><Initials>HH</Initials><AffiliationInfo><Affiliation>Center for Diagnostics and Vaccine Development, Centers for Disease Control, Ministry of Health and Welfare, Taipei, Taiwan.</Affiliation></AffiliationInfo><AffiliationInfo><Affiliation>Institute of Environmental and Occupational Health Sciences, College of Public Health, National Taiwan University, Taipei, Taiwan.</Affiliation></AffiliationInfo></Author><Author ValidYN="Y"><LastName>Tsai</LastName><ForeName>Cheng-Hui</ForeName><Initials>CH</Initials><AffiliationInfo><Affiliation>Center for Diagnostics and Vaccine Development, Centers for Disease Control, Ministry of Health and Welfare, Taipei, Taiwan.</Affiliation></AffiliationInfo></Author><Author ValidYN="Y"><LastName>Teng</LastName><ForeName>Hwa-Jen</ForeName><Initials>HJ</Initials><Identifier Source="ORCID">0000-0002-7849-2346</Identifier><AffiliationInfo><Affiliation>Center for Diagnostics and Vaccine Development, Centers for Disease Control, Ministry of Health and Welfare, Taipei, Taiwan.</Affiliation></AffiliationInfo></Author><Author ValidYN="Y"><LastName>Tsai</LastName><ForeName>Kun-Hsien</ForeName><Initials>KH</Initials><AffiliationInfo><Affiliation>Institute of Environmental and Occupational Health Sciences, College of Public Health, National Taiwan University, Taipei, Taiwan.</Affiliation></AffiliationInfo><AffiliationInfo><Affiliation>Department of Public Health, College of Public Health, National Taiwan University, Taipei, Taiwan.</Affiliation></AffiliationInfo></Author></AuthorList><Language>eng</Language><PublicationTypeList><PublicationType UI="D016428">Journal Article</PublicationType><PublicationType UI="D013485">Research Support, Non-U.S. Gov't</PublicationType></PublicationTypeList><ArticleDate DateType="Electronic"><Year>2022</Year><Month>09</Month><Day>22</Day></ArticleDate></Article><MedlineJournalInfo><Country>United States</Country><MedlineTA>PLoS Negl Trop Dis</MedlineTA><NlmUniqueID>101291488</NlmUniqueID><ISSNLinking>1935-2727</ISSNLinking></MedlineJournalInfo><ChemicalList><Chemical><RegistryNumber>0</RegistryNumber><NameOfSubstance UI="D007306">Insecticides</NameOfSubstance></Chemical><Chemical><RegistryNumber>0</RegistryNumber><NameOfSubstance UI="D011722">Pyrethrins</NameOfSubstance></Chemical><Chemical><RegistryNumber>0</RegistryNumber><NameOfSubstance UI="D061566">Voltage-Gated Sodium Channels</NameOfSubstance></Chemical><Chemical><RegistryNumber>1TR49121NP</RegistryNumber><NameOfSubstance UI="C017160">cypermethrin</NameOfSubstance></Chemical></ChemicalList><CitationSubset>IM</CitationSubset><MeshHeadingList><MeshHeading><DescriptorName UI="D000330" MajorTopicYN="Y">Aedes</DescriptorName><QualifierName UI="Q000235" MajorTopicYN="N">genetics</QualifierName></MeshHeading><MeshHeading><DescriptorName UI="D000818" MajorTopicYN="N">Animals</DescriptorName></MeshHeading><MeshHeading><DescriptorName UI="D003715" MajorTopicYN="Y">Dengue</DescriptorName><QualifierName UI="Q000517" MajorTopicYN="N">prevention &amp; control</QualifierName></MeshHeading><MeshHeading><DescriptorName UI="D005838" MajorTopicYN="N">Genotype</DescriptorName></MeshHeading><MeshHeading><DescriptorName UI="D006801" MajorTopicYN="N">Humans</DescriptorName></MeshHeading><MeshHeading><DescriptorName UI="D007305" MajorTopicYN="N">Insecticide Resistance</DescriptorName><QualifierName UI="Q000235" MajorTopicYN="N">genetics</QualifierName></MeshHeading><MeshHeading><DescriptorName UI="D007306" MajorTopicYN="Y">Insecticides</DescriptorName><QualifierName UI="Q000494" MajorTopicYN="N">pharmacology</QualifierName></MeshHeading><MeshHeading><DescriptorName UI="D000072138" MajorTopicYN="N">Mosquito Vectors</DescriptorName><QualifierName UI="Q000235" MajorTopicYN="N">genetics</QualifierName></MeshHeading><MeshHeading><DescriptorName UI="D009154" MajorTopicYN="N">Mutation</DescriptorName></MeshHeading><MeshHeading><DescriptorName UI="D011722" MajorTopicYN="Y">Pyrethrins</DescriptorName><QualifierName UI="Q000494" MajorTopicYN="N">pharmacology</QualifierName></MeshHeading><MeshHeading><DescriptorName UI="D013624" MajorTopicYN="N" Type="Geographic">Taiwan</DescriptorName></MeshHeading><MeshHeading><DescriptorName UI="D061566" MajorTopicYN="Y">Voltage-Gated Sodium Channels</DescriptorName><QualifierName UI="Q000235" MajorTopicYN="N">genetics</QualifierName></MeshHeading></MeshHeadingList><CoiStatement>The authors have declared that no competing interests exist.</CoiStatement></MedlineCitation><PubmedData><History><PubMedPubDate PubStatus="received"><Year>2022</Year><Month>2</Month><Day>10</Day></PubMedPubDate><PubMedPubDate PubStatus="accepted"><Year>2022</Year><Month>9</Month><Day>1</Day></PubMedPubDate><PubMedPubDate PubStatus="revised"><Year>2022</Year><Month>10</Month><Day>4</Day></PubMedPubDate><PubMedPubDate PubStatus="pubmed"><Year>2022</Year><Month>9</Month><Day>23</Day><Hour>6</Hour><Minute>0</Minute></PubMedPubDate><PubMedPubDate PubStatus="medline"><Year>2022</Year><Month>10</Month><Day>7</Day><Hour>6</Hour><Minute>0</Minute></PubMedPubDate><PubMedPubDate PubStatus="entrez"><Year>2022</Year><Month>9</Month><Day>22</Day><Hour>14</Hour><Minute>22</Minute></PubMedPubDate></History><PublicationStatus>epublish</PublicationStatus><ArticleIdList><ArticleId IdType="pubmed">36137080</ArticleId><ArticleId IdType="pmc">PMC9531798</ArticleId><ArticleId IdType="doi">10.1371/journal.pntd.0010780</ArticleId><ArticleId IdType="pii">PNTD-D-22-00184</ArticleId></ArticleIdList><ReferenceList><Reference><Citation>Bhatt S, Gething PW, Brady OJ, Messina JP, Farlow AW, Moyes CL, et al.. The global distribution and burden of dengue. Nature. 2013;496(7446):504&#x2013;7. doi: 10.1038/nature12060</Citation><ArticleIdList><ArticleId IdType="doi">10.1038/nature12060</ArticleId><ArticleId IdType="pmc">PMC3651993</ArticleId><ArticleId IdType="pubmed">23563266</ArticleId></ArticleIdList></Reference><Reference><Citation>Brady OJ, Gething PW, Bhatt S, Messina JP, Brownstein JS, Hoen AG, et al.. Refining the global spatial limits of dengue virus transmission by evidence-based consensus. PLoS Negl Trop Dis. 2012;6(8):e1760. doi: 10.1371/journal.pntd.0001760</Citation><ArticleIdList><ArticleId IdType="doi">10.1371/journal.pntd.0001760</ArticleId><ArticleId IdType="pmc">PMC3413714</ArticleId><ArticleId IdType="pubmed">22880140</ArticleId></ArticleIdList></Reference><Reference><Citation>Lin C, Wang CY, Teng HJ. The study of dengue vector distribution in Taiwan from 2009 to 2011. Epidemiology Bulletin. 2014;30(15):150.</Citation></Reference><Reference><Citation>Yang CF, Chang SF, Hsu TC, Su CL, Wang TC, Lin SH, et al.. Molecular characterization and phylogenetic analysis of dengue viruses imported into Taiwan during 2011&#x2013;2016. PLoS neglected tropical diseases. 2018;12(9):e0006773. doi: 10.1371/journal.pntd.0006773</Citation><ArticleIdList><ArticleId IdType="doi">10.1371/journal.pntd.0006773</ArticleId><ArticleId IdType="pmc">PMC6168156</ArticleId><ArticleId IdType="pubmed">30235208</ArticleId></ArticleIdList></Reference><Reference><Citation>Carrington LB, Armijos MV, Lambrechts L, Barker CM, Scott TW. Effects of fluctuating daily temperatures at critical thermal extremes on Aedes aegypti life-history traits. PLoS One. 2013;8(3):e58824. Epub 2013/03/23. doi: 10.1371/journal.pone.0058824 ; PubMed Central PMCID: PMC3592833.</Citation><ArticleIdList><ArticleId IdType="doi">10.1371/journal.pone.0058824</ArticleId><ArticleId IdType="pmc">PMC3592833</ArticleId><ArticleId IdType="pubmed">23520534</ArticleId></ArticleIdList></Reference><Reference><Citation>Reinhold JM, Lazzari CR, Lahondere C. Effects of the Environmental Temperature on Aedes aegypti and Aedes albopictus Mosquitoes: A Review. Insects. 2018;9(4). Epub 2018/11/09. doi: 10.3390/insects9040158 ; PubMed Central PMCID: PMC6316560.</Citation><ArticleIdList><ArticleId IdType="doi">10.3390/insects9040158</ArticleId><ArticleId IdType="pmc">PMC6316560</ArticleId><ArticleId IdType="pubmed">30404142</ArticleId></ArticleIdList></Reference><Reference><Citation>Chang LH, Hsu EL, Teng HJ, Ho CM. Differential survival of Aedes aegypti and Aedes albopictus (Diptera: Culicidae) larvae exposed to low temperatures in Taiwan. J Med Entomol. 2007;44(2):205&#x2013;10. Epub 2007/04/13. doi: 10.1603/0022-2585(2007)44[205:dsoaaa]2.0.co;2 .</Citation><ArticleIdList><ArticleId IdType="doi">10.1603/0022-2585(2007)44[205:dsoaaa]2.0.co;2</ArticleId><ArticleId IdType="pubmed">17427687</ArticleId></ArticleIdList></Reference><Reference><Citation>Chang SF, Huang JH, Shu PY. Characteristics of dengue epidemics in Taiwan. J Formos Med Assoc. 2012;111(6):297&#x2013;9. Epub 2012/07/04. doi: 10.1016/j.jfma.2011.12.001 .</Citation><ArticleIdList><ArticleId IdType="doi">10.1016/j.jfma.2011.12.001</ArticleId><ArticleId IdType="pubmed">22748618</ArticleId></ArticleIdList></Reference><Reference><Citation>Chang SF, Yang CF, Hsu TC, Su CL, Lin CC, Shu PY. Laboratory-Based Surveillance and Molecular Characterization of Dengue Viruses in Taiwan, 2014. Am J Trop Med Hyg. 2016;94(4):804&#x2013;11. Epub 2016/02/18. doi: 10.4269/ajtmh.15-0534 ; PubMed Central PMCID: PMC4824222.</Citation><ArticleIdList><ArticleId IdType="doi">10.4269/ajtmh.15-0534</ArticleId><ArticleId IdType="pmc">PMC4824222</ArticleId><ArticleId IdType="pubmed">26880779</ArticleId></ArticleIdList></Reference><Reference><Citation>Hadinegoro SR, Arredondo-Garc&#xed;a JL, Capeding MR, Deseda C, Chotpitayasunondh T, Dietze R, et al.. Efficacy and long-term safety of a dengue vaccine in regions of endemic disease. New England Journal of Medicine. 2015;373(13):1195&#x2013;206. doi: 10.1056/NEJMoa1506223</Citation><ArticleIdList><ArticleId IdType="doi">10.1056/NEJMoa1506223</ArticleId><ArticleId IdType="pubmed">26214039</ArticleId></ArticleIdList></Reference><Reference><Citation>WHO. Dengue vaccine: WHO position paper, September 2018&#x2014;Recommendations. Vaccine. 2019;37(35):4848&#x2013;9. Epub 2018/11/15. doi: 10.1016/j.vaccine.2018.09.063 .</Citation><ArticleIdList><ArticleId IdType="doi">10.1016/j.vaccine.2018.09.063</ArticleId><ArticleId IdType="pubmed">30424888</ArticleId></ArticleIdList></Reference><Reference><Citation>Hsu JC, Hsieh CL, Lu CY. Trend and geographic analysis of the prevalence of dengue in Taiwan, 2010&#x2013;2015. Int J Infect Dis. 2017;54:43&#x2013;9. Epub 2016/11/21. doi: 10.1016/j.ijid.2016.11.008 .</Citation><ArticleIdList><ArticleId IdType="doi">10.1016/j.ijid.2016.11.008</ArticleId><ArticleId IdType="pubmed">27865829</ArticleId></ArticleIdList></Reference><Reference><Citation>Wang SF, Wang WH, Chang K, Chen YH, Tseng SP, Yen CH, et al.. Severe Dengue Fever Outbreak in Taiwan. Am J Trop Med Hyg. 2016;94(1):193&#x2013;7. Epub 2015/11/18. doi: 10.4269/ajtmh.15-0422 ; PubMed Central PMCID: PMC4710429.</Citation><ArticleIdList><ArticleId IdType="doi">10.4269/ajtmh.15-0422</ArticleId><ArticleId IdType="pmc">PMC4710429</ArticleId><ArticleId IdType="pubmed">26572871</ArticleId></ArticleIdList></Reference><Reference><Citation>TCDC. Guidelines for Dengue / Chikungunya Control (13E). 2020.</Citation></Reference><Reference><Citation>van den Berg H, Zaim M, Yadav RS, Soares A, Ameneshewa B, Mnzava A, et al.. Global trends in the use of insecticides to control vector-borne diseases. Environmental health perspectives. 2012;120(4):577&#x2013;82. doi: 10.1289/ehp.1104340</Citation><ArticleIdList><ArticleId IdType="doi">10.1289/ehp.1104340</ArticleId><ArticleId IdType="pmc">PMC3339467</ArticleId><ArticleId IdType="pubmed">22251458</ArticleId></ArticleIdList></Reference><Reference><Citation>Elliott M. Synthetic pyrethroids. ACS Publications; 1977.</Citation></Reference><Reference><Citation>Du Y, Nomura Y, Zhorov BS, Dong K. Sodium Channel Mutations and Pyrethroid Resistance in Aedes aegypti. Insects. 2016;7(4). Epub 2016/11/04. doi: 10.3390/insects7040060 ; PubMed Central PMCID: PMC5198208.</Citation><ArticleIdList><ArticleId IdType="doi">10.3390/insects7040060</ArticleId><ArticleId IdType="pmc">PMC5198208</ArticleId><ArticleId IdType="pubmed">27809228</ArticleId></ArticleIdList></Reference><Reference><Citation>Kasai S, Komagata O, Itokawa K, Shono T, Ng LC, Kobayashi M, et al.. Mechanisms of pyrethroid resistance in the dengue mosquito vector, Aedes aegypti: target site insensitivity, penetration, and metabolism. PLoS Negl Trop Dis. 2014;8(6):e2948. Epub 2014/06/20. doi: 10.1371/journal.pntd.0002948 ; PubMed Central PMCID: PMC4063723.</Citation><ArticleIdList><ArticleId IdType="doi">10.1371/journal.pntd.0002948</ArticleId><ArticleId IdType="pmc">PMC4063723</ArticleId><ArticleId IdType="pubmed">24945250</ArticleId></ArticleIdList></Reference><Reference><Citation>Wu HL YH; Pai HH; Hsu EL; Chang NT; Luo YP. Insecticide Resistance Status in Aedes aegypti (L.) from Southern Taiwan. Formosan Entomol. 2014;33:253&#x2013;70.</Citation></Reference><Reference><Citation>Wu HH, Lin YH, Pai HH, Hsu EL, Chang NT, Luo YP. Insecticide Resistance Status in Aedes aegypti (L.) Adults from Southern Taiwan. Formosan Entomol. 2013;33(3~4):253&#x2013;70. doi: 10.6661/TESFE.2013018</Citation><ArticleIdList><ArticleId IdType="doi">10.6661/TESFE.2013018</ArticleId></ArticleIdList></Reference><Reference><Citation>Smith LB, Kasai S, Scott JG. Pyrethroid resistance in Aedes aegypti and Aedes albopictus: Important mosquito vectors of human diseases. Pestic Biochem Physiol. 2016;133:1&#x2013;12. Epub 2016/10/16. doi: 10.1016/j.pestbp.2016.03.005 .</Citation><ArticleIdList><ArticleId IdType="doi">10.1016/j.pestbp.2016.03.005</ArticleId><ArticleId IdType="pubmed">27742355</ArticleId></ArticleIdList></Reference><Reference><Citation>Fan Y, O&#x2019;Grady P, Yoshimizu M, Ponlawat A, Kaufman PE, Scott JG. Evidence for both sequential mutations and recombination in the evolution of kdr alleles in Aedes aegypti. PLoS neglected tropical diseases. 2020;14(4):e0008154.</Citation><ArticleIdList><ArticleId IdType="pmc">PMC7164583</ArticleId><ArticleId IdType="pubmed">32302303</ArticleId></ArticleIdList></Reference><Reference><Citation>Zuharah WF, Sufian M. The discovery of a novel knockdown resistance (kdr) mutation A1007G on Aedes aegypti (Diptera: Culicidae) from Malaysia. Sci Rep. 2021;11(1):5180. Epub 2021/03/06. doi: 10.1038/s41598-021-84669-w ; PubMed Central PMCID: PMC7970850.</Citation><ArticleIdList><ArticleId IdType="doi">10.1038/s41598-021-84669-w</ArticleId><ArticleId IdType="pmc">PMC7970850</ArticleId><ArticleId IdType="pubmed">33664425</ArticleId></ArticleIdList></Reference><Reference><Citation>Itokawa K, Furutani S, Takaoka A, Maekawa Y, Sawabe K, Komagata O, et al.. A first, naturally occurring substitution at the second pyrethroid receptor of voltage-gated sodium channel of Aedes aegypti. Pest Management Science. 2021.</Citation><ArticleIdList><ArticleId IdType="pmc">PMC8247860</ArticleId><ArticleId IdType="pubmed">33559956</ArticleId></ArticleIdList></Reference><Reference><Citation>Kushwah RBS, Kaur T, Dykes CL, Ravi Kumar H, Kapoor N, Singh OP. A new knockdown resistance (kdr) mutation, F1534L, in the voltage-gated sodium channel of Aedes aegypti, co-occurring with F1534C, S989P and V1016G. Parasit Vectors. 2020;13(1):327. Epub 2020/07/01. doi: 10.1186/s13071-020-04201-3 ; PubMed Central PMCID: PMC7325290.</Citation><ArticleIdList><ArticleId IdType="doi">10.1186/s13071-020-04201-3</ArticleId><ArticleId IdType="pmc">PMC7325290</ArticleId><ArticleId IdType="pubmed">32600469</ArticleId></ArticleIdList></Reference><Reference><Citation>Du Y, Nomura Y, Satar G, Hu Z, Nauen R, He SY, et al.. Molecular evidence for dual pyrethroid-receptor sites on a mosquito sodium channel. Proc Natl Acad Sci U S A. 2013;110(29):11785&#x2013;90. Epub 2013/07/04. doi: 10.1073/pnas.1305118110 ; PubMed Central PMCID: PMC3718148.</Citation><ArticleIdList><ArticleId IdType="doi">10.1073/pnas.1305118110</ArticleId><ArticleId IdType="pmc">PMC3718148</ArticleId><ArticleId IdType="pubmed">23821746</ArticleId></ArticleIdList></Reference><Reference><Citation>Scott JG. Life and death at the voltage-sensitive sodium channel: evolution in response to insecticide use. Annual review of entomology. 2019;64:243&#x2013;57. doi: 10.1146/annurev-ento-011118-112420</Citation><ArticleIdList><ArticleId IdType="doi">10.1146/annurev-ento-011118-112420</ArticleId><ArticleId IdType="pubmed">30629893</ArticleId></ArticleIdList></Reference><Reference><Citation>Hirata K, Komagata O, Itokawa K, Yamamoto A, Tomita T, Kasai S. A single crossing-over event in voltage-sensitive Na+ channel genes may cause critical failure of dengue mosquito control by insecticides. PLoS Negl Trop Dis. 2014;8(8):e3085. Epub 2014/08/29. doi: 10.1371/journal.pntd.0003085 ; PubMed Central PMCID: PMC4148226.</Citation><ArticleIdList><ArticleId IdType="doi">10.1371/journal.pntd.0003085</ArticleId><ArticleId IdType="pmc">PMC4148226</ArticleId><ArticleId IdType="pubmed">25166902</ArticleId></ArticleIdList></Reference><Reference><Citation>Kawada H, Oo SZ, Thaung S, Kawashima E, Maung YN, Thu HM, et al.. Co-occurrence of point mutations in the voltage-gated sodium channel of pyrethroid-resistant Aedes aegypti populations in Myanmar. PLoS Negl Trop Dis. 2014;8(7):e3032. Epub 2014/08/01. doi: 10.1371/journal.pntd.0003032 ; PubMed Central PMCID: PMC4117438.</Citation><ArticleIdList><ArticleId IdType="doi">10.1371/journal.pntd.0003032</ArticleId><ArticleId IdType="pmc">PMC4117438</ArticleId><ArticleId IdType="pubmed">25077956</ArticleId></ArticleIdList></Reference><Reference><Citation>Chen M, Du Y, Wu S, Nomura Y, Zhu G, Zhorov BS, et al.. Molecular evidence of sequential evolution of DDT- and pyrethroid-resistant sodium channel in Aedes aegypti. PLoS Negl Trop Dis. 2019;13(6):e0007432. Epub 2019/06/04. doi: 10.1371/journal.pntd.0007432 ; PubMed Central PMCID: PMC6564045.</Citation><ArticleIdList><ArticleId IdType="doi">10.1371/journal.pntd.0007432</ArticleId><ArticleId IdType="pmc">PMC6564045</ArticleId><ArticleId IdType="pubmed">31158225</ArticleId></ArticleIdList></Reference><Reference><Citation>Kawada H, Higa Y, Komagata O, Kasai S, Tomita T, Thi Yen N, et al.. Widespread distribution of a newly found point mutation in voltage-gated sodium channel in pyrethroid-resistant Aedes aegypti populations in Vietnam. PLoS Negl Trop Dis. 2009;3(10):e527. Epub 2009/10/07. doi: 10.1371/journal.pntd.0000527 ; PubMed Central PMCID: PMC2754656.</Citation><ArticleIdList><ArticleId IdType="doi">10.1371/journal.pntd.0000527</ArticleId><ArticleId IdType="pmc">PMC2754656</ArticleId><ArticleId IdType="pubmed">19806205</ArticleId></ArticleIdList></Reference><Reference><Citation>Chang C, Shen WK, Wang TT, Lin YH, Hsu EL, Dai SM. A novel amino acid substitution in a voltage-gated sodium channel is associated with knockdown resistance to permethrin in Aedes aegypti. Insect Biochem Mol Biol. 2009;39(4):272&#x2013;8. Epub 2009/01/28. doi: 10.1016/j.ibmb.2009.01.001 .</Citation><ArticleIdList><ArticleId IdType="doi">10.1016/j.ibmb.2009.01.001</ArticleId><ArticleId IdType="pubmed">19171193</ArticleId></ArticleIdList></Reference><Reference><Citation>Chung HH, Cheng IC, Chen YC, Lin C, Tomita T, Teng HJ. Voltage-gated sodium channel intron polymorphism and four mutations comprise six haplotypes in an Aedes aegypti population in Taiwan. PLoS Negl Trop Dis. 2019;13(3):e0007291. Epub 2019/03/30. doi: 10.1371/journal.pntd.0007291 ; PubMed Central PMCID: PMC6457567.</Citation><ArticleIdList><ArticleId IdType="doi">10.1371/journal.pntd.0007291</ArticleId><ArticleId IdType="pmc">PMC6457567</ArticleId><ArticleId IdType="pubmed">30925149</ArticleId></ArticleIdList></Reference><Reference><Citation>WHO. Space spray application of insecticides for vector and public health pest control: a practitioner&#x2019;s guide. 2003.</Citation></Reference><Reference><Citation>WHO. Monitoring and managing insecticide resistance in Aedes mosquito populations: interim guidance for entomologists. 2016.</Citation></Reference><Reference><Citation>Hickey WA, Craig GB Jr. Genetic distortion of sex ratio in a mosquito, Aedes aegypti. Genetics. 1966;53(6):1177&#x2013;96. Epub 1966/06/01. doi: 10.1093/genetics/53.6.1177 ; PubMed Central PMCID: PMC1211089.</Citation><ArticleIdList><ArticleId IdType="doi">10.1093/genetics/53.6.1177</ArticleId><ArticleId IdType="pmc">PMC1211089</ArticleId><ArticleId IdType="pubmed">5958915</ArticleId></ArticleIdList></Reference><Reference><Citation>Saavedra-Rodriguez K, Strode C, Flores Suarez A, Fernandez Salas I, Ranson H, Hemingway J, et al.. Quantitative trait loci mapping of genome regions controlling permethrin resistance in the mosquito Aedes aegypti. Genetics. 2008;180(2):1137&#x2013;52. Epub 2008/08/30. doi: 10.1534/genetics.108.087924 ; PubMed Central PMCID: PMC2567363.</Citation><ArticleIdList><ArticleId IdType="doi">10.1534/genetics.108.087924</ArticleId><ArticleId IdType="pmc">PMC2567363</ArticleId><ArticleId IdType="pubmed">18723882</ArticleId></ArticleIdList></Reference><Reference><Citation>Kasai S, Ng LC, Lam-Phua SG, Tang CS, Itokawa K, Komagata O, et al.. First detection of a putative knockdown resistance gene in major mosquito vector, Aedes albopictus. Jpn J Infect Dis. 2011;64(3):217&#x2013;21. Epub 2011/05/28. .</Citation><ArticleIdList><ArticleId IdType="pubmed">21617306</ArticleId></ArticleIdList></Reference><Reference><Citation>Dong K, Du Y, Rinkevich F, Nomura Y, Xu P, Wang L, et al.. Molecular biology of insect sodium channels and pyrethroid resistance. Insect Biochem Mol Biol. 2014;50:1&#x2013;17. Epub 2014/04/08. doi: 10.1016/j.ibmb.2014.03.012 ; PubMed Central PMCID: PMC4484874.</Citation><ArticleIdList><ArticleId IdType="doi">10.1016/j.ibmb.2014.03.012</ArticleId><ArticleId IdType="pmc">PMC4484874</ArticleId><ArticleId IdType="pubmed">24704279</ArticleId></ArticleIdList></Reference><Reference><Citation>Smith LB, Kasai S, Scott JG. Voltage-sensitive sodium channel mutations S989P + V1016G in Aedes aegypti confer variable resistance to pyrethroids, DDT and oxadiazines. Pest Manag Sci. 2018;74(3):737&#x2013;45. Epub 2017/10/25. doi: 10.1002/ps.4771 ; PubMed Central PMCID: PMC5814875.</Citation><ArticleIdList><ArticleId IdType="doi">10.1002/ps.4771</ArticleId><ArticleId IdType="pmc">PMC5814875</ArticleId><ArticleId IdType="pubmed">29064635</ArticleId></ArticleIdList></Reference><Reference><Citation>Lin YH, Tsen WL, Tien NY, Luo YP. Biochemical and molecular analyses to determine pyrethroid resistance in Aedes aegypti. 2013.</Citation></Reference><Reference><Citation>Al Nazawi AM, Aqili J, Alzahrani M, McCall PJ, Weetman D. Combined target site (kdr) mutations play a primary role in highly pyrethroid resistant phenotypes of Aedes aegypti from Saudi Arabia. Parasit Vectors. 2017;10(1):161. Epub 2017/03/30. doi: 10.1186/s13071-017-2096-6 ; PubMed Central PMCID: PMC5368989.</Citation><ArticleIdList><ArticleId IdType="doi">10.1186/s13071-017-2096-6</ArticleId><ArticleId IdType="pmc">PMC5368989</ArticleId><ArticleId IdType="pubmed">28347352</ArticleId></ArticleIdList></Reference><Reference><Citation>Hamid PH, Prastowo J, Widyasari A, Taubert A, Hermosilla C. Knockdown resistance (kdr) of the voltage-gated sodium channel gene of Aedes aegypti population in Denpasar, Bali, Indonesia. Parasites &amp; vectors. 2017;10(1):283.</Citation><ArticleIdList><ArticleId IdType="pmc">PMC5460344</ArticleId><ArticleId IdType="pubmed">28583207</ArticleId></ArticleIdList></Reference><Reference><Citation>Brito LP, Carrara L, Freitas RMd, Lima JBP, Martins AJ. Levels of resistance to pyrethroid among distinct kdr alleles in Aedes aegypti laboratory lines and frequency of kdr alleles in 27 natural populations from Rio de Janeiro, Brazil. BioMed research international. 2018;2018.</Citation><ArticleIdList><ArticleId IdType="pmc">PMC6077680</ArticleId><ArticleId IdType="pubmed">30112367</ArticleId></ArticleIdList></Reference><Reference><Citation>Melo Costa M, Campos KB, Brito LP, Roux E, Melo Rodovalho C, Bellinato DF, et al.. Kdr genotyping in Aedes aegypti from Brazil on a nation-wide scale from 2017 to 2018. Sci Rep. 2020;10(1):13267. Epub 2020/08/09. doi: 10.1038/s41598-020-70029-7 ; PubMed Central PMCID: PMC7414026.</Citation><ArticleIdList><ArticleId IdType="doi">10.1038/s41598-020-70029-7</ArticleId><ArticleId IdType="pmc">PMC7414026</ArticleId><ArticleId IdType="pubmed">32764661</ArticleId></ArticleIdList></Reference><Reference><Citation>Estep AS, Sanscrainte ND, Waits CM, Bernard SJ, Lloyd AM, Lucas KJ, et al.. Quantification of permethrin resistance and kdr alleles in Florida strains of Aedes aegypti (L.) and Aedes albopictus (Skuse). PLoS Negl Trop Dis. 2018;12(10):e0006544. Epub 2018/10/26. doi: 10.1371/journal.pntd.0006544 ; PubMed Central PMCID: PMC6218098.</Citation><ArticleIdList><ArticleId IdType="doi">10.1371/journal.pntd.0006544</ArticleId><ArticleId IdType="pmc">PMC6218098</ArticleId><ArticleId IdType="pubmed">30356237</ArticleId></ArticleIdList></Reference><Reference><Citation>Plernsub S, Saingamsook J, Yanola J, Lumjuan N, Tippawangkosol P, Sukontason K, et al.. Additive effect of knockdown resistance mutations, S989P, V1016G and F1534C, in a heterozygous genotype conferring pyrethroid resistance in Aedes aegypti in Thailand. Parasit Vectors. 2016;9(1):417. Epub 2016/07/28. doi: 10.1186/s13071-016-1713-0 ; PubMed Central PMCID: PMC4962480.</Citation><ArticleIdList><ArticleId IdType="doi">10.1186/s13071-016-1713-0</ArticleId><ArticleId IdType="pmc">PMC4962480</ArticleId><ArticleId IdType="pubmed">27460671</ArticleId></ArticleIdList></Reference><Reference><Citation>Li CX, Kaufman PE, Xue RD, Zhao MH, Wang G, Yan T, et al.. Relationship between insecticide resistance and kdr mutations in the dengue vector Aedes aegypti in Southern China. Parasit Vectors. 2015;8:325. Epub 2015/06/13. doi: 10.1186/s13071-015-0933-z ; PubMed Central PMCID: PMC4475621.</Citation><ArticleIdList><ArticleId IdType="doi">10.1186/s13071-015-0933-z</ArticleId><ArticleId IdType="pmc">PMC4475621</ArticleId><ArticleId IdType="pubmed">26068925</ArticleId></ArticleIdList></Reference><Reference><Citation>Saavedra-Rodriguez K, Urdaneta-Marquez L, Rajatileka S, Moulton M, Flores AE, Fernandez-Salas I, et al.. A mutation in the voltage-gated sodium channel gene associated with pyrethroid resistance in Latin American Aedes aegypti. Insect Mol Biol. 2007;16(6):785&#x2013;98. doi: 10.1111/j.1365-2583.2007.00774.x .</Citation><ArticleIdList><ArticleId IdType="doi">10.1111/j.1365-2583.2007.00774.x</ArticleId><ArticleId IdType="pubmed">18093007</ArticleId></ArticleIdList></Reference><Reference><Citation>Yanola J, Somboon P, Walton C, Nachaiwieng W, Prapanthadara L-a. A novel F1552/C1552 point mutation in the Aedes aegypti voltage-gated sodium channel gene associated with permethrin resistance. Pesticide Biochemistry and Physiology. 2010;96(3):127&#x2013;31.</Citation></Reference><Reference><Citation>Moyes CL, Vontas J, Martins AJ, Ng LC, Koou SY, Dusfour I, et al.. Contemporary status of insecticide resistance in the major Aedes vectors of arboviruses infecting humans. PLoS neglected tropical diseases. 2017;11(7):e0005625. doi: 10.1371/journal.pntd.0005625</Citation><ArticleIdList><ArticleId IdType="doi">10.1371/journal.pntd.0005625</ArticleId><ArticleId IdType="pmc">PMC5518996</ArticleId><ArticleId IdType="pubmed">28727779</ArticleId></ArticleIdList></Reference><Reference><Citation>Ibanez-Justicia A, Gloria-Soria A, den Hartog W, Dik M, Jacobs F, Stroo A. The first detected airline introductions of yellow fever mosquitoes (Aedes aegypti) to Europe, at Schiphol International airport, the Netherlands. Parasit Vectors. 2017;10(1):603. Epub 2017/12/10. doi: 10.1186/s13071-017-2555-0 ; PubMed Central PMCID: PMC5723084.</Citation><ArticleIdList><ArticleId IdType="doi">10.1186/s13071-017-2555-0</ArticleId><ArticleId IdType="pmc">PMC5723084</ArticleId><ArticleId IdType="pubmed">29221490</ArticleId></ArticleIdList></Reference></ReferenceList></PubmedData></PubmedArticle></PubmedArticleSet>