<?xml version="1.0" ?>
<!DOCTYPE PubmedArticleSet PUBLIC "-//NLM//DTD PubMedArticle, 1st January 2023//EN" "https://dtd.nlm.nih.gov/ncbi/pubmed/out/pubmed_230101.dtd">
<PubmedArticleSet>
<PubmedArticle><MedlineCitation Status="MEDLINE" Owner="NLM" IndexingMethod="Automated"><PMID Version="1">36142546</PMID><DateCompleted><Year>2022</Year><Month>09</Month><Day>26</Day></DateCompleted><DateRevised><Year>2022</Year><Month>09</Month><Day>28</Day></DateRevised><Article PubModel="Electronic"><Journal><ISSN IssnType="Electronic">1422-0067</ISSN><JournalIssue CitedMedium="Internet"><Volume>23</Volume><Issue>18</Issue><PubDate><Year>2022</Year><Month>Sep</Month><Day>13</Day></PubDate></JournalIssue><Title>International journal of molecular sciences</Title><ISOAbbreviation>Int J Mol Sci</ISOAbbreviation></Journal><ArticleTitle>Green Synthesis of Endolichenic Fungi Functionalized Silver Nanoparticles: The Role in Antimicrobial, Anti-Cancer, and Mosquitocidal Activities.</ArticleTitle><ELocationID EIdType="pii" ValidYN="Y">10626</ELocationID><ELocationID EIdType="doi" ValidYN="Y">10.3390/ijms231810626</ELocationID><Abstract><AbstractText>Green nanotechnology is currently a very crucial and indispensable technology for handling diverse problems regarding the living planet. The concoction of reactive oxygen species (ROS) and biologically synthesized silver nanoparticles (AgNPs) has opened new insights in cancer therapy. The current investigation caters to the concept of the involvement of a novel eco-friendly avenue to produce AgNPs employing the wild endolichenic fungus <i>Talaromyces funiculosus.</i> The synthesized <i>Talaromyces funiculosus</i>-AgNPs were evaluated with the aid of UV visible spectroscopy, dynamic light scattering (DLS), Fourier infrared spectroscopy (ATR-FTIR), X-ray diffraction (XRD), scanning electron microscopy (SEM), and transmission electron microscopy (TEM). The synthesized <i>Talaromyces funiculosus</i>-AgNPs (<i>TF</i>-AgNPs) exhibited hemo-compatibility as evidenced by a hemolytic assay. Further, they were evaluated for their efficacy against foodborne pathogens <i>Staphylococcus aureus, Streptococcus faecalis</i>, <i>Listeria innocua</i>, and <i>Micrococcus luteus</i> and nosocomial <i>Pseudomonas aeruginosa, Escherichia coli, Vibrio cholerae,</i> and <i>Bacillus subtilis</i> bacterial strains. The synthesized <i>TF</i>-AgNPs displayed cytotoxicity in a dose-dependent manner against MDA-MB-231 breast carcinoma cells and eventually condensed the chromatin material observed through the Hoechst 33342 stain. Subsequent analysis using flow cytometry and fluorescence microscopy provided the inference of a possible role of intracellular ROS (OH<sup>-</sup>, O<sup>-</sup>, H<sub>2</sub>O<sub>2</sub>, and O<sub>2</sub><sup>-</sup>) radicals in the destruction of mitochondria, DNA machinery, the nucleus, and overall damage of the cellular machinery of breast cancerous cells. The combined effect of predation by the cyclopoid copepod <i>Mesocyclops aspericornis</i> and TF-AgNPS for the larval management of dengue vectors were provided. A promising larval control was evident after the conjunction of both predatory organisms and bio-fabricated nanoparticles. Thus, this study provides a novel, cost-effective, extracellular approach of <i>TF</i>-AgNPs production with hemo-compatible, antioxidant, and antimicrobial efficacy against both human and foodborne pathogens with cytotoxicity (dose dependent) towards MDA-MB-231 breast carcinoma.</AbstractText></Abstract><AuthorList CompleteYN="Y"><Author ValidYN="Y"><LastName>Mohanta</LastName><ForeName>Yugal Kishore</ForeName><Initials>YK</Initials><Identifier Source="ORCID">0000-0002-6547-7227</Identifier><AffiliationInfo><Affiliation>Department of Applied Biology, School of Biological Sciences, University of Science and Technology Meghalaya, Ri-Bhoi 793101, Meghalaya, India.</Affiliation></AffiliationInfo></Author><Author ValidYN="Y"><LastName>Nayak</LastName><ForeName>Debasis</ForeName><Initials>D</Initials><Identifier Source="ORCID">0000-0003-3333-1300</Identifier><AffiliationInfo><Affiliation>Department of Wildlife and Biodiversity Conservation, Maharaja Sriram Chandra Bhanj Deo University, Baripada 757003, Odisha, India.</Affiliation></AffiliationInfo></Author><Author ValidYN="Y"><LastName>Mishra</LastName><ForeName>Awdhesh Kumar</ForeName><Initials>AK</Initials><Identifier Source="ORCID">0000-0002-3312-3264</Identifier><AffiliationInfo><Affiliation>Department of Biotechnology, Yeungnam University, Gyeongsan 38541, Korea.</Affiliation></AffiliationInfo></Author><Author ValidYN="Y"><LastName>Chakrabartty</LastName><ForeName>Ishani</ForeName><Initials>I</Initials><Identifier Source="ORCID">0000-0003-0472-3540</Identifier><AffiliationInfo><Affiliation>Department of Applied Biology, School of Biological Sciences, University of Science and Technology Meghalaya, Ri-Bhoi 793101, Meghalaya, India.</Affiliation></AffiliationInfo></Author><Author ValidYN="Y"><LastName>Ray</LastName><ForeName>Manjit Kumar</ForeName><Initials>MK</Initials><Identifier Source="ORCID">0000-0003-3502-2931</Identifier><AffiliationInfo><Affiliation>Department of Applied Biology, School of Biological Sciences, University of Science and Technology Meghalaya, Ri-Bhoi 793101, Meghalaya, India.</Affiliation></AffiliationInfo></Author><Author ValidYN="Y"><LastName>Mohanta</LastName><ForeName>Tapan Kumar</ForeName><Initials>TK</Initials><Identifier Source="ORCID">0000-0002-3196-7746</Identifier><AffiliationInfo><Affiliation>Natural and Medical Sciences Research Centre, University of Nizwa, Nizwa 616, Oman.</Affiliation></AffiliationInfo></Author><Author ValidYN="Y"><LastName>Tayung</LastName><ForeName>Kumananda</ForeName><Initials>K</Initials><AffiliationInfo><Affiliation>Department of Botany, Gauhati University, Jalukbari, Guwahati 781014, Assam, India.</Affiliation></AffiliationInfo></Author><Author ValidYN="Y"><LastName>Rajaganesh</LastName><ForeName>Rajapandian</ForeName><Initials>R</Initials><Identifier Source="ORCID">0000-0002-7837-6361</Identifier><AffiliationInfo><Affiliation>Department of Zoology, Bharathiar University, Coimbatore 641046, Tamil Nadu, India.</Affiliation></AffiliationInfo></Author><Author ValidYN="Y"><LastName>Vasanthakumaran</LastName><ForeName>Murugan</ForeName><Initials>M</Initials><AffiliationInfo><Affiliation>Department of Zoology, Bharathiar University, Coimbatore 641046, Tamil Nadu, India.</Affiliation></AffiliationInfo></Author><Author ValidYN="Y"><LastName>Muthupandian</LastName><ForeName>Saravanan</ForeName><Initials>S</Initials><AffiliationInfo><Affiliation>AMR and Nanotherapeutics Laboratory, Department of Pharmacology, Saveetha Dental College, Saveetha Institute of Medical and Technical Sciences (SIMATS), Chennai 600077, Chennai, India.</Affiliation></AffiliationInfo></Author><Author ValidYN="Y"><LastName>Murugan</LastName><ForeName>Kadarkarai</ForeName><Initials>K</Initials><AffiliationInfo><Affiliation>Department of Zoology, Bharathiar University, Coimbatore 641046, Tamil Nadu, India.</Affiliation></AffiliationInfo></Author><Author ValidYN="Y"><LastName>Sharma</LastName><ForeName>Gouridutta</ForeName><Initials>G</Initials><AffiliationInfo><Affiliation>Department of Applied Biology, School of Biological Sciences, University of Science and Technology Meghalaya, Ri-Bhoi 793101, Meghalaya, India.</Affiliation></AffiliationInfo></Author><Author ValidYN="Y"><LastName>Dahms</LastName><ForeName>Hans-Uwe</ForeName><Initials>HU</Initials><Identifier Source="ORCID">0000-0002-0352-2715</Identifier><AffiliationInfo><Affiliation>Department of Biomedical Science and Environmental Biology, Kaohsiung Medical University (KMU), Kaohsiung 80708, Taiwan.</Affiliation></AffiliationInfo><AffiliationInfo><Affiliation>Department of Marine Biotechnology and Resources, National Sun Yat-sen University, Kaohsiung 80424, Taiwan.</Affiliation></AffiliationInfo><AffiliationInfo><Affiliation>Research Center for Environmental Medicine, Kaohsiung Medical University (KMU), Kaohsiung 80708, Taiwan.</Affiliation></AffiliationInfo></Author><Author ValidYN="Y"><LastName>Hwang</LastName><ForeName>Jiang-Shiou</ForeName><Initials>JS</Initials><Identifier Source="ORCID">0000-0003-4881-1163</Identifier><AffiliationInfo><Affiliation>Institute of Marine Biology, National Taiwan Ocean University, Keelung 20224, Taiwan.</Affiliation></AffiliationInfo><AffiliationInfo><Affiliation>Center of Excellence for Ocean Engineering, National Taiwan Ocean University, Keelung 20224, Taiwan.</Affiliation></AffiliationInfo><AffiliationInfo><Affiliation>Center of Excellence for the Oceans, National Taiwan Ocean University, Keelung 20224, Taiwan.</Affiliation></AffiliationInfo></Author></AuthorList><Language>eng</Language><GrantList CompleteYN="Y"><Grant><GrantID>MOST 107-2621-M-019-001, MOST 108-2621-M-019-003, MOST 109-2621-M-019-002, MOST 110-2621-M-019-001 and MOST 111-2621-M-019-001</GrantID><Agency>Ministry of Science and Technology of Taiwan</Agency><Country/></Grant><Grant><GrantID>109J13801-51, 110J13801-51, 111J13801-51</GrantID><Agency>Center of Excellence for Ocean Engineering, NTOU, Taiwan</Agency><Country/></Grant></GrantList><PublicationTypeList><PublicationType UI="D016428">Journal Article</PublicationType></PublicationTypeList><ArticleDate DateType="Electronic"><Year>2022</Year><Month>09</Month><Day>13</Day></ArticleDate></Article><MedlineJournalInfo><Country>Switzerland</Country><MedlineTA>Int J Mol Sci</MedlineTA><NlmUniqueID>101092791</NlmUniqueID><ISSNLinking>1422-0067</ISSNLinking></MedlineJournalInfo><ChemicalList><Chemical><RegistryNumber>0</RegistryNumber><NameOfSubstance UI="D000900">Anti-Bacterial Agents</NameOfSubstance></Chemical><Chemical><RegistryNumber>0</RegistryNumber><NameOfSubstance UI="D000890">Anti-Infective Agents</NameOfSubstance></Chemical><Chemical><RegistryNumber>0</RegistryNumber><NameOfSubstance UI="D000975">Antioxidants</NameOfSubstance></Chemical><Chemical><RegistryNumber>0</RegistryNumber><NameOfSubstance UI="D002843">Chromatin</NameOfSubstance></Chemical><Chemical><RegistryNumber>0</RegistryNumber><NameOfSubstance UI="D010936">Plant Extracts</NameOfSubstance></Chemical><Chemical><RegistryNumber>0</RegistryNumber><NameOfSubstance UI="D017382">Reactive Oxygen Species</NameOfSubstance></Chemical><Chemical><RegistryNumber>3M4G523W1G</RegistryNumber><NameOfSubstance UI="D012834">Silver</NameOfSubstance></Chemical><Chemical><RegistryNumber>BBX060AN9V</RegistryNumber><NameOfSubstance UI="D006861">Hydrogen Peroxide</NameOfSubstance></Chemical></ChemicalList><SupplMeshList><SupplMeshName Type="Organism" UI="C000678958">Talaromyces funiculosus</SupplMeshName></SupplMeshList><CitationSubset>IM</CitationSubset><MeshHeadingList><MeshHeading><DescriptorName UI="D000900" MajorTopicYN="N">Anti-Bacterial Agents</DescriptorName><QualifierName UI="Q000737" MajorTopicYN="N">chemistry</QualifierName><QualifierName UI="Q000494" MajorTopicYN="N">pharmacology</QualifierName></MeshHeading><MeshHeading><DescriptorName UI="D000890" MajorTopicYN="Y">Anti-Infective Agents</DescriptorName><QualifierName UI="Q000494" MajorTopicYN="N">pharmacology</QualifierName></MeshHeading><MeshHeading><DescriptorName UI="D000975" MajorTopicYN="N">Antioxidants</DescriptorName><QualifierName UI="Q000494" MajorTopicYN="N">pharmacology</QualifierName></MeshHeading><MeshHeading><DescriptorName UI="D001943" MajorTopicYN="Y">Breast Neoplasms</DescriptorName></MeshHeading><MeshHeading><DescriptorName UI="D002843" MajorTopicYN="N">Chromatin</DescriptorName></MeshHeading><MeshHeading><DescriptorName UI="D004926" MajorTopicYN="N">Escherichia coli</DescriptorName></MeshHeading><MeshHeading><DescriptorName UI="D005260" MajorTopicYN="N">Female</DescriptorName></MeshHeading><MeshHeading><DescriptorName UI="D006801" MajorTopicYN="N">Humans</DescriptorName></MeshHeading><MeshHeading><DescriptorName UI="D006861" MajorTopicYN="N">Hydrogen Peroxide</DescriptorName><QualifierName UI="Q000494" MajorTopicYN="N">pharmacology</QualifierName></MeshHeading><MeshHeading><DescriptorName UI="D053768" MajorTopicYN="Y">Metal Nanoparticles</DescriptorName><QualifierName UI="Q000737" MajorTopicYN="N">chemistry</QualifierName></MeshHeading><MeshHeading><DescriptorName UI="D008826" MajorTopicYN="N">Microbial Sensitivity Tests</DescriptorName></MeshHeading><MeshHeading><DescriptorName UI="D010936" MajorTopicYN="N">Plant Extracts</DescriptorName><QualifierName UI="Q000494" MajorTopicYN="N">pharmacology</QualifierName></MeshHeading><MeshHeading><DescriptorName UI="D017382" MajorTopicYN="N">Reactive Oxygen Species</DescriptorName><QualifierName UI="Q000494" MajorTopicYN="N">pharmacology</QualifierName></MeshHeading><MeshHeading><DescriptorName UI="D012834" MajorTopicYN="N">Silver</DescriptorName><QualifierName UI="Q000737" MajorTopicYN="N">chemistry</QualifierName><QualifierName UI="Q000494" MajorTopicYN="N">pharmacology</QualifierName></MeshHeading><MeshHeading><DescriptorName UI="D032901" MajorTopicYN="Y">Talaromyces</DescriptorName></MeshHeading></MeshHeadingList><KeywordList Owner="NOTNLM"><Keyword MajorTopicYN="N">Talaromyces funiculosus</Keyword><Keyword MajorTopicYN="N">anti-proliferative activity</Keyword><Keyword MajorTopicYN="N">antibacterial</Keyword><Keyword MajorTopicYN="N">antioxidant</Keyword><Keyword MajorTopicYN="N">biological mosquito control</Keyword><Keyword MajorTopicYN="N">endolichenic fungi</Keyword></KeywordList><CoiStatement>The authors declare no conflict of interest related to this manuscript.</CoiStatement></MedlineCitation><PubmedData><History><PubMedPubDate PubStatus="received"><Year>2022</Year><Month>7</Month><Day>21</Day></PubMedPubDate><PubMedPubDate PubStatus="revised"><Year>2022</Year><Month>9</Month><Day>1</Day></PubMedPubDate><PubMedPubDate PubStatus="accepted"><Year>2022</Year><Month>9</Month><Day>6</Day></PubMedPubDate><PubMedPubDate PubStatus="entrez"><Year>2022</Year><Month>9</Month><Day>23</Day><Hour>1</Hour><Minute>24</Minute></PubMedPubDate><PubMedPubDate PubStatus="pubmed"><Year>2022</Year><Month>9</Month><Day>24</Day><Hour>6</Hour><Minute>0</Minute></PubMedPubDate><PubMedPubDate PubStatus="medline"><Year>2022</Year><Month>9</Month><Day>28</Day><Hour>6</Hour><Minute>0</Minute></PubMedPubDate></History><PublicationStatus>epublish</PublicationStatus><ArticleIdList><ArticleId IdType="pubmed">36142546</ArticleId><ArticleId IdType="pmc">PMC9502095</ArticleId><ArticleId IdType="doi">10.3390/ijms231810626</ArticleId><ArticleId IdType="pii">ijms231810626</ArticleId></ArticleIdList><ReferenceList><Reference><Citation>Jeevanandam J., Barhoum A., Chan Y.S., Dufresne A., Danquah M.K. Review on Nanoparticles and Nanostructured Materials: History, Sources, Toxicity and Regulations. Beilstein J. Nanotechnol. 2018;9:1050&#x2013;1074. doi: 10.3762/bjnano.9.98.</Citation><ArticleIdList><ArticleId IdType="doi">10.3762/bjnano.9.98</ArticleId><ArticleId IdType="pmc">PMC5905289</ArticleId><ArticleId IdType="pubmed">29719757</ArticleId></ArticleIdList></Reference><Reference><Citation>Prasad A., Khatua A., Mohanta Y.K., Saravanan M., Meena R., Ghosh I. Low-Dose Exposure of Phytosynthesized Gold Nanoparticle Combined with Glutamine Deprivation Enhances Cell Death in Cancer Cell Line HeLa via Oxidative Stress-Mediated Mitochondrial Dysfunction and G0/G1 Cell Cycle Arrest. Nanoscale. 2022;14:10399&#x2013;10417. doi: 10.1039/D2NR02150A.</Citation><ArticleIdList><ArticleId IdType="doi">10.1039/D2NR02150A</ArticleId><ArticleId IdType="pubmed">35819245</ArticleId></ArticleIdList></Reference><Reference><Citation>Edelstein A.S., Cammarata R.C. Nanomaterials: Synthesis, Properties and Applications. IOP Publishing; Bristol, UK: 1996.</Citation></Reference><Reference><Citation>Patra J.K., Das G., Fraceto L.F., Campos E.V.R., Rodriguez-Torres M.D.P., Acosta-Torres L.S., Diaz-Torres L.A., Grillo R., Swamy M.K., Sharma S., et al. Nano Based Drug Delivery Systems: Recent Developments and Future Prospects. J. Nanobiotechnol. 2018;16:71. doi: 10.1186/s12951-018-0392-8.</Citation><ArticleIdList><ArticleId IdType="doi">10.1186/s12951-018-0392-8</ArticleId><ArticleId IdType="pmc">PMC6145203</ArticleId><ArticleId IdType="pubmed">30231877</ArticleId></ArticleIdList></Reference><Reference><Citation>Sastry M. Nanostructured Thin Films by Self-Assembly of Surface Modified Colloidal Particles. Curr. Sci. 2000;78:1089&#x2013;1097.</Citation></Reference><Reference><Citation>Philp D., Fraser Stoddart J. Self-Assembly in Natural and Unnatural Systems. Angew. Chem. (Int. Ed. Engl.) 1996;35:1154&#x2013;1196. doi: 10.1002/anie.199611541.</Citation><ArticleIdList><ArticleId IdType="doi">10.1002/anie.199611541</ArticleId></ArticleIdList></Reference><Reference><Citation>Dhanker R., Hussain T., Tyagi P., Singh K.J., Kamble S.S. The Emerging Trend of Bio-Engineering Approaches for Microbial Nanomaterial Synthesis and Its Applications. Front. Microbiol. 2021;12:638003. doi: 10.3389/fmicb.2021.638003.</Citation><ArticleIdList><ArticleId IdType="doi">10.3389/fmicb.2021.638003</ArticleId><ArticleId IdType="pmc">PMC8008120</ArticleId><ArticleId IdType="pubmed">33796089</ArticleId></ArticleIdList></Reference><Reference><Citation>Singh P., Pandit S., Mokkapati V.R.S.S., Garn&#xe6;s J., Mijakovic I. A Sustainable Approach for the Green Synthesis of Silver Nanoparticles from Solibacillus Isronensis sp. and Their Application in Biofilm Inhibition. Molecules. 2020;25:2783. doi: 10.3390/molecules25122783.</Citation><ArticleIdList><ArticleId IdType="doi">10.3390/molecules25122783</ArticleId><ArticleId IdType="pmc">PMC7355478</ArticleId><ArticleId IdType="pubmed">32560208</ArticleId></ArticleIdList></Reference><Reference><Citation>Zhang D., Ma X.L., Gu Y., Huang H., Zhang G.W. Green Synthesis of Metallic Nanoparticles and Their Potential Applications to Treat Cancer. Front. Chem. 2020;8:799. doi: 10.3389/fchem.2020.00799.</Citation><ArticleIdList><ArticleId IdType="doi">10.3389/fchem.2020.00799</ArticleId><ArticleId IdType="pmc">PMC7658653</ArticleId><ArticleId IdType="pubmed">33195027</ArticleId></ArticleIdList></Reference><Reference><Citation>Spring S., Schleifer K.-H. Diversity of Magnetotactic Bacteria. Syst. Appl. Microbiol. 1995;18:147&#x2013;153. doi: 10.1016/S0723-2020(11)80386-3.</Citation><ArticleIdList><ArticleId IdType="doi">10.1016/S0723-2020(11)80386-3</ArticleId></ArticleIdList></Reference><Reference><Citation>Oliver S., Kuperman A., Coombs N., Lough A., Ozin G.A. Lamellar Aluminophosphates with Surface Patterns That Mimic Diatom and Radiolarian Microskeletons. Nature. 1995;378:47&#x2013;50. doi: 10.1038/378047a0.</Citation><ArticleIdList><ArticleId IdType="doi">10.1038/378047a0</ArticleId></ArticleIdList></Reference><Reference><Citation>Pum D., Sleytr U.B. The Application of Bacterial S-Layers in Molecular Nanotechnology. Trends Biotechnol. 1999;17:8&#x2013;12. doi: 10.1016/S0167-7799(98)01221-9.</Citation><ArticleIdList><ArticleId IdType="doi">10.1016/S0167-7799(98)01221-9</ArticleId></ArticleIdList></Reference><Reference><Citation>Sleytr U.B., Messner P., Pum D., Sara M. Crystalline Bacterial Cell Surface Layers (s Layers): From Supramolecular Cell Structure to Biomimetics and Nanotechnology. Angew. Chem. Int. Ed. Engl. 1999;38:1034&#x2013;1054. doi: 10.1002/(SICI)1521-3773(19990419)38:8&lt;1034::AID-ANIE1034&gt;3.0.CO;2-#.</Citation><ArticleIdList><ArticleId IdType="doi">10.1002/(SICI)1521-3773(19990419)38:8&lt;1034::AID-ANIE1034&gt;3.0.CO;2-#</ArticleId><ArticleId IdType="pubmed">25138491</ArticleId></ArticleIdList></Reference><Reference><Citation>Stark J.F., Stones C. Constructing Representations of Germs in the Twentieth Century. Cult. Soc. Hist. 2019;16:287&#x2013;314. doi: 10.1080/14780038.2019.1585314.</Citation><ArticleIdList><ArticleId IdType="doi">10.1080/14780038.2019.1585314</ArticleId></ArticleIdList></Reference><Reference><Citation>Beceiro A., Tom&#xe1;s M., Bou G. Antimicrobial Resistance and Virulence: A Successful or Deleterious Association in the Bacterial World? Clin. Microbiol. Rev. 2013;26:185&#x2013;230. doi: 10.1128/CMR.00059-12.</Citation><ArticleIdList><ArticleId IdType="doi">10.1128/CMR.00059-12</ArticleId><ArticleId IdType="pmc">PMC3623377</ArticleId><ArticleId IdType="pubmed">23554414</ArticleId></ArticleIdList></Reference><Reference><Citation>Davies J., Davies D. Origins and Evolution of Antibiotic Resistance. Microbiol. Mol. Biol. Rev. 2010;74:417&#x2013;433. doi: 10.1128/MMBR.00016-10.</Citation><ArticleIdList><ArticleId IdType="doi">10.1128/MMBR.00016-10</ArticleId><ArticleId IdType="pmc">PMC2937522</ArticleId><ArticleId IdType="pubmed">20805405</ArticleId></ArticleIdList></Reference><Reference><Citation>Sultan I., Rahman S., Jan A.T., Siddiqui M.T., Mondal A.H., Haq Q.M.R. Antibiotics, Resistome and Resistance Mechanisms: A Bacterial Perspective. Front. Microbiol. 2018;9:2066. doi: 10.3389/fmicb.2018.02066.</Citation><ArticleIdList><ArticleId IdType="doi">10.3389/fmicb.2018.02066</ArticleId><ArticleId IdType="pmc">PMC6160567</ArticleId><ArticleId IdType="pubmed">30298054</ArticleId></ArticleIdList></Reference><Reference><Citation>Le O., Stellacci F. Antibacterial Activity of Silver Nanoparticles: A Surface Science Insight. Nano Today. 2015;10:339&#x2013;354. doi: 10.1016/j.nantod.2015.04.002.</Citation><ArticleIdList><ArticleId IdType="doi">10.1016/j.nantod.2015.04.002</ArticleId></ArticleIdList></Reference><Reference><Citation>Sung H., Ferlay J., Siegel R.L., Laversanne M., Soerjomataram I., Jemal A., Bray F. Global Cancer Statistics 2020: GLOBOCAN Estimates of Incidence and Mortality Worldwide for 36 Cancers in 185 Countries. CA. Cancer J. Clin. 2021;71:209&#x2013;249. doi: 10.3322/caac.21660.</Citation><ArticleIdList><ArticleId IdType="doi">10.3322/caac.21660</ArticleId><ArticleId IdType="pubmed">33538338</ArticleId></ArticleIdList></Reference><Reference><Citation>Biswas K., Mishra A.K., Rauta P.R., Al-sehemi A.G., Pannipara M., Sett A., Bratovcic A., Avula S.K., Mohanta T.K. Exploring the Bioactive Potentials of C 60 -AgNPs Nano-Composites against Malignancies and Microbial Infections. Int. J. Mol. Sci. 2022;23:714. doi: 10.3390/ijms23020714.</Citation><ArticleIdList><ArticleId IdType="doi">10.3390/ijms23020714</ArticleId><ArticleId IdType="pmc">PMC8776077</ArticleId><ArticleId IdType="pubmed">35054912</ArticleId></ArticleIdList></Reference><Reference><Citation>Khan F., Mishra A., Mishra S.K. Breast Cancer. Springer; Berlin/Heidelberg, Germany: 2022. Etiopathogenesis of Breast Cancer and Prevention; pp. 53&#x2013;69.</Citation></Reference><Reference><Citation>Pugazhendhi A., Edison T., Karuppusamy I., Kathirvel B. Inorganic Nanoparticles: A Potential Cancer Therapy for Human Welfare. Int. J. Pharm. 2018;539:104&#x2013;111. doi: 10.1016/j.ijpharm.2018.01.034.</Citation><ArticleIdList><ArticleId IdType="doi">10.1016/j.ijpharm.2018.01.034</ArticleId><ArticleId IdType="pubmed">29366941</ArticleId></ArticleIdList></Reference><Reference><Citation>Coccia M., Wang L. Path-Breaking Directions of Nanotechnology-Based Chemotherapy and Molecular Cancer Therapy. Technol. Forecast. Soc. Chang. 2015;94:155&#x2013;169. doi: 10.1016/j.techfore.2014.09.007.</Citation><ArticleIdList><ArticleId IdType="doi">10.1016/j.techfore.2014.09.007</ArticleId></ArticleIdList></Reference><Reference><Citation>Estanqueiro M., Amaral M., Conceicao J., Sousa L. Nanotechnological Carriers for Cancer Chemotherapy, The State of the Art. Colloids Surf B. 2015;126:631&#x2013;648. doi: 10.1016/j.colsurfb.2014.12.041.</Citation><ArticleIdList><ArticleId IdType="doi">10.1016/j.colsurfb.2014.12.041</ArticleId><ArticleId IdType="pubmed">25591851</ArticleId></ArticleIdList></Reference><Reference><Citation>Santoni M., Massari F., Del Re M. Investigational Therapies Targeting Signal Transducer and Activator of Transcription 3 for the Treatment of Cancer. Expert Opin. Investig. Drugs. 2015;24:809&#x2013;824. doi: 10.1517/13543784.2015.1020370.</Citation><ArticleIdList><ArticleId IdType="doi">10.1517/13543784.2015.1020370</ArticleId><ArticleId IdType="pubmed">25746129</ArticleId></ArticleIdList></Reference><Reference><Citation>Wang C., Makila E.M., Kaasalainen M., Hagstr&#xf6;m M.V., Salonen J.J., Hirvonen J.T., Santos H.A. Dual-Drug Delivery by Porous Silicon Nanoparticles for Improved Cellular Uptake., Sustained Release., and Combination Therapy. Acta Biomater. 2015;16:206&#x2013;214. doi: 10.1016/j.actbio.2015.01.021.</Citation><ArticleIdList><ArticleId IdType="doi">10.1016/j.actbio.2015.01.021</ArticleId><ArticleId IdType="pubmed">25637067</ArticleId></ArticleIdList></Reference><Reference><Citation>Devanesan S., AlSalhi M., Vishnubalaji R. Rapid Biological Synthesis of Silver Nanoparticles Using Plant Seed Extracts and Their Cytotoxicity on Colorectal Cancer Cell Lines. J. Clust Sci. 2017;28:595&#x2013;605. doi: 10.1007/s10876-016-1134-4.</Citation><ArticleIdList><ArticleId IdType="doi">10.1007/s10876-016-1134-4</ArticleId></ArticleIdList></Reference><Reference><Citation>Nakkala J.R., Mata R., Sadras S.R. Green Synthesized Nano Silver: Synthesis, Physicochemical Profiling, Antibacterial, Anticancer Activities and Biological in Vivo Toxicity. J. Colloid Interface Sci. 2017;499:33&#x2013;45. doi: 10.1016/j.jcis.2017.03.090.</Citation><ArticleIdList><ArticleId IdType="doi">10.1016/j.jcis.2017.03.090</ArticleId><ArticleId IdType="pubmed">28363102</ArticleId></ArticleIdList></Reference><Reference><Citation>Preetha D., Prachi K., Chirom A. Synthesis and Characterization of Silver Nanoparticles Using Cannonball Leaves and Their Cytotoxic Activity against MCF-7 Cell Line. J. Nanotechnol. 2013;2:421&#x2013;428.</Citation></Reference><Reference><Citation>Nayak D., Pradhan S., Ashe S., Rauta P.R., Nayak B. Biologically Synthesised Silver Nanoparticles from Three Diverse Family of Plant Extracts and Their Anticancer Activity against Epidermoid A431 Carcinoma. J. Colloid Interface Sci. 2015;457:329&#x2013;338. doi: 10.1016/j.jcis.2015.07.012.</Citation><ArticleIdList><ArticleId IdType="doi">10.1016/j.jcis.2015.07.012</ArticleId><ArticleId IdType="pubmed">26196716</ArticleId></ArticleIdList></Reference><Reference><Citation>B&#xe9;rdy J. Bioactive Microbial Metabolites. J. Antibiot. 2005;58:1&#x2013;26. doi: 10.1038/ja.2005.1.</Citation><ArticleIdList><ArticleId IdType="doi">10.1038/ja.2005.1</ArticleId><ArticleId IdType="pubmed">15813176</ArticleId></ArticleIdList></Reference><Reference><Citation>Ahluwalia V., Kumar J., Sisodia R., Shakil N.A., Walia S. Green Synthesis of Silver Nanoparticles by Trichoderma Harzianum and Their Bioefficacy Evaluation against Staphylococcus Aureus and Klebsiella Pneumonia. Ind. Crop. Prod. 2014;55:202&#x2013;206. doi: 10.1016/j.indcrop.2014.01.026.</Citation><ArticleIdList><ArticleId IdType="doi">10.1016/j.indcrop.2014.01.026</ArticleId></ArticleIdList></Reference><Reference><Citation>Azmath P., Baker S., Rakshith D., Satish S. Mycosynthesis of Silver Nanoparticles Bearing Antibacterial Activity. Saudi Pharm. J. 2016;24:140&#x2013;146. doi: 10.1016/j.jsps.2015.01.008.</Citation><ArticleIdList><ArticleId IdType="doi">10.1016/j.jsps.2015.01.008</ArticleId><ArticleId IdType="pmc">PMC4792906</ArticleId><ArticleId IdType="pubmed">27013906</ArticleId></ArticleIdList></Reference><Reference><Citation>Vahabi K., Mansoori G.A., Karimi S. Biosynthesis of Silver Nanoparticles by Fungus Trichoderma Reesei. Insci. J. 2011;1:65&#x2013;79. doi: 10.5640/insc.010165.</Citation><ArticleIdList><ArticleId IdType="doi">10.5640/insc.010165</ArticleId></ArticleIdList></Reference><Reference><Citation>Alghuthaymi M.A., Almoammar H., Rai M., Said- E., Abd-elsalam K.A., Alghuthaymi M.A., Almoammar H., Rai M. Myconanoparticles: Synthesis and Their Role in Phytopathogens Management. Biotechnol. Biotechnol. Equip. 2015;29:221&#x2013;236. doi: 10.1080/13102818.2015.1008194.</Citation><ArticleIdList><ArticleId IdType="doi">10.1080/13102818.2015.1008194</ArticleId><ArticleId IdType="pmc">PMC4433920</ArticleId><ArticleId IdType="pubmed">26019636</ArticleId></ArticleIdList></Reference><Reference><Citation>Sabri M.A., Umer A., Awan G.H., Hassan M.F., Hasnain A. Selection of Suitable Biological Method for the Synthesis of Silver Nanoparticles. Nanomater. Nanotechnol. 2016;6:29. doi: 10.5772/62644.</Citation><ArticleIdList><ArticleId IdType="doi">10.5772/62644</ArticleId></ArticleIdList></Reference><Reference><Citation>Costa Silva L.P., Oliveira J.P., Keijok W.J., Silva A.R., Aguiar A.R., Guimar&#xe3;es M.C.C., Ferraz C.M., Ara&#xfa;jo J.V., Tobias F.L., Braga F.R. Extracellular Biosynthesis of Silver Nanoparticles Using the Cell-Free Filtrate of Nematophagus Fungus Duddingtonia flagans. Int. J. Nanomed. 2017;12:6373&#x2013;6381. doi: 10.2147/IJN.S137703.</Citation><ArticleIdList><ArticleId IdType="doi">10.2147/IJN.S137703</ArticleId><ArticleId IdType="pmc">PMC5587170</ArticleId><ArticleId IdType="pubmed">28919741</ArticleId></ArticleIdList></Reference><Reference><Citation>Ashrafi S.J., Rastegar M.F., Ashrafi M., Yazdian F., Pourrahim R., Suresh A.K. Influence of External Factors on the Production and Morphology of Biogenic Silver Nanocrystallites. J. Nanosci. Nanotechnol. 2013;13:2295&#x2013;2301. doi: 10.1166/jnn.2013.6791.</Citation><ArticleIdList><ArticleId IdType="doi">10.1166/jnn.2013.6791</ArticleId><ArticleId IdType="pubmed">23755682</ArticleId></ArticleIdList></Reference><Reference><Citation>Yahyaei B., Pourali P. One Step Conjugation of Some Chemotherapeutic Drugs to the Biologically Produced Gold Nanoparticles and Assessment of Their Anticancer Effects. Sci. Rep. 2019;9:10242. doi: 10.1038/s41598-019-46602-0.</Citation><ArticleIdList><ArticleId IdType="doi">10.1038/s41598-019-46602-0</ArticleId><ArticleId IdType="pmc">PMC6629879</ArticleId><ArticleId IdType="pubmed">31308430</ArticleId></ArticleIdList></Reference><Reference><Citation>Benelli G., Lo Iacono A., Canale A., Mehlhorn H. Mosquito Vectors and the Spread of Cancer: An Overlooked Connection? Parasitol. Res. 2016;115:2131&#x2013;2137. doi: 10.1007/s00436-016-5037-y.</Citation><ArticleIdList><ArticleId IdType="doi">10.1007/s00436-016-5037-y</ArticleId><ArticleId IdType="pubmed">27053131</ArticleId></ArticleIdList></Reference><Reference><Citation>Almaary K.S., Sayed S.R.M., Abd-Elkader O.H., Dawoud T.M., El Orabi N.F., Elgorban A.M. Complete Green Synthesis of Silver-Nanoparticles Applying Seed-Borne Penicillium duclauxii. Saudi J. Biol. Sci. 2020;27:1333&#x2013;1339. doi: 10.1016/j.sjbs.2019.12.022.</Citation><ArticleIdList><ArticleId IdType="doi">10.1016/j.sjbs.2019.12.022</ArticleId><ArticleId IdType="pmc">PMC7182998</ArticleId><ArticleId IdType="pubmed">32346343</ArticleId></ArticleIdList></Reference><Reference><Citation>Benelli G. Research in Mosquito Control: Current Challenges for a Brighter Future. Parasitol. Res. 2015;114:2801&#x2013;2805. doi: 10.1007/s00436-015-4586-9.</Citation><ArticleIdList><ArticleId IdType="doi">10.1007/s00436-015-4586-9</ArticleId><ArticleId IdType="pubmed">26093499</ArticleId></ArticleIdList></Reference><Reference><Citation>Mohanta Y.K., Nayak D., Biswas K., Singdevsachan S.K., Abd_Allah E.F., Hashem A., Alqarawi A.A., Yadav D., Mohanta T.K. Silver Nanoparticles Synthesized Using Wild Mushroom Show Potential Antimicrobial Activities against Food Borne Pathogens. Molecules. 2018;23:655. doi: 10.3390/molecules23030655.</Citation><ArticleIdList><ArticleId IdType="doi">10.3390/molecules23030655</ArticleId><ArticleId IdType="pmc">PMC6017452</ArticleId><ArticleId IdType="pubmed">29538308</ArticleId></ArticleIdList></Reference><Reference><Citation>Nayak D., Ashe S., Rauta P.R., Kumari M., Nayak B. Bark Extract Mediated Green Synthesis of Silver Nanoparticles: Evaluation of Antimicrobial Activity and Antiproliferative Response against Osteosarcoma. Mater. Sci. Eng. C. 2016;58:44&#x2013;52. doi: 10.1016/j.msec.2015.08.022.</Citation><ArticleIdList><ArticleId IdType="doi">10.1016/j.msec.2015.08.022</ArticleId><ArticleId IdType="pubmed">26478285</ArticleId></ArticleIdList></Reference><Reference><Citation>Smitha S.L., Nissamudeen K.M., Philip D., Gopchandran K.G. Studies on Surface Plasmon Resonance and Photoluminescence of Silver Nanoparticles. Spectrochim. Acta-Part A Mol. Biomol. Spectrosc. 2008;71:186&#x2013;190. doi: 10.1016/j.saa.2007.12.002.</Citation><ArticleIdList><ArticleId IdType="doi">10.1016/j.saa.2007.12.002</ArticleId><ArticleId IdType="pubmed">18222106</ArticleId></ArticleIdList></Reference><Reference><Citation>Guilger-Casagrande M., Lima R. de Synthesis of Silver Nanoparticles Mediated by Fungi: A Review. Front. Bioeng. Biotechnol. 2019;7:287. doi: 10.3389/fbioe.2019.00287.</Citation><ArticleIdList><ArticleId IdType="doi">10.3389/fbioe.2019.00287</ArticleId><ArticleId IdType="pmc">PMC6818604</ArticleId><ArticleId IdType="pubmed">31696113</ArticleId></ArticleIdList></Reference><Reference><Citation>Elamawi R.M., Al-harbi R.E., Hendi A.A. Biosynthesis and Characterization of Silver Nanoparticles Using Trichoderma Longibrachiatum and Their Effect on Phytopathogenic Fungi. Egypt. J. Biol. Pest Control. 2018;28:28. doi: 10.1186/s41938-018-0028-1.</Citation><ArticleIdList><ArticleId IdType="doi">10.1186/s41938-018-0028-1</ArticleId></ArticleIdList></Reference><Reference><Citation>Bhainsa K.C., D&#x2019;Souza S.F. Extracellular Biosynthesis of Silver Nanoparticles Using the Fungus Aspergillus Fumigatus. Colloids Surf. B Biointerfaces. 2006;47:160&#x2013;164. doi: 10.1016/j.colsurfb.2005.11.026.</Citation><ArticleIdList><ArticleId IdType="doi">10.1016/j.colsurfb.2005.11.026</ArticleId><ArticleId IdType="pubmed">16420977</ArticleId></ArticleIdList></Reference><Reference><Citation>Dur&#xe1;n N., Marcato P.D., Alves O.L., De Souza G.I.H., Esposito E. Mechanistic Aspects of Biosynthesis of Silver Nanoparticles by Several Fusarium Oxysporum Strains. J. Nanobiotechnology. 2005;3:8&#x2013;14. doi: 10.1186/1477-3155-3-8.</Citation><ArticleIdList><ArticleId IdType="doi">10.1186/1477-3155-3-8</ArticleId><ArticleId IdType="pmc">PMC1180851</ArticleId><ArticleId IdType="pubmed">16014167</ArticleId></ArticleIdList></Reference><Reference><Citation>Sanghi R., Verma P. Biomimetic Synthesis and Characterisation of Protein Capped Silver Nanoparticles. Bioresour. Technol. 2009;100:501&#x2013;504. doi: 10.1016/j.biortech.2008.05.048.</Citation><ArticleIdList><ArticleId IdType="doi">10.1016/j.biortech.2008.05.048</ArticleId><ArticleId IdType="pubmed">18625550</ArticleId></ArticleIdList></Reference><Reference><Citation>Erjaee H., Rajaian H., Nazifi S. Proceedings of the Advances in Natural Sciences: Nanoscience and Nanotechnology. Volume 8 IOP Publishing; Bristol, UK: 2017. Synthesis and Characterization of Novel Silver Nanoparticles Using Chamaemelum nobile Extract for Antibacterial Application.</Citation></Reference><Reference><Citation>Li G., He D., Qian Y., Guan B., Gao S., Cui Y., Yokoyama K., Wang L. Fungus-Mediated Green Synthesis of Silver Nanoparticles Using Aspergillus terreus. Int. J. Mol. Sci. 2012;13:466&#x2013;476. doi: 10.3390/ijms13010466.</Citation><ArticleIdList><ArticleId IdType="doi">10.3390/ijms13010466</ArticleId><ArticleId IdType="pmc">PMC3269698</ArticleId><ArticleId IdType="pubmed">22312264</ArticleId></ArticleIdList></Reference><Reference><Citation>Mourdikoudis S., Pallares R.M., Thanh N.T.K. Characterization Techniques for Nanoparticles: Comparison and Complementarity upon Studying Nanoparticle Properties. Nanoscale. 2018;10:12871&#x2013;12934. doi: 10.1039/C8NR02278J.</Citation><ArticleIdList><ArticleId IdType="doi">10.1039/C8NR02278J</ArticleId><ArticleId IdType="pubmed">29926865</ArticleId></ArticleIdList></Reference><Reference><Citation>Vigneshwaran N., Ashtaputre N.M., Varadarajan P.V., Nachane R.P., Paralikar K.M., Balasubramanya R.H. Biological Synthesis of Silver Nanoparticles Using the Fungus Aspergillus Flavus. Mater. Lett. 2007;61:1413&#x2013;1418. doi: 10.1016/j.matlet.2006.07.042.</Citation><ArticleIdList><ArticleId IdType="doi">10.1016/j.matlet.2006.07.042</ArticleId></ArticleIdList></Reference><Reference><Citation>Padhi S., Masi M., Cimmino A., Tuzi A., Jena S., Tayung K., Evidente A. Funiculosone, a Substituted Dihydroxanthene-1,9-Dione with Two of Its Analogues Produced by an Endolichenic Fungus Talaromyces funiculosus and Their Antimicrobial Activity. Phytochemistry. 2019;157:175&#x2013;183. doi: 10.1016/j.phytochem.2018.10.031.</Citation><ArticleIdList><ArticleId IdType="doi">10.1016/j.phytochem.2018.10.031</ArticleId><ArticleId IdType="pubmed">30419411</ArticleId></ArticleIdList></Reference><Reference><Citation>Guo J., Ran H., Zeng J., Liu D., Xin Z. Tafuketide, a Phylogeny-Guided Discovery of a New Polyketide from Talaromyces funiculosus Salicorn 58. Appl. Microbiol. Biotechnol. 2016;100:5323&#x2013;5338. doi: 10.1007/s00253-016-7311-4.</Citation><ArticleIdList><ArticleId IdType="doi">10.1007/s00253-016-7311-4</ArticleId><ArticleId IdType="pubmed">26810200</ArticleId></ArticleIdList></Reference><Reference><Citation>Nayak D., Ashe S., Rauta P.R., Nayak B. Biosynthesis, Characterisation and Antimicrobial Activity of Silver Nanoparticles Using Hibiscus Rosa-Sinensis Petals Extracts. Nanobiotechnology IET. 2015;9:288&#x2013;293. doi: 10.1049/iet-nbt.2014.0047.</Citation><ArticleIdList><ArticleId IdType="doi">10.1049/iet-nbt.2014.0047</ArticleId><ArticleId IdType="pubmed">26435282</ArticleId></ArticleIdList></Reference><Reference><Citation>Wernicki A., Puchalski A., Urban-Chmiel R., Dec M., Stegierska D., Dudzic A., W&#xf3;jcik A. Antimicrobial Properties of Gold, Silver, Copper and Platinum against Selected Microorganisms Isolated from Cases of Mastitis in Cattle. Med. Weter. 2014;70:4.</Citation></Reference><Reference><Citation>Wang D., Xue B., Wang L., Zhang Y., Liu L., Zhou Y. Fungus-Mediated Green Synthesis of Nano-Silver Using Aspergillus Sydowii and Its Antifungal/Antiproliferative Activities. Sci. Rep. 2021;11:10356. doi: 10.1038/s41598-021-89854-5.</Citation><ArticleIdList><ArticleId IdType="doi">10.1038/s41598-021-89854-5</ArticleId><ArticleId IdType="pmc">PMC8121924</ArticleId><ArticleId IdType="pubmed">33990673</ArticleId></ArticleIdList></Reference><Reference><Citation>Echavarr&#xed;a J.O., Echavarr&#xed;a J.O. Synthesis of Silver Nanoparticles Using White-Rot Fungus Anamorphous Bjerkandera sp. R1: Influence of Silver Nitrate Concentration and Fungus Growth Time. Sci. Rep. 2021;11:3842. doi: 10.1038/s41598-021-82514-8.</Citation><ArticleIdList><ArticleId IdType="doi">10.1038/s41598-021-82514-8</ArticleId><ArticleId IdType="pmc">PMC7884706</ArticleId><ArticleId IdType="pubmed">33589657</ArticleId></ArticleIdList></Reference><Reference><Citation>Gonz&#xe1;lez-Palma I., Escalona-Buend&#xed;a H.B., Ponce-Alquicira E., T&#xe9;llez-T&#xe9;llez M., Gupta V.K., D&#xed;az-God&#xed;nez G., Soriano-Santos J. Evaluation of the Antioxidant Activity of Aqueous and Methanol Extracts of Pleurotus ostreatus in Different Growth Stages. Front. Microbiol. 2016;7:1099. doi: 10.3389/fmicb.2016.01099.</Citation><ArticleIdList><ArticleId IdType="doi">10.3389/fmicb.2016.01099</ArticleId><ArticleId IdType="pmc">PMC4940407</ArticleId><ArticleId IdType="pubmed">27462314</ArticleId></ArticleIdList></Reference><Reference><Citation>Keshari A.K., Srivastava R., Singh P., Yadav V.B., Nath G. Antioxidant and Antibacterial Activity of Silver Nanoparticles Synthesized by Cestrum nocturnum. J. Ayurveda Integr. Med. 2020;11:37&#x2013;44. doi: 10.1016/j.jaim.2017.11.003.</Citation><ArticleIdList><ArticleId IdType="doi">10.1016/j.jaim.2017.11.003</ArticleId><ArticleId IdType="pmc">PMC7125370</ArticleId><ArticleId IdType="pubmed">30120058</ArticleId></ArticleIdList></Reference><Reference><Citation>Akintola A.O., Kehinde B.D., Ayoola P.B., Adewoyin A.G., Adedosu O.T., Ajayi J.F., Ogunsona S.B. Proceedings of the IOP Conference Series: Materials Science and Engineering. Volume 805 IOP Publishing; Bristol, UK: 2020. Antioxidant Properties of Silver Nanoparticles Biosynthesized from Methanolic Leaf Extract of Blighia sapida.</Citation></Reference><Reference><Citation>Nayak D., Minz A.P., Ashe S., Rauta P.R., Kumari M., Chopra P., Nayak B. Synergistic Combination of Antioxidants, Silver Nanoparticles and Chitosan in a Nanoparticle Based Formulation: Characterization and Cytotoxic Effect on MCF-7 Breast Cancer Cell Lines. J. Colloid Interface Sci. 2016;470:142&#x2013;152. doi: 10.1016/j.jcis.2016.02.043.</Citation><ArticleIdList><ArticleId IdType="doi">10.1016/j.jcis.2016.02.043</ArticleId><ArticleId IdType="pubmed">26939078</ArticleId></ArticleIdList></Reference><Reference><Citation>Sarika P.R., Anil Kumar P.R., Raj D.K., James N.R. Nanogels Based on Alginic Aldehyde and Gelatin by Inverse Miniemulsion Technique: Synthesis and Characterization. Carbohydr. Polym. 2015;119:118&#x2013;125. doi: 10.1016/j.carbpol.2014.11.037.</Citation><ArticleIdList><ArticleId IdType="doi">10.1016/j.carbpol.2014.11.037</ArticleId><ArticleId IdType="pubmed">25563951</ArticleId></ArticleIdList></Reference><Reference><Citation>Vargas F.D.S., De Almeida P.D.O., Aranha E.S.P., Boleti A.P.D.A., Newton P., De Vasconcellos M.C., Veiga V.F., Lima E.S. Biological Activities and Cytotoxicity of Diterpenes from Copaifera spp. Oleoresins. Molecules. 2015;20:6194&#x2013;6210. doi: 10.3390/molecules20046194.</Citation><ArticleIdList><ArticleId IdType="doi">10.3390/molecules20046194</ArticleId><ArticleId IdType="pmc">PMC6272497</ArticleId><ArticleId IdType="pubmed">25859778</ArticleId></ArticleIdList></Reference><Reference><Citation>Chakrabartty I., Vijayasekhar A., Rangan L. Therapeutic Potential of Labdane Diterpene Isolated from Alpinia nigra: Detailed Hemato- Compatibility and Antimicrobial Studies. Nat. Prod. Res. 2019;35:1000&#x2013;1004. doi: 10.1080/14786419.2019.1610756.</Citation><ArticleIdList><ArticleId IdType="doi">10.1080/14786419.2019.1610756</ArticleId><ArticleId IdType="pubmed">31135189</ArticleId></ArticleIdList></Reference><Reference><Citation>Nayak A.P., Green B.J., Beezhold D.H. Fungal Hemolysins. Med. Mycol. 2013;51:1&#x2013;16. doi: 10.3109/13693786.2012.698025.</Citation><ArticleIdList><ArticleId IdType="doi">10.3109/13693786.2012.698025</ArticleId><ArticleId IdType="pmc">PMC4663657</ArticleId><ArticleId IdType="pubmed">22769586</ArticleId></ArticleIdList></Reference><Reference><Citation>Kaveemongkonrat S., Duangsonk K., Houbraken J., Suwannaphong P., Vanittanakom N., Mekaprateep M. Partial Characteristics of Hemolytic Factors Secreted from Airborne Aspergillus and Penicillium, and an Enhancement of Hemolysis by Aspergillus Micronesiensis CAMP-like Factor via Staphylococcus Aureus-Sphingomyelinase. J. Microbiol. 2019;57:1086&#x2013;1094. doi: 10.1007/s12275-019-9133-4.</Citation><ArticleIdList><ArticleId IdType="doi">10.1007/s12275-019-9133-4</ArticleId><ArticleId IdType="pubmed">31680218</ArticleId></ArticleIdList></Reference><Reference><Citation>Nayak D., Kumari M., Rajachandar S., Ashe S., Thathapudi N.C., Nayak B. Biofilm Impeding AgNPs Target Skin Carcinoma by Inducing Mitochondrial Membrane Depolarization Mediated through ROS Production. ACS Appl. Mater. Interfaces. 2016;8:28538&#x2013;28553. doi: 10.1021/acsami.6b11391.</Citation><ArticleIdList><ArticleId IdType="doi">10.1021/acsami.6b11391</ArticleId><ArticleId IdType="pubmed">27715004</ArticleId></ArticleIdList></Reference><Reference><Citation>Khan M., Khan M.S.A., Borah K.K., Goswami Y., Hakeem K.R., Chakrabartty I. The Potential Exposure and Hazards of Metal-Based Nanoparticles on Plants and Environment, with Special Emphasis on ZnO NPs, TiO2 NPs, and AgNPs: A Review. Environ. Adv. 2021;6:100128. doi: 10.1016/j.envadv.2021.100128.</Citation><ArticleIdList><ArticleId IdType="doi">10.1016/j.envadv.2021.100128</ArticleId></ArticleIdList></Reference><Reference><Citation>Khorrami S., Zarrabi A., Kaleghi M., Danaei M., Mozafari M. Selective Cytotoxicity of Green Synthesized Silver Nanoparticles against the MCF-7 Tumor Cell Line and Their Enhanced Antioxidant and Antimicrobial Properties. Int. J. Nanomed. 2018;13:8013&#x2013;8024. doi: 10.2147/IJN.S189295.</Citation><ArticleIdList><ArticleId IdType="doi">10.2147/IJN.S189295</ArticleId><ArticleId IdType="pmc">PMC6267361</ArticleId><ArticleId IdType="pubmed">30568442</ArticleId></ArticleIdList></Reference><Reference><Citation>Pannerselvam B., Thiyagarajan D., Pazhani A., Thangavelu K.P., Kim H.J., Rangarajulu S.K. Copperpod Plant Synthesized AgNPs Enhance Cytotoxic and Apoptotic Effect in Cancer Cell Lines. Processes. 2021;9:888. doi: 10.3390/pr9050888.</Citation><ArticleIdList><ArticleId IdType="doi">10.3390/pr9050888</ArticleId></ArticleIdList></Reference><Reference><Citation>Nayak D., Thathapudi N.C., Ashe S., Nayak B. Bioengineered Ethosomes Encapsulating AgNPs and Tasar Silk Sericin Proteins for Non Melanoma Skin Carcinoma (NMSC) as an Alternative Therapeutics. Int. J. Pharm. 2021;596:120265. doi: 10.1016/j.ijpharm.2021.120265.</Citation><ArticleIdList><ArticleId IdType="doi">10.1016/j.ijpharm.2021.120265</ArticleId><ArticleId IdType="pubmed">33486031</ArticleId></ArticleIdList></Reference><Reference><Citation>Gurunathan S., Park J.H., Han J.W., Kim J. Comparative Assessment of the Apoptotic Potential of Silver Nanoparticles Synthesized by Bacillus Tequilensis and Calocybe Indica in MDA-MB-231 Human Breast Cancer Cells: Targeting P53 for Anticancer Therapy. Int. J. Nanomed. 2015;10:4203&#x2013;4223. doi: 10.2147/IJN.S83953.</Citation><ArticleIdList><ArticleId IdType="doi">10.2147/IJN.S83953</ArticleId><ArticleId IdType="pmc">PMC4494182</ArticleId><ArticleId IdType="pubmed">26170659</ArticleId></ArticleIdList></Reference><Reference><Citation>Canaparo R., Foglietta F., Limongi T., Serpe L. Biomedical Applications of Reactive Oxygen Species Generation by Metal Nanoparticles. Materials. 2021;14:53. doi: 10.3390/ma14010053.</Citation><ArticleIdList><ArticleId IdType="doi">10.3390/ma14010053</ArticleId><ArticleId IdType="pmc">PMC7795539</ArticleId><ArticleId IdType="pubmed">33374476</ArticleId></ArticleIdList></Reference><Reference><Citation>Kar S., Sengupta D., Deb M., Shilpi A., Parbin S., Rath S.K., Pradhan N., Rakshit M., Patra S.K. Expression Profiling of DNA Methylation-Mediated Epigenetic Gene-Silencing Factors in Breast Cancer. Clin. Epigenetics. 2014;6:1. doi: 10.1186/1868-7083-6-20.</Citation><ArticleIdList><ArticleId IdType="doi">10.1186/1868-7083-6-20</ArticleId><ArticleId IdType="pmc">PMC4255691</ArticleId><ArticleId IdType="pubmed">25478034</ArticleId></ArticleIdList></Reference><Reference><Citation>Murugan K., Benelli G., Panneerselvam C., Subramaniam J., Jeyalalitha T., Dinesh D., Nicoletti M., Hwang J.-S., Suresh U., Madhiyazhagan P. Cymbopogon Citratus-Synthesized Gold Nanoparticles Boost the Predation Efficiency of Copepod Mesocyclops Aspericornis against Malaria and Dengue Mosquitoes. Exp. Parasitol. 2015;153:129&#x2013;138. doi: 10.1016/j.exppara.2015.03.017.</Citation><ArticleIdList><ArticleId IdType="doi">10.1016/j.exppara.2015.03.017</ArticleId><ArticleId IdType="pubmed">25819295</ArticleId></ArticleIdList></Reference><Reference><Citation>Ali B.M., Boothapandi M., Sultan Nasar A. Nitric Oxide, DPPH and Hydrogen Peroxide Radical Scavenging Activity of TEMPO Terminated Polyurethane Dendrimers: Data Supporting Antioxidant Activity of Radical Dendrimers. Data Br. 2020;28:104972. doi: 10.1016/j.dib.2019.104972.</Citation><ArticleIdList><ArticleId IdType="doi">10.1016/j.dib.2019.104972</ArticleId><ArticleId IdType="pmc">PMC6933143</ArticleId><ArticleId IdType="pubmed">31890810</ArticleId></ArticleIdList></Reference><Reference><Citation>Sengupta D., Deb M., Rath S.K., Kar S., Parbin S., Pradhan N., Patra S.K. DNA Methylation and Not H3K4 Trimethylation Dictates the Expression Status of MiR-152 Gene Which Inhibits Migration of Breast Cancer Cells via DNMT1/CDH1 Loop. Exp. Cell Res. 2016;346:176&#x2013;187. doi: 10.1016/j.yexcr.2016.07.023.</Citation><ArticleIdList><ArticleId IdType="doi">10.1016/j.yexcr.2016.07.023</ArticleId><ArticleId IdType="pubmed">27475839</ArticleId></ArticleIdList></Reference><Reference><Citation>Mohanta Y.K., Mishra A.K., Nayak D., Patra B., Bratovcic A., Avula S.K., Mohanta T.K., Murugan K., Saravanan M. Exploring Dose-Dependent Cytotoxicity Profile of Gracilaria Edulis- Mediated Green Synthesized Silver Nanoparticles against MDA-MB-231 Breast Carcinoma. Oxidative Med. Cell. Longev. 2022;2022 doi: 10.1155/2022/3863138.</Citation><ArticleIdList><ArticleId IdType="doi">10.1155/2022/3863138</ArticleId><ArticleId IdType="pmc">PMC8894014</ArticleId><ArticleId IdType="pubmed">35251470</ArticleId></ArticleIdList></Reference><Reference><Citation>Chen S.-K., Hsu C.-H., Tsai M.-L., Chen R.-H., Drummen G.P.C. Inhibition of Oxidative Stress by Low-Molecular-Weight Polysaccharides with Various Functional Groups in Skin Fibroblasts. Int. J. Mol. Sci. 2013;14:19399&#x2013;19415. doi: 10.3390/ijms141019399.</Citation><ArticleIdList><ArticleId IdType="doi">10.3390/ijms141019399</ArticleId><ArticleId IdType="pmc">PMC3821563</ArticleId><ArticleId IdType="pubmed">24071940</ArticleId></ArticleIdList></Reference></ReferenceList></PubmedData></PubmedArticle></PubmedArticleSet>