<?xml version="1.0" ?>
<!DOCTYPE PubmedArticleSet PUBLIC "-//NLM//DTD PubMedArticle, 1st January 2023//EN" "https://dtd.nlm.nih.gov/ncbi/pubmed/out/pubmed_230101.dtd">
<PubmedArticleSet>
<PubmedArticle><MedlineCitation Status="PubMed-not-MEDLINE" Owner="NLM"><PMID Version="1">36185458</PMID><DateRevised><Year>2022</Year><Month>10</Month><Day>04</Day></DateRevised><Article PubModel="Electronic-eCollection"><Journal><ISSN IssnType="Print">2296-4185</ISSN><JournalIssue CitedMedium="Print"><Volume>10</Volume><PubDate><Year>2022</Year></PubDate></JournalIssue><Title>Frontiers in bioengineering and biotechnology</Title><ISOAbbreviation>Front Bioeng Biotechnol</ISOAbbreviation></Journal><ArticleTitle>Quantitative detection of dengue serotypes using a smartphone-connected handheld lab-on-chip platform.</ArticleTitle><Pagination><StartPage>892853</StartPage><MedlinePgn>892853</MedlinePgn></Pagination><ELocationID EIdType="pii" ValidYN="Y">892853</ELocationID><ELocationID EIdType="doi" ValidYN="Y">10.3389/fbioe.2022.892853</ELocationID><Abstract><AbstractText>Dengue is one of the most prevalent infectious diseases in the world. Rapid, accurate and scalable diagnostics are key to patient management and epidemiological surveillance of the dengue virus (DENV), however current technologies do not match required clinical sensitivity and specificity or rely on large laboratory equipment. In this work, we report the translation of our smartphone-connected handheld Lab-on-Chip (LoC) platform for the quantitative detection of two dengue serotypes. At its core, the approach relies on the combination of Complementary Metal-Oxide-Semiconductor (CMOS) microchip technology to integrate an array of 78 &#xd7; 56 potentiometric sensors, and a label-free reverse-transcriptase loop mediated isothermal amplification (RT-LAMP) assay. The platform communicates to a smartphone app which synchronises results in real time with a secure cloud server hosted by Amazon Web Services (AWS) for epidemiological surveillance. The assay on our LoC platform (RT-eLAMP) was shown to match performance on a gold-standard fluorescence-based real-time instrument (RT-qLAMP) with synthetic DENV-1 and DENV-2 RNA and extracted RNA from 9 DENV-2 clinical isolates, achieving quantitative detection in under 15&#xa0;min. To validate the portability of the platform and the geo-tagging capabilities, we led our study in the laboratories at Imperial College London, UK, and Kaohsiung Medical Hospital, Taiwan. This approach carries high potential for application in low resource settings at the point of care (PoC).</AbstractText><CopyrightInformation>Copyright &#xa9; 2022 Moser, Yu, Rodriguez Manzano, Malpartida-Cardenas, Au, Arkell, Cicatiello, Moniri, Miglietta, Wang, Wang, Holmes, Chen and Georgiou.</CopyrightInformation></Abstract><AuthorList CompleteYN="Y"><Author ValidYN="Y"><LastName>Moser</LastName><ForeName>Nicolas</ForeName><Initials>N</Initials><AffiliationInfo><Affiliation>Centre for Bio-Inspired Technology, Department of Electrical and Electronic Engineering, Faculty of Engineering, Imperial College London, London, United Kingdom.</Affiliation></AffiliationInfo></Author><Author ValidYN="Y"><LastName>Yu</LastName><ForeName>Ling-Shan</ForeName><Initials>LS</Initials><AffiliationInfo><Affiliation>Institute of Biopharmaceutical Sciences, College of Medicine, National Sun Yat-Sen University, Kaohsiung, Taiwan.</Affiliation></AffiliationInfo></Author><Author ValidYN="Y"><LastName>Rodriguez Manzano</LastName><ForeName>Jesus</ForeName><Initials>J</Initials><AffiliationInfo><Affiliation>Centre for Bio-Inspired Technology, Department of Electrical and Electronic Engineering, Faculty of Engineering, Imperial College London, London, United Kingdom.</Affiliation></AffiliationInfo><AffiliationInfo><Affiliation>Department of Infectious Disease, Faculty of Medicine, Imperial College London, London, United Kingdom.</Affiliation></AffiliationInfo></Author><Author ValidYN="Y"><LastName>Malpartida-Cardenas</LastName><ForeName>Kenny</ForeName><Initials>K</Initials><AffiliationInfo><Affiliation>Centre for Bio-Inspired Technology, Department of Electrical and Electronic Engineering, Faculty of Engineering, Imperial College London, London, United Kingdom.</Affiliation></AffiliationInfo></Author><Author ValidYN="Y"><LastName>Au</LastName><ForeName>Anselm</ForeName><Initials>A</Initials><AffiliationInfo><Affiliation>Centre for Bio-Inspired Technology, Department of Electrical and Electronic Engineering, Faculty of Engineering, Imperial College London, London, United Kingdom.</Affiliation></AffiliationInfo></Author><Author ValidYN="Y"><LastName>Arkell</LastName><ForeName>Paul</ForeName><Initials>P</Initials><AffiliationInfo><Affiliation>Department of Infectious Disease, Faculty of Medicine, Imperial College London, London, United Kingdom.</Affiliation></AffiliationInfo></Author><Author ValidYN="Y"><LastName>Cicatiello</LastName><ForeName>Chiara</ForeName><Initials>C</Initials><AffiliationInfo><Affiliation>Centre for Bio-Inspired Technology, Department of Electrical and Electronic Engineering, Faculty of Engineering, Imperial College London, London, United Kingdom.</Affiliation></AffiliationInfo></Author><Author ValidYN="Y"><LastName>Moniri</LastName><ForeName>Ahmad</ForeName><Initials>A</Initials><AffiliationInfo><Affiliation>Centre for Bio-Inspired Technology, Department of Electrical and Electronic Engineering, Faculty of Engineering, Imperial College London, London, United Kingdom.</Affiliation></AffiliationInfo></Author><Author ValidYN="Y"><LastName>Miglietta</LastName><ForeName>Luca</ForeName><Initials>L</Initials><AffiliationInfo><Affiliation>Centre for Bio-Inspired Technology, Department of Electrical and Electronic Engineering, Faculty of Engineering, Imperial College London, London, United Kingdom.</Affiliation></AffiliationInfo><AffiliationInfo><Affiliation>Department of Infectious Disease, Faculty of Medicine, Imperial College London, London, United Kingdom.</Affiliation></AffiliationInfo></Author><Author ValidYN="Y"><LastName>Wang</LastName><ForeName>Wen-Hung</ForeName><Initials>WH</Initials><AffiliationInfo><Affiliation>School of Medicine, College of Medicine, National Sun Yat-sen University, Kaohsiung, Taiwan.</Affiliation></AffiliationInfo><AffiliationInfo><Affiliation>Center for Tropical Medicine and Infectious Disease, Kaohsiung Medical University, Kaohsiung, Taiwan.</Affiliation></AffiliationInfo><AffiliationInfo><Affiliation>Department of Medical Laboratory Science and Biotechnology, Kaohsiung Medical University, Kaohsiung, Taiwan.</Affiliation></AffiliationInfo></Author><Author ValidYN="Y"><LastName>Wang</LastName><ForeName>Sheng Fan</ForeName><Initials>SF</Initials><AffiliationInfo><Affiliation>Center for Tropical Medicine and Infectious Disease, Kaohsiung Medical University, Kaohsiung, Taiwan.</Affiliation></AffiliationInfo><AffiliationInfo><Affiliation>Department of Medical Laboratory Science and Biotechnology, Kaohsiung Medical University, Kaohsiung, Taiwan.</Affiliation></AffiliationInfo></Author><Author ValidYN="Y"><LastName>Holmes</LastName><ForeName>Alison</ForeName><Initials>A</Initials><AffiliationInfo><Affiliation>Department of Infectious Disease, Faculty of Medicine, Imperial College London, London, United Kingdom.</Affiliation></AffiliationInfo><AffiliationInfo><Affiliation>Institute of Systems, Molecular and Integrative Biology, University of Liverpool, Liverpool, United Kingdom.</Affiliation></AffiliationInfo></Author><Author ValidYN="Y"><LastName>Chen</LastName><ForeName>Yen-Hsu</ForeName><Initials>YH</Initials><AffiliationInfo><Affiliation>School of Medicine, College of Medicine, National Sun Yat-sen University, Kaohsiung, Taiwan.</Affiliation></AffiliationInfo><AffiliationInfo><Affiliation>Center for Tropical Medicine and Infectious Disease, Kaohsiung Medical University, Kaohsiung, Taiwan.</Affiliation></AffiliationInfo><AffiliationInfo><Affiliation>Department of Medical Laboratory Science and Biotechnology, Kaohsiung Medical University, Kaohsiung, Taiwan.</Affiliation></AffiliationInfo></Author><Author ValidYN="Y"><LastName>Georgiou</LastName><ForeName>Pantelis</ForeName><Initials>P</Initials><AffiliationInfo><Affiliation>Centre for Bio-Inspired Technology, Department of Electrical and Electronic Engineering, Faculty of Engineering, Imperial College London, London, United Kingdom.</Affiliation></AffiliationInfo></Author></AuthorList><Language>eng</Language><PublicationTypeList><PublicationType UI="D016428">Journal Article</PublicationType></PublicationTypeList><ArticleDate DateType="Electronic"><Year>2022</Year><Month>09</Month><Day>15</Day></ArticleDate></Article><MedlineJournalInfo><Country>Switzerland</Country><MedlineTA>Front Bioeng Biotechnol</MedlineTA><NlmUniqueID>101632513</NlmUniqueID><ISSNLinking>2296-4185</ISSNLinking></MedlineJournalInfo><KeywordList Owner="NOTNLM"><Keyword MajorTopicYN="N">dengue</Keyword><Keyword MajorTopicYN="N">diagnostics</Keyword><Keyword MajorTopicYN="N">digital diagnostics</Keyword><Keyword MajorTopicYN="N">lab-on-chip</Keyword><Keyword MajorTopicYN="N">molecular assay</Keyword><Keyword MajorTopicYN="N">nucleic acid</Keyword><Keyword MajorTopicYN="N">point-of-care</Keyword><Keyword MajorTopicYN="N">surveillance</Keyword></KeywordList><CoiStatement>The authors declare that the research was conducted in the absence of any commercial or financial relationships that could be construed as a potential conflict of interest.</CoiStatement></MedlineCitation><PubmedData><History><PubMedPubDate PubStatus="received"><Year>2022</Year><Month>3</Month><Day>9</Day></PubMedPubDate><PubMedPubDate PubStatus="accepted"><Year>2022</Year><Month>7</Month><Day>19</Day></PubMedPubDate><PubMedPubDate PubStatus="entrez"><Year>2022</Year><Month>10</Month><Day>3</Day><Hour>4</Hour><Minute>19</Minute></PubMedPubDate><PubMedPubDate PubStatus="pubmed"><Year>2022</Year><Month>10</Month><Day>4</Day><Hour>6</Hour><Minute>0</Minute></PubMedPubDate><PubMedPubDate PubStatus="medline"><Year>2022</Year><Month>10</Month><Day>4</Day><Hour>6</Hour><Minute>1</Minute></PubMedPubDate></History><PublicationStatus>epublish</PublicationStatus><ArticleIdList><ArticleId IdType="pubmed">36185458</ArticleId><ArticleId IdType="pmc">PMC9521504</ArticleId><ArticleId IdType="doi">10.3389/fbioe.2022.892853</ArticleId><ArticleId IdType="pii">892853</ArticleId></ArticleIdList><ReferenceList><Reference><Citation>Ariffin E. Y., Tan L. L., Nurul N. H., Heng L. Y. (2018). Optical DNA biosensor based on square-planar ethyl piperidine substituted nickel(II) salphen complex for dengue virus detection. Sensors 18, 1173. 10.3390/S18041173</Citation><ArticleIdList><ArticleId IdType="doi">10.3390/S18041173</ArticleId><ArticleId IdType="pmc">PMC5948868</ArticleId><ArticleId IdType="pubmed">29649118</ArticleId></ArticleIdList></Reference><Reference><Citation>Bausells J., Carrabina J., Errachid A., Merlos A. (1999). Ion-sensitive field-effect transistors fabricated in a commercial CMOS technology. Sensors Actuators B Chem. 57, 56&#x2013;62. 10.1016/S0925-4005(99)00135-5</Citation><ArticleIdList><ArticleId IdType="doi">10.1016/S0925-4005(99)00135-5</ArticleId></ArticleIdList></Reference><Reference><Citation>Bergveld P. (2003). Thirty years of ISFETOLOGY : What happened in the past 30 years and what may happen in the next 30 years. Sensors Actuators B Chem. 88, 1&#x2013;20. 10.1016/S0925-4005(02)00301-5</Citation><ArticleIdList><ArticleId IdType="doi">10.1016/S0925-4005(02)00301-5</ArticleId></ArticleIdList></Reference><Reference><Citation>Cecchetto J., Carvalho F. C., Santos A., Fernandes F. C., Bueno P. R. (2015). An impedimetric biosensor to test neat serum for dengue diagnosis. Sensors Actuators B Chem. 213, 150&#x2013;154. 10.1016/J.SNB.2015.02.068</Citation><ArticleIdList><ArticleId IdType="doi">10.1016/J.SNB.2015.02.068</ArticleId></ArticleIdList></Reference><Reference><Citation>Chen S. H., Chuang Y. C., Lu Y. C., Lin H. C., Yang Y. L., Lin C. S. (2009). A method of layer-by-layer gold nanoparticle hybridization in a quartz crystal microbalance DNA sensing system used to detect dengue virus. Nanotechnology 20, 215501. 10.1088/0957-4484/20/21/215501</Citation><ArticleIdList><ArticleId IdType="doi">10.1088/0957-4484/20/21/215501</ArticleId><ArticleId IdType="pubmed">19423930</ArticleId></ArticleIdList></Reference><Reference><Citation>Chen W., Yu H., Sun F., Ornob A., Brisbin R., Ganguli A., et al. (2017). Mobile platform for multiplexed detection and differentiation of disease-specific nucleic acid sequences, using microfluidic loop-mediated isothermal amplification and smartphone detection. Anal. Chem. 89, 11219&#x2013;11226. 10.1021/acs.analchem.7b02478</Citation><ArticleIdList><ArticleId IdType="doi">10.1021/acs.analchem.7b02478</ArticleId><ArticleId IdType="pubmed">28819973</ArticleId></ArticleIdList></Reference><Reference><Citation>Chowdhury A. D., Ganganboina A. B., Nasrin F., Takemura K., Doong R. A., Utomo D. I. S., et al. (2018). Femtomolar detection of dengue virus DNA with serotype identification ability. Anal. Chem. 90, 12464&#x2013;12474. 10.1021/acs.analchem.8b01802</Citation><ArticleIdList><ArticleId IdType="doi">10.1021/acs.analchem.8b01802</ArticleId><ArticleId IdType="pubmed">30264994</ArticleId></ArticleIdList></Reference><Reference><Citation>Darwish N. T., Alrawi A. H., Sekaran S. D., Alias Y., Khor S. M. (2015). Electrochemical immunosensor based on antibody-nanoparticle hybrid for specific detection of the dengue virus NS1 biomarker. J. Electrochem. Soc. 163, B19&#x2013;B25. 10.1149/2.0471603jes</Citation><ArticleIdList><ArticleId IdType="doi">10.1149/2.0471603jes</ArticleId></ArticleIdList></Reference><Reference><Citation>Darwish N. T., Sekaran S. D., Khor S. M. (2018). Point-of-care tests: A review of advances in the emerging diagnostic tools for dengue virus infection. Sensors Actuators B Chem. 255, 3316&#x2013;3331. 10.1016/J.SNB.2017.09.159</Citation><ArticleIdList><ArticleId IdType="doi">10.1016/J.SNB.2017.09.159</ArticleId></ArticleIdList></Reference><Reference><Citation>Fleming K. A., Horton S., Wilson M. L., Atun R., DeStigter K., Flanigan J., et al. (2021). The Lancet commission on diagnostics: Transforming access to diagnostics. Lancet 398, 1997&#x2013;2050. 10.1016/S0140-6736(21)00673-5</Citation><ArticleIdList><ArticleId IdType="doi">10.1016/S0140-6736(21)00673-5</ArticleId><ArticleId IdType="pmc">PMC8494468</ArticleId><ArticleId IdType="pubmed">34626542</ArticleId></ArticleIdList></Reference><Reference><Citation>Georgiou P., Toumazou C. (2009). ISFET characteristics in CMOS and their application to weak inversion operation. Sensors Actuators B Chem. 143, 211&#x2013;217. 10.1016/j.snb.2009.09.018</Citation><ArticleIdList><ArticleId IdType="doi">10.1016/j.snb.2009.09.018</ArticleId></ArticleIdList></Reference><Reference><Citation>Goral V. N., Zaytseva N. V., Baeumner A. J. (2006). Electrochemical microfluidic biosensor for the detection of nucleic acid sequences. Lab. Chip 6, 414&#x2013;421. 10.1039/b513239h</Citation><ArticleIdList><ArticleId IdType="doi">10.1039/b513239h</ArticleId><ArticleId IdType="pubmed">16511625</ArticleId></ArticleIdList></Reference><Reference><Citation>Guo L., Jiao L., Li L., Wang Q., Liu G., Du H., et al. (2013). Enhanced desorption properties of LiBH4 incorporated into mesoporous TiO2. Int. J. Hydrogen Energy 38, 162&#x2013;168. 10.1016/j.ijhydene.2012.10.038</Citation><ArticleIdList><ArticleId IdType="doi">10.1016/j.ijhydene.2012.10.038</ArticleId></ArticleIdList></Reference><Reference><Citation>Guzman M. G., Gubler D. J., Izquierdo A., Martinez E., Halstead S. B. (2016). Dengue infection. Nat. Rev. Dis. Prim. 2, 16055. 10.1038/nrdp.2016.55</Citation><ArticleIdList><ArticleId IdType="doi">10.1038/nrdp.2016.55</ArticleId><ArticleId IdType="pubmed">27534439</ArticleId></ArticleIdList></Reference><Reference><Citation>Hayden E. C. (2014). Technology: The $1, 000 genome. Nature 507, 294&#x2013;295. 10.1038/507294a</Citation><ArticleIdList><ArticleId IdType="doi">10.1038/507294a</ArticleId><ArticleId IdType="pubmed">24646979</ArticleId></ArticleIdList></Reference><Reference><Citation>Hu S.-F., Li M., Zhong L.-l., Lu S.-M., Liu Z.-X., Pu J.-Y., et al. (2015). Development of reverse-transcription loop-mediated isothermal amplification assay for rapid detection and differentiation of dengue virus serotypes 1&#x2013;4. BMC Microbiol. 15, 265. 10.1186/s12866-015-0595-1</Citation><ArticleIdList><ArticleId IdType="doi">10.1186/s12866-015-0595-1</ArticleId><ArticleId IdType="pmc">PMC4647581</ArticleId><ArticleId IdType="pubmed">26572227</ArticleId></ArticleIdList></Reference><Reference><Citation>Jamasb S., Collins S. D., Smith R. L. (1998). A physical model for threshold voltage instability in Si/sub 3/N/sub 4/-gate H/sup +/-sensitive FET&#x2019;s (pH ISFET&#x2019;s). IEEE Trans. Electron Devices 45, 1239&#x2013;1245. 10.1109/16.678525</Citation><ArticleIdList><ArticleId IdType="doi">10.1109/16.678525</ArticleId></ArticleIdList></Reference><Reference><Citation>Jin S. A., Poudyal S., Marinero E. E., Kuhn R. J., Stanciu L. A. (2016). Impedimetric dengue biosensor based on functionalized graphene oxide wrapped silica particles. Electrochimica Acta 194, 422&#x2013;430. 10.1016/j.electacta.2016.02.116</Citation><ArticleIdList><ArticleId IdType="doi">10.1016/j.electacta.2016.02.116</ArticleId></ArticleIdList></Reference><Reference><Citation>Katzelnick L. C., Coloma J., Harris E. (2017). Dengue: Knowledge gaps, unmet needs, and research priorities. Lancet Infect. Dis. 17, e88&#x2013;e100. 10.1016/S1473-3099(16)30473-X</Citation><ArticleIdList><ArticleId IdType="doi">10.1016/S1473-3099(16)30473-X</ArticleId><ArticleId IdType="pmc">PMC5967882</ArticleId><ArticleId IdType="pubmed">28185868</ArticleId></ArticleIdList></Reference><Reference><Citation>Kurbanoglu S., Dogan-Topal B., Rodriguez E. P., Bozal-Palabiyik B., Ozkan S. A., Uslu B. (2016). Advances in electrochemical DNA biosensors and their interaction mechanism with pharmaceuticals. J. Electroanal. Chem. 775, 8&#x2013;26. 10.1016/j.jelechem.2016.05.022</Citation><ArticleIdList><ArticleId IdType="doi">10.1016/j.jelechem.2016.05.022</ArticleId></ArticleIdList></Reference><Reference><Citation>Lau Y. L., Lai M. Y., Teoh B. T., Abd-Jamil J., Johari J., Sam S. S., et al. (2015). Colorimetric detection of dengue by single tube reverse-transcription-loop-mediated isothermal amplification. PLOS ONE 10, e0138694. 10.1371/journal.pone.0138694</Citation><ArticleIdList><ArticleId IdType="doi">10.1371/journal.pone.0138694</ArticleId><ArticleId IdType="pmc">PMC4575147</ArticleId><ArticleId IdType="pubmed">26384248</ArticleId></ArticleIdList></Reference><Reference><Citation>Loureiro F. C., Neff H., Melcher E. U., Roque R. A., de Figueiredo R. M., Thirstrup C., et al. (2017). Simplified immunoassay for rapid Dengue serotype diagnosis, revealing insensitivity to non-specific binding interference. Sens. Bio-Sensing Res. 13, 96&#x2013;103. 10.1016/j.sbsr.2016.10.002</Citation><ArticleIdList><ArticleId IdType="doi">10.1016/j.sbsr.2016.10.002</ArticleId></ArticleIdList></Reference><Reference><Citation>Low J. G. H., Ooi E. E., Vasudevan S. G. (2017). Current status of dengue therapeutics research and development. J. Infect. Dis. 215, S96&#x2013;S102. 10.1093/infdis/jiw423</Citation><ArticleIdList><ArticleId IdType="doi">10.1093/infdis/jiw423</ArticleId><ArticleId IdType="pmc">PMC5388029</ArticleId><ArticleId IdType="pubmed">28403438</ArticleId></ArticleIdList></Reference><Reference><Citation>Malpartida-Cardenas K., Miscourides N., Rodriguez-Manzano J., Yu L. S., Moser N., Baum J., et al. (2019). Quantitative and rapid Plasmodium falciparum malaria diagnosis and artemisinin-resistance detection using a CMOS Lab-on-Chip platform. Biosens. Bioelectron. 145, 111678. 10.1016/j.bios.2019.111678</Citation><ArticleIdList><ArticleId IdType="doi">10.1016/j.bios.2019.111678</ArticleId><ArticleId IdType="pmc">PMC7224984</ArticleId><ArticleId IdType="pubmed">31541787</ArticleId></ArticleIdList></Reference><Reference><Citation>Mazlan N. F., Tan L. L., Karim N. H. A., Heng L. Y., Reza M. I. H. (2017). Optical biosensing using newly synthesized metal salphen complexes: A potential DNA diagnostic tool. Sensors Actuators B Chem. 242, 176&#x2013;188. 10.1016/j.snb.2016.11.032</Citation><ArticleIdList><ArticleId IdType="doi">10.1016/j.snb.2016.11.032</ArticleId></ArticleIdList></Reference><Reference><Citation>Morsy S., Hashan M. R., Hieu T. H., Mohammed A. T., Elawady S. S., Ghosh P., et al. (2020). The association between dengue viremia kinetics and dengue severity: A systemic review and meta-analysis. Rev. Med. Virol. 30, 1&#x2013;10. 10.1002/rmv.2121</Citation><ArticleIdList><ArticleId IdType="doi">10.1002/rmv.2121</ArticleId><ArticleId IdType="pubmed">32856357</ArticleId></ArticleIdList></Reference><Reference><Citation>Moser N., Lande T. S., Toumazou C., Georgiou P. (2016). ISFETs in CMOS and emergent trends in instrumentation: A review. IEEE Sens. J. 16, 6496&#x2013;6514. 10.1109/JSEN.2016.2585920</Citation><ArticleIdList><ArticleId IdType="doi">10.1109/JSEN.2016.2585920</ArticleId></ArticleIdList></Reference><Reference><Citation>Moser N., Rodriguez-Manzano J., Lande T. S., Georgiou P. (2018). A scalable ISFET sensing and memory array with sensor auto-calibration for on-chip real-time DNA detection. IEEE Trans. Biomed. Circuits Syst. 12, 390&#x2013;401. 10.1109/TBCAS.2017.2789161</Citation><ArticleIdList><ArticleId IdType="doi">10.1109/TBCAS.2017.2789161</ArticleId><ArticleId IdType="pubmed">29570065</ArticleId></ArticleIdList></Reference><Reference><Citation>Muller D. A., Depelsenaire A. C., Young P. R. (2017). Clinical and laboratory diagnosis of dengue virus infection. J. Infect. Dis. 215, S89&#x2013;S95. 10.1093/infdis/jiw649</Citation><ArticleIdList><ArticleId IdType="doi">10.1093/infdis/jiw649</ArticleId><ArticleId IdType="pubmed">28403441</ArticleId></ArticleIdList></Reference><Reference><Citation>Mustapha Kamil Y., Abu Bakar M. H., Mustapa M. A., Yaacob M. H., Abidin N. H., Syahir A., et al. (2018). Label-free Dengue E protein detection using a functionalized tapered optical fiber sensor. Sensors Actuators B Chem. 257, 820&#x2013;828. 10.1016/J.SNB.2017.11.005</Citation><ArticleIdList><ArticleId IdType="doi">10.1016/J.SNB.2017.11.005</ArticleId></ArticleIdList></Reference><Reference><Citation>Odeh A. A., Al-Douri Y., Voon C. H., Mat Ayub R., Gopinath S. C., Odeh R. A., et al. (2017). A needle-like Cu2CdSnS4 alloy nanostructure-based integrated electrochemical biosensor for detecting the DNA of Dengue serotype 2. Microchim. Acta 184, 2211&#x2013;2218. 10.1007/s00604-017-2249-5</Citation><ArticleIdList><ArticleId IdType="doi">10.1007/s00604-017-2249-5</ArticleId></ArticleIdList></Reference><Reference><Citation>Oliveira N., Souza E., Ferreira D., Zanforlin D., Bezerra W., Borba M., et al. (2015). A sensitive and selective label-free electrochemical DNA biosensor for the detection of specific dengue virus serotype 3 sequences. Sensors 15, 15562&#x2013;15577. 10.3390/s150715562</Citation><ArticleIdList><ArticleId IdType="doi">10.3390/s150715562</ArticleId><ArticleId IdType="pmc">PMC4541844</ArticleId><ArticleId IdType="pubmed">26140346</ArticleId></ArticleIdList></Reference><Reference><Citation>Peeling R. W., Artsob H., Pelegrino J. L., Buchy P., Cardosa M. J., Devi S., et al. (2010). Evaluation of diagnostic tests: Dengue. Nat. Rev. Microbiol. 8, S30&#x2013;S37. 10.1038/nrmicro2459</Citation><ArticleIdList><ArticleId IdType="doi">10.1038/nrmicro2459</ArticleId><ArticleId IdType="pubmed">21548185</ArticleId></ArticleIdList></Reference><Reference><Citation>Priye A., Bird S. W., Light Y. K., Ball C. S., Negrete O. A., Meagher R. J. (2017). A smartphone-based diagnostic platform for rapid detection of Zika, chikungunya, and dengue viruses. Sci. Rep. 7, 44778. 10.1038/srep44778</Citation><ArticleIdList><ArticleId IdType="doi">10.1038/srep44778</ArticleId><ArticleId IdType="pmc">PMC5357913</ArticleId><ArticleId IdType="pubmed">28317856</ArticleId></ArticleIdList></Reference><Reference><Citation>Rai V., Hapuarachchi H. C., Ng L. C., Soh S. H., Leo Y. S., Toh C. S. (2012). Ultrasensitive cDNA detection of dengue virus RNA using electrochemical nanoporous membrane-based biosensor. PLOS ONE 7, e42346. 10.1371/journal.pone.0042346</Citation><ArticleIdList><ArticleId IdType="doi">10.1371/journal.pone.0042346</ArticleId><ArticleId IdType="pmc">PMC3426509</ArticleId><ArticleId IdType="pubmed">22927927</ArticleId></ArticleIdList></Reference><Reference><Citation>Rashid J. I. A., Yusof N. A., Abdullah J., Hashim U., Hajian R. (2015). A novel disposable biosensor based on SiNWs/AuNPs modified-screen printed electrode for dengue virus DNA oligomer detection. IEEE Sens. J. 15, 4420&#x2013;4427. 10.1109/JSEN.2015.2417911</Citation><ArticleIdList><ArticleId IdType="doi">10.1109/JSEN.2015.2417911</ArticleId></ArticleIdList></Reference><Reference><Citation>Rodriguez-Manzano J., Chia P. Y., Yeo T. W., Holmes A., Georgiou P., Yacoub S. (2018). Improving dengue diagnostics and management through innovative technology. Curr. Infect. Dis. Rep. 20, 25&#x2013;28. 10.1007/s11908-018-0633-x</Citation><ArticleIdList><ArticleId IdType="doi">10.1007/s11908-018-0633-x</ArticleId><ArticleId IdType="pmc">PMC5992235</ArticleId><ArticleId IdType="pubmed">29882167</ArticleId></ArticleIdList></Reference><Reference><Citation>Rodriguez-Manzano J., Malpartida-Cardenas K., Moser N., Pennisi I., Cavuto M., Miglietta L., et al. (2021). Handheld point-of-care system for rapid detection of SARS-CoV-2 extracted RNA in under 20 min. ACS Cent. Sci. 0, 307&#x2013;317. 10.1021/acscentsci.0c01288</Citation><ArticleIdList><ArticleId IdType="doi">10.1021/acscentsci.0c01288</ArticleId><ArticleId IdType="pmc">PMC7839415</ArticleId><ArticleId IdType="pubmed">33649735</ArticleId></ArticleIdList></Reference><Reference><Citation>Rodriguez-Manzano J., Moser N., Malpartida-Cardenas K., Moniri A., Fisarova L., Pennisi I., et al. (2020). Rapid detection of mobilized colistin resistance using a nucleic acid based lab-on-a-chip diagnostic system. Sci. Rep. 10, 8448. 10.1038/s41598-020-64612-1</Citation><ArticleIdList><ArticleId IdType="doi">10.1038/s41598-020-64612-1</ArticleId><ArticleId IdType="pmc">PMC7242339</ArticleId><ArticleId IdType="pubmed">32439986</ArticleId></ArticleIdList></Reference><Reference><Citation>Rothberg J. M., Hinz W., Rearick T. M., Schultz J., Mileski W., Davey M., et al. (2011). An integrated semiconductor device enabling non-optical genome sequencing. Nature 475, 348&#x2013;352. 10.1038/nature10242</Citation><ArticleIdList><ArticleId IdType="doi">10.1038/nature10242</ArticleId><ArticleId IdType="pubmed">21776081</ArticleId></ArticleIdList></Reference><Reference><Citation>Schaller R. R. (1997). Moore&#x2019;s law: Past, present and future. IEEE Spectr. 34, 52&#x2013;59. 10.1109/6.591665</Citation><ArticleIdList><ArticleId IdType="doi">10.1109/6.591665</ArticleId></ArticleIdList></Reference><Reference><Citation>Sinawang P. D., Rai V., Ionescu R. E., Marks R. S. (2016). Electrochemical lateral flow immunosensor for detection and quantification of dengue NS1 protein. Biosens. Bioelectron. 77, 400&#x2013;408. 10.1016/J.BIOS.2015.09.048</Citation><ArticleIdList><ArticleId IdType="doi">10.1016/J.BIOS.2015.09.048</ArticleId><ArticleId IdType="pubmed">26433352</ArticleId></ArticleIdList></Reference><Reference><Citation>Singhal C., Pundir C. S., Narang J. (2017). A genosensor for detection of consensus DNA sequence of Dengue virus using ZnO/Pt-Pd nanocomposites. Biosens. Bioelectron. 97, 75&#x2013;82. 10.1016/J.BIOS.2017.05.047</Citation><ArticleIdList><ArticleId IdType="doi">10.1016/J.BIOS.2017.05.047</ArticleId><ArticleId IdType="pubmed">28577500</ArticleId></ArticleIdList></Reference><Reference><Citation>Vuong N. L., Quyen N. T. H., Tien N. T. H., Tuan N. M., Kien D. T. H., Lam P. K., et al. (2020). Higher plasma viremia in the febrile phase is associated with adverse dengue outcomes irrespective of infecting serotype or host immune status: An analysis of 5642 Vietnamese cases. Clin. Infect. Dis. 72, e1074&#x2013;e1083. 10.1093/cid/ciaa1840</Citation><ArticleIdList><ArticleId IdType="doi">10.1093/cid/ciaa1840</ArticleId><ArticleId IdType="pmc">PMC8204785</ArticleId><ArticleId IdType="pubmed">33340040</ArticleId></ArticleIdList></Reference><Reference><Citation>Wong W. R., Sekaran S. D., Mahamd Adikan F. R., Berini P. (2016). Detection of dengue NS1 antigen using long-range surface plasmon waveguides. Biosens. Bioelectron. 78, 132&#x2013;139. 10.1016/J.BIOS.2015.11.030</Citation><ArticleIdList><ArticleId IdType="doi">10.1016/J.BIOS.2015.11.030</ArticleId><ArticleId IdType="pubmed">26599483</ArticleId></ArticleIdList></Reference><Reference><Citation>Word Health Organisation (2009). Dengue guidelines for diagnosis, treatment, prevention and control. France: WHO Library Cataloguing-in-Publication Data. 10.1007/978-1-4615-4591-0_3</Citation><ArticleIdList><ArticleId IdType="doi">10.1007/978-1-4615-4591-0_3</ArticleId></ArticleIdList></Reference><Reference><Citation>Wu S. J., Lee E. M., Putvatana R., Shurtliff R. N., Porter K. R., Suharyono W., et al. (2001). Detection of dengue viral RNA using a nucleic acid sequence-based amplification assay. J. Clin. Microbiol. 39, 2794&#x2013;2798. 10.1128/JCM.39.8.2794-2798.2001</Citation><ArticleIdList><ArticleId IdType="doi">10.1128/JCM.39.8.2794-2798.2001</ArticleId><ArticleId IdType="pmc">PMC88241</ArticleId><ArticleId IdType="pubmed">11473994</ArticleId></ArticleIdList></Reference><Reference><Citation>Wu T. Z., Su C. C., Chen L. K., Yang H. H., Tai D. F., Peng K. C. (2005). Piezoelectric immunochip for the detection of dengue fever in viremia phase. Biosens. Bioelectron. 21, 689&#x2013;695. 10.1016/J.BIOS.2004.12.019</Citation><ArticleIdList><ArticleId IdType="doi">10.1016/J.BIOS.2004.12.019</ArticleId><ArticleId IdType="pubmed">15893925</ArticleId></ArticleIdList></Reference><Reference><Citation>Yu L. S., Rodriguez-Manzano J., Malpartida-Cardenas K., Sewell T., Bader O., Armstrong-James D., et al. (2019). Rapid and sensitive detection of azole-resistant Aspergillus fumigatus by tandem repeat loop-mediated isothermal amplification. J. Mol. Diagnostics 21, 286&#x2013;295. 10.1016/j.jmoldx.2018.10.004</Citation><ArticleIdList><ArticleId IdType="doi">10.1016/j.jmoldx.2018.10.004</ArticleId><ArticleId IdType="pmc">PMC6419584</ArticleId><ArticleId IdType="pubmed">30529128</ArticleId></ArticleIdList></Reference><Reference><Citation>Zhang G. J., Zhang L., Huang M. J., Luo Z. H. H., Tay G. K. I., Lim E. J. A., et al. (2010). Silicon nanowire biosensor for highly sensitive and rapid detection of Dengue virus. Sensors Actuators B Chem. 146, 138&#x2013;144. 10.1016/J.SNB.2010.02.021</Citation><ArticleIdList><ArticleId IdType="doi">10.1016/J.SNB.2010.02.021</ArticleId></ArticleIdList></Reference></ReferenceList></PubmedData></PubmedArticle></PubmedArticleSet>