<?xml version="1.0" ?>
<!DOCTYPE PubmedArticleSet PUBLIC "-//NLM//DTD PubMedArticle, 1st January 2023//EN" "https://dtd.nlm.nih.gov/ncbi/pubmed/out/pubmed_230101.dtd">
<PubmedArticleSet>
<PubmedArticle><MedlineCitation Status="MEDLINE" Owner="NLM" IndexingMethod="Automated"><PMID Version="1">36238487</PMID><DateCompleted><Year>2022</Year><Month>10</Month><Day>17</Day></DateCompleted><DateRevised><Year>2022</Year><Month>10</Month><Day>17</Day></DateRevised><Article PubModel="Electronic-eCollection"><Journal><ISSN IssnType="Electronic">1748-6718</ISSN><JournalIssue CitedMedium="Internet"><Volume>2022</Volume><PubDate><Year>2022</Year></PubDate></JournalIssue><Title>Computational and mathematical methods in medicine</Title><ISOAbbreviation>Comput Math Methods Med</ISOAbbreviation></Journal><ArticleTitle>Qualitative Analysis of the Transmission Dynamics of Dengue with the Effect of Memory, Reinfection, and Vaccination.</ArticleTitle><Pagination><StartPage>7893570</StartPage><MedlinePgn>7893570</MedlinePgn></Pagination><ELocationID EIdType="pii" ValidYN="Y">7893570</ELocationID><ELocationID EIdType="doi" ValidYN="Y">10.1155/2022/7893570</ELocationID><Abstract><AbstractText>Dengue fever has a huge impact on people's physical, social, and economic lives in low-income locations worldwide. Researchers use epidemic models to better understand the transmission patterns of dengue fever in order to recommend effective preventative measures and give data for vaccine and treatment development. We use fractional calculus to organise the transmission phenomena of dengue fever, including immunisation, reinfection, therapy, and asymptotic carriers. In addition, we focused our study on the dynamical behavior and qualitative approach of dengue infection. The existence and uniqueness of the solution of the suggested dengue dynamics are inspected through the fixed point theorems of Schaefer and Banach. The Ulam-Hyers stability of the suggested dengue model is established. To illustrate the contribution of the input factors on the system of dengue infection, the solution paths are studied using the Laplace Adomian decomposition approach. Furthermore, numerical simulations are used to show the effects of fractional-order, immunity loss, vaccination, asymptotic fraction, biting rate, and therapy. We have established that asymptomatic carriers, bite rates, and immunity loss rates are all important factors that might make controlling more challenging. The intensity of dengue fever may be controlled by reducing mosquito bite rates, whereas the asymptotic fraction is risky and can transmit the illness to noninfected regions. Vaccination, fractional order, index of memory, and medication can be employed as proper control parameters.</AbstractText><CopyrightInformation>Copyright &#xa9; 2022 Tao-Qian Tang et al.</CopyrightInformation></Abstract><AuthorList CompleteYN="Y"><Author ValidYN="Y"><LastName>Tang</LastName><ForeName>Tao-Qian</ForeName><Initials>TQ</Initials><Identifier Source="ORCID">0000-0001-5007-6992</Identifier><AffiliationInfo><Affiliation>International Intercollegiate Ph.D. Program, National Tsing Hua University, Hsinchu 30013, Taiwan.</Affiliation></AffiliationInfo><AffiliationInfo><Affiliation>Department of Internal Medicine, E-Da Hospital, Kaohsiung 82445, Taiwan.</Affiliation></AffiliationInfo><AffiliationInfo><Affiliation>School of Medicine, College of Medicine, I-Shou University, Kaohsiung 82445, Taiwan.</Affiliation></AffiliationInfo><AffiliationInfo><Affiliation>Department of Family and Community Medicine, E-Da Hospital, Kaohsiung 82445, Taiwan.</Affiliation></AffiliationInfo><AffiliationInfo><Affiliation>Department of Engineering and System Science, National Tsing Hua University, Hsinchu 30013, Taiwan.</Affiliation></AffiliationInfo></Author><Author ValidYN="Y"><LastName>Jan</LastName><ForeName>Rashid</ForeName><Initials>R</Initials><Identifier Source="ORCID">0000-0001-9709-7045</Identifier><AffiliationInfo><Affiliation>Department of Mathematics, University of Swabi, Swabi, 23430 KPK, Pakistan.</Affiliation></AffiliationInfo></Author><Author ValidYN="Y"><LastName>Bonyah</LastName><ForeName>Ebenezer</ForeName><Initials>E</Initials><Identifier Source="ORCID">0000-0003-0808-4504</Identifier><AffiliationInfo><Affiliation>Department of Mathematics Education, University of Education Winneba Kumasi (Kumasi Campus), Kumasi 00233, Ghana.</Affiliation></AffiliationInfo></Author><Author ValidYN="Y"><LastName>Shah</LastName><ForeName>Zahir</ForeName><Initials>Z</Initials><Identifier Source="ORCID">0000-0002-5539-4225</Identifier><AffiliationInfo><Affiliation>Department of Mathematical Sciences, University of Lakki Marwat, Lakki Marwat, 28420 KPK, Pakistan.</Affiliation></AffiliationInfo></Author><Author ValidYN="Y"><LastName>Alzahrani</LastName><ForeName>Ebraheem</ForeName><Initials>E</Initials><Identifier Source="ORCID">0000-0003-2413-0355</Identifier><AffiliationInfo><Affiliation>Department of Mathematics, Faculty of Science, King Abdulaziz University, P.O. Box 80203, Jeddah 21589, Saudi Arabia.</Affiliation></AffiliationInfo></Author></AuthorList><Language>eng</Language><PublicationTypeList><PublicationType UI="D016428">Journal Article</PublicationType></PublicationTypeList><ArticleDate DateType="Electronic"><Year>2022</Year><Month>09</Month><Day>19</Day></ArticleDate></Article><MedlineJournalInfo><Country>United States</Country><MedlineTA>Comput Math Methods Med</MedlineTA><NlmUniqueID>101277751</NlmUniqueID><ISSNLinking>1748-670X</ISSNLinking></MedlineJournalInfo><CitationSubset>IM</CitationSubset><MeshHeadingList><MeshHeading><DescriptorName UI="D000818" MajorTopicYN="N">Animals</DescriptorName></MeshHeading><MeshHeading><DescriptorName UI="D003715" MajorTopicYN="Y">Dengue</DescriptorName><QualifierName UI="Q000453" MajorTopicYN="N">epidemiology</QualifierName><QualifierName UI="Q000517" MajorTopicYN="N">prevention &amp; control</QualifierName></MeshHeading><MeshHeading><DescriptorName UI="D058872" MajorTopicYN="Y">Epidemics</DescriptorName></MeshHeading><MeshHeading><DescriptorName UI="D006801" MajorTopicYN="N">Humans</DescriptorName></MeshHeading><MeshHeading><DescriptorName UI="D007303" MajorTopicYN="N">Insect Vectors</DescriptorName></MeshHeading><MeshHeading><DescriptorName UI="D000084063" MajorTopicYN="N">Reinfection</DescriptorName></MeshHeading><MeshHeading><DescriptorName UI="D014611" MajorTopicYN="N">Vaccination</DescriptorName></MeshHeading></MeshHeadingList><CoiStatement>The authors declare that there is no conflict of interest regarding this work.</CoiStatement></MedlineCitation><PubmedData><History><PubMedPubDate PubStatus="received"><Year>2022</Year><Month>1</Month><Day>25</Day></PubMedPubDate><PubMedPubDate PubStatus="accepted"><Year>2022</Year><Month>7</Month><Day>14</Day></PubMedPubDate><PubMedPubDate PubStatus="entrez"><Year>2022</Year><Month>10</Month><Day>14</Day><Hour>3</Hour><Minute>6</Minute></PubMedPubDate><PubMedPubDate PubStatus="pubmed"><Year>2022</Year><Month>10</Month><Day>15</Day><Hour>6</Hour><Minute>0</Minute></PubMedPubDate><PubMedPubDate PubStatus="medline"><Year>2022</Year><Month>10</Month><Day>18</Day><Hour>6</Hour><Minute>0</Minute></PubMedPubDate></History><PublicationStatus>epublish</PublicationStatus><ArticleIdList><ArticleId IdType="pubmed">36238487</ArticleId><ArticleId IdType="pmc">PMC9553356</ArticleId><ArticleId IdType="doi">10.1155/2022/7893570</ArticleId></ArticleIdList><ReferenceList><Reference><Citation>Wellekens K., Betrains A., De Munter P., Peetermans W. Dengue: current state one year before WHO 2010&#x2013;2020 goals. Acta Clinica Belgica . 2022;77(2):436&#x2013;444. doi: 10.1080/17843286.2020.1837576.</Citation><ArticleIdList><ArticleId IdType="doi">10.1080/17843286.2020.1837576</ArticleId><ArticleId IdType="pubmed">33090941</ArticleId></ArticleIdList></Reference><Reference><Citation>Gubler D. J. Dengue and dengue hemorrhagic fever. Clinical Microbiology Reviews . 1998;11(3):480&#x2013;496. doi: 10.1128/CMR.11.3.480.</Citation><ArticleIdList><ArticleId IdType="doi">10.1128/CMR.11.3.480</ArticleId><ArticleId IdType="pmc">PMC88892</ArticleId><ArticleId IdType="pubmed">9665979</ArticleId></ArticleIdList></Reference><Reference><Citation>Guzman M. G., Kouri G., Bravo J., Valdes L., Susana V., Halstead S. B. Effect of age on outcome of secondary dengue 2 infections. International Journal of Infectious Diseases . 2002;6(2):118&#x2013;124. doi: 10.1016/S1201-9712(02)90072-X.</Citation><ArticleIdList><ArticleId IdType="doi">10.1016/S1201-9712(02)90072-X</ArticleId><ArticleId IdType="pubmed">12121599</ArticleId></ArticleIdList></Reference><Reference><Citation>East S. World&#x2019;s First Dengue Fever Vaccine Launched in the Philippines . CNN; 2016. Archived from the original on, 18.</Citation></Reference><Reference><Citation>Epidemiology.  https: // http://www.cdc.gov/dengue/epidemiology/index. html. Retrieved 7 March 2018.</Citation></Reference><Reference><Citation>Jan R., Khan M. A., G&#xf3;mez-Aguilar J. F. Asymptomatic carriers in transmission dynamics of dengue with control interventions. Optimal Control Applications and Methods . 2020;41(2):430&#x2013;447. doi: 10.1002/oca.2551.</Citation><ArticleIdList><ArticleId IdType="doi">10.1002/oca.2551</ArticleId></ArticleIdList></Reference><Reference><Citation>Esteva L., Vargas C. Analysis of a dengue disease transmission model. Mathematical Biosciences . 1998;150(2):131&#x2013;151. doi: 10.1016/S0025-5564(98)10003-2.</Citation><ArticleIdList><ArticleId IdType="doi">10.1016/S0025-5564(98)10003-2</ArticleId><ArticleId IdType="pubmed">9656647</ArticleId></ArticleIdList></Reference><Reference><Citation>Esteva L., Vargas C. A model for dengue disease with variable human population. Journal of Mathematical Biology . 1999;38(3):220&#x2013;240. doi: 10.1007/s002850050147.</Citation><ArticleIdList><ArticleId IdType="doi">10.1007/s002850050147</ArticleId><ArticleId IdType="pubmed">10220925</ArticleId></ArticleIdList></Reference><Reference><Citation>Rodrigues H. S., Monteiro M. T. T., Torres D. F. Vaccination models and optimal control strategies to dengue. Mathematical Biosciences . 2014;247:1&#x2013;12. doi: 10.1016/j.mbs.2013.10.006.</Citation><ArticleIdList><ArticleId IdType="doi">10.1016/j.mbs.2013.10.006</ArticleId><ArticleId IdType="pubmed">24513243</ArticleId></ArticleIdList></Reference><Reference><Citation>Jan R., Xiao Y. Effect of partial immunity on transmission dynamics of dengue disease with optimal control. Mathematical Methods in the Applied Sciences . 2019;42(6):1967&#x2013;1983. doi: 10.1002/mma.5491.</Citation><ArticleIdList><ArticleId IdType="doi">10.1002/mma.5491</ArticleId></ArticleIdList></Reference><Reference><Citation>Derouich M., Boutayeb A., Twizell E. H. A model of dengue fever. Biomedical engineering online . 2003;2(1):p. 4. doi: 10.1186/1475-925X-2-4.</Citation><ArticleIdList><ArticleId IdType="doi">10.1186/1475-925X-2-4</ArticleId><ArticleId IdType="pmc">PMC153427</ArticleId><ArticleId IdType="pubmed">12657162</ArticleId></ArticleIdList></Reference><Reference><Citation>Tewa J. J., Dimi J. L., Bowong S. Lyapunov functions for a dengue disease transmission model. Chaos, Solitons &amp; Fractals . 2009;39(2):936&#x2013;941. doi: 10.1016/j.chaos.2007.01.069.</Citation><ArticleIdList><ArticleId IdType="doi">10.1016/j.chaos.2007.01.069</ArticleId></ArticleIdList></Reference><Reference><Citation>Burke D. S., Nisalak A., Johnson D. E., Scott R. M. A prospective study of dengue infections in Bangkok. The American Journal of Tropical Medicine and Hygiene . 1988;38(1):172&#x2013;180. doi: 10.4269/ajtmh.1988.38.172.</Citation><ArticleIdList><ArticleId IdType="doi">10.4269/ajtmh.1988.38.172</ArticleId><ArticleId IdType="pubmed">3341519</ArticleId></ArticleIdList></Reference><Reference><Citation>Endy T. P., Chunsuttiwat S., Nisalak A., et al. Epidemiology of inapparent and symptomatic acute dengue virus infection: a prospective study of primary school children in Kamphaeng Phet, Thailand. American journal of epidemiology . 2002;156(1):40&#x2013;51. doi: 10.1093/aje/kwf005.</Citation><ArticleIdList><ArticleId IdType="doi">10.1093/aje/kwf005</ArticleId><ArticleId IdType="pubmed">12076887</ArticleId></ArticleIdList></Reference><Reference><Citation>Chaves L. F., Harrington L. C., Keogh C. L., Nguyen A. M., Kitron U. D. Blood feeding patterns of mosquitoes: random or structured? Frontiers in Zoology . 2010;7(1):p. 3. doi: 10.1186/1742-9994-7-3.</Citation><ArticleIdList><ArticleId IdType="doi">10.1186/1742-9994-7-3</ArticleId><ArticleId IdType="pmc">PMC2826349</ArticleId><ArticleId IdType="pubmed">20205866</ArticleId></ArticleIdList></Reference><Reference><Citation>Vinauger C., Buratti L., Lazzari C. R. Learning the way to blood: first evidence of dual olfactory conditioning in a blood-sucking insect, Rhodnius prolixus. I. Appetitive learning. Journal of Experimental Biology . 2011;214(18):3032&#x2013;3038. doi: 10.1242/jeb.056697.</Citation><ArticleIdList><ArticleId IdType="doi">10.1242/jeb.056697</ArticleId><ArticleId IdType="pubmed">21865515</ArticleId></ArticleIdList></Reference><Reference><Citation>Lin Z., Wang H. Modeling and application of fractional-order economic growth model with time delay. Fractal and Fractional . 2021;5(3):p. 74. doi: 10.3390/fractalfract5030074.</Citation><ArticleIdList><ArticleId IdType="doi">10.3390/fractalfract5030074</ArticleId></ArticleIdList></Reference><Reference><Citation>Singh H., Srivastava H. M., Hammouch Z., Nisar K. S. Numerical simulation and stability analysis for the fractional-order dynamics of COVID-19. Results in physics . 2021;20, article 103722 doi: 10.1016/j.rinp.2020.103722.</Citation><ArticleIdList><ArticleId IdType="doi">10.1016/j.rinp.2020.103722</ArticleId><ArticleId IdType="pmc">PMC7833007</ArticleId><ArticleId IdType="pubmed">33520625</ArticleId></ArticleIdList></Reference><Reference><Citation>Srivastava H. M., Dubey V. P., Kumar R., Singh J., Kumar D., Baleanu D. An efficient computational approach for a fractional-order biological population model with carrying capacity. Chaos, Solitons &amp; Fractals . 2020;138, article 109880 doi: 10.1016/j.chaos.2020.109880.</Citation><ArticleIdList><ArticleId IdType="doi">10.1016/j.chaos.2020.109880</ArticleId></ArticleIdList></Reference><Reference><Citation>Srivastava H. M., Jan R., Jan A., Deebani W., Shutaywi M. Fractional-calculus analysis of the transmission dynamics of the dengue infection. Journal of Nonlinear Science . 2021;31(5, article 053130) doi: 10.1063/5.0050452.</Citation><ArticleIdList><ArticleId IdType="doi">10.1063/5.0050452</ArticleId><ArticleId IdType="pubmed">34240948</ArticleId></ArticleIdList></Reference><Reference><Citation>Windarto K., Altaf Khan M. Parameter estimation and fractional derivatives of dengue transmission model. AIMS Mathematics . 2020;5(3):2758&#x2013;2779. doi: 10.3934/math.2020178.</Citation><ArticleIdList><ArticleId IdType="doi">10.3934/math.2020178</ArticleId></ArticleIdList></Reference><Reference><Citation>Defterli O. Comparative analysis of fractional order dengue model with temperature effect via singular and non-singular operators. Chaos, Solitons &amp; Fractals . 2021;144, article 110654 doi: 10.1016/j.chaos.2021.110654.</Citation><ArticleIdList><ArticleId IdType="doi">10.1016/j.chaos.2021.110654</ArticleId></ArticleIdList></Reference><Reference><Citation>Kilbas A. A., Srivastava H. M., Trujillo J. J. Theory and Applications of Fractional Differential Equations . Vol. 204. elsevier; 2006.</Citation></Reference><Reference><Citation>Podlubny I. Fractional Differential Equations: An Introduction to Fractional Derivatives, Fractional Differential Equations, to Methods of Their Solution and Some of Their Applications . Elsevier; 1998.</Citation></Reference><Reference><Citation>Granas A., Dugundji J. Elementary Fixed Point Theorems. In Fixed Point Theory . New York, NY: Springer; 2003.</Citation></Reference><Reference><Citation>Ullam S. M. Problems in Modern Mathematics (Chapter VI) New York: Wiley; 1940.</Citation></Reference><Reference><Citation>Hyers D. H. On the stability of the linear functional equation. Proceedings of the National Academy of Sciences of the United States of America . 1941;27(4):222&#x2013;224. doi: 10.1073/pnas.27.4.222.</Citation><ArticleIdList><ArticleId IdType="doi">10.1073/pnas.27.4.222</ArticleId><ArticleId IdType="pmc">PMC1078310</ArticleId><ArticleId IdType="pubmed">16578012</ArticleId></ArticleIdList></Reference><Reference><Citation>Rassias T. M. On the stability of the linear mapping in Banach spaces. Proceedings of the American Mathematical Society . 1978;72(2):297&#x2013;300. doi: 10.1090/S0002-9939-1978-0507327-1.</Citation><ArticleIdList><ArticleId IdType="doi">10.1090/S0002-9939-1978-0507327-1</ArticleId></ArticleIdList></Reference><Reference><Citation>Ali Z., Zada A., Shah K. On Ulam&#x2019;s stability for a coupled systems of nonlinear implicit fractional differential equations. Bulletin of the Malaysian Mathematical Sciences Society . 2019;42(5):2681&#x2013;2699. doi: 10.1007/s40840-018-0625-x.</Citation><ArticleIdList><ArticleId IdType="doi">10.1007/s40840-018-0625-x</ArticleId></ArticleIdList></Reference><Reference><Citation>Benkerrouche A., Souid M. S., Etemad S., et al. Qualitative study on solutions of a Hadamard variable order boundary problem via the Ulam&#x2013;Hyers&#x2013;Rassias stability. Fractal and Fractional . 2021;5(3):p. 108. doi: 10.3390/fractalfract5030108.</Citation><ArticleIdList><ArticleId IdType="doi">10.3390/fractalfract5030108</ArticleId></ArticleIdList></Reference><Reference><Citation>Syafruddin S., Noorani M. SEIR model for transmission of dengue fever. International Journal on Advanced Science Engineering Information Technology . 2012;2(5):341&#x2013;345. doi: 10.18517/ijaseit.2.5.217.</Citation><ArticleIdList><ArticleId IdType="doi">10.18517/ijaseit.2.5.217</ArticleId></ArticleIdList></Reference></ReferenceList></PubmedData></PubmedArticle></PubmedArticleSet>