<?xml version="1.0" ?>
<!DOCTYPE PubmedArticleSet PUBLIC "-//NLM//DTD PubMedArticle, 1st January 2023//EN" "https://dtd.nlm.nih.gov/ncbi/pubmed/out/pubmed_230101.dtd">
<PubmedArticleSet>
<PubmedArticle><MedlineCitation Status="PubMed-not-MEDLINE" Owner="NLM"><PMID Version="1">36235496</PMID><DateRevised><Year>2023</Year><Month>09</Month><Day>18</Day></DateRevised><Article PubModel="Electronic"><Journal><ISSN IssnType="Print">2223-7747</ISSN><JournalIssue CitedMedium="Print"><Volume>11</Volume><Issue>19</Issue><PubDate><Year>2022</Year><Month>Oct</Month><Day>06</Day></PubDate></JournalIssue><Title>Plants (Basel, Switzerland)</Title><ISOAbbreviation>Plants (Basel)</ISOAbbreviation></Journal><ArticleTitle><i>Antrodia cinnamomea</i> Suppress Dengue Virus Infection through Enhancing the Secretion of Interferon-Alpha.</ArticleTitle><ELocationID EIdType="pii" ValidYN="Y">2631</ELocationID><ELocationID EIdType="doi" ValidYN="Y">10.3390/plants11192631</ELocationID><Abstract><AbstractText>Dengue caused by dengue virus (DENV) is a mosquito-borne disease. Dengue exhibits a wide range of symptoms, ranging from asymptomatic to flu-like illness, and a few symptomatic cases may develop into severe dengue, leading to death. However, there are no effective and safe therapeutics for DENV infections. We have previously reported that cytokine expression, especially inflammatory cytokines, was altered in patients with different severities of dengue. <i>Antrodia cinnamomea (A. cinnamomea)</i> is a precious and endemic medical mushroom in Taiwan. It contains unique chemical components and exhibits biological activities, including suppressing effects on inflammation and viral infection-related diseases. According to previous studies, megakaryocytes can support DENV infection, and the number of megakaryocytes is positively correlated with the viral load in the serum of acute dengue patients. In the study, we investigated the anti-DENV effects of two ethanolic extracts (ACEs 1-2) and three isolated compounds (ACEs 3-5) from <i>A. cinnamomea</i> on DENV infection in Meg-01 cells. Our results not only demonstrated that ACE-3 and ACE-4 significantly suppressed DENV infection, but also reduced interleukin (IL)-6 and IL-8 levels. Moreover, the level of the antiviral cytokine interferon (IFN)-&#x3b1; was also increased by ACE-3 and ACE-4 in Meg-01 cells after DENV infection. Here, we provide new insights into the potential use of <i>A. cinnamomea</i> extracts as therapeutic agents against DENV infection. However, the detailed mechanisms underlying these processes require further investigation.</AbstractText></Abstract><AuthorList CompleteYN="Y"><Author ValidYN="Y"><LastName>Chen</LastName><ForeName>Yi-Ju</ForeName><Initials>YJ</Initials><AffiliationInfo><Affiliation>Department of Microbiology &amp; Immunology, College of Medicine, National Cheng Kung University, Tainan 70101, Taiwan.</Affiliation></AffiliationInfo></Author><Author ValidYN="Y"><LastName>Tsao</LastName><ForeName>Yu-Cian</ForeName><Initials>YC</Initials><Identifier Source="ORCID">0000-0001-6692-7608</Identifier><AffiliationInfo><Affiliation>School of Medicine, College of Medicine, National Cheng Kung University, Tainan 701401, Taiwan.</Affiliation></AffiliationInfo></Author><Author ValidYN="Y"><LastName>Ho</LastName><ForeName>Tzu-Chuan</ForeName><Initials>TC</Initials><AffiliationInfo><Affiliation>Department of Medical Imaging and Radiological Sciences, Kaohsiung Medical University, Kaohsiung 807, Taiwan.</Affiliation></AffiliationInfo></Author><Author ValidYN="Y"><LastName>Puc</LastName><ForeName>Irwin</ForeName><Initials>I</Initials><Identifier Source="ORCID">0000-0002-0182-3768</Identifier><AffiliationInfo><Affiliation>Institute of Basic Medical Sciences, College of Medicine, National Cheng Kung University, Tainan 701401, Taiwan.</Affiliation></AffiliationInfo></Author><Author ValidYN="Y"><LastName>Chen</LastName><ForeName>Chia-Chang</ForeName><Initials>CC</Initials><AffiliationInfo><Affiliation>School of Management, Feng Chia University, Taichung 40724, Taiwan.</Affiliation></AffiliationInfo></Author><Author ValidYN="Y"><LastName>Perng</LastName><ForeName>Guey-Chuen</ForeName><Initials>GC</Initials><AffiliationInfo><Affiliation>Department of Microbiology &amp; Immunology, College of Medicine, National Cheng Kung University, Tainan 70101, Taiwan.</Affiliation></AffiliationInfo><AffiliationInfo><Affiliation>Department of Medical Imaging and Radiological Sciences, Kaohsiung Medical University, Kaohsiung 807, Taiwan.</Affiliation></AffiliationInfo></Author><Author ValidYN="Y"><LastName>Lien</LastName><ForeName>Hsiu-Man</ForeName><Initials>HM</Initials><Identifier Source="ORCID">0000-0002-5466-7674</Identifier><AffiliationInfo><Affiliation>Research Institute of Biotechnology, Hungkuang University, Taichung 43302, Taiwan.</Affiliation></AffiliationInfo></Author></AuthorList><Language>eng</Language><GrantList CompleteYN="Y"><Grant><GrantID>107-2314-B-006-063-MY3</GrantID><Agency>Ministry of Science and Technology</Agency><Country/></Grant></GrantList><PublicationTypeList><PublicationType UI="D016428">Journal Article</PublicationType></PublicationTypeList><ArticleDate DateType="Electronic"><Year>2022</Year><Month>10</Month><Day>06</Day></ArticleDate></Article><MedlineJournalInfo><Country>Switzerland</Country><MedlineTA>Plants (Basel)</MedlineTA><NlmUniqueID>101596181</NlmUniqueID><ISSNLinking>2223-7747</ISSNLinking></MedlineJournalInfo><KeywordList Owner="NOTNLM"><Keyword MajorTopicYN="N">Antrodia cinnamomea</Keyword><Keyword MajorTopicYN="N">dengue virus</Keyword><Keyword MajorTopicYN="N">inflammatory cytokines</Keyword><Keyword MajorTopicYN="N">interferon-alpha</Keyword><Keyword MajorTopicYN="N">megakaryocytes</Keyword></KeywordList><CoiStatement>The authors have declared that no competing interests exist.</CoiStatement></MedlineCitation><PubmedData><History><PubMedPubDate PubStatus="received"><Year>2022</Year><Month>8</Month><Day>30</Day></PubMedPubDate><PubMedPubDate PubStatus="revised"><Year>2022</Year><Month>9</Month><Day>29</Day></PubMedPubDate><PubMedPubDate PubStatus="accepted"><Year>2022</Year><Month>10</Month><Day>3</Day></PubMedPubDate><PubMedPubDate PubStatus="entrez"><Year>2022</Year><Month>10</Month><Day>14</Day><Hour>2</Hour><Minute>30</Minute></PubMedPubDate><PubMedPubDate PubStatus="pubmed"><Year>2022</Year><Month>10</Month><Day>15</Day><Hour>6</Hour><Minute>0</Minute></PubMedPubDate><PubMedPubDate PubStatus="medline"><Year>2022</Year><Month>10</Month><Day>15</Day><Hour>6</Hour><Minute>1</Minute></PubMedPubDate></History><PublicationStatus>epublish</PublicationStatus><ArticleIdList><ArticleId IdType="pubmed">36235496</ArticleId><ArticleId IdType="pmc">PMC9573221</ArticleId><ArticleId IdType="doi">10.3390/plants11192631</ArticleId><ArticleId IdType="pii">plants11192631</ArticleId></ArticleIdList><ReferenceList><Reference><Citation>Simmons C.P., Farrar J.J., Nguyenv V., Wills B. Dengue. N. Engl. J. Med. 2012;366:1423&#x2013;1432. doi: 10.1056/NEJMra1110265.</Citation><ArticleIdList><ArticleId IdType="doi">10.1056/NEJMra1110265</ArticleId><ArticleId IdType="pubmed">22494122</ArticleId></ArticleIdList></Reference><Reference><Citation>Murray N.E., Quam M.B., Wilder-Smith A. Epidemiology of dengue: Past, present and future prospects. Clin. Epidemiol. 2013;5:299&#x2013;309. doi: 10.2147/clep.S34440.</Citation><ArticleIdList><ArticleId IdType="doi">10.2147/clep.S34440</ArticleId><ArticleId IdType="pmc">PMC3753061</ArticleId><ArticleId IdType="pubmed">23990732</ArticleId></ArticleIdList></Reference><Reference><Citation>Yung C.-F., Lee K.-S., Thein T.-L., Tan L.-K., Gan V.C., Wong J.G., Lye D.C., Ng L.-C., Leo Y.-S. Dengue serotype-specific differences in clinical manifestation, laboratory parameters and risk of severe disease in adults, Singapore. Am. J. Trop. Med. Hyg. 2015;92:999&#x2013;1005. doi: 10.4269/ajtmh.14-0628.</Citation><ArticleIdList><ArticleId IdType="doi">10.4269/ajtmh.14-0628</ArticleId><ArticleId IdType="pmc">PMC4426593</ArticleId><ArticleId IdType="pubmed">25825386</ArticleId></ArticleIdList></Reference><Reference><Citation>Messina J.P., Brady O.J., Golding N., Kraemer M.U.G., Wint G.R.W., Ray S.E., Pigott D.M., Shearer F.M., Johnson K., Earl L., et al. The current and future global distribution and population at risk of dengue. Nat. Microbiol. 2019;4:1508&#x2013;1515. doi: 10.1038/s41564-019-0476-8.</Citation><ArticleIdList><ArticleId IdType="doi">10.1038/s41564-019-0476-8</ArticleId><ArticleId IdType="pmc">PMC6784886</ArticleId><ArticleId IdType="pubmed">31182801</ArticleId></ArticleIdList></Reference><Reference><Citation>Ebi K.L., Nealon J. Dengue in a changing climate. Environ. Res. 2016;151:115&#x2013;123. doi: 10.1016/j.envres.2016.07.026.</Citation><ArticleIdList><ArticleId IdType="doi">10.1016/j.envres.2016.07.026</ArticleId><ArticleId IdType="pubmed">27475051</ArticleId></ArticleIdList></Reference><Reference><Citation>Hales S., de Wet N., Maindonald J., Woodward A. Potential effect of population and climate changes on global distribution of dengue fever: An empirical model. Lancet. 2002;360:830&#x2013;834. doi: 10.1016/S0140-6736(02)09964-6.</Citation><ArticleIdList><ArticleId IdType="doi">10.1016/S0140-6736(02)09964-6</ArticleId><ArticleId IdType="pubmed">12243917</ArticleId></ArticleIdList></Reference><Reference><Citation>Bhatt S., Gething P.W., Brady O.J., Messina J.P., Farlow A.W., Moyes C.L., Drake J.M., Brownstein J.S., Hoen A.G., Sankoh O., et al. The global distribution and burden of dengue. Nature. 2013;496:504&#x2013;507. doi: 10.1038/nature12060.</Citation><ArticleIdList><ArticleId IdType="doi">10.1038/nature12060</ArticleId><ArticleId IdType="pmc">PMC3651993</ArticleId><ArticleId IdType="pubmed">23563266</ArticleId></ArticleIdList></Reference><Reference><Citation>Almas A., Parkash O., Akhter J. Clinical factors associated with mortality in dengue infection at a tertiary care center. Southeast Asian J. Trop Med. Public Health. 2010;41:333&#x2013;340.</Citation><ArticleIdList><ArticleId IdType="pubmed">20578516</ArticleId></ArticleIdList></Reference><Reference><Citation>Kalayanarooj S. Clinical Manifestations and Management of Dengue/DHF/DSS. Trop Med. Health. 2011;39:83&#x2013;87. doi: 10.2149/tmh.2011-S10.</Citation><ArticleIdList><ArticleId IdType="doi">10.2149/tmh.2011-S10</ArticleId><ArticleId IdType="pmc">PMC3317599</ArticleId><ArticleId IdType="pubmed">22500140</ArticleId></ArticleIdList></Reference><Reference><Citation>Puc I., Ho T.C., Yen K.L., Vats A., Tsai J.J., Chen P.L., Chien Y.W., Lo Y.C., Perng G.C. Cytokine Signature of Dengue Patients at Different Severity of the Disease. Int. J. Mol. Sci. 2021;22:2879. doi: 10.3390/ijms22062879.</Citation><ArticleIdList><ArticleId IdType="doi">10.3390/ijms22062879</ArticleId><ArticleId IdType="pmc">PMC7999441</ArticleId><ArticleId IdType="pubmed">33809042</ArticleId></ArticleIdList></Reference><Reference><Citation>Imad H.A., Phumratanaprapin W., Phonrat B., Chotivanich K., Charunwatthana P., Muangnoicharoen S., Khusmith S., Tantawichien T., Phadungsombat J., Nakayama E., et al. Cytokine Expression in Dengue Fever and Dengue Hemorrhagic Fever Patients with Bleeding and Severe Hepatitis. Am. J. Trop. Med. Hyg. 2020;102:943&#x2013;950. doi: 10.4269/ajtmh.19-0487.</Citation><ArticleIdList><ArticleId IdType="doi">10.4269/ajtmh.19-0487</ArticleId><ArticleId IdType="pmc">PMC7204576</ArticleId><ArticleId IdType="pubmed">32124729</ArticleId></ArticleIdList></Reference><Reference><Citation>Srikiatkhachorn A., Mathew A., Rothman A.L. Immune-mediated cytokine storm and its role in severe dengue. Semin. Immunopathol. 2017;39:563&#x2013;574. doi: 10.1007/s00281-017-0625-1.</Citation><ArticleIdList><ArticleId IdType="doi">10.1007/s00281-017-0625-1</ArticleId><ArticleId IdType="pmc">PMC5496927</ArticleId><ArticleId IdType="pubmed">28401256</ArticleId></ArticleIdList></Reference><Reference><Citation>Malavige G.N., Jeewandara C., Ogg G.S. Dysfunctional Innate Immune Responses and Severe Dengue. Front. Cell. Infect. Microbiol. 2020;10:590004. doi: 10.3389/fcimb.2020.590004.</Citation><ArticleIdList><ArticleId IdType="doi">10.3389/fcimb.2020.590004</ArticleId><ArticleId IdType="pmc">PMC7644808</ArticleId><ArticleId IdType="pubmed">33194836</ArticleId></ArticleIdList></Reference><Reference><Citation>Masood K.I., Jamil B., Rahim M., Islam M., Farhan M., Hasan Z. Role of TNF &#x3b1;, IL-6 and CXCL10 in Dengue disease severity. Iran. J. Microbiol. 2018;10:202&#x2013;207.</Citation><ArticleIdList><ArticleId IdType="pmc">PMC6087699</ArticleId><ArticleId IdType="pubmed">30112159</ArticleId></ArticleIdList></Reference><Reference><Citation>Tough D.F. Type I interferon as a link between innate and adaptive immunity through dendritic cell stimulation. Leuk Lymphoma. 2004;45:257&#x2013;264. doi: 10.1080/1042819031000149368.</Citation><ArticleIdList><ArticleId IdType="doi">10.1080/1042819031000149368</ArticleId><ArticleId IdType="pubmed">15101709</ArticleId></ArticleIdList></Reference><Reference><Citation>Castillo Ramirez J.A., Urcuqui-Inchima S. Dengue Virus Control of Type I IFN Responses: A History of Manipulation and Control. J. Interferon Cytokine Res. Off. J. Int. Soc. Interferon Cytokine Res. 2015;35:421&#x2013;430. doi: 10.1089/jir.2014.0129.</Citation><ArticleIdList><ArticleId IdType="doi">10.1089/jir.2014.0129</ArticleId><ArticleId IdType="pmc">PMC4490770</ArticleId><ArticleId IdType="pubmed">25629430</ArticleId></ArticleIdList></Reference><Reference><Citation>Upasani V., Scagnolari C., Frasca F., Smith N., Bondet V., Vanderlinden A., Lay S., Auerswald H., Heng S., Laurent D., et al. Decreased Type I Interferon Production by Plasmacytoid Dendritic Cells Contributes to Severe Dengue. Front. Immunol. 2020;11:605087. doi: 10.3389/fimmu.2020.605087.</Citation><ArticleIdList><ArticleId IdType="doi">10.3389/fimmu.2020.605087</ArticleId><ArticleId IdType="pmc">PMC7773824</ArticleId><ArticleId IdType="pubmed">33391269</ArticleId></ArticleIdList></Reference><Reference><Citation>World Health Organization . Dengue Guidelines for Diagnosis, Treatment, Prevention and Control: New Edition. World Health Organization; Geneva, Switzerland: 2009.</Citation><ArticleIdList><ArticleId IdType="pubmed">23762963</ArticleId></ArticleIdList></Reference><Reference><Citation>Paz-Bailey G., Adams L., Wong J.M., Poehling K.A., Chen W.H., McNally V., Atmar R.L., Waterman S.H. Dengue Vaccine: Recommendations of the Advisory Committee on Immunization Practices, United States, 2021. MMWR. Recomm. Rep. Morb. Mortal. Wkly. Report. Recomm. Rep. 2021;70:1&#x2013;16. doi: 10.15585/mmwr.rr7006a1.</Citation><ArticleIdList><ArticleId IdType="doi">10.15585/mmwr.rr7006a1</ArticleId><ArticleId IdType="pmc">PMC8694708</ArticleId><ArticleId IdType="pubmed">34978547</ArticleId></ArticleIdList></Reference><Reference><Citation>Sridhar S., Luedtke A., Langevin E., Zhu M., Bonaparte M., Machabert T., Savarino S., Zambrano B., Moureau A., Khromava A., et al. Effect of Dengue Serostatus on Dengue Vaccine Safety and Efficacy. N. Engl. J. Med. 2018;379:327&#x2013;340. doi: 10.1056/NEJMoa1800820.</Citation><ArticleIdList><ArticleId IdType="doi">10.1056/NEJMoa1800820</ArticleId><ArticleId IdType="pubmed">29897841</ArticleId></ArticleIdList></Reference><Reference><Citation>Halstead S.B. Dengvaxia sensitizes seronegatives to vaccine enhanced disease regardless of age. Vaccine. 2017;35:6355&#x2013;6358. doi: 10.1016/j.vaccine.2017.09.089.</Citation><ArticleIdList><ArticleId IdType="doi">10.1016/j.vaccine.2017.09.089</ArticleId><ArticleId IdType="pubmed">29029938</ArticleId></ArticleIdList></Reference><Reference><Citation>World Health Organization Dengue vaccines: WHO position paper&#x2014;September 2018. Wkly. Epidemiol. Rec. 2018;93:457&#x2013;476.</Citation></Reference><Reference><Citation>Troost B., Smit J.M. Recent advances in antiviral drug development towards dengue virus. Curr. Opin. Virol. 2020;43:9&#x2013;21. doi: 10.1016/j.coviro.2020.07.009.</Citation><ArticleIdList><ArticleId IdType="doi">10.1016/j.coviro.2020.07.009</ArticleId><ArticleId IdType="pubmed">32795907</ArticleId></ArticleIdList></Reference><Reference><Citation>Geethangili M., Tzeng Y.M. Review of Pharmacological Effects of Antrodia camphorata and Its Bioactive Compounds. Evid. -Based Complementary Altern. Med. ECAM. 2011;2011:212641. doi: 10.1093/ecam/nep108.</Citation><ArticleIdList><ArticleId IdType="doi">10.1093/ecam/nep108</ArticleId><ArticleId IdType="pmc">PMC3095428</ArticleId><ArticleId IdType="pubmed">19687189</ArticleId></ArticleIdList></Reference><Reference><Citation>Lu M.C., El-Shazly M., Wu T.Y., Du Y.C., Chang T.T., Chen C.F., Hsu Y.M., Lai K.H., Chiu C.P., Chang F.R., et al. Recent research and development of Antrodia cinnamomea. Pharmacol. Ther. 2013;139:124&#x2013;156. doi: 10.1016/j.pharmthera.2013.04.001.</Citation><ArticleIdList><ArticleId IdType="doi">10.1016/j.pharmthera.2013.04.001</ArticleId><ArticleId IdType="pubmed">23563277</ArticleId></ArticleIdList></Reference><Reference><Citation>Chang J.-S., Kuo H.-P., Chang K.L.B., Kong Z.-L. Apoptosis of hepatocellular carcinoma cells induced by nanoencapsulated polysaccharides extracted from Antrodia camphorata. PLoS ONE. 2015;10:e0136782. doi: 10.1371/journal.pone.0136782.</Citation><ArticleIdList><ArticleId IdType="doi">10.1371/journal.pone.0136782</ArticleId><ArticleId IdType="pmc">PMC4556685</ArticleId><ArticleId IdType="pubmed">26327534</ArticleId></ArticleIdList></Reference><Reference><Citation>Yi Z., Liu X., Liang L., Wang G., Xiong Z., Zhang H., Song X., Ai L., Xia Y. Antrodin A from Antrodia camphorata modulates the gut microbiome and liver metabolome in mice exposed to acute alcohol intake. Food Funct. 2021;12:2925&#x2013;2937. doi: 10.1039/D0FO03345F.</Citation><ArticleIdList><ArticleId IdType="doi">10.1039/D0FO03345F</ArticleId><ArticleId IdType="pubmed">33720247</ArticleId></ArticleIdList></Reference><Reference><Citation>Lien H.-M., Kuo P.-T., Huang C.-L., Kao J.-Y., Lin H., Yang D.-Y., Lai Y.-Y. Study of the Anti-Proliferative Activity of 5-Substituted 4,7-Dimethoxy-1,3-Benzodioxole Derivatives of SY-1 from Antrodia camphorata on Human COLO 205 Colon Cancer Cells. Evid. -Based Complementary Altern. Med. Ecam. 2011;2011:450529. doi: 10.1093/ecam/nep230.</Citation><ArticleIdList><ArticleId IdType="doi">10.1093/ecam/nep230</ArticleId><ArticleId IdType="pmc">PMC3138483</ArticleId><ArticleId IdType="pubmed">21785624</ArticleId></ArticleIdList></Reference><Reference><Citation>Chen H.-Y., Cheng K.-C., Wang H.-T., Hsieh C.-W., Lai Y.-J. Extracts of Antrodia cinnamomea mycelium as a highly potent tyrosinase inhibitor. J. Cosmet. Dermatol. 2021;20:2341&#x2013;2349. doi: 10.1111/jocd.13847.</Citation><ArticleIdList><ArticleId IdType="doi">10.1111/jocd.13847</ArticleId><ArticleId IdType="pubmed">33200469</ArticleId></ArticleIdList></Reference><Reference><Citation>Senthil Kumar K.J., Gokila Vani M., Hsieh H.-W., Lin C.-C., Wang S.-Y. Antcins from Antrodia cinnamomea and Antrodia salmonea Inhibit Angiotensin-Converting Enzyme 2 (ACE2) in Epithelial Cells: Can Be Potential Candidates for the Development of SARS-CoV-2 Prophylactic Agents. Plants. 2021;10:1736. doi: 10.3390/plants10081736.</Citation><ArticleIdList><ArticleId IdType="doi">10.3390/plants10081736</ArticleId><ArticleId IdType="pmc">PMC8399673</ArticleId><ArticleId IdType="pubmed">34451782</ArticleId></ArticleIdList></Reference><Reference><Citation>Lee I.H., Huang R.L., Chen C.T., Chen H.C., Hsu W.C., Lu M.K. Antrodia camphorata polysaccharides exhibit anti-hepatitis B virus effects. FEMS Microbiol. Lett. 2002;209:63&#x2013;67. doi: 10.1111/j.1574-6968.2002.tb11110.x.</Citation><ArticleIdList><ArticleId IdType="doi">10.1111/j.1574-6968.2002.tb11110.x</ArticleId><ArticleId IdType="pubmed">0</ArticleId></ArticleIdList></Reference><Reference><Citation>Tsai T.-C., Tung Y.-T., Kuo Y.-H., Liao J.-W., Tsai H.-C., Chong K.-Y., Chen H.-L., Chen C.-M. Anti-inflammatory effects of Antrodia camphorata, a herbal medicine, in a mouse skin ischemia model. J. Ethnopharmacol. 2015;159:113&#x2013;121. doi: 10.1016/j.jep.2014.11.015.</Citation><ArticleIdList><ArticleId IdType="doi">10.1016/j.jep.2014.11.015</ArticleId><ArticleId IdType="pubmed">25449461</ArticleId></ArticleIdList></Reference><Reference><Citation>Ganesan N., Baskaran R., Velmurugan B.K., Thanh N.C. Antrodia cinnamomea&#x2014;An updated minireview of its bioactive components and biological activity. J. Food Biochem. 2019;43:e12936. doi: 10.1111/jfbc.12936.</Citation><ArticleIdList><ArticleId IdType="doi">10.1111/jfbc.12936</ArticleId><ArticleId IdType="pubmed">31368557</ArticleId></ArticleIdList></Reference><Reference><Citation>Chen Y.Y., Liu F.C., Wu T.S., Sheu M.J. Antrodia cinnamomea Inhibits Migration in Human Hepatocellular Carcinoma Cells: The Role of ERp57 and PGK-1. Am. J. Chin. Med. 2015;43:1671&#x2013;1696. doi: 10.1142/S0192415X15500950.</Citation><ArticleIdList><ArticleId IdType="doi">10.1142/S0192415X15500950</ArticleId><ArticleId IdType="pubmed">26621448</ArticleId></ArticleIdList></Reference><Reference><Citation>Wang J.J., Wu C.C., Lee C.L., Hsieh S.L., Chen J.B., Lee C.I. Antimelanogenic, Antioxidant and Antiproliferative Effects of Antrodia camphorata Fruiting Bodies on B16-F0 Melanoma Cells. PLoS ONE. 2017;12:e0170924. doi: 10.1371/journal.pone.0170924.</Citation><ArticleIdList><ArticleId IdType="doi">10.1371/journal.pone.0170924</ArticleId><ArticleId IdType="pmc">PMC5268406</ArticleId><ArticleId IdType="pubmed">28125738</ArticleId></ArticleIdList></Reference><Reference><Citation>Kuo Y.H., Lin C.H., Shih C.C. Dehydroeburicoic Acid from Antrodia camphorata Prevents the Diabetic and Dyslipidemic State via Modulation of Glucose Transporter 4, Peroxisome Proliferator-Activated Receptor &#x3b1; Expression and AMP-Activated Protein Kinase Phosphorylation in High-Fat-Fed Mice. Int. J. Mol. Sci. 2016;17:872. doi: 10.3390/ijms17060872.</Citation><ArticleIdList><ArticleId IdType="doi">10.3390/ijms17060872</ArticleId><ArticleId IdType="pmc">PMC4926406</ArticleId><ArticleId IdType="pubmed">27271603</ArticleId></ArticleIdList></Reference><Reference><Citation>Shen Y.C., Wang Y.H., Chou Y.C., Chen C.F., Lin L.C., Chang T.T., Tien J.H., Chou C.J. Evaluation of the anti-inflammatory activity of zhankuic acids isolated from the fruiting bodies of Antrodia camphorata. Planta Med. 2004;70:310&#x2013;314. doi: 10.1055/s-2004-818941.</Citation><ArticleIdList><ArticleId IdType="doi">10.1055/s-2004-818941</ArticleId><ArticleId IdType="pubmed">15095145</ArticleId></ArticleIdList></Reference><Reference><Citation>Lin M.K., Lee M.S., Chang W.T., Chen H.Y., Chen J.F., Li Y.R., Lin C.C., Wu T.S. Immunosuppressive effect of zhankuic acid C from Taiwanofungus camphoratus on dendritic cell activation and the contact hypersensitivity response. Bioorganic Med. Chem. Lett. 2015;25:4637&#x2013;4641. doi: 10.1016/j.bmcl.2015.08.038.</Citation><ArticleIdList><ArticleId IdType="doi">10.1016/j.bmcl.2015.08.038</ArticleId><ArticleId IdType="pubmed">26338360</ArticleId></ArticleIdList></Reference><Reference><Citation>Shie P.H., Wang S.Y., Lay H.L., Huang G.J. 4,7-Dimethoxy-5-methyl-1,3-benzodioxole from Antrodia camphorata inhibits LPS-induced inflammation via suppression of NF-&#x3ba;B and induction HO-1 in RAW264.7 cells. Int. Immunopharmacol. 2016;31:186&#x2013;194. doi: 10.1016/j.intimp.2015.12.030.</Citation><ArticleIdList><ArticleId IdType="doi">10.1016/j.intimp.2015.12.030</ArticleId><ArticleId IdType="pubmed">26745712</ArticleId></ArticleIdList></Reference><Reference><Citation>Wu K.-H., Lee W.-J., Cheng T.-C., Chang H.-W., Chen L.-C., Chen C.-C., Lien H.-M., Lin T.-N., Ho Y.-S. Study of the antitumor mechanisms of apiole derivatives (AP-02) from Petroselinum crispum through induction of G0/G1 phase cell cycle arrest in human COLO 205 cancer cells. BMC Complementary Altern. Med. 2019;19:188. doi: 10.1186/s12906-019-2590-9.</Citation><ArticleIdList><ArticleId IdType="doi">10.1186/s12906-019-2590-9</ArticleId><ArticleId IdType="pmc">PMC6660667</ArticleId><ArticleId IdType="pubmed">31351461</ArticleId></ArticleIdList></Reference><Reference><Citation>Bierman H.R., Nelson E.R. Hematodepressive Virus Diseases of Thailand. Ann. Intern. Med. 1965;62:867&#x2013;884. doi: 10.7326/0003-4819-62-5-867.</Citation><ArticleIdList><ArticleId IdType="doi">10.7326/0003-4819-62-5-867</ArticleId><ArticleId IdType="pubmed">14283387</ArticleId></ArticleIdList></Reference><Reference><Citation>Oliveira E.C., Pontes E.R., Cunha R.V., Fr&#xf3;es I.B., Nascimento D. Hematological abnormalities in patients with dengue. Rev. Soc. Bras. Med. Trop. 2009;42:682&#x2013;685. doi: 10.1590/S0037-86822009000600014.</Citation><ArticleIdList><ArticleId IdType="doi">10.1590/S0037-86822009000600014</ArticleId><ArticleId IdType="pubmed">20209355</ArticleId></ArticleIdList></Reference><Reference><Citation>Tsai J.-J., Liu L.-T., Chang K., Wang S.-H., Hsiao H.-M., Clark K.B., Perng G.C. The importance of hematopoietic progenitor cells in dengue. Ther. Adv. Hematol. 2012;3:59&#x2013;71. doi: 10.1177/2040620711417660.</Citation><ArticleIdList><ArticleId IdType="doi">10.1177/2040620711417660</ArticleId><ArticleId IdType="pmc">PMC3573426</ArticleId><ArticleId IdType="pubmed">23556112</ArticleId></ArticleIdList></Reference><Reference><Citation>Basu A., Jain P., Gangodkar S.V., Shetty S., Ghosh K. Dengue 2 virus inhibits in vitro megakaryocytic colony formation and induces apoptosis in thrombopoietin-inducible megakaryocytic differentiation from cord blood CD34+ cells. FEMS Immunol. Med. Microbiol. 2008;53:46&#x2013;51. doi: 10.1111/j.1574-695X.2008.00399.x.</Citation><ArticleIdList><ArticleId IdType="doi">10.1111/j.1574-695X.2008.00399.x</ArticleId><ArticleId IdType="pubmed">18371071</ArticleId></ArticleIdList></Reference><Reference><Citation>Hsu A.Y., Wu S.R., Tsai J.J., Chen P.L., Chen Y.P., Chen T.Y., Lo Y.C., Ho T.C., Lee M., Chen M.T., et al. Infectious dengue vesicles derived from CD61+ cells in acute patient plasma exhibited a diaphanous appearance. Sci. Rep. 2015;5:17990. doi: 10.1038/srep17990.</Citation><ArticleIdList><ArticleId IdType="doi">10.1038/srep17990</ArticleId><ArticleId IdType="pmc">PMC4675971</ArticleId><ArticleId IdType="pubmed">26657027</ArticleId></ArticleIdList></Reference><Reference><Citation>Nakao S., Lai C.J., Young N.S. Dengue virus, a flavivirus, propagates in human bone marrow progenitors and hematopoietic cell lines. Blood. 1989;74:1235&#x2013;1240. doi: 10.1182/blood.V74.4.1235.bloodjournal7441235.</Citation><ArticleIdList><ArticleId IdType="doi">10.1182/blood.V74.4.1235.bloodjournal7441235</ArticleId><ArticleId IdType="pubmed">2765663</ArticleId></ArticleIdList></Reference><Reference><Citation>Clark K.B., Noisakran S., Onlamoon N., Hsiao H.-M., Roback J., Villinger F., Ansari A.A., Perng G.C. Multiploid CD61+ cells are the pre-dominant cell lineage infected during acute dengue virus infection in bone marrow. PLoS ONE. 2012;7:e52902. doi: 10.1371/journal.pone.0052902.</Citation><ArticleIdList><ArticleId IdType="doi">10.1371/journal.pone.0052902</ArticleId><ArticleId IdType="pmc">PMC3531377</ArticleId><ArticleId IdType="pubmed">23300812</ArticleId></ArticleIdList></Reference><Reference><Citation>Ogura M., Morishima Y., Ohno R., Kato Y., Hirabayashi N., Nagura H., Saito H. Establishment of a novel human megakaryoblastic leukemia cell line, MEG-01, with positive Philadelphia chromosome. Blood. 1985;66:1384&#x2013;1392. doi: 10.1182/blood.V66.6.1384.1384.</Citation><ArticleIdList><ArticleId IdType="doi">10.1182/blood.V66.6.1384.1384</ArticleId><ArticleId IdType="pubmed">2998511</ArticleId></ArticleIdList></Reference><Reference><Citation>Hausheer F.H., Kochat H., Parker A.R., Ding D., Yao S., Hamilton S.E., Petluru P.N., Leverett B.D., Bain S.H., Saxe J.D. New approaches to drug discovery and development: A mechanism-based approach to pharmaceutical research and its application to BNP7787, a novel chemoprotective agent. Cancer Chemother Pharm. 2003;52((Suppl. 1)):S3&#x2013;S15. doi: 10.1007/s00280-003-0653-5.</Citation><ArticleIdList><ArticleId IdType="doi">10.1007/s00280-003-0653-5</ArticleId><ArticleId IdType="pubmed">12819940</ArticleId></ArticleIdList></Reference><Reference><Citation>Baker D.D., Chu M., Oza U., Rajgarhia V. The value of natural products to future pharmaceutical discovery. Nat. Prod. Rep. 2007;24:1225&#x2013;1244. doi: 10.1039/b602241n.</Citation><ArticleIdList><ArticleId IdType="doi">10.1039/b602241n</ArticleId><ArticleId IdType="pubmed">18033577</ArticleId></ArticleIdList></Reference><Reference><Citation>Li J.W., Vederas J.C. Drug discovery and natural products: End of an era or an endless frontier? Science. 2009;325:161&#x2013;165. doi: 10.1126/science.1168243.</Citation><ArticleIdList><ArticleId IdType="doi">10.1126/science.1168243</ArticleId><ArticleId IdType="pubmed">19589993</ArticleId></ArticleIdList></Reference><Reference><Citation>Nowak A., Kojder K., Zielonka-Brzezicka J., Wr&#xf3;bel J., Bosiacki M., Fabia&#x144;ska M., Wr&#xf3;bel M., So&#x142;ek-Pastuszka J., Klimowicz A. The Use of Ginkgo Biloba, L. as a Neuroprotective Agent in the Alzheimer&#x2019;s Disease. Front. Pharmacol. 2021;12:775034. doi: 10.3389/fphar.2021.775034.</Citation><ArticleIdList><ArticleId IdType="doi">10.3389/fphar.2021.775034</ArticleId><ArticleId IdType="pmc">PMC8599153</ArticleId><ArticleId IdType="pubmed">34803717</ArticleId></ArticleIdList></Reference><Reference><Citation>Zheng E.X., Navarro V.J. Liver Injury from Herbal, Dietary, and Weight Loss Supplements: A Review. J. Clin. Transl. Hepatol. 2015;3:93&#x2013;98. doi: 10.14218/JCTH.2015.00006.</Citation><ArticleIdList><ArticleId IdType="doi">10.14218/JCTH.2015.00006</ArticleId><ArticleId IdType="pmc">PMC4548352</ArticleId><ArticleId IdType="pubmed">26357638</ArticleId></ArticleIdList></Reference><Reference><Citation>Alostad A.H., Steinke D.T., Schafheutle E.I. International Comparison of Five Herbal Medicine Registration Systems to Inform Regulation Development: United Kingdom, Germany, United States of America, United Arab Emirates and Kingdom of Bahrain. Pharmaceut. Med. 2018;32:39&#x2013;49. doi: 10.1007/s40290-018-0223-0.</Citation><ArticleIdList><ArticleId IdType="doi">10.1007/s40290-018-0223-0</ArticleId><ArticleId IdType="pmc">PMC5801395</ArticleId><ArticleId IdType="pubmed">29456449</ArticleId></ArticleIdList></Reference><Reference><Citation>World Health Organization . Programme on Traditional, M. WHO Traditional Medicine Strategy 2002&#x2013;2005. World Health Organization; Geneva, Switzerland: 2002.</Citation></Reference><Reference><Citation>Wang H.-C., Chu F.-H., Chien S.-C., Liao J.-W., Hsieh H.-W., Li W.-H., Lin C.-C., Shaw J.-F., Kuo Y.-H., Wang S.-Y. Establishment of the Metabolite Profile for an Antrodia cinnamomea Health Food Product and Investigation of Its Chemoprevention Activity. J. Agric. Food Chem. 2013;61:8556&#x2013;8564. doi: 10.1021/jf402849b.</Citation><ArticleIdList><ArticleId IdType="doi">10.1021/jf402849b</ArticleId><ArticleId IdType="pubmed">23957814</ArticleId></ArticleIdList></Reference><Reference><Citation>Lin C.-C., Kumar K.J.S., Liao J.-W., Kuo Y.-H., Wang S.-Y. Genotoxic, teratotoxic and oral toxic assessments of Antrodia cinnamomea health food product (Leader Deluxe Antrodia cinnamomea&#xae;) Toxicol. Rep. 2015;2:1409&#x2013;1417. doi: 10.1016/j.toxrep.2015.10.007.</Citation><ArticleIdList><ArticleId IdType="doi">10.1016/j.toxrep.2015.10.007</ArticleId><ArticleId IdType="pmc">PMC5598227</ArticleId><ArticleId IdType="pubmed">28962482</ArticleId></ArticleIdList></Reference><Reference><Citation>Diamond M.S., Zachariah M., Harris E. Mycophenolic Acid Inhibits Dengue Virus Infection by Preventing Replication of Viral RNA. Virology. 2002;304:211&#x2013;221. doi: 10.1006/viro.2002.1685.</Citation><ArticleIdList><ArticleId IdType="doi">10.1006/viro.2002.1685</ArticleId><ArticleId IdType="pubmed">12504563</ArticleId></ArticleIdList></Reference><Reference><Citation>Russell P.K., Nisalak A., Sukhavachana P., Vivona S. A plaque reduction test for dengue virus neutralizing antibodies. J. Immunol. 1967;99:285&#x2013;290.</Citation><ArticleIdList><ArticleId IdType="pubmed">6031202</ArticleId></ArticleIdList></Reference><Reference><Citation>Chen C.-H., Yang S.-W., Shen Y.-C. New Steroid Acids from Antrodia cinnamomea, a Fungal Parasite of Cinnamomum micranthum. J. Nat. Prod. 1995;58:1655&#x2013;1661. doi: 10.1021/np50125a002.</Citation><ArticleIdList><ArticleId IdType="doi">10.1021/np50125a002</ArticleId><ArticleId IdType="pubmed">8594142</ArticleId></ArticleIdList></Reference><Reference><Citation>Hung-Chen C., De-Peng W., Cherng I.W., Chuen-Her U. A sesquiterpene lactone, phenyl and biphenyl compounds from Antrodia cinnamomea. Phytochemistry. 1995;39:613&#x2013;616. doi: 10.1016/0031-9422(95)00025-3.</Citation><ArticleIdList><ArticleId IdType="doi">10.1016/0031-9422(95)00025-3</ArticleId></ArticleIdList></Reference><Reference><Citation>Yang S.-W., Shen Y.-C., Chen C.-H. Steroids and triterpenoids of Antodia cinnamomea&#x2014;A fungus parasitic on Cinnamomum micranthum. Phytochemistry. 1996;41:1389&#x2013;1392. doi: 10.1016/0031-9422(95)00767-9.</Citation><ArticleIdList><ArticleId IdType="doi">10.1016/0031-9422(95)00767-9</ArticleId></ArticleIdList></Reference><Reference><Citation>Shen C.-C., Kuo Y.-C., Huang R.-L., Lin L.-C., Don M.-J., Chang T.-T., Chou C.-J. New Ergostane and Lanostane from Antrodia Camphorata. J. Chin. Med. 2003;14:247&#x2013;258. doi: 10.1142/S0192415X03000886.</Citation><ArticleIdList><ArticleId IdType="doi">10.1142/S0192415X03000886</ArticleId><ArticleId IdType="pubmed">0</ArticleId></ArticleIdList></Reference><Reference><Citation>Agassi S.F.T., Yeh T.M., Chang C.D., Hsu J.L., Shih W.L. Potentiation of Differentiation and Apoptosis in a Human Promyelocytic Leukemia Cell Line by Garlic Essential Oil and Its Organosulfur Compounds. Anticancer. Res. 2020;40:6345&#x2013;6354. doi: 10.21873/anticanres.14655.</Citation><ArticleIdList><ArticleId IdType="doi">10.21873/anticanres.14655</ArticleId><ArticleId IdType="pubmed">33109572</ArticleId></ArticleIdList></Reference><Reference><Citation>Leneva I., Kartashova N., Poromov A., Gracheva A., Korchevaya E., Glubokova E., Borisova O., Shtro A., Loginova S., Shchukina V., et al. Antiviral Activity of Umifenovir In Vitro against a Broad Spectrum of Coronaviruses, Including the Novel SARS-CoV-2 Virus. Viruses. 2021;13:1665. doi: 10.3390/v13081665.</Citation><ArticleIdList><ArticleId IdType="doi">10.3390/v13081665</ArticleId><ArticleId IdType="pmc">PMC8402645</ArticleId><ArticleId IdType="pubmed">34452529</ArticleId></ArticleIdList></Reference><Reference><Citation>Theerawatanasirikul S., Lueangaramkul V., Thangthamniyom N., Chankeeree P., Semkum P., Lekcharoensuk P. Andrographolide and Deoxyandrographolide Inhibit Protease and IFN-Antagonist Activities of Foot-and-Mouth Disease Virus 3C(pro) Animals. 2022;12:1995. doi: 10.3390/ani12151995.</Citation><ArticleIdList><ArticleId IdType="doi">10.3390/ani12151995</ArticleId><ArticleId IdType="pmc">PMC9367459</ArticleId><ArticleId IdType="pubmed">35953984</ArticleId></ArticleIdList></Reference></ReferenceList></PubmedData></PubmedArticle></PubmedArticleSet>