<?xml version="1.0" ?>
<!DOCTYPE PubmedArticleSet PUBLIC "-//NLM//DTD PubMedArticle, 1st January 2023//EN" "https://dtd.nlm.nih.gov/ncbi/pubmed/out/pubmed_230101.dtd">
<PubmedArticleSet>
<PubmedArticle><MedlineCitation Status="Publisher" Owner="NLM"><PMID Version="1">36248678</PMID><DateRevised><Year>2023</Year><Month>03</Month><Day>28</Day></DateRevised><Article PubModel="Print-Electronic"><Journal><ISSN IssnType="Print">0143-2087</ISSN><JournalIssue CitedMedium="Print"><PubDate><Year>2022</Year><Month>Sep</Month><Day>30</Day></PubDate></JournalIssue><Title>Optimal control applications &amp; methods</Title><ISOAbbreviation>Optim Control Appl Methods</ISOAbbreviation></Journal><ArticleTitle>An optimal control model for COVID-19, zika, dengue, and chikungunya co-dynamics with reinfection.</ArticleTitle><ELocationID EIdType="doi" ValidYN="Y">10.1002/oca.2936</ELocationID><Abstract><AbstractText>The co-circulation of different emerging viral diseases is a big challenge from an epidemiological point of view. The similarity of symptoms, cases of virus co-infection, and cross-reaction can mislead in the diagnosis of the disease. In this article, a new mathematical model for COVID-19, zika, chikungunya, and dengue co-dynamics is developed and studied to assess the impact of COVID-19 on zika, dengue, and chikungunya dynamics and vice-versa. The local and global stability analyses are carried out. The model is shown to undergo a backward bifurcation under a certain condition. Global sensitivity analysis is also performed on the parameters of the model to determine the most dominant parameters. If the zika-related reproduction number <mml:math xmlns:mml="http://www.w3.org/1998/Math/MathML"> <mml:mrow> <mml:mrow> <mml:msub><mml:mrow><mml:mi>&#x211b;</mml:mi></mml:mrow> <mml:mrow><mml:mtext>0Z</mml:mtext></mml:mrow> </mml:msub> </mml:mrow> </mml:mrow> </mml:math> is used as the response function, then important parameters are: the effective contact rate for vector-to-human transmission of zika ( <mml:math xmlns:mml="http://www.w3.org/1998/Math/MathML"> <mml:mrow> <mml:mrow> <mml:msubsup><mml:mrow><mml:mi>&#x3b2;</mml:mi></mml:mrow> <mml:mrow><mml:mn>2</mml:mn></mml:mrow> <mml:mrow><mml:mi>h</mml:mi></mml:mrow> </mml:msubsup> </mml:mrow> </mml:mrow> </mml:math> , which is positively correlated), the human natural death rate ( <mml:math xmlns:mml="http://www.w3.org/1998/Math/MathML"> <mml:mrow> <mml:mrow> <mml:msup><mml:mrow><mml:mi>&#x3d1;</mml:mi></mml:mrow> <mml:mrow><mml:mi>h</mml:mi></mml:mrow> </mml:msup> </mml:mrow> </mml:mrow> </mml:math> , positively correlated), and the vector recruitment rate ( <mml:math xmlns:mml="http://www.w3.org/1998/Math/MathML"> <mml:mrow> <mml:mrow> <mml:msup><mml:mrow><mml:mi>&#x3a8;</mml:mi></mml:mrow> <mml:mrow><mml:mi>v</mml:mi></mml:mrow> </mml:msup> </mml:mrow> </mml:mrow> </mml:math> , also positively correlated). In addition, using the class of individuals co-infected with COVID-19 and zika ( <mml:math xmlns:mml="http://www.w3.org/1998/Math/MathML"> <mml:mrow> <mml:mrow> <mml:msubsup><mml:mrow><mml:mi>&#x2110;</mml:mi></mml:mrow> <mml:mrow><mml:mtext>CZ</mml:mtext></mml:mrow> <mml:mrow><mml:mi>h</mml:mi></mml:mrow> </mml:msubsup> </mml:mrow> </mml:mrow> </mml:math> ) as response function, the most dominant parameters are: the effective contact rate for COVID-19 transmission ( <mml:math xmlns:mml="http://www.w3.org/1998/Math/MathML"> <mml:mrow> <mml:mrow> <mml:msub><mml:mrow><mml:mi>&#x3b2;</mml:mi></mml:mrow> <mml:mrow><mml:mn>1</mml:mn></mml:mrow> </mml:msub> </mml:mrow> </mml:mrow> </mml:math> , positively correlated), the effective contact rate for vector-to-human transmission of zika ( <mml:math xmlns:mml="http://www.w3.org/1998/Math/MathML"> <mml:mrow> <mml:mrow> <mml:msubsup><mml:mrow><mml:mi>&#x3b2;</mml:mi></mml:mrow> <mml:mrow><mml:mn>2</mml:mn></mml:mrow> <mml:mrow><mml:mi>h</mml:mi></mml:mrow> </mml:msubsup> </mml:mrow> </mml:mrow> </mml:math> , positively correlated). To control the co-circulation of all the diseases adequately under an endemic setting, time dependent controls in the form of COVID-19, zika, dengue, and chikungunya preventions are incorporated into the model and analyzed using the Pontryagin's principle. The model is fitted to real COVID-19, zika, dengue, and chikungunya datasets for Espirito Santo (a city with the co-circulation of all the diseases), in Brazil and projections made for the cumulative cases of each of the diseases. Through simulations, it is shown that COVID-19 prevention could greatly reduce the burden of co-infections with zika, dengue, and chikungunya. The negative impact of the COVID-19 pandemic on the control of the arbovirus diseases is also highlighted. Furthermore, it is observed that prevention controls for zika, dengue, and chikungunya can significantly reduce the burden of co-infections with COVID-19.</AbstractText><CopyrightInformation>&#xa9; 2022 John Wiley &amp; Sons Ltd.</CopyrightInformation></Abstract><AuthorList CompleteYN="Y"><Author ValidYN="Y"><LastName>Omame</LastName><ForeName>Andrew</ForeName><Initials>A</Initials><Identifier Source="ORCID">0000-0002-1252-1650</Identifier><AffiliationInfo><Affiliation>Department of Mathematics Federal University of Technology Owerri Nigeria.</Affiliation></AffiliationInfo><AffiliationInfo><Affiliation>Abdus Salam School of Mathematical Sciences Government College University Lahore Pakistan.</Affiliation></AffiliationInfo></Author><Author ValidYN="Y"><LastName>Isah</LastName><ForeName>Mary Ele</ForeName><Initials>ME</Initials><AffiliationInfo><Affiliation>Abdus Salam School of Mathematical Sciences Government College University Lahore Pakistan.</Affiliation></AffiliationInfo></Author><Author ValidYN="Y"><LastName>Abbas</LastName><ForeName>Mujahid</ForeName><Initials>M</Initials><AffiliationInfo><Affiliation>Department of Mathematics Government College University Lahore Pakistan.</Affiliation></AffiliationInfo><AffiliationInfo><Affiliation>Department of Medical Research, China Medical University Hospital China Medical University Taichung Taiwan.</Affiliation></AffiliationInfo></Author></AuthorList><Language>eng</Language><PublicationTypeList><PublicationType UI="D016428">Journal Article</PublicationType></PublicationTypeList><ArticleDate DateType="Electronic"><Year>2022</Year><Month>09</Month><Day>30</Day></ArticleDate></Article><MedlineJournalInfo><Country>England</Country><MedlineTA>Optim Control Appl Methods</MedlineTA><NlmUniqueID>101537768</NlmUniqueID><ISSNLinking>0143-2087</ISSNLinking></MedlineJournalInfo><KeywordList Owner="NOTNLM"><Keyword MajorTopicYN="N">COVID&#x2010;19</Keyword><Keyword MajorTopicYN="N">chikungunya</Keyword><Keyword MajorTopicYN="N">co&#x2010;infection</Keyword><Keyword MajorTopicYN="N">dengue</Keyword><Keyword MajorTopicYN="N">optimal control</Keyword><Keyword MajorTopicYN="N">zika</Keyword></KeywordList></MedlineCitation><PubmedData><History><PubMedPubDate PubStatus="received"><Year>2022</Year><Month>2</Month><Day>10</Day></PubMedPubDate><PubMedPubDate PubStatus="revised"><Year>2022</Year><Month>8</Month><Day>1</Day></PubMedPubDate><PubMedPubDate PubStatus="accepted"><Year>2022</Year><Month>8</Month><Day>4</Day></PubMedPubDate><PubMedPubDate PubStatus="entrez"><Year>2022</Year><Month>10</Month><Day>17</Day><Hour>5</Hour><Minute>10</Minute></PubMedPubDate><PubMedPubDate PubStatus="pubmed"><Year>2022</Year><Month>10</Month><Day>18</Day><Hour>6</Hour><Minute>0</Minute></PubMedPubDate><PubMedPubDate PubStatus="medline"><Year>2022</Year><Month>10</Month><Day>18</Day><Hour>6</Hour><Minute>0</Minute></PubMedPubDate></History><PublicationStatus>aheadofprint</PublicationStatus><ArticleIdList><ArticleId IdType="pubmed">36248678</ArticleId><ArticleId IdType="pmc">PMC9538730</ArticleId><ArticleId IdType="doi">10.1002/oca.2936</ArticleId><ArticleId IdType="pii">OCA2936</ArticleId></ArticleIdList><ReferenceList><Reference><Citation>Vicente CR, da Silva TCC, Pereira LDA, Miranda AE. Impact of concurrent epidemics of dengue, Chikungunya, Zika, and COVID&#x2010;19. J Braz Soc Trop Med. 2021;54:e0837&#x2010;e2020. doi:10.1590/0037-8682-0837-2020</Citation><ArticleIdList><ArticleId IdType="doi">10.1590/0037-8682-0837-2020</ArticleId><ArticleId IdType="pmc">PMC8008862</ArticleId><ArticleId IdType="pubmed">33656154</ArticleId></ArticleIdList></Reference><Reference><Citation>Ribeiro VST, Telles JP, Tuon FF. Arboviral diseases and COVID&#x2010;19 in Brazil: concerns regarding climatic, sanitation, and endemic scenario. J Med Virol. 2020;92(11):2390&#x2010;2391.</Citation><ArticleIdList><ArticleId IdType="pmc">PMC7283674</ArticleId><ArticleId IdType="pubmed">32462677</ArticleId></ArticleIdList></Reference><Reference><Citation>Wilder&#x2010;Smith A, Tissera H, Ooi EE, Coloma J, Scott TW, Gubler DJ. Preventing dengue epidemics during the COVID&#x2010;19 pandemic. Am J Trop Med Hyg. 2020;103(2):570&#x2010;571.</Citation><ArticleIdList><ArticleId IdType="pmc">PMC7410414</ArticleId><ArticleId IdType="pubmed">32539912</ArticleId></ArticleIdList></Reference><Reference><Citation>do Ros&#xe1;rio MS, de Siqueira IC. Concerns about COVID&#x2010;19 and Arboviral (Chikungunya, Dengue, Zika) concurrent outbreaks. Braz J Infect Dis. 2020;24(6):583&#x2010;584.</Citation><ArticleIdList><ArticleId IdType="pmc">PMC7486873</ArticleId><ArticleId IdType="pubmed">32941807</ArticleId></ArticleIdList></Reference><Reference><Citation>Lorenz C, Azevedo TS, Chiaravalloti&#x2010;Neto F. COVID&#x2010;19 and dengue fever: a dangerous combination for the health system in Brazil. Travel Med Infect Dis. 2020;35:101659. doi:10.1016/j.tmaid.2020.101659</Citation><ArticleIdList><ArticleId IdType="doi">10.1016/j.tmaid.2020.101659</ArticleId><ArticleId IdType="pmc">PMC7144614</ArticleId><ArticleId IdType="pubmed">32278756</ArticleId></ArticleIdList></Reference><Reference><Citation>Brito A, Machado L, Siconelli M, et al. MedRxiv; 2020. 10.1101/2020.08.10.20172247</Citation><ArticleIdList><ArticleId IdType="doi">10.1101/2020.08.10.20172247</ArticleId></ArticleIdList></Reference><Reference><Citation>
Ministerio da Saude
. Monitoramento dos casos de arboviroses urbanas transmitidas pelo Aedes Aegypti (dengue, chikungunya e zika). Semanas Epidemiol. 2020;51:1&#x2010;39. https://www.gov.br/saude/ptbr/media/pdf/2020/outubro/23/boletim_epidemiologico_svs_41. Accessed May 3, 2022.</Citation></Reference><Reference><Citation>MS/SVS . Monitoramento Dos Casos de Arboviroses Urbanas Transmitidas Pelo Aedes Aegypti (Dengue, Chikungunya e Zika). Semanas Epidemiol. 2020;51:1&#x2010;26.</Citation></Reference><Reference><Citation>Rodriguez&#x2010;Morales AJ, Gallego V, Escalera&#x2010;Antezana JP, et al. COVID&#x2010;19 in Latin America: the implications of the first confirmed case in Brazil. Travel Med Infect Dis. 2020;35:101613. doi:10.1016/j.tmaid.2020.101613</Citation><ArticleIdList><ArticleId IdType="doi">10.1016/j.tmaid.2020.101613</ArticleId><ArticleId IdType="pmc">PMC7129040</ArticleId><ArticleId IdType="pubmed">32126292</ArticleId></ArticleIdList></Reference><Reference><Citation>
COVID&#x2010;19: massive impact on lower&#x2010;income countries threatens more disease outbreaks Gavi, the Vaccine Alliance; 2021. gavi.org/news/media&#x2010;room/covid&#x2010;19&#x2010;massive&#x2010;impact&#x2010;lower&#x2010;income&#x2010;countries&#x2010;threatens&#x2010;more&#x2010;disease&#x2010;outbreaks. Accessed 7 April 2022.</Citation></Reference><Reference><Citation>
Impact of COVID&#x2010;19 on vaccine supplies. UNICEF Supply Division; 2020. https://www.unicef.org/supply/stories/impact&#x2010;covid&#x2010;19&#x2010;vaccine&#x2010;supplies. Accessed 7 April 2022.</Citation></Reference><Reference><Citation>da Silva SJR, de Magalhaes JJF, Pena L. Simultaneous circulation of DENV, CHIKV, ZIKV and SARS&#x2010;CoV&#x2010;2 in Brazil: an inconvenient truth. One Health. 2021;12:100205.</Citation><ArticleIdList><ArticleId IdType="pmc">PMC7758547</ArticleId><ArticleId IdType="pubmed">33376769</ArticleId></ArticleIdList></Reference><Reference><Citation>Nunez&#x2010;Avellaneda D, Villagomez FR, Villegas&#x2010;Pineda JC, et al. Evidence of coinfections between SARS&#x2010;CoV&#x2010;2 and select arboviruses in Guerrero, Mexico, 2020&#x2010;2021. Am J Trop Med Hyg. 2022;106(3):896&#x2010;899. doi:10.4269/ajtmh.21-1216</Citation><ArticleIdList><ArticleId IdType="doi">10.4269/ajtmh.21-1216</ArticleId><ArticleId IdType="pmc">PMC8922500</ArticleId><ArticleId IdType="pubmed">35073512</ArticleId></ArticleIdList></Reference><Reference><Citation>Lokida D, Lukman N, Salim G, et al. Diagnosis of COVID&#x2010;19 in a dengue&#x2010;endemic area. Am J Trop Med Hyg. 2020;103:1220&#x2010;1222.</Citation><ArticleIdList><ArticleId IdType="pmc">PMC7470577</ArticleId><ArticleId IdType="pubmed">32762798</ArticleId></ArticleIdList></Reference><Reference><Citation>Asamoah JKK, Owusu MA, Jin Z, Oduro FT, Abidemi A, Gyasi EO. Global stability and cost&#x2010;effectiveness analysis of COVID&#x2010;19 considering the impact of the environment: using data from Ghana. Chaos Soliton Fract. 2020;140:110103. doi:10.1016/j.chaos.2020.110103</Citation><ArticleIdList><ArticleId IdType="doi">10.1016/j.chaos.2020.110103</ArticleId><ArticleId IdType="pmc">PMC7351453</ArticleId><ArticleId IdType="pubmed">32834629</ArticleId></ArticleIdList></Reference><Reference><Citation>Nkwayep CH, Bowong S, Tewa JJ, Kurths J. Short&#x2010;term forecasts of the COVID&#x2010;19 pandemic: study case of Cameroon. Chaos, Solitons Fractals. 2020;140:110106. doi:10.1016/j.chaos.2020.110106</Citation><ArticleIdList><ArticleId IdType="doi">10.1016/j.chaos.2020.110106</ArticleId><ArticleId IdType="pmc">PMC7836758</ArticleId><ArticleId IdType="pubmed">33519106</ArticleId></ArticleIdList></Reference><Reference><Citation>Wang H, Wang Z, Dong Y, et al. Phase&#x2010;adjusted estimation of the number of coronavirus disease 2019 cases in Wuhan. China Cell Discov. 2020;6(1):1&#x2010;8.</Citation><ArticleIdList><ArticleId IdType="pmc">PMC7039910</ArticleId><ArticleId IdType="pubmed">32133152</ArticleId></ArticleIdList></Reference><Reference><Citation>Asamoah JKK, Okyere E, Abidemi A, et al. Optimal control and comprehensive cost&#x2010;effectiveness analysis for COVID&#x2010;19. Results Phys. 2022;33:105177. doi:10.1016/j.rinp.2022.105177</Citation><ArticleIdList><ArticleId IdType="doi">10.1016/j.rinp.2022.105177</ArticleId><ArticleId IdType="pmc">PMC8760146</ArticleId><ArticleId IdType="pubmed">35070649</ArticleId></ArticleIdList></Reference><Reference><Citation>Kucharski AJ, Russell TW, Diamond C, et al. Early dynamics of transmission and control of COVID&#x2010;19: a mathematical modelling study. Lancet Infect Dis. 2020;20(5):553&#x2010;558.</Citation><ArticleIdList><ArticleId IdType="pmc">PMC7158569</ArticleId><ArticleId IdType="pubmed">32171059</ArticleId></ArticleIdList></Reference><Reference><Citation>Ferguson N, Laydon D, Gilani GN, et al. Report 9: impact of non&#x2010;pharmaceutical interventions (NPIS) to reduce COVID&#x2010;19. Mortal Healthcare Demand. 2020:1&#x2010;20. doi:10.25561/77482</Citation><ArticleIdList><ArticleId IdType="doi">10.25561/77482</ArticleId></ArticleIdList></Reference><Reference><Citation>Maier BF, Brockmann D. Effective containment explains subexponential growth in recent confirmed COVID&#x2010;19 cases in China. Science. 2020;368(6492):742&#x2010;746.</Citation><ArticleIdList><ArticleId IdType="pmc">PMC7164388</ArticleId><ArticleId IdType="pubmed">32269067</ArticleId></ArticleIdList></Reference><Reference><Citation>Omame A, Abbas M, Onyenegecha CP. Backward bifurcation and optimal control in a co&#x2010;infection model for SARS&#x2010;CoV&#x2010;2 and ZIKV. Res Phys. 2022;37:105481. doi:10.1016/j.rinp.2022.105481</Citation><ArticleIdList><ArticleId IdType="doi">10.1016/j.rinp.2022.105481</ArticleId><ArticleId IdType="pmc">PMC8994284</ArticleId><ArticleId IdType="pubmed">35433239</ArticleId></ArticleIdList></Reference><Reference><Citation>Omame A, Okuonghae D. A co&#x2010;infection model for oncogenic human papillomavirus and tuberculosis with optimal control and cost&#x2010;effectiveness analysis. Optim Contr Appl Meth. 2021;42(4):1081&#x2010;1101. doi:10.1002/oca.2717</Citation><ArticleIdList><ArticleId IdType="doi">10.1002/oca.2717</ArticleId><ArticleId IdType="pmc">PMC8242909</ArticleId><ArticleId IdType="pubmed">34226774</ArticleId></ArticleIdList></Reference><Reference><Citation>Bonyah E, Khan MA, Okosun KO, G&#xf3;mez&#x2010;Aguilar JF. On the co&#x2010;infection of dengue fever and Zika virus. Optim Contr Appl Meth. 2019;40(3):394&#x2010;421.</Citation></Reference><Reference><Citation>Omame A, Rwezaura H, Diagne ML, et al. COVID&#x2010;19 and dengue co&#x2010;infection in Brazil: optimal control and cost&#x2010;effectiveness analysis. Eur Phys J Plus. 2021;136:1090. doi:10.1140/epjp/s13360-021-02030-6</Citation><ArticleIdList><ArticleId IdType="doi">10.1140/epjp/s13360-021-02030-6</ArticleId><ArticleId IdType="pmc">PMC8554757</ArticleId><ArticleId IdType="pubmed">34729293</ArticleId></ArticleIdList></Reference><Reference><Citation>Hezam IM. COVID&#x2010;19 and Chikungunya: an optimal control model with consideration of social and environmental factors. J Ambient Intell Humaniz Comput. 2022. doi:10.1007/s12652-022-03796-y</Citation><ArticleIdList><ArticleId IdType="doi">10.1007/s12652-022-03796-y</ArticleId><ArticleId IdType="pmc">PMC8994927</ArticleId><ArticleId IdType="pubmed">35432621</ArticleId></ArticleIdList></Reference><Reference><Citation>Okuneye KO, Velasco&#x2010;Hernandez JX, Gumel AB. The "unholy" Chikungunya&#x2010;Dengue&#x2010;Zika trinity: a theoretical analysis. J Biol Syst. 2017;25(4):545&#x2010;585.</Citation></Reference><Reference><Citation>Nwankwo A, Okuonghae D. Mathematical analysis of the transmission dynamics of HIV syphilis Co&#x2010;infection in the presence of treatment for syphilis. Bull Math Biol. 2018;80(3):437&#x2010;492.</Citation><ArticleIdList><ArticleId IdType="pubmed">29282597</ArticleId></ArticleIdList></Reference><Reference><Citation>Garba SM, Gumel AB, Abu Bakar MR. Backward bifurcations in dengue transmission dynamics. Math Biosci. 2008;215:11&#x2010;25.</Citation><ArticleIdList><ArticleId IdType="pubmed">18573507</ArticleId></ArticleIdList></Reference><Reference><Citation>
https://www.citypopulation.de/en/brazil/cities/espiritosanto/. Accessed January 1, 2022.</Citation></Reference><Reference><Citation>
https://www.indexmundi.com/brazil/demographics_profile.html. Accessed January 1, 2022.</Citation></Reference><Reference><Citation>van den Driessche P, Watmough J. Reproduction numbers and sub&#x2010;threshold endemic equilibria for compartmental models of disease transmission. Math Biosci. 2002;180(1):29&#x2010;48.</Citation><ArticleIdList><ArticleId IdType="pubmed">12387915</ArticleId></ArticleIdList></Reference><Reference><Citation>
Castillo&#x2010;Chavez C, Feng Z, Huang W. On the computation of <mml:math xmlns:mml="http://www.w3.org/1998/Math/MathML" display="inline" overflow="scroll"><mml:mrow><mml:mrow><mml:msub><mml:mi>R</mml:mi><mml:mn>0</mml:mn></mml:msub></mml:mrow></mml:mrow></mml:math> and its role on global stability. Mathematical Approaches for Emerging and Reemerging Infectious Diseases: An Introduction. Vol 125. Springer; 1999:229&#x2010;250.</Citation></Reference><Reference><Citation>Castillo&#x2010;Chavez C, Song B. Dynamical models of tuberculosis and their applications. Math Biosci Eng. 2004;2:361&#x2010;404.</Citation><ArticleIdList><ArticleId IdType="pubmed">20369977</ArticleId></ArticleIdList></Reference><Reference><Citation>Villar L, Dayan GH, Arredondo&#x2010;Garcia JL, et al. Efficacy of a tetravalent dengue vaccine in children in Latin America. N Engl J Med. 2015;372:113&#x2010;123. doi:10.1056/NEJMoa1411037</Citation><ArticleIdList><ArticleId IdType="doi">10.1056/NEJMoa1411037</ArticleId><ArticleId IdType="pubmed">25365753</ArticleId></ArticleIdList></Reference><Reference><Citation>Fleming WH, Rishel RW. Deterministic and Stochastic Optimal Control. Springer; 1975.</Citation></Reference><Reference><Citation>Olaniyi S, Okosun K, Adesanya S, Lebelo R. Modelling malaria dynamics with partial immunity and protected travellers: optimal control and cost&#x2010;effectiveness analysis. J Biol Dyn. 2020;14(1):90&#x2010;115.</Citation><ArticleIdList><ArticleId IdType="pubmed">32046615</ArticleId></ArticleIdList></Reference><Reference><Citation>Pontryagin L, Boltyanskii V, Gamkrelidze R, Mishchenko E. The Mathematical Theory of Optimal Control Process. Vol 4. John Wiley &amp; Sons; 1963.</Citation></Reference><Reference><Citation>Lenhart S, Workman JT. Optimal Control Applied to Biological Models. Mathematical and Computational Biology Series. Chapman &amp; Hall/CRC; 2007.</Citation></Reference><Reference><Citation>Blower SM, Dowlatabadi H. Sensitivity and uncertainty analysis of complex models of disease transmission: an HIV model, as an example. Int Stat Rev. 1994;2:229&#x2010;243.</Citation></Reference><Reference><Citation>
https://www.es.gov.br/Noticia/sesa&#x2010;divulga&#x2010;36&#x2010;boletim&#x2010;da&#x2010;dengue&#x2010;zika&#x2010;e&#x2010;chikungunya. Accessed January 1, 2022.</Citation></Reference><Reference><Citation>
https://coronalevel.com/Brazil/EspC3ADrito_Santo/. Accessed January 1, 2022.</Citation></Reference><Reference><Citation>McCall J. Genetic algorithms for modelling and optimisation. J Comput Appl Math. 2005;184:205&#x2010;222.</Citation></Reference><Reference><Citation>Martcheva M. An Introduction to Mathematical Epidemiology. Vol 61. Springer; 2015.</Citation></Reference></ReferenceList></PubmedData></PubmedArticle></PubmedArticleSet>