<?xml version="1.0" ?>
<!DOCTYPE PubmedArticleSet PUBLIC "-//NLM//DTD PubMedArticle, 1st January 2023//EN" "https://dtd.nlm.nih.gov/ncbi/pubmed/out/pubmed_230101.dtd">
<PubmedArticleSet>
<PubmedArticle><MedlineCitation Status="MEDLINE" Owner="NLM" IndexingMethod="Automated"><PMID Version="1">36262027</PMID><DateCompleted><Year>2023</Year><Month>08</Month><Day>01</Day></DateCompleted><DateRevised><Year>2023</Year><Month>09</Month><Day>07</Day></DateRevised><Article PubModel="Print-Electronic"><Journal><ISSN IssnType="Electronic">2047-7732</ISSN><JournalIssue CitedMedium="Internet"><Volume>117</Volume><Issue>6</Issue><PubDate><Year>2023</Year><Month>Sep</Month></PubDate></JournalIssue><Title>Pathogens and global health</Title><ISOAbbreviation>Pathog Glob Health</ISOAbbreviation></Journal><ArticleTitle>Role of air pollutants in dengue fever incidence: evidence from two southern cities in Taiwan.</ArticleTitle><Pagination><StartPage>596</StartPage><EndPage>604</EndPage><MedlinePgn>596-604</MedlinePgn></Pagination><ELocationID EIdType="doi" ValidYN="Y">10.1080/20477724.2022.2135711</ELocationID><Abstract><AbstractText>Air pollution may be involved in spreading dengue fever (DF) besides rainfalls and warmer temperatures. While particulate matter (PM), especially those with diameter of 10&#x2009;&#x3bc;m (PM10) or 2.5&#x2009;&#x3bc;m or less (PM25), and NO2 increase the risk of coronavirus 2 infection, their roles in triggering DF remain unclear. We explored if air pollution factors predict DF incidence in addition to the classic climate factors. Public databases and DF records of two southern cities in Taiwan were used in regression analyses. Month order, PM10 minimum, PM2.5 minimum, and precipitation days were retained in the enter mode model, and SO2 minimum, O3 maximum, and CO minimum were retained in the stepwise forward mode model in addition to month order, PM10 minimum, PM2.5 minimum, and precipitation days. While PM2.5 minimum showed a negative contribution to the monthly DF incidence, other variables showed the opposite effects. The sustain of month order, PM10 minimum, PM2.5 minimum, and precipitation days in both regression models confirms the role of classic climate factors and illustrates a potential biological role of the air pollutants in the life cycle of mosquito vectors and dengue virus and possibly human immune status. Future DF prevention should concern the contribution of air pollution besides the classic climate factors.</AbstractText></Abstract><AuthorList CompleteYN="Y"><Author ValidYN="Y"><LastName>Lu</LastName><ForeName>Hao-Chun</ForeName><Initials>HC</Initials><AffiliationInfo><Affiliation>Department of Management Science, National Yang Ming Chiao Tung University, Hsinchu, Taiwan.</Affiliation></AffiliationInfo></Author><Author ValidYN="Y"><LastName>Lin</LastName><ForeName>Fang-Yu</ForeName><Initials>FY</Initials><Identifier Source="ORCID">0000-0002-2240-5629</Identifier><AffiliationInfo><Affiliation>Graduate Institute of Business Administration, Fu Jen Catholic University, New Taipei, Taiwan.</Affiliation></AffiliationInfo></Author><Author ValidYN="Y"><LastName>Huang</LastName><ForeName>Yao-Huei</ForeName><Initials>YH</Initials><AffiliationInfo><Affiliation>Department of Information Management, Fu Jen Catholic University, New Taipei, Taiwan.</Affiliation></AffiliationInfo></Author><Author ValidYN="Y"><LastName>Kao</LastName><ForeName>Yu-Tung</ForeName><Initials>YT</Initials><AffiliationInfo><Affiliation>Far Eastern Memorial Hospital, New Taipei City, Taiwan.</Affiliation></AffiliationInfo></Author><Author ValidYN="Y"><LastName>Loh</LastName><ForeName>El-Wui</ForeName><Initials>EW</Initials><Identifier Source="ORCID">0000-0001-9346-6886</Identifier><AffiliationInfo><Affiliation>Center for Evidence-Based Health Care, Department of Medical Research, Taipei Medical University Shuang Ho Hospital, New Taipei, Taiwan.</Affiliation></AffiliationInfo><AffiliationInfo><Affiliation>Cochrane Taiwan, Taipei Medical University, Taipei, Taiwan.</Affiliation></AffiliationInfo><AffiliationInfo><Affiliation>Graduate Institute of Clinical Medicine, College of Medicine, Taipei Medical University, Taipei, Taiwan.</Affiliation></AffiliationInfo><AffiliationInfo><Affiliation>Department of Medical Imaging, Taipei Medical University Shuang Ho Hospital, New Taipei, Taiwan.</Affiliation></AffiliationInfo><AffiliationInfo><Affiliation>Research Center for Artificial Intelligence in Medicine, Taipei Medical University, Tapei, Taiwan.</Affiliation></AffiliationInfo></Author></AuthorList><Language>eng</Language><PublicationTypeList><PublicationType UI="D016428">Journal Article</PublicationType><PublicationType UI="D013485">Research Support, Non-U.S. Gov't</PublicationType></PublicationTypeList><ArticleDate DateType="Electronic"><Year>2022</Year><Month>10</Month><Day>19</Day></ArticleDate></Article><MedlineJournalInfo><Country>England</Country><MedlineTA>Pathog Glob Health</MedlineTA><NlmUniqueID>101583421</NlmUniqueID><ISSNLinking>2047-7724</ISSNLinking></MedlineJournalInfo><ChemicalList><Chemical><RegistryNumber>0</RegistryNumber><NameOfSubstance UI="D000393">Air Pollutants</NameOfSubstance></Chemical><Chemical><RegistryNumber>0</RegistryNumber><NameOfSubstance UI="D052638">Particulate Matter</NameOfSubstance></Chemical></ChemicalList><CitationSubset>IM</CitationSubset><MeshHeadingList><MeshHeading><DescriptorName UI="D006801" MajorTopicYN="N">Humans</DescriptorName></MeshHeading><MeshHeading><DescriptorName UI="D000393" MajorTopicYN="Y">Air Pollutants</DescriptorName><QualifierName UI="Q000032" MajorTopicYN="N">analysis</QualifierName></MeshHeading><MeshHeading><DescriptorName UI="D002947" MajorTopicYN="N">Cities</DescriptorName><QualifierName UI="Q000453" MajorTopicYN="N">epidemiology</QualifierName></MeshHeading><MeshHeading><DescriptorName UI="D013624" MajorTopicYN="N" Type="Geographic">Taiwan</DescriptorName><QualifierName UI="Q000453" MajorTopicYN="N">epidemiology</QualifierName></MeshHeading><MeshHeading><DescriptorName UI="D000086382" MajorTopicYN="Y">COVID-19</DescriptorName></MeshHeading><MeshHeading><DescriptorName UI="D000397" MajorTopicYN="Y">Air Pollution</DescriptorName><QualifierName UI="Q000009" MajorTopicYN="N">adverse effects</QualifierName><QualifierName UI="Q000032" MajorTopicYN="N">analysis</QualifierName></MeshHeading><MeshHeading><DescriptorName UI="D052638" MajorTopicYN="N">Particulate Matter</DescriptorName><QualifierName UI="Q000032" MajorTopicYN="N">analysis</QualifierName></MeshHeading><MeshHeading><DescriptorName UI="D003715" MajorTopicYN="Y">Dengue</DescriptorName><QualifierName UI="Q000453" MajorTopicYN="N">epidemiology</QualifierName></MeshHeading><MeshHeading><DescriptorName UI="D002681" MajorTopicYN="N" Type="Geographic">China</DescriptorName><QualifierName UI="Q000453" MajorTopicYN="N">epidemiology</QualifierName></MeshHeading></MeshHeadingList><KeywordList Owner="NOTNLM"><Keyword MajorTopicYN="N">CO</Keyword><Keyword MajorTopicYN="N">Dengue fever</Keyword><Keyword MajorTopicYN="N">O3</Keyword><Keyword MajorTopicYN="N">PM10</Keyword><Keyword MajorTopicYN="N">PM2.5</Keyword><Keyword MajorTopicYN="N">SO2</Keyword><Keyword MajorTopicYN="N">incidence</Keyword><Keyword MajorTopicYN="N">month order</Keyword><Keyword MajorTopicYN="N">precipitation days</Keyword><Keyword MajorTopicYN="N">surge</Keyword></KeywordList></MedlineCitation><PubmedData><History><PubMedPubDate PubStatus="medline"><Year>2023</Year><Month>8</Month><Day>1</Day><Hour>6</Hour><Minute>44</Minute></PubMedPubDate><PubMedPubDate PubStatus="pubmed"><Year>2022</Year><Month>10</Month><Day>21</Day><Hour>6</Hour><Minute>0</Minute></PubMedPubDate><PubMedPubDate PubStatus="entrez"><Year>2022</Year><Month>10</Month><Day>20</Day><Hour>1</Hour><Minute>23</Minute></PubMedPubDate></History><PublicationStatus>ppublish</PublicationStatus><ArticleIdList><ArticleId IdType="pubmed">36262027</ArticleId><ArticleId IdType="doi">10.1080/20477724.2022.2135711</ArticleId></ArticleIdList></PubmedData></PubmedArticle></PubmedArticleSet>