<?xml version="1.0" ?>
<!DOCTYPE PubmedArticleSet PUBLIC "-//NLM//DTD PubMedArticle, 1st January 2023//EN" "https://dtd.nlm.nih.gov/ncbi/pubmed/out/pubmed_230101.dtd">
<PubmedArticleSet>
<PubmedArticle><MedlineCitation Status="PubMed-not-MEDLINE" Owner="NLM"><PMID Version="1">36288047</PMID><DateRevised><Year>2022</Year><Month>10</Month><Day>29</Day></DateRevised><Article PubModel="Electronic"><Journal><ISSN IssnType="Electronic">2414-6366</ISSN><JournalIssue CitedMedium="Internet"><Volume>7</Volume><Issue>10</Issue><PubDate><Year>2022</Year><Month>Oct</Month><Day>17</Day></PubDate></JournalIssue><Title>Tropical medicine and infectious disease</Title><ISOAbbreviation>Trop Med Infect Dis</ISOAbbreviation></Journal><ArticleTitle>Updating the Insecticide Resistance Status of <i>Aedes aegypti</i> and <i>Aedes albopictus</i> in Asia: A Systematic Review and Meta-Analysis.</ArticleTitle><ELocationID EIdType="pii" ValidYN="Y">306</ELocationID><ELocationID EIdType="doi" ValidYN="Y">10.3390/tropicalmed7100306</ELocationID><Abstract><AbstractText Label="BACKGROUND" NlmCategory="BACKGROUND"><i>Aedes aegypti</i> and <i>Aedes albopictus</i> are two important vectors of several important arboviruses, including the dengue, chikungunya, and Zika viruses. Insecticide application is an important approach to reduce vector abundance during <i>Aedes spp.</i>-borne outbreaks in the absence of effective vaccines and treatments. However, insecticide overuse can result in the development of resistance, and careful monitoring of resistance markers is required.</AbstractText><AbstractText Label="METHODS" NlmCategory="METHODS">This meta-analysis and systematic review explored the spatial and temporal patterns of insecticide resistance in Asia from 2000 to 2021. PubMed, Scopus, EbscoHost, and Embase were used to enhance the search capability. The random-effects model was applied for the 94 studies that met our inclusion criteria for qualitative synthesis and meta-analysis.</AbstractText><AbstractText Label="RESULTS" NlmCategory="RESULTS">Four major insecticides were studied (malathion, dichlorodiphenyltrichloroethane, permethrin, and deltamethrin). Dichlorodiphenyltrichloroethane resistance rates were high in both <i>Ae. aegypti</i> and <i>Ae. albopictus</i> (68% and 64%, respectively). Conversely, malathion resistance was less prevalent in <i>Ae. aegypti</i> (3%), and deltamethrin resistance was less common in <i>Ae. albopictus</i> (2%). <i>Ae. aegypti</i> displayed consistently high resistance rates (35%) throughout the study period, whereas the rate of insecticide resistance in <i>Ae. albopictus</i> increased from 5% to 12%. The rates of the major <i>kdr</i> mutations F1534C, V1016G, and S989P were 29%, 26%, and 22%, respectively.</AbstractText><AbstractText Label="CONCLUSIONS" NlmCategory="CONCLUSIONS">Insecticide resistance in both <i>Ae. aegypti</i> and <i>Ae. albopictus</i> is widespread in Asia, although the rates vary by country. Continuous monitoring of the resistance markers and modification of the control strategies will be important for preventing unexpected outbreaks. This systematic review and meta-analysis provided up-to-date information on insecticide resistance in dengue-endemic countries in Asia.</AbstractText></Abstract><AuthorList CompleteYN="Y"><Author ValidYN="Y"><LastName>Zulfa</LastName><ForeName>Ramdan</ForeName><Initials>R</Initials><Identifier Source="ORCID">0000-0001-6475-4192</Identifier><AffiliationInfo><Affiliation>International Master Program in Medicine, College of Medicine, Taipei Medical University, Taipei 11031, Taiwan.</Affiliation></AffiliationInfo><AffiliationInfo><Affiliation>Department of Molecular Parasitology and Tropical Diseases, School of Medicine, College of Medicine, Taipei Medical University, Taipei 11031, Taiwan.</Affiliation></AffiliationInfo></Author><Author ValidYN="Y"><LastName>Lo</LastName><ForeName>Wei-Cheng</ForeName><Initials>WC</Initials><Identifier Source="ORCID">0000-0002-4818-8263</Identifier><AffiliationInfo><Affiliation>Master Program in Applied Epidemiology, College of Public Health, Taipei Medical University, Taipei 11031, Taiwan.</Affiliation></AffiliationInfo></Author><Author ValidYN="Y"><LastName>Cheng</LastName><ForeName>Po-Ching</ForeName><Initials>PC</Initials><Identifier Source="ORCID">0000-0002-1172-2485</Identifier><AffiliationInfo><Affiliation>Department of Molecular Parasitology and Tropical Diseases, School of Medicine, College of Medicine, Taipei Medical University, Taipei 11031, Taiwan.</Affiliation></AffiliationInfo></Author><Author ValidYN="Y"><LastName>Martini</LastName><ForeName>Martini</ForeName><Initials>M</Initials><Identifier Source="ORCID">0000-0002-6773-1727</Identifier><AffiliationInfo><Affiliation>Department of Epidemiology and Tropical Diseases, College of Public Health, Diponegoro University, Semarang City 50275, Indonesia.</Affiliation></AffiliationInfo></Author><Author ValidYN="Y"><LastName>Chuang</LastName><ForeName>Ting-Wu</ForeName><Initials>TW</Initials><Identifier Source="ORCID">0000-0001-8359-8172</Identifier><AffiliationInfo><Affiliation>Department of Molecular Parasitology and Tropical Diseases, School of Medicine, College of Medicine, Taipei Medical University, Taipei 11031, Taiwan.</Affiliation></AffiliationInfo></Author></AuthorList><Language>eng</Language><PublicationTypeList><PublicationType UI="D016428">Journal Article</PublicationType><PublicationType UI="D016454">Review</PublicationType></PublicationTypeList><ArticleDate DateType="Electronic"><Year>2022</Year><Month>10</Month><Day>17</Day></ArticleDate></Article><MedlineJournalInfo><Country>Switzerland</Country><MedlineTA>Trop Med Infect Dis</MedlineTA><NlmUniqueID>101709042</NlmUniqueID><ISSNLinking>2414-6366</ISSNLinking></MedlineJournalInfo><KeywordList Owner="NOTNLM"><Keyword MajorTopicYN="N">Aedes aegypti</Keyword><Keyword MajorTopicYN="N">Aedes albopictus</Keyword><Keyword MajorTopicYN="N">Asia</Keyword><Keyword MajorTopicYN="N">insecticide resistance</Keyword><Keyword MajorTopicYN="N">meta-analysis</Keyword></KeywordList><CoiStatement>The authors declare no conflict of interest.</CoiStatement></MedlineCitation><PubmedData><History><PubMedPubDate PubStatus="received"><Year>2022</Year><Month>8</Month><Day>26</Day></PubMedPubDate><PubMedPubDate PubStatus="revised"><Year>2022</Year><Month>9</Month><Day>21</Day></PubMedPubDate><PubMedPubDate PubStatus="accepted"><Year>2022</Year><Month>10</Month><Day>13</Day></PubMedPubDate><PubMedPubDate PubStatus="entrez"><Year>2022</Year><Month>10</Month><Day>26</Day><Hour>12</Hour><Minute>43</Minute></PubMedPubDate><PubMedPubDate PubStatus="pubmed"><Year>2022</Year><Month>10</Month><Day>27</Day><Hour>6</Hour><Minute>0</Minute></PubMedPubDate><PubMedPubDate PubStatus="medline"><Year>2022</Year><Month>10</Month><Day>27</Day><Hour>6</Hour><Minute>1</Minute></PubMedPubDate></History><PublicationStatus>epublish</PublicationStatus><ArticleIdList><ArticleId IdType="pubmed">36288047</ArticleId><ArticleId IdType="pmc">PMC9607256</ArticleId><ArticleId IdType="doi">10.3390/tropicalmed7100306</ArticleId><ArticleId IdType="pii">tropicalmed7100306</ArticleId></ArticleIdList><ReferenceList><Reference><Citation>World Health Organization (WHO)  2022 Vector-Borne Diseases.  [(accessed on 4 May 2022)].  Available online:  https://www.who.int/news-room/fact-sheets/detail/vector-borne-diseases.</Citation></Reference><Reference><Citation>Ferguson N.M. Challenges and opportunities in controlling mosquito-borne infections. Nature. 2018;559:490&#x2013;497. doi: 10.1038/s41586-018-0318-5.</Citation><ArticleIdList><ArticleId IdType="doi">10.1038/s41586-018-0318-5</ArticleId><ArticleId IdType="pubmed">30046071</ArticleId></ArticleIdList></Reference><Reference><Citation>Mordecai E.A., Caldwell J.M., Grossman M.K., Lippi C.A., Johnson L.R., Neira M., Rohr J.S., Ryan S.J., Savage S., Shocket M.S., et al. Thermal biology of mosquito-borne disease. Ecol. Lett. 2019;22:1690&#x2013;1708. doi: 10.1111/ele.13335.</Citation><ArticleIdList><ArticleId IdType="doi">10.1111/ele.13335</ArticleId><ArticleId IdType="pmc">PMC6744319</ArticleId><ArticleId IdType="pubmed">31286630</ArticleId></ArticleIdList></Reference><Reference><Citation>Wilder-Smith A., Ooi E.E., Horstick O., Wills B. Dengue. Lancet. 2019;393:350&#x2013;363. doi: 10.1016/S0140-6736(18)32560-1.</Citation><ArticleIdList><ArticleId IdType="doi">10.1016/S0140-6736(18)32560-1</ArticleId><ArticleId IdType="pubmed">30696575</ArticleId></ArticleIdList></Reference><Reference><Citation>Bhatt S., Gething P.W., Brady O.J., Messina J.P., Farlow A.W., Moyes C.L., Drake J.M., Brownstein J.S., Hoen A.G., Sankoh O., et al. The global distribution and burden of dengue. Nature. 2013;496:504&#x2013;507. doi: 10.1038/nature12060.</Citation><ArticleIdList><ArticleId IdType="doi">10.1038/nature12060</ArticleId><ArticleId IdType="pmc">PMC3651993</ArticleId><ArticleId IdType="pubmed">23563266</ArticleId></ArticleIdList></Reference><Reference><Citation>Stanaway J.D., Shepard D.S., Undurraga E.A., Halasa Y.A., Coffeng L.E., Brady O.J., Hay S.I., Bedi N., Bensenor I.M., Cast Casta&#xf1;eda-Orjuela C.A., et al. The global burden of dengue: An analysis from the global burden of disease study 2013. Lancet Infect. Dis. 2016;16:712&#x2013;723. doi: 10.1016/S1473-3099(16)00026-8.</Citation><ArticleIdList><ArticleId IdType="doi">10.1016/S1473-3099(16)00026-8</ArticleId><ArticleId IdType="pmc">PMC5012511</ArticleId><ArticleId IdType="pubmed">26874619</ArticleId></ArticleIdList></Reference><Reference><Citation>Brady O.J., Gething P.W., Bhatt S., Messina J.P., Brownstein J.S., Hoen A.G., Moyes C.L., Farlow A.W., Scott T.W., Hay S.I. Refining the global spatial limits of dengue virus transmission by evidence-based consensus. PLoS Negl. Trop. Dis. 2012;6:e1760. doi: 10.1371/journal.pntd.0001760.</Citation><ArticleIdList><ArticleId IdType="doi">10.1371/journal.pntd.0001760</ArticleId><ArticleId IdType="pmc">PMC3413714</ArticleId><ArticleId IdType="pubmed">22880140</ArticleId></ArticleIdList></Reference><Reference><Citation>World Health Organization (WHO)  2022 Dengue and Severe Dengue.  [(accessed on 4 May 2022)].  Available online:  https://www.who.int/news-room/fact-sheets/detail/dengue-and-severe-dengue.</Citation></Reference><Reference><Citation>Ravi V. Re-emergence of Chikungunya virus in India. Indian J. Med. Microbiol. 2006;24:83&#x2013;84. doi: 10.1016/S0255-0857(21)02403-8.</Citation><ArticleIdList><ArticleId IdType="doi">10.1016/S0255-0857(21)02403-8</ArticleId><ArticleId IdType="pubmed">16687855</ArticleId></ArticleIdList></Reference><Reference><Citation>Powers A.M., Logue C.H. Changing patterns of Chikungunya virus: Re-emergence of a zoonotic arbovirus. J. Gen. Virol. 2007;88:2363&#x2013;2377. doi: 10.1099/vir.0.82858-0.</Citation><ArticleIdList><ArticleId IdType="doi">10.1099/vir.0.82858-0</ArticleId><ArticleId IdType="pubmed">17698645</ArticleId></ArticleIdList></Reference><Reference><Citation>Wimalasiri-Yapa B.M.C.R., Stassen L., Huang X., Hafner L.M., Hu W., Devine G.J., Yakob L., Jansen C.C., Faddy H.M., Viennet E., et al. Chikungunya virus in Asia&#x2013;Pacific: A systematic review. Emerg. Microbes Infect. 2019;8:70&#x2013;79. doi: 10.1080/22221751.2018.1559708.</Citation><ArticleIdList><ArticleId IdType="doi">10.1080/22221751.2018.1559708</ArticleId><ArticleId IdType="pmc">PMC6455125</ArticleId><ArticleId IdType="pubmed">30866761</ArticleId></ArticleIdList></Reference><Reference><Citation>Laras K., Sukri N.C., Larasati R.P., Bangs M.J., Kosim R., Djauzi, Wandra J., Master J., Kosasih H., Hartati S., et al. Tracking the re-emergence of epidemic Chikungunya virus in Indonesia. Trans. R. Soc. Trop. Med. Hyg. 2005;99:128&#x2013;141. doi: 10.1016/j.trstmh.2004.03.013.</Citation><ArticleIdList><ArticleId IdType="doi">10.1016/j.trstmh.2004.03.013</ArticleId><ArticleId IdType="pubmed">15693148</ArticleId></ArticleIdList></Reference><Reference><Citation>Parola P., de Lamballerie X., Jourdan J., Rovery C., Vaillant V., Minodier P., Brouqui P., Flahault A., Raoult D., Charrel R.N. Novel Chikungunya virus variant in travelers returning from Indian Ocean islands. Emerg. Infect. Dis. 2006;12:1493&#x2013;1499. doi: 10.3201/eid1210.060610.</Citation><ArticleIdList><ArticleId IdType="doi">10.3201/eid1210.060610</ArticleId><ArticleId IdType="pmc">PMC3290960</ArticleId><ArticleId IdType="pubmed">17176562</ArticleId></ArticleIdList></Reference><Reference><Citation>Silva L.A., Dermody T.S. Chikungunya virus: Epidemiology, replication, disease mechanisms, and prospective intervention strategies. J. Clin. Investig. 2017;127:737&#x2013;749. doi: 10.1172/JCI84417.</Citation><ArticleIdList><ArticleId IdType="doi">10.1172/JCI84417</ArticleId><ArticleId IdType="pmc">PMC5330729</ArticleId><ArticleId IdType="pubmed">28248203</ArticleId></ArticleIdList></Reference><Reference><Citation>Rodrigues Faria N., Louren&#xe7;o J., Marques de Cerqueira E., Maia de Lima M., Pybus O., Carlos Junior Alcantara L. Epidemiology of Chikungunya virus in Bahia, brazil, 2014&#x2013;2015. PLoS Curr. 2016;8 doi: 10.1371/currents.outbreaks.c97507e3e48efb946401755d468c28b2.</Citation><ArticleIdList><ArticleId IdType="doi">10.1371/currents.outbreaks.c97507e3e48efb946401755d468c28b2</ArticleId><ArticleId IdType="pmc">PMC4747681</ArticleId><ArticleId IdType="pubmed">27330849</ArticleId></ArticleIdList></Reference><Reference><Citation>Yactayo S., Staples J.E., Millot V., Cibrelus L., Ramon-Pardo P. Epidemiology of chikungunya in the Americas. J. Infect. Dis. 2016;214((Suppl. S5)):S441&#x2013;S445. doi: 10.1093/infdis/jiw390.</Citation><ArticleIdList><ArticleId IdType="doi">10.1093/infdis/jiw390</ArticleId><ArticleId IdType="pmc">PMC5137246</ArticleId><ArticleId IdType="pubmed">27920170</ArticleId></ArticleIdList></Reference><Reference><Citation>Cunha M.S., Costa P.A.G., Correa I.A., de Souza M.R.M., Calil P.T., da Silva G.P.D., Costa S.M., Fonseca V.W.P., da Costa L.J. Chikungunya virus: An emergent arbovirus to the South American continent and a continuous threat to the world. Front. Microbiol. 2020;11:1297. doi: 10.3389/fmicb.2020.01297.</Citation><ArticleIdList><ArticleId IdType="doi">10.3389/fmicb.2020.01297</ArticleId><ArticleId IdType="pmc">PMC7332961</ArticleId><ArticleId IdType="pubmed">32670231</ArticleId></ArticleIdList></Reference><Reference><Citation>Centers for Disease Control and Prevention (CDC)  2022 Chikungunya Virus.  [(accessed on 4 May 2022)].  Available online:  https://www.cdc.gov/chikungunya/index.html.</Citation></Reference><Reference><Citation>Pan American. Health Organization (PAHO)  2021 Chikungunya: Epidemiological Alerts and Updates.  [(accessed on 4 May 2022)].  Available online:  https://www3.paho.org/hq/index.php?option=com_topics&amp;view=rdmore&amp;cid=5855&amp;Itemid=40931&amp;lang=en.</Citation></Reference><Reference><Citation>World Health Organization (WHO)  2021 Chikungunya.  [(accessed on 4 May 2022)].  Available online:  https://www.who.int/health-topics/chikungunya#tab=tab_1.</Citation></Reference><Reference><Citation>World Health Organization (WHO)   2016 Zika Virus, Microcephaly and Guillain&#x2013;Barre&#xb4; Syndrome. WHO; Geneva, Switzerland:  [(accessed on 4 May 2022)].  Available online:  http://www.who.int/emergencies/zika-virus/situation-report/1-september-2016/en/</Citation></Reference><Reference><Citation>Torres J.R., Murillo J., Boffil L. The ever changing lanscape of Zika virs infection. Learning on the fly. Int. J. Infect. Dis. 2016;51:123&#x2013;126. doi: 10.1016/j.ijid.2016.09.001.</Citation><ArticleIdList><ArticleId IdType="doi">10.1016/j.ijid.2016.09.001</ArticleId><ArticleId IdType="pubmed">27599795</ArticleId></ArticleIdList></Reference><Reference><Citation>Europian Center for Disease Prevention and Control (ECDC)  2018 Local Transmission of Dengue Fever in France and Spain.  [(accessed on 4 May 2022)].  Available online:  https://www.ecdc.europa.eu/en/publications-data/rapid-risk-assessment-local-transmission-dengue-fever-france-and-spain.</Citation></Reference><Reference><Citation>Radke E.G., Gregory C.J., Kintziger K.W., Sauber-Schatz E.K., Hunsperger E.A., Gallagher G.R., Barber J.M., Biggerstaff B.J., Stannek D.R., Thomasek K.M., et al. Dengue outbreak in Key West, Florida, USA, 2009. Emerg. Infect. Dis. 2012;18:135&#x2013;137. doi: 10.3201/eid1801.110130.</Citation><ArticleIdList><ArticleId IdType="doi">10.3201/eid1801.110130</ArticleId><ArticleId IdType="pmc">PMC3310087</ArticleId><ArticleId IdType="pubmed">22257471</ArticleId></ArticleIdList></Reference><Reference><Citation>Furuya H. Estimation of reproduction number and probable vector density of the first autochthonous dengue outbreak in Japan in the last 70 years. Environ. Health Prev. Med. 2015;20:466&#x2013;471. doi: 10.1007/s12199-015-0488-9.</Citation><ArticleIdList><ArticleId IdType="doi">10.1007/s12199-015-0488-9</ArticleId><ArticleId IdType="pmc">PMC4626459</ArticleId><ArticleId IdType="pubmed">26298188</ArticleId></ArticleIdList></Reference><Reference><Citation>Pan American Health Organization (PAHO)  2015 Number of Reported Cases of CHIK Fever in the Americas by Country or 481 Territory 2013&#x2013;2014, and 2015.  [(accessed on 4 May 2022)].  Available online:  https://www3.paho.org/hq/index.php?option=com_topics&amp;view=rdmore&amp;cid=5927&amp;Itemid=358&amp;lang=en.</Citation></Reference><Reference><Citation>Mascarenhas M., Garasia S., Berthiaume P., Corrin T., Greig J., Ng V., Young I., Waddell L. A scoping review of published literature on Chikungunya virus. PLoS ONE. 2018;13:e0207554. doi: 10.1371/journal.pone.0207554.</Citation><ArticleIdList><ArticleId IdType="doi">10.1371/journal.pone.0207554</ArticleId><ArticleId IdType="pmc">PMC6264817</ArticleId><ArticleId IdType="pubmed">30496207</ArticleId></ArticleIdList></Reference><Reference><Citation>Padbidri V.S., Gnaneswar T.T. Epidemiological investigations of chikungunya epidemic at Barsi, Maharashtra state, India. J. Hyg. Epidemiol. Microbiol. Immunol. 1979;23:445&#x2013;451.</Citation><ArticleIdList><ArticleId IdType="pubmed">575900</ArticleId></ArticleIdList></Reference><Reference><Citation>Hapuarachchi H.C., Bandara K.B.A.T., Sumanadasa S.D.M., Hapugoda M.D., Lai Y.L., Lee K.S., Tan L.K., Lin R.T.P., Ng L.F.P., Bucht G., et al. Re-emergence of Chikungunya virus in South-East Asia: Virological evidence from Sri Lanka and Singapore. J. Gen. Virol. 2010;91:1067&#x2013;1076. doi: 10.1099/vir.0.015743-0.</Citation><ArticleIdList><ArticleId IdType="doi">10.1099/vir.0.015743-0</ArticleId><ArticleId IdType="pubmed">19955565</ArticleId></ArticleIdList></Reference><Reference><Citation>Manimunda S.P., Sugunan A.P., Rai S.K., Vijayachari P., Shriram A.N., Sharma S., Muruganandam N., Chaitanya I.K., Guruprasad D.R., Sudeep A.B. Outbreak of chikungunya fever, Dakshina Kannada District, South India, 2008. Am. J. Trop. Med. Hyg. 2010;83:751&#x2013;754. doi: 10.4269/ajtmh.2010.09-0433.</Citation><ArticleIdList><ArticleId IdType="doi">10.4269/ajtmh.2010.09-0433</ArticleId><ArticleId IdType="pmc">PMC2946737</ArticleId><ArticleId IdType="pubmed">20889860</ArticleId></ArticleIdList></Reference><Reference><Citation>Haque F., Rahman M., Banu N.N., Sharif A.R., Jubayer S., Shamsuzzaman A.K.M., Alamgir A.S.M., Erasmus J.H., Guzman H., Forrester N., et al. An epidemic of chikungunya in northwestern Bangladesh in 2011. PLoS ONE. 2019;14:e0212218. doi: 10.1371/journal.pone.0212218.</Citation><ArticleIdList><ArticleId IdType="doi">10.1371/journal.pone.0212218</ArticleId><ArticleId IdType="pmc">PMC6411100</ArticleId><ArticleId IdType="pubmed">30856200</ArticleId></ArticleIdList></Reference><Reference><Citation>Vairo F., Haider N., Kock R., Ntoumi F., Ippolito G., Zumla A. Chikungunya: Epidemiology, pathogenesis, clinical features, management, and prevention. Infect. Dis. Clin. N. Am. 2019;33:1003&#x2013;1025. doi: 10.1016/j.idc.2019.08.006.</Citation><ArticleIdList><ArticleId IdType="doi">10.1016/j.idc.2019.08.006</ArticleId><ArticleId IdType="pubmed">31668189</ArticleId></ArticleIdList></Reference><Reference><Citation>Dick G.W., Kitchen S.F., Haddow A.J. Zika virus. I. Isolations and serological specificity. Trans. R. Soc. Trop. Med. Hyg. 1952;46:509&#x2013;520. doi: 10.1016/0035-9203(52)90042-4.</Citation><ArticleIdList><ArticleId IdType="doi">10.1016/0035-9203(52)90042-4</ArticleId><ArticleId IdType="pubmed">12995440</ArticleId></ArticleIdList></Reference><Reference><Citation>Gatherer D., Kohl A. Zika virus: A previously slow pandemic spreads rapidly through the Americas. J. Gen. Virol. 2016;97:269&#x2013;273. doi: 10.1099/jgv.0.000381.</Citation><ArticleIdList><ArticleId IdType="doi">10.1099/jgv.0.000381</ArticleId><ArticleId IdType="pubmed">26684466</ArticleId></ArticleIdList></Reference><Reference><Citation>World Health Organization (WHO)  2022 Zika Virus Disease Outbreak 2015&#x2013;2016.  [(accessed on 4 May 2022)].  Available online:  https://www.who.int/emergencies/situations/zika-virus-outbreak.</Citation></Reference><Reference><Citation>European Centre for Disease Prevention and Control (ECDC)  2016 Epidemiological Update: Outbreaks of Zika Virus and Complications Potentially Linked to the Zika Virus Infection.  [(accessed on 4 May 2022)].  Available online:  https://www.ecdc.europa.eu/en/news-events/epidemiological-update-outbreaks-zika-virus-and-complications-potentially-linked-23.</Citation></Reference><Reference><Citation>Alera M.T., Hermann L., Tac-An I.A., Klungthong C., Rutvisuttinunt W., Manasatienkij W., Villa D., Thaisomboosuk B., Velasco J.H., Chinnawirotpisan P., et al. Zika virus infection, Philippines, 2012. Emerg. Infect. Dis. 2015;21:722&#x2013;724. doi: 10.3201/eid2104.141707.</Citation><ArticleIdList><ArticleId IdType="doi">10.3201/eid2104.141707</ArticleId><ArticleId IdType="pmc">PMC4378478</ArticleId><ArticleId IdType="pubmed">25811410</ArticleId></ArticleIdList></Reference><Reference><Citation>Quyen N.T.H., Kien D.T.H., Rabaa M., Tuan N.M., Vi T.T., Van Tan L., Hung N.T., Tuan H.M., Tram T.V., Da Ha N.L., et al. Chikungunya and Zika virus cases detected against a backdrop of endemic dengue transmission in Vietnam. Am. J. Trop. Med. Hyg. 2017;97:146&#x2013;150. doi: 10.4269/ajtmh.16-0979.</Citation><ArticleIdList><ArticleId IdType="doi">10.4269/ajtmh.16-0979</ArticleId><ArticleId IdType="pmc">PMC5508909</ArticleId><ArticleId IdType="pubmed">28719300</ArticleId></ArticleIdList></Reference><Reference><Citation>Kwong J.C., Druce J.D., Leder K. Zika virus infection acquired during brief travel to Indonesia. Am. J. Trop. Med. Hyg. 2013;89:516&#x2013;517. doi: 10.4269/ajtmh.13-0029.</Citation><ArticleIdList><ArticleId IdType="doi">10.4269/ajtmh.13-0029</ArticleId><ArticleId IdType="pmc">PMC3771291</ArticleId><ArticleId IdType="pubmed">23878182</ArticleId></ArticleIdList></Reference><Reference><Citation>Leung G.H., Baird R.W., Druce J., Anstey N.M. Zika virus infection in Australia following a monkey bite in Indonesia. Southeast Asian J. Trop. Med. Public Health. 2015;46:460&#x2013;464.</Citation><ArticleIdList><ArticleId IdType="pubmed">26521519</ArticleId></ArticleIdList></Reference><Reference><Citation>Perkasa A., Yudhaputri F., Haryanto S., Hayati R.F., Ma&#x2019;roef C.N., Antonjaya U., Yohan B., Myint K.S.A., Ledermann P., Rosendberg R., et al. Isolation of Zika virus from febrile patient, Indonesia. Emerg. Infect. Dis. 2016;22:924&#x2013;925. doi: 10.3201/eid2205.151915.</Citation><ArticleIdList><ArticleId IdType="doi">10.3201/eid2205.151915</ArticleId><ArticleId IdType="pmc">PMC4861529</ArticleId><ArticleId IdType="pubmed">27088970</ArticleId></ArticleIdList></Reference><Reference><Citation>Tappe D., Nachtigall S., Kapaun A., Schnitzler P., G&#xfc;nther S., Schmidt-Chanasit J. Acute Zika virus infection after travel to Malaysian Borneo, September 2014. Emerg. Infect. Dis. 2015;21:911&#x2013;913. doi: 10.3201/eid2105.141960.</Citation><ArticleIdList><ArticleId IdType="doi">10.3201/eid2105.141960</ArticleId><ArticleId IdType="pmc">PMC4412240</ArticleId><ArticleId IdType="pubmed">25898277</ArticleId></ArticleIdList></Reference><Reference><Citation>Nitatpattana N., Chaiyo K., Rajakam S., Poolam K., Chansiprasert K., Pesirikan N., Buree S., Rodpai E., Yoksan S. Complete genome sequence of a Zika virus strain isolated from the serum of an infected patient in Thailand in 2006. Genome Announc. 2018;6:e00121-18. doi: 10.1128/genomeA.00121-18.</Citation><ArticleIdList><ArticleId IdType="doi">10.1128/genomeA.00121-18</ArticleId><ArticleId IdType="pmc">PMC5843728</ArticleId><ArticleId IdType="pubmed">29519832</ArticleId></ArticleIdList></Reference><Reference><Citation>European Medicines Agency  2022 Dengvaxia.  [(accessed on 4 May 2022)]; Available online:  https://www.ema.europa.eu/en/medicines/human/EPAR/dengvaxia#:~:text=Dengvaxia%20is%20a%20vaccine%20used,like%20symptoms%20in%20most%20people.</Citation></Reference><Reference><Citation>Coats J.R. Mechanisms of toxic action and structure-activity relationships for organochlorine and synthetic pyrethroid insecticides. Environ. Health Perspect. 1990;87:255&#x2013;262. doi: 10.1289/ehp.9087255.</Citation><ArticleIdList><ArticleId IdType="doi">10.1289/ehp.9087255</ArticleId><ArticleId IdType="pmc">PMC1567810</ArticleId><ArticleId IdType="pubmed">2176589</ArticleId></ArticleIdList></Reference><Reference><Citation>Davies T.G., Field L.M., Usherwood P.N., Williamson M.S. DDT, pyrethrins, pyrethroids and insect sodium channels. IUBMB Life. 2007;59:151&#x2013;162. doi: 10.1080/15216540701352042.</Citation><ArticleIdList><ArticleId IdType="doi">10.1080/15216540701352042</ArticleId><ArticleId IdType="pubmed">17487686</ArticleId></ArticleIdList></Reference><Reference><Citation>Lawrence L.J., Casida J.E. Stereospecific action of pyrethroid insecticides on the gamma-aminobutyric acid receptor-ionophore complex. Science. 1983;221:1399&#x2013;1401. doi: 10.1126/science.6310756.</Citation><ArticleIdList><ArticleId IdType="doi">10.1126/science.6310756</ArticleId><ArticleId IdType="pubmed">6310756</ArticleId></ArticleIdList></Reference><Reference><Citation>Bloomquist J.R., Soderlund D.M. Neurotoxic insecticides inhibit GABA-dependent chloride uptake by mouse brain vesicles. Biochem. Biophys. Res. Commun. 1985;133:37&#x2013;43. doi: 10.1016/0006-291X(85)91838-8.</Citation><ArticleIdList><ArticleId IdType="doi">10.1016/0006-291X(85)91838-8</ArticleId><ArticleId IdType="pubmed">3000377</ArticleId></ArticleIdList></Reference><Reference><Citation>Fukuto T.R. Mechanism of action of organophosphorus and carbamate insecticides. Environ. Health Perspect. 1990;87:245&#x2013;254. doi: 10.1289/ehp.9087245.</Citation><ArticleIdList><ArticleId IdType="doi">10.1289/ehp.9087245</ArticleId><ArticleId IdType="pmc">PMC1567830</ArticleId><ArticleId IdType="pubmed">2176588</ArticleId></ArticleIdList></Reference><Reference><Citation>Gerba C.P. Chapter 28 Environmental toxicology. In: Brusseau M.L., Pepper I.L., Gerba C.P., editors. Environmental and Pollution Science. 3rd ed. Academic Press; London, UK: 2019. pp. 511&#x2013;540.</Citation></Reference><Reference><Citation>Costa L.G. Current issues in organophosphate toxicology. Clin. Chim. Acta. 2006;366:1&#x2013;13. doi: 10.1016/j.cca.2005.10.008.</Citation><ArticleIdList><ArticleId IdType="doi">10.1016/j.cca.2005.10.008</ArticleId><ArticleId IdType="pubmed">16337171</ArticleId></ArticleIdList></Reference><Reference><Citation>Soderlund D.M. Molecular mechanisms of pyrethroid insecticide neurotoxicity: Recent advances. Arch. Toxicol. 2012;86:165&#x2013;181. doi: 10.1007/s00204-011-0726-x.</Citation><ArticleIdList><ArticleId IdType="doi">10.1007/s00204-011-0726-x</ArticleId><ArticleId IdType="pmc">PMC3218237</ArticleId><ArticleId IdType="pubmed">21710279</ArticleId></ArticleIdList></Reference><Reference><Citation>Breckenridge C.B., Holden L., Sturgess N., Weiner M., Sheets L., Sargent D., Soderlund D.M., Choi J.S., Symington S., Clark J.M., et al. Evidence for a separate mechanism of toxicity for the type I and the type II pyrethroid insecticides. Neurotoxicology. 2009;30((Suppl. S1)):S17&#x2013;S31. doi: 10.1016/j.neuro.2009.09.002.</Citation><ArticleIdList><ArticleId IdType="doi">10.1016/j.neuro.2009.09.002</ArticleId><ArticleId IdType="pubmed">19766671</ArticleId></ArticleIdList></Reference><Reference><Citation>Gajendiran A., Abraham J. An overview of pyrethroid insecticides. Front. Biol. 2018;13:79&#x2013;90. doi: 10.1007/s11515-018-1489-z.</Citation><ArticleIdList><ArticleId IdType="doi">10.1007/s11515-018-1489-z</ArticleId></ArticleIdList></Reference><Reference><Citation>Singh A.K., Tiwari M.N., Prakash O., Singh M.P. A current review of cypermethrin-induced neurotoxicity and nigrostriatal dopaminergic neurodegeneration. Curr. Neuropharmacol. 2012;10:64&#x2013;71. doi: 10.2174/157015912799362779.</Citation><ArticleIdList><ArticleId IdType="doi">10.2174/157015912799362779</ArticleId><ArticleId IdType="pmc">PMC3286848</ArticleId><ArticleId IdType="pubmed">22942879</ArticleId></ArticleIdList></Reference><Reference><Citation>Insecticide Resistance Action Committee (IRAC)  2022 Interactive MoA Classification.  [(accessed on 4 May 2022)].  Available online:  https://irac-online.org/modes-of-action/</Citation></Reference><Reference><Citation>Heckel D.G. Learning the ABCs of Bt: ABC transporters and insect resistance to Bacillus thuringiensis provide clues to a crucial step in toxin mode of action. Pestic. Biochem. Physiol. 2012;104:103&#x2013;110. doi: 10.1016/j.pestbp.2012.05.007.</Citation><ArticleIdList><ArticleId IdType="doi">10.1016/j.pestbp.2012.05.007</ArticleId></ArticleIdList></Reference><Reference><Citation>Risher J.F., Mink F.L., Stara J.F. The toxicologic effects of the carbamate insecticide aldicarb in mammals: A review. Environ. Health Perspect. 1987;72:267&#x2013;281. doi: 10.1289/ehp.8772267.</Citation><ArticleIdList><ArticleId IdType="doi">10.1289/ehp.8772267</ArticleId><ArticleId IdType="pmc">PMC1474664</ArticleId><ArticleId IdType="pubmed">3304999</ArticleId></ArticleIdList></Reference><Reference><Citation>Chevillon C., Raymond M., Guillemaud T., Lenormand T., Pasteur N. Population genetics of insecticide resistance in the mosquito Culex pipiens. Biol. J. Linn. Soc. Lond. 1999;68:147&#x2013;157. doi: 10.1111/j.1095-8312.1999.tb01163.x.</Citation><ArticleIdList><ArticleId IdType="doi">10.1111/j.1095-8312.1999.tb01163.x</ArticleId></ArticleIdList></Reference><Reference><Citation>Hemingway J., Hawkes N.J., McCarroll L., Ranson H. The molecular basis of insecticide resistance in mosquitoes. Insect Biochem. Mol. Biol. 2004;34:653&#x2013;665. doi: 10.1016/j.ibmb.2004.03.018.</Citation><ArticleIdList><ArticleId IdType="doi">10.1016/j.ibmb.2004.03.018</ArticleId><ArticleId IdType="pubmed">15242706</ArticleId></ArticleIdList></Reference><Reference><Citation>Liu N. Insecticide resistance in mosquitoes: Impact, mechanisms, and research directions. Annu. Rev. Entomol. 2015;60:537&#x2013;559. doi: 10.1146/annurev-ento-010814-020828.</Citation><ArticleIdList><ArticleId IdType="doi">10.1146/annurev-ento-010814-020828</ArticleId><ArticleId IdType="pubmed">25564745</ArticleId></ArticleIdList></Reference><Reference><Citation>Silver K.S., Du Y., Nomura Y., Oliveira E.E., Salgado V.L., Zhorov B.S., Dong K. Voltage-gated sodium channels as insecticide targets. Adv. Insect Physiol. 2014;46:389&#x2013;433.</Citation><ArticleIdList><ArticleId IdType="pmc">PMC6005695</ArticleId><ArticleId IdType="pubmed">29928068</ArticleId></ArticleIdList></Reference><Reference><Citation>Balabanidou V., Grigoraki L., Vontas J. Insect cuticle: A critical determinant of insecticide resistance. Curr. Opin. Insect Sci. 2018;27:68&#x2013;74. doi: 10.1016/j.cois.2018.03.001.</Citation><ArticleIdList><ArticleId IdType="doi">10.1016/j.cois.2018.03.001</ArticleId><ArticleId IdType="pubmed">30025637</ArticleId></ArticleIdList></Reference><Reference><Citation>Kyle J.L., Haris E. Global spread and persistence of dengue. Ann. Rev. Microbiolog. 2008;62:71&#x2013;92. doi: 10.1146/annurev.micro.62.081307.163005.</Citation><ArticleIdList><ArticleId IdType="doi">10.1146/annurev.micro.62.081307.163005</ArticleId><ArticleId IdType="pubmed">18429680</ArticleId></ArticleIdList></Reference><Reference><Citation>Gubler D.J. Dengue, urbanization and globalization: The unholy trinity of the 21st dentury. Trop. Med. Health. 2011;39((Suppl. S4)):S3&#x2013;S11. doi: 10.2149/tmh.2011-S05.</Citation><ArticleIdList><ArticleId IdType="doi">10.2149/tmh.2011-S05</ArticleId><ArticleId IdType="pmc">PMC3317603</ArticleId><ArticleId IdType="pubmed">22500131</ArticleId></ArticleIdList></Reference><Reference><Citation>Focks D.A., Haile D., Daniel E., Mount G.A. Dynamic life table model fo Aedes aegypti (Diptera: Culicidae): Analysis of the literature and model development. J. Med. Entomol. 1993;30:1003&#x2013;1017. doi: 10.1093/jmedent/30.6.1003.</Citation><ArticleIdList><ArticleId IdType="doi">10.1093/jmedent/30.6.1003</ArticleId><ArticleId IdType="pubmed">8271242</ArticleId></ArticleIdList></Reference><Reference><Citation>Morin C.W., Comrie A.C., Ernst K. Climate and dengue transmission: Evidence and implications. Environ. Health Perspect. 2013;121:1264&#x2013;1272. doi: 10.1289/ehp.1306556.</Citation><ArticleIdList><ArticleId IdType="doi">10.1289/ehp.1306556</ArticleId><ArticleId IdType="pmc">PMC3855512</ArticleId><ArticleId IdType="pubmed">24058050</ArticleId></ArticleIdList></Reference><Reference><Citation>Moyes C.L., Vontas J., Martins A.J., Ng L.C., Koou S.Y., Dusfour I., Raghavendra K., Pinto J., Corbel V., David J.P., et al. Contemporary status of insecticide resistance in the major Aedes vectors of arboviruses infecting humans. PLoS Negl. Trop. Dis. 2017;11:e0005625. doi: 10.1371/journal.pntd.0005625.</Citation><ArticleIdList><ArticleId IdType="doi">10.1371/journal.pntd.0005625</ArticleId><ArticleId IdType="pmc">PMC5518996</ArticleId><ArticleId IdType="pubmed">28727779</ArticleId></ArticleIdList></Reference><Reference><Citation>Haziqah-Rashid A., Chen C.D., Lau K.W., Low V.L., Sofian-Azirun M., Suana I.W., Harmonis H., Syahputra E., Razak A., Chin A.C., et al. Monitoring insecticide resistance profiles of Aedes aegypti (Diptera: Culicidae) in the Sunda Islands of Indonesia based on diagnostic doses of larvicides. J. Med. Entomol. 2019;56:514&#x2013;518. doi: 10.1093/jme/tjy208.</Citation><ArticleIdList><ArticleId IdType="doi">10.1093/jme/tjy208</ArticleId><ArticleId IdType="pubmed">30462258</ArticleId></ArticleIdList></Reference><Reference><Citation>Mulyatno K.C., Yamanaka A., Ngadino, Konishi E. Resistance of Aedes aegypti (L.) larvae to temephos in Surabaya, Indonesia. Southeast Asian J. Trop. Med. Public Health. 2012;43:29&#x2013;33.</Citation><ArticleIdList><ArticleId IdType="pubmed">23082551</ArticleId></ArticleIdList></Reference><Reference><Citation>Rasli R., Lee H.L., Wasi Ahmad N., Fikri S.F.F., Ali R., Muhamed K.A., Hadi A.A., Liu Q.Y., Meng F.X. Susceptibility status and resistance mechanisms in permethrin-selected, laboratory susceptible and field-collected Aedes aegypti from Malaysia. Insects. 2018;9:43. doi: 10.3390/insects9020043.</Citation><ArticleIdList><ArticleId IdType="doi">10.3390/insects9020043</ArticleId><ArticleId IdType="pmc">PMC6023340</ArticleId><ArticleId IdType="pubmed">29670071</ArticleId></ArticleIdList></Reference><Reference><Citation>Leong C.S., Vythilingam I., Wong M.L., Wan Sulaiman W.Y., Lau Y.L. Aedes aegypti (Linnaeus) larvae from dengue outbreak areas in Selangor showing resistance to pyrethroids but susceptible to organophosphates. Acta Trop. 2018;185:115&#x2013;126. doi: 10.1016/j.actatropica.2018.05.008.</Citation><ArticleIdList><ArticleId IdType="doi">10.1016/j.actatropica.2018.05.008</ArticleId><ArticleId IdType="pubmed">29758171</ArticleId></ArticleIdList></Reference><Reference><Citation>Abu Hasan H., Jaal Z., Ranson H., McCall P. Pyrethroid and organophosphate susceptibility status of Aedes aegypti (Linnaeus) and Aedes albopictus (Skuse) in Penang, Malaysia. Int. J. Entomol. Res. 2015;3:91&#x2013;95.</Citation></Reference><Reference><Citation>Stenhouse S.A., Plernsub S., Yanola J., Lumjuan N., Dantrakool A., Choochote W., Somboon P. Detection of the V1016G mutation in the voltage-gated sodium channel gene of Aedes aegypti (Diptera: Culicidae) by allele-specific PCR assay, and its distribution and effect on deltamethrin resistance in Thailand. Parasites Vectors. 2013;6:253. doi: 10.1186/1756-3305-6-253.</Citation><ArticleIdList><ArticleId IdType="doi">10.1186/1756-3305-6-253</ArticleId><ArticleId IdType="pmc">PMC3765916</ArticleId><ArticleId IdType="pubmed">24059267</ArticleId></ArticleIdList></Reference><Reference><Citation>Somboon P., Prapanthadara L.A., Suwonkerd W. Insecticide susceptibility tests of Anopheles minimus s.l., Aedes aegypti, Aedes albopictus, and Culex quinquefasciatus in northern Thailand. Southeast Asian J. Trop. Med. Public Health. 2003;34:87&#x2013;93.</Citation><ArticleIdList><ArticleId IdType="pubmed">12971519</ArticleId></ArticleIdList></Reference><Reference><Citation>Jirakanjanakit N., Rongnoparut P., Saengtharatip S., Chareonviriyaphap T., Duchon S., Bellec C., Yoksan S. Insecticide susceptible/resistance status in Aedes (stegomyia) aegypti and Aedes (stegomyia) albopictus (Diptera: Culicidae) in Thailand during 2003&#x2013;2005. J. Econ. Entomol. 2007;100:545&#x2013;550.</Citation><ArticleIdList><ArticleId IdType="pubmed">17461081</ArticleId></ArticleIdList></Reference><Reference><Citation>Thongwat D., Bunchu N. Susceptibility to temephos, permethrin and deltamethrin of Aedes aegypti (Diptera: Culicidae) from Muang district, Phitsanulok Province, Thailand. Asian Pac. J. Trop. Med. 2015;8:14&#x2013;18. doi: 10.1016/S1995-7645(14)60180-2.</Citation><ArticleIdList><ArticleId IdType="doi">10.1016/S1995-7645(14)60180-2</ArticleId><ArticleId IdType="pubmed">25901918</ArticleId></ArticleIdList></Reference><Reference><Citation>Moher D., Liberati A., Tetzlaff J., Altman D.G., The PRISMA Group Preferred reporting items for systematic reviews and metaanalyses: The PRISMA statement. PLoS Med. 2009;6:e1000097. doi: 10.1371/journal.pmed.1000097.</Citation><ArticleIdList><ArticleId IdType="doi">10.1371/journal.pmed.1000097</ArticleId><ArticleId IdType="pmc">PMC2707599</ArticleId><ArticleId IdType="pubmed">19621072</ArticleId></ArticleIdList></Reference><Reference><Citation>Stroup D.F., Berlin J.A., Morton S.C., Olkin I., Williamson G.D., Rennie D., Moher D., Becker B.J., Sipe T.A., Tacker S.B. Meta-analysis of observational studies in epidemiology: A proposal for reporting. Meta-analysis Of Observational Studies in Epidemiology (MOOSE) group. JAMA. 2000;283:2008&#x2013;2012. doi: 10.1001/jama.283.15.2008.</Citation><ArticleIdList><ArticleId IdType="doi">10.1001/jama.283.15.2008</ArticleId><ArticleId IdType="pubmed">10789670</ArticleId></ArticleIdList></Reference><Reference><Citation>Hoy D., Brooks P., Woolf A., Blyth F., March L., Bain C., Baker P., Smith E., Buchbinder R. Assessing risk of bias in prevalence studies: Modification of an existing tool and evidence of interrater agreement. J. Clin. Epidemiol. 2012;65:934&#x2013;939. doi: 10.1016/j.jclinepi.2011.11.014.</Citation><ArticleIdList><ArticleId IdType="doi">10.1016/j.jclinepi.2011.11.014</ArticleId><ArticleId IdType="pubmed">22742910</ArticleId></ArticleIdList></Reference><Reference><Citation>Borenstein M., Hedges L.V., Higgins J.P.T., Rothstein H.R. Introduction to meta-analysis. Chichester. 2021;77:478&#x2013;479.</Citation></Reference><Reference><Citation>Furuya-Kanamori L., Barendregt J.J., Doi S.A.R. A new improved graphical and quantitative method for detecting bias in meta-analysis. Int. J. Evid.-Based Healthc. 2018;16:195&#x2013;203. doi: 10.1097/XEB.0000000000000141.</Citation><ArticleIdList><ArticleId IdType="doi">10.1097/XEB.0000000000000141</ArticleId><ArticleId IdType="pubmed">29621038</ArticleId></ArticleIdList></Reference><Reference><Citation>Barendregt J.J., Doi S.A.  MetaXL User Guide. EpiGear International Pty Ltd.; Sunrise Beach, Australia: 2016.  [(accessed on 4 May 2022)].  Available online:  http://www.epigear.com/index_files/metaxl.html.</Citation></Reference><Reference><Citation>Lim J.T., Dickens B.S.L., Chew L.Z.X., Choo E.L.W., Koo J.R., Aik J., Ng L.C., Cook A.R. Impact of sars-cov-2 interventions on dengue transmission. PLoS Negl. Trop. Dis. 2020;14:e0008719. doi: 10.1371/journal.pntd.0008719.</Citation><ArticleIdList><ArticleId IdType="doi">10.1371/journal.pntd.0008719</ArticleId><ArticleId IdType="pmc">PMC7595279</ArticleId><ArticleId IdType="pubmed">33119609</ArticleId></ArticleIdList></Reference><Reference><Citation>Lim J.T., Chew L.Z.X., Choo E.L.W., Dickens B.S.L., Ong J., Aik J., Ng L.C., Cook A.R. Increased dengue transmissions in Singapore attributable to SARS-CoV-2 social distancing measures. J. Infect. Dis. 2021;223:399&#x2013;402. doi: 10.1093/infdis/jiaa619.</Citation><ArticleIdList><ArticleId IdType="doi">10.1093/infdis/jiaa619</ArticleId><ArticleId IdType="pmc">PMC7543616</ArticleId><ArticleId IdType="pubmed">33000172</ArticleId></ArticleIdList></Reference><Reference><Citation>Zhou X., Yang C., Liu N., Li M., Tong Y., Zeng X., Qiu X. Knockdown resistance (kdr) mutations within seventeen field populations of Aedes albopictus from Beijing China: First report of a novel V1016G mutation and evolutionary origins of kdr haplotypes. Parasites Vectors. 2019;12:180. doi: 10.1186/s13071-019-3423-x.</Citation><ArticleIdList><ArticleId IdType="doi">10.1186/s13071-019-3423-x</ArticleId><ArticleId IdType="pmc">PMC6480817</ArticleId><ArticleId IdType="pubmed">31014392</ArticleId></ArticleIdList></Reference><Reference><Citation>Bisset J., Rodr&#xed;guez M.M., Fern&#xe1;ndez D. Selection of insensitive acetylcholinesterase as a resistance mechanism in Aedes aegypti (Diptera: Culicidae) from Santiago de Cuba. J. Med. Entomol. 2006;43:1185&#x2013;1189. doi: 10.1093/jmedent/43.6.1185.</Citation><ArticleIdList><ArticleId IdType="doi">10.1093/jmedent/43.6.1185</ArticleId><ArticleId IdType="pubmed">17162951</ArticleId></ArticleIdList></Reference><Reference><Citation>Polson K.A., Brogdon W.G., Rawlins S.C., Chadee D.D. Characterization of insecticide resistance in Trinidadian strains of Aedes aegypti mosquitoes. Acta Trop. 2011;117:31&#x2013;38. doi: 10.1016/j.actatropica.2010.09.005.</Citation><ArticleIdList><ArticleId IdType="doi">10.1016/j.actatropica.2010.09.005</ArticleId><ArticleId IdType="pubmed">20858454</ArticleId></ArticleIdList></Reference><Reference><Citation>Aktar M.W., SenGupta D., Chowdhury A. Impact of pesticides use in agriculture: Their benefits and hazards. Interdiscip. Toxicol. 2009;2:1&#x2013;12. doi: 10.2478/v10102-009-0001-7.</Citation><ArticleIdList><ArticleId IdType="doi">10.2478/v10102-009-0001-7</ArticleId><ArticleId IdType="pmc">PMC2984095</ArticleId><ArticleId IdType="pubmed">21217838</ArticleId></ArticleIdList></Reference><Reference><Citation>Kaur H., Garg H. Pesticides: Environmental impacts and management strategies. Pestic. Toxic Asp. 2014;8:187.</Citation></Reference><Reference><Citation>Guruprasad N.M., Jalali S.K., Puttaraju H.P. Wolbachia&#x2014;A foe for mosquitoes. Asian Pac. J. Trop. Dis. 2014;4:78&#x2013;81. doi: 10.1016/S2222-1808(14)60319-4.</Citation><ArticleIdList><ArticleId IdType="doi">10.1016/S2222-1808(14)60319-4</ArticleId></ArticleIdList></Reference><Reference><Citation>Utarini A., Indriani C., Ahmad R.A., Tantowijoyo W., Arguni E., Ansari M.R., Supriyati E., Wardana D.S., Meitika Y., Ernesia I., et al. Efficacy of Wolbachia-infected mosquito deployments for the control of dengue. N. Engl. J. Med. 2021;384:2177&#x2013;2186. doi: 10.1056/NEJMoa2030243.</Citation><ArticleIdList><ArticleId IdType="doi">10.1056/NEJMoa2030243</ArticleId><ArticleId IdType="pmc">PMC8103655</ArticleId><ArticleId IdType="pubmed">34107180</ArticleId></ArticleIdList></Reference><Reference><Citation>Pinto S.B., Riback T.I.S., Sylvestre G., Costa G., Peixoto J., Dias F.B.S., Tanamas S.K., Simmons C.P., Dufault S.M., Ryan P.A., et al. Effectiveness of Wolbachia-infected mosquito deployments in reducing the incidence of dengue and other Aedes-borne diseases in Niter&#xf3;i, Brazil: A quasi-experimental study. PLoS Negl. Trop. Dis. 2021;15:e0009556. doi: 10.1371/journal.pntd.0009556.</Citation><ArticleIdList><ArticleId IdType="doi">10.1371/journal.pntd.0009556</ArticleId><ArticleId IdType="pmc">PMC8297942</ArticleId><ArticleId IdType="pubmed">34252106</ArticleId></ArticleIdList></Reference><Reference><Citation>O&#x2019;Neill S.L., Ryan P.A., Turley A.P., Wilson G., Retzki K., Iturbe-Ormaetxe I., Dong Y., Kenny N., Paton C.J., Ritchie S.A., et al. Scaled deployment of Wolbachia to protect the community from dengue and other Aedes transmitted arboviruses. Gates Open Res. 2018;2:36. doi: 10.12688/gatesopenres.12844.3.</Citation><ArticleIdList><ArticleId IdType="doi">10.12688/gatesopenres.12844.3</ArticleId><ArticleId IdType="pmc">PMC6305154</ArticleId><ArticleId IdType="pubmed">30596205</ArticleId></ArticleIdList></Reference><Reference><Citation>Ryan P.A., Turley A.P., Wilson G., Hurst T.P., Retzki K., Brown-Kenyon J., Hodgson L., Kenny N., Cook H., Montgomery B.L., et al. Establishment of wMel Wolbachia in Aedes aegypti mosquitoes and reduction of local dengue transmission in Cairns and surrounding locations in northern Queensland, Australia. Gates Open Res. 2019;3:1547. doi: 10.12688/gatesopenres.13061.1.</Citation><ArticleIdList><ArticleId IdType="doi">10.12688/gatesopenres.13061.1</ArticleId><ArticleId IdType="pmc">PMC6801363</ArticleId><ArticleId IdType="pubmed">31667465</ArticleId></ArticleIdList></Reference><Reference><Citation>Tantowijoyo W., Tanamas S.K., Nurhayati I., Setyawan S., Budiwati N., Fitriana I., Ernesia I., Wardana D.S., Supriyati E., Arguni E., et al. Aedes aegypti abundance and insecticide resistance profiles in the applying Wolbachia to eliminate dengue trial. PLoS Negl. Trop. Dis. 2022;16:e0010284. doi: 10.1371/journal.pntd.0010284.</Citation><ArticleIdList><ArticleId IdType="doi">10.1371/journal.pntd.0010284</ArticleId><ArticleId IdType="pmc">PMC9060332</ArticleId><ArticleId IdType="pubmed">35442957</ArticleId></ArticleIdList></Reference><Reference><Citation>Hamid P.H., Prastowo J., Ghiffari A., Taubert A., Hermosilla C. Aedes aegypti resistance development to commonly used insecticides in Jakarta, Indonesia. PLoS ONE. 2017;12:e0189680. doi: 10.1371/journal.pone.0189680.</Citation><ArticleIdList><ArticleId IdType="doi">10.1371/journal.pone.0189680</ArticleId><ArticleId IdType="pmc">PMC5734763</ArticleId><ArticleId IdType="pubmed">29253003</ArticleId></ArticleIdList></Reference><Reference><Citation>Hasmiwati H., Rusjdi S., Nofita E. Detection of Ace-1 gene with insecticides resistance in Aedes aegypti populations from DHF-endemic areas in Padang, Indonesia. Biodivers. J. Biol. Divers. 2018;19:31&#x2013;36. doi: 10.13057/biodiv/d190105.</Citation><ArticleIdList><ArticleId IdType="doi">10.13057/biodiv/d190105</ArticleId></ArticleIdList></Reference><Reference><Citation>Hamid P., Ninditya V., Prastowo J., Haryanto A., Taubert A., Hermosilla C. Current Status of Aedes aegypti Insecticide Resistance Development from Banjarmasin, Kalimantan, Indonesia. BioMed Res. Int. 2018;2018:1735358. doi: 10.1155/2018/1735358.</Citation><ArticleIdList><ArticleId IdType="doi">10.1155/2018/1735358</ArticleId><ArticleId IdType="pmc">PMC6317097</ArticleId><ArticleId IdType="pubmed">30671445</ArticleId></ArticleIdList></Reference><Reference><Citation>Wuliandari J., Hoffmann A., Tantowijoyo W., Endersby-Harshman N. Frequency of kdr mutations in the voltage-sensitive sodium channel (VSSC) gene in Aedes aegypti from Yogyakarta and implications for Wolbachia-infected mosquito trials. Parasites Vectors. 2020;13:429. doi: 10.1186/s13071-020-04304-x.</Citation><ArticleIdList><ArticleId IdType="doi">10.1186/s13071-020-04304-x</ArticleId><ArticleId IdType="pmc">PMC7444056</ArticleId><ArticleId IdType="pubmed">32831122</ArticleId></ArticleIdList></Reference><Reference><Citation>Hasmiwati H., Supargiyono S. Short Communication: Genotyping of kdr allele in insecticide resistant-Aedes aegypti populations from West Sumatra, Indonesia. Biodivers. J. Biol. Divers. 2018;19:502&#x2013;508. doi: 10.13057/biodiv/d190225.</Citation><ArticleIdList><ArticleId IdType="doi">10.13057/biodiv/d190225</ArticleId></ArticleIdList></Reference><Reference><Citation>Srisawat R., Komalamisra N., Eshita Y., Zheng M., Ono K., Itoh T., Matsumoto A., Petmitr S., Rongsriyam Y. Point mutations in domain II of the voltage-gated sodium channel gene in deltamethrin-resistant Aedes aegypti (Diptera: Culicidae) Appl. Entomol. Zool. 2010;45:275&#x2013;282. doi: 10.1303/aez.2010.275.</Citation><ArticleIdList><ArticleId IdType="doi">10.1303/aez.2010.275</ArticleId></ArticleIdList></Reference><Reference><Citation>Yanola J., Somboon P., Walton C., Nachaiwieng W., Somwang P., Prapanthadara L. High-throughput assays for detection of the F1534C mutation in the voltage-gated sodium channel gene in permethrin-resistant Aedes aegypti and the distribution of this mutation throughout Thailand. Trop. Med. Int. Health. 2011;16:501&#x2013;509. doi: 10.1111/j.1365-3156.2011.02725.x.</Citation><ArticleIdList><ArticleId IdType="doi">10.1111/j.1365-3156.2011.02725.x</ArticleId><ArticleId IdType="pubmed">21342372</ArticleId></ArticleIdList></Reference><Reference><Citation>Rajatileka S., Black W., Saavedra-Rodriguez K., Trongtokit Y., Apiwathnasorn C., McCall P., Ranson H. Development and application of a simple colorimetric assay reveals widespread distribution of sodium channel mutations in Thai populations of Aedes aegypti. Acta Trop. 2008;108:54&#x2013;57. doi: 10.1016/j.actatropica.2008.08.004.</Citation><ArticleIdList><ArticleId IdType="doi">10.1016/j.actatropica.2008.08.004</ArticleId><ArticleId IdType="pubmed">18801327</ArticleId></ArticleIdList></Reference><Reference><Citation>Saingamsook J., Saeung A., Yanola J., Lumjuan N., Walton C., Somboon P. A multiplex PCR for detection of knockdown resistance mutations, V1016G and F1534C, in pyrethroid-resistant Aedes aegypti. Parasites Vectors. 2017;10:465. doi: 10.1186/s13071-017-2416-x.</Citation><ArticleIdList><ArticleId IdType="doi">10.1186/s13071-017-2416-x</ArticleId><ArticleId IdType="pmc">PMC5634894</ArticleId><ArticleId IdType="pubmed">29017613</ArticleId></ArticleIdList></Reference><Reference><Citation>Leong C., Vythilingam I., Liew J., Wong M., Wan-Yusoff W., Lau Y. Enzymatic and molecular characterization of insecticide resistance mechanisms in field populations of Aedes aegypti from Selangor, Malaysia. Parasites Vectors. 2019;12:236. doi: 10.1186/s13071-019-3472-1.</Citation><ArticleIdList><ArticleId IdType="doi">10.1186/s13071-019-3472-1</ArticleId><ArticleId IdType="pmc">PMC6521414</ArticleId><ArticleId IdType="pubmed">31097010</ArticleId></ArticleIdList></Reference><Reference><Citation>Tangena J., Marcombe S., Thammavong P., Chonephetsarath S., Somphong B., Sayteng K., Grandadam M., Sutherland I., Lindsay S., Brey P. Bionomics and insecticide resistance of the arboviral vector Aedes albopictus in northern Lao PDR. PLoS ONE. 2018;13:e0206387. doi: 10.1371/journal.pone.0206387.</Citation><ArticleIdList><ArticleId IdType="doi">10.1371/journal.pone.0206387</ArticleId><ArticleId IdType="pmc">PMC6201963</ArticleId><ArticleId IdType="pubmed">30359425</ArticleId></ArticleIdList></Reference><Reference><Citation>Kawada H., Higa Y., Komagata O., Kasai S., Tomita T., Thi Yen N., Loan L., S&#xe1;nchez R., Takagi M. Widespread Distribution of a Newly Found Point Mutation in Voltage-Gated Sodium Channel in Pyrethroid-Resistant Aedes aegypti Populations in Vietnam. PLoS Negl. Trop. Dis. 2009;3:e527. doi: 10.1371/journal.pntd.0000527.</Citation><ArticleIdList><ArticleId IdType="doi">10.1371/journal.pntd.0000527</ArticleId><ArticleId IdType="pmc">PMC2754656</ArticleId><ArticleId IdType="pubmed">19806205</ArticleId></ArticleIdList></Reference><Reference><Citation>Kushwah RB S., Dykes C.L., Kapoor N., Adak T., Singh O.P. Pyrethroid- Resistance and Presence of Two Knockdown Resistance (kdr) Mutations, F1534C and a Novel Mutation T1520I, in Indian Aedes aegypti. PLOS Negl. Trop. Dis. 2015;9:e3332. doi: 10.1371/journal.pntd.0003332.</Citation><ArticleIdList><ArticleId IdType="doi">10.1371/journal.pntd.0003332</ArticleId><ArticleId IdType="pmc">PMC4287524</ArticleId><ArticleId IdType="pubmed">25569164</ArticleId></ArticleIdList></Reference><Reference><Citation>Saha P., Chatterjee M., Ballav S., Chowdhury A., Basu N., Maji A. Prevalence of kdr mutations and insecticide susceptibility among natural population of Aedes aegypti in West Bengal. PLoS ONE. 2019;14:e0215541. doi: 10.1371/journal.pone.0215541.</Citation><ArticleIdList><ArticleId IdType="doi">10.1371/journal.pone.0215541</ArticleId><ArticleId IdType="pmc">PMC6464230</ArticleId><ArticleId IdType="pubmed">30986273</ArticleId></ArticleIdList></Reference><Reference><Citation>Kushwah R., Kaur T., Dykes C., Ravi Kumar H., Kapoor N., Singh O. A new knockdown resistance (kdr) mutation, F1534L, in the voltage-gated sodium channel of Aedes aegypti, co-occurring with F1534C, S989P and V1016G. Parasites Vectors. 2020;13:327. doi: 10.1186/s13071-020-04201-3.</Citation><ArticleIdList><ArticleId IdType="doi">10.1186/s13071-020-04201-3</ArticleId><ArticleId IdType="pmc">PMC7325290</ArticleId><ArticleId IdType="pubmed">32600469</ArticleId></ArticleIdList></Reference><Reference><Citation>Fernando S., Hapugoda M., Perera R., Saavedra-Rodriguez K., Black W., De Silva N. First report of V1016G and S989P knockdown resistant (kdr) mutations in pyrethroid-resistant Sri Lankan Aedes aegypti mosquitoes. Parasites Vectors. 2018;11:526. doi: 10.1186/s13071-018-3113-0.</Citation><ArticleIdList><ArticleId IdType="doi">10.1186/s13071-018-3113-0</ArticleId><ArticleId IdType="pmc">PMC6158842</ArticleId><ArticleId IdType="pubmed">30257701</ArticleId></ArticleIdList></Reference><Reference><Citation>Chung H., Cheng I., Chen Y., Lin C., Tomita T., Teng H. Voltage-gated sodium channel intron polymorphism and four mutations comprise six haplotypes in an Aedes aegypti population in Taiwan. PLoS Negl. Trop. Dis. 2019;13:e0007291. doi: 10.1371/journal.pntd.0007291.</Citation><ArticleIdList><ArticleId IdType="doi">10.1371/journal.pntd.0007291</ArticleId><ArticleId IdType="pmc">PMC6457567</ArticleId><ArticleId IdType="pubmed">30925149</ArticleId></ArticleIdList></Reference></ReferenceList></PubmedData></PubmedArticle></PubmedArticleSet>