<?xml version="1.0" ?>
<!DOCTYPE PubmedArticleSet PUBLIC "-//NLM//DTD PubMedArticle, 1st January 2023//EN" "https://dtd.nlm.nih.gov/ncbi/pubmed/out/pubmed_230101.dtd">
<PubmedArticleSet>
<PubmedArticle><MedlineCitation Status="MEDLINE" Owner="NLM" IndexingMethod="Automated"><PMID Version="1">36430807</PMID><DateCompleted><Year>2022</Year><Month>11</Month><Day>29</Day></DateCompleted><DateRevised><Year>2022</Year><Month>12</Month><Day>13</Day></DateRevised><Article PubModel="Electronic"><Journal><ISSN IssnType="Electronic">1422-0067</ISSN><JournalIssue CitedMedium="Internet"><Volume>23</Volume><Issue>22</Issue><PubDate><Year>2022</Year><Month>Nov</Month><Day>18</Day></PubDate></JournalIssue><Title>International journal of molecular sciences</Title><ISOAbbreviation>Int J Mol Sci</ISOAbbreviation></Journal><ArticleTitle>Mobilization of Hematopoietic Stem and Progenitor Cells during Dengue Virus Infection.</ArticleTitle><ELocationID EIdType="pii" ValidYN="Y">14330</ELocationID><ELocationID EIdType="doi" ValidYN="Y">10.3390/ijms232214330</ELocationID><Abstract><AbstractText>Hematopoietic stem and progenitor cells (HSPCs) mobilization is the movement of HSPCs from the bone marrow to the peripheral blood or tissue induced by stress. HSPC mobilization is a well-known response to protect the host during infection through urgent differentiation of HSPCs to immune cells. Dengue virus (DENV) infection is known to cause stress in infected humans and the mobilizing capacity of HSPCs during DENV infection in affected patients has not been fully investigated. Here, we investigated whether DENV infection can induce HSPC mobilization and if the mobilized HSPCs are permissive to DENV infection. White blood cells (WBCs) were collected from dengue patients (DENV+) and healthy donors and analyzed by flow cytometry and plaque assay. Elevated HSPCs levels were found in the WBCs of the DENV+ group when compared to the healthy group. Mobilization of HSPCs and homing markers (skin and gut) expression decreased as the patients proceeded from dengue without symptoms (DWoWS) to severe dengue (SD). Mobilizing HSPCs were not only permissive to DENV infection, but infectious DENV could be recovered after coculture. Our results highlight the need for further investigation into HSPC mobilization or alterations of hematopoiesis during viral infections such as DENV in order to develop appropriate countermeasures.</AbstractText></Abstract><AuthorList CompleteYN="Y"><Author ValidYN="Y"><LastName>Puc</LastName><ForeName>Irwin</ForeName><Initials>I</Initials><Identifier Source="ORCID">0000-0002-0182-3768</Identifier><AffiliationInfo><Affiliation>Institute of Basic Medical Sciences, College of Medicine, National Cheng Kung University, Tainan 701401, Taiwan.</Affiliation></AffiliationInfo></Author><Author ValidYN="Y"><LastName>Ho</LastName><ForeName>Tzu-Chuan</ForeName><Initials>TC</Initials><AffiliationInfo><Affiliation>Institute of Basic Medical Sciences, College of Medicine, National Cheng Kung University, Tainan 701401, Taiwan.</Affiliation></AffiliationInfo></Author><Author ValidYN="Y"><LastName>Chien</LastName><ForeName>Yu-Wen</ForeName><Initials>YW</Initials><AffiliationInfo><Affiliation>Department of Public Health, College of Medicine, National Cheng Kung University, Tainan 701401, Taiwan.</Affiliation></AffiliationInfo><AffiliationInfo><Affiliation>Department of Occupational and Environmental Medicine, National Cheng Kung University Hospital, College of Medicine, National Cheng Kung University, Tainan 701401, Taiwan.</Affiliation></AffiliationInfo></Author><Author ValidYN="Y"><LastName>Tan</LastName><ForeName>Sia-Seng</ForeName><Initials>SS</Initials><AffiliationInfo><Affiliation>Department of Microbiology and Immunology, College of Medicine, National Cheng Kung University, Tainan 701401, Taiwan.</Affiliation></AffiliationInfo></Author><Author ValidYN="Y"><LastName>Fong</LastName><ForeName>Yu-Cin</ForeName><Initials>YC</Initials><AffiliationInfo><Affiliation>Department of Microbiology and Immunology, College of Medicine, National Cheng Kung University, Tainan 701401, Taiwan.</Affiliation></AffiliationInfo></Author><Author ValidYN="Y"><LastName>Chen</LastName><ForeName>Yi-Ju</ForeName><Initials>YJ</Initials><AffiliationInfo><Affiliation>Department of Microbiology and Immunology, College of Medicine, National Cheng Kung University, Tainan 701401, Taiwan.</Affiliation></AffiliationInfo></Author><Author ValidYN="Y"><LastName>Wang</LastName><ForeName>Sheng-Hsuan</ForeName><Initials>SH</Initials><AffiliationInfo><Affiliation>Institute of Basic Medical Sciences, College of Medicine, National Cheng Kung University, Tainan 701401, Taiwan.</Affiliation></AffiliationInfo></Author><Author ValidYN="Y"><LastName>Li</LastName><ForeName>Yun-Hsuan</ForeName><Initials>YH</Initials><AffiliationInfo><Affiliation>Department of Microbiology and Immunology, College of Medicine, National Cheng Kung University, Tainan 701401, Taiwan.</Affiliation></AffiliationInfo></Author><Author ValidYN="Y"><LastName>Chen</LastName><ForeName>Chun-Hong</ForeName><Initials>CH</Initials><AffiliationInfo><Affiliation>National Institute of Infectious Diseases and Vaccinology, National Health Research Institutes, Zhunan 350401, Taiwan.</Affiliation></AffiliationInfo><AffiliationInfo><Affiliation>National Mosquito-Borne Diseases Control Research Center, National Health Research Institutes, Zhunan 350401, Taiwan.</Affiliation></AffiliationInfo></Author><Author ValidYN="Y"><LastName>Chen</LastName><ForeName>Po-Lin</ForeName><Initials>PL</Initials><AffiliationInfo><Affiliation>Department of Internal Medicine, College of Medicine, National Cheng Kung University Hospital, Tainan 701401, Taiwan.</Affiliation></AffiliationInfo></Author><Author ValidYN="Y"><LastName>Perng</LastName><ForeName>Guey-Chuen</ForeName><Initials>GC</Initials><AffiliationInfo><Affiliation>Institute of Basic Medical Sciences, College of Medicine, National Cheng Kung University, Tainan 701401, Taiwan.</Affiliation></AffiliationInfo><AffiliationInfo><Affiliation>Department of Microbiology and Immunology, College of Medicine, National Cheng Kung University, Tainan 701401, Taiwan.</Affiliation></AffiliationInfo></Author><Author ValidYN="Y"><LastName>Tsai</LastName><ForeName>Jih-Jin</ForeName><Initials>JJ</Initials><Identifier Source="ORCID">0000-0003-2226-8916</Identifier><AffiliationInfo><Affiliation>Tropical Medicine Center, Kaohsiung Medical University Hospital, Kaohsiung 807378, Taiwan.</Affiliation></AffiliationInfo><AffiliationInfo><Affiliation>Division of Infectious Diseases, Department of Internal Medicine, Kaohsiung Medical University Hospital, Kaohsiung 807378, Taiwan.</Affiliation></AffiliationInfo><AffiliationInfo><Affiliation>School of Medicine, College of Medicine, Kaohsiung Medical University, Kaohsiung 807378, Taiwan.</Affiliation></AffiliationInfo></Author></AuthorList><Language>eng</Language><GrantList CompleteYN="Y"><Grant><GrantID>MOST 107-2314-B-006-063-MY3 and MOST 107-2321-B-006-002</GrantID><Agency>Ministry of Science and Technology, Taiwan</Agency><Country/></Grant><Grant><GrantID>MOHW109-TDU-B-212-114006 and MOHW110-TDU-B-212-124006</GrantID><Agency>Ministry of Health and Welfare, Taiwan</Agency><Country/></Grant><Grant><GrantID>NHRI-110A1-MRCO-03212101</GrantID><Agency>National Health Research Institute, Taiwan</Agency><Country/></Grant></GrantList><PublicationTypeList><PublicationType UI="D016428">Journal Article</PublicationType></PublicationTypeList><ArticleDate DateType="Electronic"><Year>2022</Year><Month>11</Month><Day>18</Day></ArticleDate></Article><MedlineJournalInfo><Country>Switzerland</Country><MedlineTA>Int J Mol Sci</MedlineTA><NlmUniqueID>101092791</NlmUniqueID><ISSNLinking>1422-0067</ISSNLinking></MedlineJournalInfo><CitationSubset>IM</CitationSubset><MeshHeadingList><MeshHeading><DescriptorName UI="D006801" MajorTopicYN="N">Humans</DescriptorName></MeshHeading><MeshHeading><DescriptorName UI="D006412" MajorTopicYN="Y">Hematopoietic Stem Cells</DescriptorName><QualifierName UI="Q000378" MajorTopicYN="N">metabolism</QualifierName></MeshHeading><MeshHeading><DescriptorName UI="D019650" MajorTopicYN="N">Hematopoietic Stem Cell Mobilization</DescriptorName><QualifierName UI="Q000379" MajorTopicYN="N">methods</QualifierName></MeshHeading><MeshHeading><DescriptorName UI="D001853" MajorTopicYN="N">Bone Marrow</DescriptorName><QualifierName UI="Q000378" MajorTopicYN="N">metabolism</QualifierName></MeshHeading><MeshHeading><DescriptorName UI="D001854" MajorTopicYN="N">Bone Marrow Cells</DescriptorName><QualifierName UI="Q000378" MajorTopicYN="N">metabolism</QualifierName></MeshHeading><MeshHeading><DescriptorName UI="D003715" MajorTopicYN="Y">Dengue</DescriptorName><QualifierName UI="Q000378" MajorTopicYN="N">metabolism</QualifierName></MeshHeading></MeshHeadingList><KeywordList Owner="NOTNLM"><Keyword MajorTopicYN="N">DENV infection</Keyword><Keyword MajorTopicYN="N">HSPCs mobilization</Keyword><Keyword MajorTopicYN="N">dengue</Keyword><Keyword MajorTopicYN="N">dengue virus</Keyword><Keyword MajorTopicYN="N">hematopoietic stem and progenitor cells (HSPCs)</Keyword></KeywordList><CoiStatement>All authors declare not to have any conflict of interests.</CoiStatement></MedlineCitation><PubmedData><History><PubMedPubDate PubStatus="received"><Year>2022</Year><Month>9</Month><Day>21</Day></PubMedPubDate><PubMedPubDate PubStatus="revised"><Year>2022</Year><Month>11</Month><Day>13</Day></PubMedPubDate><PubMedPubDate PubStatus="accepted"><Year>2022</Year><Month>11</Month><Day>15</Day></PubMedPubDate><PubMedPubDate PubStatus="entrez"><Year>2022</Year><Month>11</Month><Day>26</Day><Hour>1</Hour><Minute>19</Minute></PubMedPubDate><PubMedPubDate PubStatus="pubmed"><Year>2022</Year><Month>11</Month><Day>27</Day><Hour>6</Hour><Minute>0</Minute></PubMedPubDate><PubMedPubDate PubStatus="medline"><Year>2022</Year><Month>11</Month><Day>30</Day><Hour>6</Hour><Minute>0</Minute></PubMedPubDate></History><PublicationStatus>epublish</PublicationStatus><ArticleIdList><ArticleId IdType="pubmed">36430807</ArticleId><ArticleId IdType="pmc">PMC9699116</ArticleId><ArticleId IdType="doi">10.3390/ijms232214330</ArticleId><ArticleId IdType="pii">ijms232214330</ArticleId></ArticleIdList><ReferenceList><Reference><Citation>Perera R., Kuhn R.J. Structural proteomics of dengue virus. Curr. Opin. Microbiol. 2008;11:369&#x2013;377. doi: 10.1016/j.mib.2008.06.004.</Citation><ArticleIdList><ArticleId IdType="doi">10.1016/j.mib.2008.06.004</ArticleId><ArticleId IdType="pmc">PMC2581888</ArticleId><ArticleId IdType="pubmed">18644250</ArticleId></ArticleIdList></Reference><Reference><Citation>WHO . Global Strategy for Dengue Prevention and Control, 2012&#x2013;2020. WHO; Geneva, Switzerland: 2012.</Citation></Reference><Reference><Citation>Tuiskunen B&#xe4;ck A., Lundkvist &#xc5;. Dengue viruses&#x2014;An overview. Infect. Ecol. Epidemiol. 2013;3:19839. doi: 10.3402/iee.v3i0.19839.</Citation><ArticleIdList><ArticleId IdType="doi">10.3402/iee.v3i0.19839</ArticleId><ArticleId IdType="pmc">PMC3759171</ArticleId><ArticleId IdType="pubmed">24003364</ArticleId></ArticleIdList></Reference><Reference><Citation>Manz M.G., Boettcher S. Emergency granulopoiesis. Nat. Rev. Immunol. 2014;14:302&#x2013;314. doi: 10.1038/nri3660.</Citation><ArticleIdList><ArticleId IdType="doi">10.1038/nri3660</ArticleId><ArticleId IdType="pubmed">24751955</ArticleId></ArticleIdList></Reference><Reference><Citation>Granick J.L., Falahee P.C., Dahmubed D., Borjesson D.L., Miller L.S., Simon S.I. Staphylococcus aureus recognition by hematopoietic stem and progenitor cells via TLR2/MyD88/PGE2 stimulates granulopoiesis in wounds. Blood. 2013;122:1770&#x2013;1778. doi: 10.1182/blood-2012-11-466268.</Citation><ArticleIdList><ArticleId IdType="doi">10.1182/blood-2012-11-466268</ArticleId><ArticleId IdType="pmc">PMC3765058</ArticleId><ArticleId IdType="pubmed">23869087</ArticleId></ArticleIdList></Reference><Reference><Citation>Schulz C., Von Andrian U.H., Massberg S. Hematopoietic stem and progenitor cells: Their mobilization and homing to bone marrow and peripheral tissue. Immunol. Res. 2009;44:160&#x2013;168. doi: 10.1007/s12026-009-8109-6.</Citation><ArticleIdList><ArticleId IdType="doi">10.1007/s12026-009-8109-6</ArticleId><ArticleId IdType="pubmed">19340403</ArticleId></ArticleIdList></Reference><Reference><Citation>Lu X.-J., Chen Q., Rong Y.-J., Chen J. Mobilisation and dysfunction of haematopoietic stem/progenitor cells after Listonella anguillarum infection in ayu, Plecoglossus altivelis. Sci. Rep. 2016;6:28082. doi: 10.1038/srep28082.</Citation><ArticleIdList><ArticleId IdType="doi">10.1038/srep28082</ArticleId><ArticleId IdType="pmc">PMC4910102</ArticleId><ArticleId IdType="pubmed">27306736</ArticleId></ArticleIdList></Reference><Reference><Citation>Costa V.V., Fagundes C.T., Souza D.G., Teixeira M.M. Inflammatory and Innate Immune Responses in Dengue Infection: Protection versus Disease Induction. Am. J. Pathol. 2013;182:1950&#x2013;1961. doi: 10.1016/j.ajpath.2013.02.027.</Citation><ArticleIdList><ArticleId IdType="doi">10.1016/j.ajpath.2013.02.027</ArticleId><ArticleId IdType="pubmed">23567637</ArticleId></ArticleIdList></Reference><Reference><Citation>Burberry A., Zeng M.Y., Ding L., Wicks I., Inohara N., Morrison S., N&#xfa;&#xf1;ez G. Infection Mobilizes Hematopoietic Stem Cells through Cooperative NOD-like Receptor and Toll-like Receptor Signaling. Cell Host Microbe. 2014;15:779&#x2013;791. doi: 10.1016/j.chom.2014.05.004.</Citation><ArticleIdList><ArticleId IdType="doi">10.1016/j.chom.2014.05.004</ArticleId><ArticleId IdType="pmc">PMC4085166</ArticleId><ArticleId IdType="pubmed">24882704</ArticleId></ArticleIdList></Reference><Reference><Citation>Kwon S.G., Park I., Kwon Y.W., Lee T.W., Park G.T., Kim J.H. Role of stem cell mobilization in the treatment of ischemic diseases. Arch. Pharmacal Res. 2019;42:224&#x2013;231. doi: 10.1007/s12272-019-01123-2.</Citation><ArticleIdList><ArticleId IdType="doi">10.1007/s12272-019-01123-2</ArticleId><ArticleId IdType="pubmed">30680545</ArticleId></ArticleIdList></Reference><Reference><Citation>Peeples E.S., Parry S.M. The impact of hypoxic-ischemic brain injury on stem cell mobilization, migration, adhesion, and proliferation. Neural Regen. Res. 2018;13:1125&#x2013;1135. doi: 10.4103/1673-5374.235012.</Citation><ArticleIdList><ArticleId IdType="doi">10.4103/1673-5374.235012</ArticleId><ArticleId IdType="pmc">PMC6065219</ArticleId><ArticleId IdType="pubmed">30028311</ArticleId></ArticleIdList></Reference><Reference><Citation>Ratajczak M.Z., Adamiak M., Thapa A., Bujko K., Brze&#x17a;niakiewicz-Janus K., Lenkiewicz A.M. NLRP3 inflammasome couples purinergic signaling with activation of the complement cascade for the optimal release of cells from bone marrow. Leukemia. 2019;33:815&#x2013;825. doi: 10.1038/s41375-019-0436-6.</Citation><ArticleIdList><ArticleId IdType="doi">10.1038/s41375-019-0436-6</ArticleId><ArticleId IdType="pmc">PMC6477784</ArticleId><ArticleId IdType="pubmed">30846866</ArticleId></ArticleIdList></Reference><Reference><Citation>Lapidot T., Petit I. Current understanding of stem cell mobilization: The roles of chemokines, proteolytic enzymes, adhesion molecules, cytokines, and stromal cells. Exp. Hematol. 2002;30:973&#x2013;981. doi: 10.1016/S0301-472X(02)00883-4.</Citation><ArticleIdList><ArticleId IdType="doi">10.1016/S0301-472X(02)00883-4</ArticleId><ArticleId IdType="pubmed">12225788</ArticleId></ArticleIdList></Reference><Reference><Citation>Kim J., Kim W., Le H.T., Moon U.J., Tran V.G., Kim H.J., Jung S., Nguyen Q.-T., Kim B.-S., Jun J.-B., et al. IL-33&#x2013;Induced Hematopoietic Stem and Progenitor Cell Mobilization Depends upon CCR2. J. Immunol. 2014;193:3792&#x2013;3802. doi: 10.4049/jimmunol.1400176.</Citation><ArticleIdList><ArticleId IdType="doi">10.4049/jimmunol.1400176</ArticleId><ArticleId IdType="pubmed">25143444</ArticleId></ArticleIdList></Reference><Reference><Citation>Liu Y.-F., Zhang S.-Y., Chen Y.-Y., Shi K., Zou B., Liu J., Yang Q., Jiang H., Wei L., Li C.-Z., et al. ICAM-1 Deficiency in the Bone Marrow Niche Impairs Quiescence and Repopulation of Hematopoietic Stem Cells. Stem Cell Rep. 2018;11:258&#x2013;273. doi: 10.1016/j.stemcr.2018.05.016.</Citation><ArticleIdList><ArticleId IdType="doi">10.1016/j.stemcr.2018.05.016</ArticleId><ArticleId IdType="pmc">PMC6117479</ArticleId><ArticleId IdType="pubmed">29937143</ArticleId></ArticleIdList></Reference><Reference><Citation>Becquart P., Wauquier N., Nkoghe D., Ndjoyi-Mbiguino A., Padilla C., Souris M., Leroy E.M. Acute dengue virus 2 infection in Gabonese patients is associated with an early innate immune response, including strong interferon alpha production. BMC Infect. Dis. 2010;10:356. doi: 10.1186/1471-2334-10-356.</Citation><ArticleIdList><ArticleId IdType="doi">10.1186/1471-2334-10-356</ArticleId><ArticleId IdType="pmc">PMC3013083</ArticleId><ArticleId IdType="pubmed">21167041</ArticleId></ArticleIdList></Reference><Reference><Citation>Huang J., Liang W., Chen S., Zhu Y., Chen H., Mok C.K.P., Zhou Y. Serum Cytokine Profiles in Patients with Dengue Fever at the Acute Infection Phase. Dis. Markers. 2018;2018:8403937. doi: 10.1155/2018/8403937.</Citation><ArticleIdList><ArticleId IdType="doi">10.1155/2018/8403937</ArticleId><ArticleId IdType="pmc">PMC5831957</ArticleId><ArticleId IdType="pubmed">29651328</ArticleId></ArticleIdList></Reference><Reference><Citation>Patro A.R.K., Mohanty S., Prusty B.K., Singh D.K., Gaikwad S., Saswat T., Chattopadhyay S., Das B.K., Tripathy R., Ravindran B. Cytokine Signature Associated with Disease Severity in Dengue. Viruses. 2019;11:34. doi: 10.3390/v11010034.</Citation><ArticleIdList><ArticleId IdType="doi">10.3390/v11010034</ArticleId><ArticleId IdType="pmc">PMC6357178</ArticleId><ArticleId IdType="pubmed">30626045</ArticleId></ArticleIdList></Reference><Reference><Citation>Zhao J.L., Baltimore D. Regulation of stress-induced hematopoiesis. Curr. Opin. Hematol. 2015;22:286&#x2013;292. doi: 10.1097/MOH.0000000000000149.</Citation><ArticleIdList><ArticleId IdType="doi">10.1097/MOH.0000000000000149</ArticleId><ArticleId IdType="pmc">PMC4573392</ArticleId><ArticleId IdType="pubmed">26049748</ArticleId></ArticleIdList></Reference><Reference><Citation>Basu A., Jain P., Gangodkar S.V., Shetty S., Ghosh K. Dengue 2 virus inhibits in vitro megakaryocytic colony formation and induces apoptosis in thrombopoietin-inducible megakaryocytic differentiation from cord blood CD34+ cells. FEMS Immunol. Med. Microbiol. 2008;53:46&#x2013;51. doi: 10.1111/j.1574-695X.2008.00399.x.</Citation><ArticleIdList><ArticleId IdType="doi">10.1111/j.1574-695X.2008.00399.x</ArticleId><ArticleId IdType="pubmed">18371071</ArticleId></ArticleIdList></Reference><Reference><Citation>Hsu A.Y., Ho T., Lai M., Tan S.S., Chen T., Lee M., Chien Y., Chen Y., Perng G.C. Identification and characterization of permissive cells to dengue virus infection in human hematopoietic stem and progenitor cells. Transfusion. 2019;59:2938&#x2013;2951. doi: 10.1111/trf.15416.</Citation><ArticleIdList><ArticleId IdType="doi">10.1111/trf.15416</ArticleId><ArticleId IdType="pubmed">31251408</ArticleId></ArticleIdList></Reference><Reference><Citation>Alexeev V., Donahue A., Uitto J., Igoucheva O. Analysis of chemotactic molecules in bone marrow-derived mesenchymal stem cells and the skin: Ccl27-Ccr10 axis as a basis for targeting to cutaneous tissues. Cytotherapy. 2013;15:171&#x2013;184.e1. doi: 10.1016/j.jcyt.2012.11.006.</Citation><ArticleIdList><ArticleId IdType="doi">10.1016/j.jcyt.2012.11.006</ArticleId><ArticleId IdType="pmc">PMC3551218</ArticleId><ArticleId IdType="pubmed">23321329</ArticleId></ArticleIdList></Reference><Reference><Citation>Inokuma D., Abe R., Fujita Y., Sasaki M., Shibaki A., Nakamura H., McMillan J.R., Shimizu T., Shimizu H. CTACK/CCL27 Accelerates Skin Regeneration via Accumulation of Bone Marrow-Derived Keratinocytes. Stem Cells. 2006;24:2810&#x2013;2816. doi: 10.1634/stemcells.2006-0264.</Citation><ArticleIdList><ArticleId IdType="doi">10.1634/stemcells.2006-0264</ArticleId><ArticleId IdType="pubmed">16931770</ArticleId></ArticleIdList></Reference><Reference><Citation>Habtezion A., Nguyen L.P., Hadeiba H., Butcher E.C. Leukocyte Trafficking to the Small Intestine and Colon. Gastroenterology. 2016;150:340&#x2013;354. doi: 10.1053/j.gastro.2015.10.046.</Citation><ArticleIdList><ArticleId IdType="doi">10.1053/j.gastro.2015.10.046</ArticleId><ArticleId IdType="pmc">PMC4758453</ArticleId><ArticleId IdType="pubmed">26551552</ArticleId></ArticleIdList></Reference><Reference><Citation>Gorfu G., Rivera-Nieves J., Ley K. Role of beta7 integrins in intestinal lymphocyte homing and retention. Curr. Mol. Med. 2009;9:836&#x2013;850. doi: 10.2174/156652409789105525.</Citation><ArticleIdList><ArticleId IdType="doi">10.2174/156652409789105525</ArticleId><ArticleId IdType="pmc">PMC2770881</ArticleId><ArticleId IdType="pubmed">19860663</ArticleId></ArticleIdList></Reference><Reference><Citation>Correa A.R.V., Berbel A.C.E.R., Papa M.P., De Morais A.T.S., Pe&#xe7;anha L.M.T., De Arruda L.B. Dengue Virus Directly Stimulates Polyclonal B Cell Activation. PLoS ONE. 2015;10:e0143391. doi: 10.1371/journal.pone.0143391.</Citation><ArticleIdList><ArticleId IdType="doi">10.1371/journal.pone.0143391</ArticleId><ArticleId IdType="pmc">PMC4675537</ArticleId><ArticleId IdType="pubmed">26656738</ArticleId></ArticleIdList></Reference><Reference><Citation>Fu Y., Chen Y.-L., Herve M., Gu F., Shi P.-Y., Blasco F. Development of a FACS-based assay for evaluating antiviral potency of compound in dengue infected peripheral blood mononuclear cells. J. Virol. Methods. 2014;196:18&#x2013;24. doi: 10.1016/j.jviromet.2013.09.009.</Citation><ArticleIdList><ArticleId IdType="doi">10.1016/j.jviromet.2013.09.009</ArticleId><ArticleId IdType="pubmed">24140514</ArticleId></ArticleIdList></Reference><Reference><Citation>Schulz C., Gomez Perdiguero E., Chorro L., Szabo-Rogers H., Cagnard N., Kierdorf K., Prinz M., Wu B., Jacobsen S.E.W., Pollard J.W., et al. A Lineage of Myeloid Cells Independent of Myb and Hematopoietic Stem Cells. Science. 2012;336:86&#x2013;90. doi: 10.1126/science.1219179.</Citation><ArticleIdList><ArticleId IdType="doi">10.1126/science.1219179</ArticleId><ArticleId IdType="pubmed">22442384</ArticleId></ArticleIdList></Reference><Reference><Citation>Wilson A., Trumpp A. Bone-marrow haematopoietic-stem-cell niches. Nat. Rev. Immunol. 2006;6:93&#x2013;106. doi: 10.1038/nri1779.</Citation><ArticleIdList><ArticleId IdType="doi">10.1038/nri1779</ArticleId><ArticleId IdType="pubmed">16491134</ArticleId></ArticleIdList></Reference><Reference><Citation>Singh P., Yao Y., Weliver A., Broxmeyer H.E., Hong S.-C., Chang C.-H. Vaccinia Virus Infection Modulates the Hematopoietic Cell Compartments in the Bone Marrow. Stem Cells. 2008;26:1009&#x2013;1016. doi: 10.1634/stemcells.2007-0461.</Citation><ArticleIdList><ArticleId IdType="doi">10.1634/stemcells.2007-0461</ArticleId><ArticleId IdType="pmc">PMC2814369</ArticleId><ArticleId IdType="pubmed">18258722</ArticleId></ArticleIdList></Reference><Reference><Citation>Pascutti M.F., Erkelens M.N., Nolte M.A. Impact of Viral Infections on Hematopoiesis: From Beneficial to Detrimental Effects on Bone Marrow Output. Front. Immunol. 2016;7:364. doi: 10.3389/fimmu.2016.00364.</Citation><ArticleIdList><ArticleId IdType="doi">10.3389/fimmu.2016.00364</ArticleId><ArticleId IdType="pmc">PMC5025449</ArticleId><ArticleId IdType="pubmed">27695457</ArticleId></ArticleIdList></Reference><Reference><Citation>Skirecki T., Mikaszewska-Sokolewicz M., Godlewska M., Do&#x142;&#x119;gowska B., Czubak J., Hoser G., Kawiak J., Zieli&#x144;ska-Borkowska U. Mobilization of Stem and Progenitor Cells in Septic Shock Patients. Sci. Rep. 2019;9:3289. doi: 10.1038/s41598-019-39772-4.</Citation><ArticleIdList><ArticleId IdType="doi">10.1038/s41598-019-39772-4</ArticleId><ArticleId IdType="pmc">PMC6397313</ArticleId><ArticleId IdType="pubmed">30824730</ArticleId></ArticleIdList></Reference><Reference><Citation>Kiss J., Kunst&#xe1;r A., Fajka-Boja R., Dudics V., T&#xf3;v&#xe1;ri J., L&#xe9;gr&#xe1;di &#xc1;., Monostori &#x116;., Uher F.A. Novel Anti-Inflammatory Function of Human Galectin-1: Inhibition of Hematopoietic Progenitor Cell Mobilization. Exp. Hematol. 2007;35:305&#x2013;313. doi: 10.1016/j.exphem.2006.09.015.</Citation><ArticleIdList><ArticleId IdType="doi">10.1016/j.exphem.2006.09.015</ArticleId><ArticleId IdType="pubmed">17258079</ArticleId></ArticleIdList></Reference><Reference><Citation>Ruvolo P.P. Galectins as regulators of cell survival in the leukemia niche. Adv. Biol. Regul. 2019;71:41&#x2013;54. doi: 10.1016/j.jbior.2018.09.003.</Citation><ArticleIdList><ArticleId IdType="doi">10.1016/j.jbior.2018.09.003</ArticleId><ArticleId IdType="pubmed">30245264</ArticleId></ArticleIdList></Reference><Reference><Citation>Liu K.T., Liu Y.H., Chen Y.H., Lin C.Y., Huang C.H., Yen M.C., Kuo P.L. Serum Galectin-9 and Galectin-3-Binding Protein in Acute Dengue Virus Infection. Int. J. Mol. Sci. 2016;17:832. doi: 10.3390/ijms17060832.</Citation><ArticleIdList><ArticleId IdType="doi">10.3390/ijms17060832</ArticleId><ArticleId IdType="pmc">PMC4926366</ArticleId><ArticleId IdType="pubmed">27240351</ArticleId></ArticleIdList></Reference><Reference><Citation>Vogt M.B., Lahon A., Arya R.P., Clinton J.L.S., Rico-Hesse R. Dengue viruses infect human megakaryocytes, with probable clinical consequences. PLoS Neglected Trop. Dis. 2019;13:e0007837. doi: 10.1371/journal.pntd.0007837.</Citation><ArticleIdList><ArticleId IdType="doi">10.1371/journal.pntd.0007837</ArticleId><ArticleId IdType="pmc">PMC6901235</ArticleId><ArticleId IdType="pubmed">31765380</ArticleId></ArticleIdList></Reference><Reference><Citation>Sridharan A., Chen Q., Tang K.F., Ooi E.E., Hibberd M.L., Chen J. Inhibition of Megakaryocyte Development in the Bone Marrow Underlies Dengue Virus-Induced Thrombocytopenia in Humanized Mice. J. Virol. 2013;87:11648&#x2013;11658. doi: 10.1128/JVI.01156-13.</Citation><ArticleIdList><ArticleId IdType="doi">10.1128/JVI.01156-13</ArticleId><ArticleId IdType="pmc">PMC3807371</ArticleId><ArticleId IdType="pubmed">23966397</ArticleId></ArticleIdList></Reference><Reference><Citation>Granick J.L., Simon S.I., Borjesson D.L. Hematopoietic Stem and Progenitor Cells as Effectors in Innate Immunity. Bone Marrow Res. 2012;2012:165107. doi: 10.1155/2012/165107.</Citation><ArticleIdList><ArticleId IdType="doi">10.1155/2012/165107</ArticleId><ArticleId IdType="pmc">PMC3385697</ArticleId><ArticleId IdType="pubmed">22762001</ArticleId></ArticleIdList></Reference><Reference><Citation>Puc I., Ho T.-C., Yen K.-L., Vats A., Tsai J.-J., Chen P.-L., Chien Y.-W., Lo Y.-C., Perng G. Cytokine Signature of Dengue Patients at Different Severity of the Disease. Int. J. Mol. Sci. 2021;22:2879. doi: 10.3390/ijms22062879.</Citation><ArticleIdList><ArticleId IdType="doi">10.3390/ijms22062879</ArticleId><ArticleId IdType="pmc">PMC7999441</ArticleId><ArticleId IdType="pubmed">33809042</ArticleId></ArticleIdList></Reference><Reference><Citation>Murgue B., Cassar O., Guigon M., Chungue E. Dengue Virus Inhibits Human Hematopoietic Progenitor Growth In Vitro. J. Infect. Dis. 1997;175:1497&#x2013;1501. doi: 10.1086/516486.</Citation><ArticleIdList><ArticleId IdType="doi">10.1086/516486</ArticleId><ArticleId IdType="pubmed">9180193</ArticleId></ArticleIdList></Reference><Reference><Citation>Costantini A., Giuliodoro S., Mancini S., Butini L., Regnery C.M., Silvestri G., Greco F., Leoni P., Montroni M. Impaired in-vitro growth of megakaryocytic colonies derived from CD34 cells of HIV-1-infected patients with active viral replication. AIDS. 2006;20:1713&#x2013;1720. doi: 10.1097/01.aids.0000242817.88086.8c.</Citation><ArticleIdList><ArticleId IdType="doi">10.1097/01.aids.0000242817.88086.8c</ArticleId><ArticleId IdType="pubmed">16931935</ArticleId></ArticleIdList></Reference><Reference><Citation>Cunin P., Nigrovic P.A. Megakaryocytes as immune cells. J. Leukoc. Biol. 2019;105:1111&#x2013;1121. doi: 10.1002/JLB.MR0718-261RR.</Citation><ArticleIdList><ArticleId IdType="doi">10.1002/JLB.MR0718-261RR</ArticleId><ArticleId IdType="pmc">PMC6984013</ArticleId><ArticleId IdType="pubmed">30645026</ArticleId></ArticleIdList></Reference><Reference><Citation>Rodriguez S., Chora F., Goumnerov B., Mumaw C., Goebel W.S., Fernandez L., Baydoun H., HogenEsch H., Dombkowski D.M., Karlewicz C.A., et al. Dysfunctional expansion of hematopoietic stem cells and block of myeloid differentiation in lethal sepsis. Blood. 2009;114:4064&#x2013;4076. doi: 10.1182/blood-2009-04-214916.</Citation><ArticleIdList><ArticleId IdType="doi">10.1182/blood-2009-04-214916</ArticleId><ArticleId IdType="pmc">PMC2774548</ArticleId><ArticleId IdType="pubmed">19696201</ArticleId></ArticleIdList></Reference><Reference><Citation>Marquez-Curtis L.A., Turner A.R., Sridharan S., Ratajczak M.Z., Janowska-Wieczorek A. The Ins and Outs of Hematopoietic Stem Cells: Studies to Improve Transplantation Outcomes. Stem Cell Rev. Rep. 2011;7:590&#x2013;607. doi: 10.1007/s12015-010-9212-8.</Citation><ArticleIdList><ArticleId IdType="doi">10.1007/s12015-010-9212-8</ArticleId><ArticleId IdType="pmc">PMC3113638</ArticleId><ArticleId IdType="pubmed">21140298</ArticleId></ArticleIdList></Reference><Reference><Citation>To L.B., Levesque J.-P., Herbert K.E. How I treat patients who mobilize hematopoietic stem cells poorly. Blood. 2011;118:4530&#x2013;4540. doi: 10.1182/blood-2011-06-318220.</Citation><ArticleIdList><ArticleId IdType="doi">10.1182/blood-2011-06-318220</ArticleId><ArticleId IdType="pubmed">21832280</ArticleId></ArticleIdList></Reference><Reference><Citation>Yadav A., Rastogi N., Upasana K., Arora S., Thakkar D., Yadav S.P. Dengue virus transmission from donor to recipient during haploidentical stem cell transplantation. IDCases. 2021;25:e01220. doi: 10.1016/j.idcr.2021.e01220.</Citation><ArticleIdList><ArticleId IdType="doi">10.1016/j.idcr.2021.e01220</ArticleId><ArticleId IdType="pmc">PMC8282947</ArticleId><ArticleId IdType="pubmed">34295644</ArticleId></ArticleIdList></Reference><Reference><Citation>Punzel M., Korukluo&#x11f;lu G., Caglayik D.Y., Menemenlioglu D., Bozdag S.C., Tekg&#xfc;nd&#xfc;z E., Altuntas F., Campos R.D.M., Burde B., G&#xfc;nther S., et al. Dengue Virus Transmission by Blood Stem Cell Donor after Travel to Sri Lanka; Germany, 2013. Emerg. Infect. Dis. 2014;20:1366&#x2013;1369. doi: 10.3201/eid2008.140508.</Citation><ArticleIdList><ArticleId IdType="doi">10.3201/eid2008.140508</ArticleId><ArticleId IdType="pmc">PMC4111198</ArticleId><ArticleId IdType="pubmed">25062084</ArticleId></ArticleIdList></Reference><Reference><Citation>Barroso K.S.N., Kaufman J., Brunetta D., Ara&#xfa;jo F.M.D.C., Barroso-Duarte F. Dengue encephalitis in allogenic hematopoietic stem cell transplantation recipient. Bone Marrow Transplant. 2017;52:1455&#x2013;1456. doi: 10.1038/bmt.2017.152.</Citation><ArticleIdList><ArticleId IdType="doi">10.1038/bmt.2017.152</ArticleId><ArticleId IdType="pubmed">28714943</ArticleId></ArticleIdList></Reference><Reference><Citation>Vicente C.R., Herbinger K.-H., Fr&#xf6;schl G., Romano C.M., Cabidelle A.D.S.A., Junior C.C. Serotype influences on dengue severity: A cross-sectional study on 485 confirmed dengue cases in Vit&#xf3;ria, Brazil. BMC Infect. Dis. 2016;16:320. doi: 10.1186/s12879-016-1668-y.</Citation><ArticleIdList><ArticleId IdType="doi">10.1186/s12879-016-1668-y</ArticleId><ArticleId IdType="pmc">PMC4938938</ArticleId><ArticleId IdType="pubmed">27393011</ArticleId></ArticleIdList></Reference><Reference><Citation>Jiang L., Liu Y., Su W., Cao Y., Jing Q., Wu X., Yang Z. Circulation of genotypes of dengue virus serotype 2 in Guangzhou over a period of 20 years. Virol. J. 2022;19:47. doi: 10.1186/s12985-022-01773-7.</Citation><ArticleIdList><ArticleId IdType="doi">10.1186/s12985-022-01773-7</ArticleId><ArticleId IdType="pmc">PMC8931567</ArticleId><ArticleId IdType="pubmed">35303899</ArticleId></ArticleIdList></Reference><Reference><Citation>Roehrig J.T., Hombach J., Barrett A.D.T. Guidelines for Plaque-Reduction Neutralization Testing of Human Antibodies to Dengue Viruses. Viral Immunol. 2008;21:123&#x2013;132. doi: 10.1089/vim.2008.0007.</Citation><ArticleIdList><ArticleId IdType="doi">10.1089/vim.2008.0007</ArticleId><ArticleId IdType="pubmed">18476771</ArticleId></ArticleIdList></Reference></ReferenceList></PubmedData></PubmedArticle></PubmedArticleSet>