<?xml version="1.0" ?>
<!DOCTYPE PubmedArticleSet PUBLIC "-//NLM//DTD PubMedArticle, 1st January 2023//EN" "https://dtd.nlm.nih.gov/ncbi/pubmed/out/pubmed_230101.dtd">
<PubmedArticleSet>
<PubmedArticle><MedlineCitation Status="MEDLINE" Owner="NLM" IndexingMethod="Automated"><PMID Version="1">36512513</PMID><DateCompleted><Year>2022</Year><Month>12</Month><Day>28</Day></DateCompleted><DateRevised><Year>2023</Year><Month>01</Month><Day>05</Day></DateRevised><Article PubModel="Print-Electronic"><Journal><ISSN IssnType="Electronic">1520-6882</ISSN><JournalIssue CitedMedium="Internet"><Volume>94</Volume><Issue>51</Issue><PubDate><Year>2022</Year><Month>Dec</Month><Day>27</Day></PubDate></JournalIssue><Title>Analytical chemistry</Title><ISOAbbreviation>Anal Chem</ISOAbbreviation></Journal><ArticleTitle>Spin-Enhanced Lateral Flow Immunoassay for High-Sensitivity Detection of Nonstructural Protein NS1 Serotypes of the Dengue Virus.</ArticleTitle><Pagination><StartPage>17819</StartPage><EndPage>17826</EndPage><MedlinePgn>17819-17826</MedlinePgn></Pagination><ELocationID EIdType="doi" ValidYN="Y">10.1021/acs.analchem.2c03521</ELocationID><Abstract><AbstractText>Dengue fever is a global mosquito-borne viral infectious disease that has, in recent years, rapidly spread to almost all regions of the world. Lack of vaccination and directed treatment makes detection at the infection's early stages extremely important for disease prevention and clinical care. In this paper, we developed a rapid and highly sensitive dengue detection tool using a novel platform of diagnosis, called spin-enhanced lateral flow immunoassay (SELFIA) with a fluorescent nanodiamond (FND) as a reporter. Taking advantage of the unique magneto-optical properties of negatively charged nitrogen-vacancy centers in the FND, the SELFIA platform utilizes alternating electromagnetic fields to modulate signals from FND's fluorescence to provide sensitive and specific results. With sandwich SELFIA, we could efficiently detect all four dengue non-structural protein (NS1) serotypes (DV1, DV2, DV3, and DV4). The lowest detection concentration of the dengue NS1 antigens varied from 0.1 to 1.3 ng/mL, which is among the lowest limits of detection to date. The FND-based SELFIA technique is up to 500 and 5000 times more sensitive than carbon black and conventional gold nanoparticles, respectively. By using different anti-NS1 antibodies, we could differentiate the NS1 antigen serotypes contained in the tested samples via three simultaneous assays. Proposed SELFIA allows for both qualitative and quantitative differentiation between different NS1 protein serotypes, which will assist in the development of a highly sensitive and specific detection platform for dengue screening that has the potential to detect the disease at its early stages, especially in high-risk and limited-resource areas.</AbstractText></Abstract><AuthorList CompleteYN="Y"><Author ValidYN="Y"><LastName>Le</LastName><ForeName>Trong-Nghia</ForeName><Initials>TN</Initials><Identifier Source="ORCID">0000-0002-1841-0310</Identifier><AffiliationInfo><Affiliation>Department of Chemical Engineering, National Taiwan University of Science and Technology, Taipei 106, Taiwan.</Affiliation></AffiliationInfo><AffiliationInfo><Affiliation>Institute of Atomic and Molecular Sciences, Academia Sinica, Taipei 10617, Taiwan.</Affiliation></AffiliationInfo></Author><Author ValidYN="Y"><LastName>Hsiao</LastName><ForeName>Wesley Wei-Wen</ForeName><Initials>WW</Initials><Identifier Source="ORCID">0000-0002-1346-327X</Identifier><AffiliationInfo><Affiliation>Department of Chemical Engineering, National Taiwan University of Science and Technology, Taipei 106, Taiwan.</Affiliation></AffiliationInfo></Author><Author ValidYN="Y"><LastName>Cheng</LastName><ForeName>Yu-Yuan</ForeName><Initials>YY</Initials><AffiliationInfo><Affiliation>Department of Chemical Engineering, National Taiwan University of Science and Technology, Taipei 106, Taiwan.</Affiliation></AffiliationInfo></Author><Author ValidYN="Y"><LastName>Lee</LastName><ForeName>Cheng-Chung</ForeName><Initials>CC</Initials><Identifier Source="ORCID">0000-0002-8259-4388</Identifier><AffiliationInfo><Affiliation>Institute of Biological Chemistry, Academia Sinica, Taipei 10617, Taiwan.</Affiliation></AffiliationInfo><AffiliationInfo><Affiliation>The Ph.D. Program for Translational Medicine, College of Medical Science and Technology, Taipei Medical University, Taipei 10617, Taiwan.</Affiliation></AffiliationInfo></Author><Author ValidYN="Y"><LastName>Huynh</LastName><ForeName>Tan-Thanh</ForeName><Initials>TT</Initials><AffiliationInfo><Affiliation>School of Applied Chemistry, Tra Vinh University, Tra Vinh 87110, Viet Nam.</Affiliation></AffiliationInfo></Author><Author ValidYN="Y"><LastName>Pham</LastName><ForeName>Dinh Minh</ForeName><Initials>DM</Initials><Identifier Source="ORCID">0000-0002-8447-6289</Identifier><AffiliationInfo><Affiliation>Institute of Biotechnology, Vietnam Academy of Science and Technology, 18-Hoang Quoc Viet, Cau Giay, Hanoi 10000, Vietnam.</Affiliation></AffiliationInfo></Author><Author ValidYN="Y"><LastName>Chen</LastName><ForeName>Marvin</ForeName><Initials>M</Initials><AffiliationInfo><Affiliation>Institute of Atomic and Molecular Sciences, Academia Sinica, Taipei 10617, Taiwan.</Affiliation></AffiliationInfo><AffiliationInfo><Affiliation>College of Letter and Science, the University of California, Berkeley, California 94720, U.S.A.</Affiliation></AffiliationInfo></Author><Author ValidYN="Y"><LastName>Jen</LastName><ForeName>Ming-Wei</ForeName><Initials>MW</Initials><AffiliationInfo><Affiliation>Institute of Atomic and Molecular Sciences, Academia Sinica, Taipei 10617, Taiwan.</Affiliation></AffiliationInfo><AffiliationInfo><Affiliation>College of Education and Human Ecology, the Ohio State University, Columbus, Ohio 43210, U.S.A.</Affiliation></AffiliationInfo></Author><Author ValidYN="Y"><LastName>Chang</LastName><ForeName>Huan-Cheng</ForeName><Initials>HC</Initials><Identifier Source="ORCID">0000-0002-3515-4128</Identifier><AffiliationInfo><Affiliation>Department of Chemical Engineering, National Taiwan University of Science and Technology, Taipei 106, Taiwan.</Affiliation></AffiliationInfo><AffiliationInfo><Affiliation>Institute of Atomic and Molecular Sciences, Academia Sinica, Taipei 10617, Taiwan.</Affiliation></AffiliationInfo></Author><Author ValidYN="Y"><LastName>Chiang</LastName><ForeName>Wei-Hung</ForeName><Initials>WH</Initials><Identifier Source="ORCID">0000-0002-6350-6696</Identifier><AffiliationInfo><Affiliation>Department of Chemical Engineering, National Taiwan University of Science and Technology, Taipei 106, Taiwan.</Affiliation></AffiliationInfo></Author></AuthorList><Language>eng</Language><PublicationTypeList><PublicationType UI="D016428">Journal Article</PublicationType><PublicationType UI="D013485">Research Support, Non-U.S. Gov't</PublicationType></PublicationTypeList><ArticleDate DateType="Electronic"><Year>2022</Year><Month>12</Month><Day>13</Day></ArticleDate></Article><MedlineJournalInfo><Country>United States</Country><MedlineTA>Anal Chem</MedlineTA><NlmUniqueID>0370536</NlmUniqueID><ISSNLinking>0003-2700</ISSNLinking></MedlineJournalInfo><ChemicalList><Chemical><RegistryNumber>7440-57-5</RegistryNumber><NameOfSubstance UI="D006046">Gold</NameOfSubstance></Chemical><Chemical><RegistryNumber>0</RegistryNumber><NameOfSubstance UI="D017361">Viral Nonstructural Proteins</NameOfSubstance></Chemical><Chemical><RegistryNumber>0</RegistryNumber><NameOfSubstance UI="D000914">Antibodies, Viral</NameOfSubstance></Chemical></ChemicalList><CitationSubset>IM</CitationSubset><MeshHeadingList><MeshHeading><DescriptorName UI="D000818" MajorTopicYN="N">Animals</DescriptorName></MeshHeading><MeshHeading><DescriptorName UI="D006801" MajorTopicYN="N">Humans</DescriptorName></MeshHeading><MeshHeading><DescriptorName UI="D003716" MajorTopicYN="Y">Dengue Virus</DescriptorName></MeshHeading><MeshHeading><DescriptorName UI="D065288" MajorTopicYN="N">Serogroup</DescriptorName></MeshHeading><MeshHeading><DescriptorName UI="D006046" MajorTopicYN="N">Gold</DescriptorName></MeshHeading><MeshHeading><DescriptorName UI="D017361" MajorTopicYN="N">Viral Nonstructural Proteins</DescriptorName></MeshHeading><MeshHeading><DescriptorName UI="D053768" MajorTopicYN="Y">Metal Nanoparticles</DescriptorName></MeshHeading><MeshHeading><DescriptorName UI="D007118" MajorTopicYN="N">Immunoassay</DescriptorName><QualifierName UI="Q000379" MajorTopicYN="N">methods</QualifierName></MeshHeading><MeshHeading><DescriptorName UI="D000914" MajorTopicYN="N">Antibodies, Viral</DescriptorName></MeshHeading><MeshHeading><DescriptorName UI="D003715" MajorTopicYN="Y">Dengue</DescriptorName><QualifierName UI="Q000175" MajorTopicYN="N">diagnosis</QualifierName></MeshHeading><MeshHeading><DescriptorName UI="D012680" MajorTopicYN="N">Sensitivity and Specificity</DescriptorName></MeshHeading><MeshHeading><DescriptorName UI="D004797" MajorTopicYN="N">Enzyme-Linked Immunosorbent Assay</DescriptorName><QualifierName UI="Q000379" MajorTopicYN="N">methods</QualifierName></MeshHeading></MeshHeadingList></MedlineCitation><PubmedData><History><PubMedPubDate PubStatus="pubmed"><Year>2022</Year><Month>12</Month><Day>14</Day><Hour>6</Hour><Minute>0</Minute></PubMedPubDate><PubMedPubDate PubStatus="medline"><Year>2022</Year><Month>12</Month><Day>29</Day><Hour>6</Hour><Minute>0</Minute></PubMedPubDate><PubMedPubDate PubStatus="entrez"><Year>2022</Year><Month>12</Month><Day>13</Day><Hour>13</Hour><Minute>33</Minute></PubMedPubDate></History><PublicationStatus>ppublish</PublicationStatus><ArticleIdList><ArticleId IdType="pubmed">36512513</ArticleId><ArticleId IdType="doi">10.1021/acs.analchem.2c03521</ArticleId></ArticleIdList></PubmedData></PubmedArticle></PubmedArticleSet>