<?xml version="1.0" ?>
<!DOCTYPE PubmedArticleSet PUBLIC "-//NLM//DTD PubMedArticle, 1st January 2023//EN" "https://dtd.nlm.nih.gov/ncbi/pubmed/out/pubmed_230101.dtd">
<PubmedArticleSet>
<PubmedArticle><MedlineCitation Status="MEDLINE" Owner="NLM" IndexingMethod="Automated"><PMID Version="1">36542722</PMID><DateCompleted><Year>2022</Year><Month>12</Month><Day>23</Day></DateCompleted><DateRevised><Year>2023</Year><Month>01</Month><Day>04</Day></DateRevised><Article PubModel="Print-Electronic"><Journal><ISSN IssnType="Electronic">2375-2548</ISSN><JournalIssue CitedMedium="Internet"><Volume>8</Volume><Issue>51</Issue><PubDate><Year>2022</Year><Month>Dec</Month><Day>21</Day></PubDate></JournalIssue><Title>Science advances</Title><ISOAbbreviation>Sci Adv</ISOAbbreviation></Journal><ArticleTitle>Discovery of super-insecticide-resistant dengue mosquitoes in Asia: Threats of concomitant knockdown resistance mutations.</ArticleTitle><Pagination><StartPage>eabq7345</StartPage><MedlinePgn>eabq7345</MedlinePgn></Pagination><ELocationID EIdType="pii" ValidYN="Y">eabq7345</ELocationID><ELocationID EIdType="doi" ValidYN="Y">10.1126/sciadv.abq7345</ELocationID><Abstract><AbstractText><i>Aedes aegypti</i> (Linnaeus, 1762) is the main mosquito vector for dengue and other arboviral infectious diseases. Control of this important vector highly relies on the use of insecticides, especially pyrethroids. The high frequency (&gt;78%) of the L982W substitution was detected at the target site of the pyrethroid insecticide, the voltage-gated sodium channel (Vgsc) of <i>A. aegypti</i> collected from Vietnam and Cambodia. Alleles having concomitant mutations L982W&#xa0;+&#xa0;F1534C and V1016G&#xa0;+&#xa0;F1534C were also confirmed in both countries, and their frequency was high (&gt;90%) in Phnom Penh, Cambodia. Strains having these alleles exhibited substantially higher levels of pyrethroid resistance than any other field population ever reported. The L982W substitution has never been detected in any country of the Indochina Peninsula except Vietnam and Cambodia, but it may be spreading to other areas of Asia, which can cause an unprecedentedly serious threat to the control of dengue fever as well as other <i>Aedes</i>-borne infectious diseases.</AbstractText></Abstract><AuthorList CompleteYN="Y"><Author ValidYN="Y"><LastName>Kasai</LastName><ForeName>Shinji</ForeName><Initials>S</Initials><Identifier Source="ORCID">0000-0002-3837-6551</Identifier><AffiliationInfo><Affiliation>Department of Medical Entomology, National Institute of Infectious Diseases, Tokyo 162-8640, Japan.</Affiliation></AffiliationInfo></Author><Author ValidYN="Y"><LastName>Itokawa</LastName><ForeName>Kentaro</ForeName><Initials>K</Initials><Identifier Source="ORCID">0000-0003-1300-9883</Identifier><AffiliationInfo><Affiliation>Department of Medical Entomology, National Institute of Infectious Diseases, Tokyo 162-8640, Japan.</Affiliation></AffiliationInfo></Author><Author ValidYN="Y"><LastName>Uemura</LastName><ForeName>Nozomi</ForeName><Initials>N</Initials><Identifier Source="ORCID">0000-0001-8597-6704</Identifier><AffiliationInfo><Affiliation>Department of Medical Entomology, National Institute of Infectious Diseases, Tokyo 162-8640, Japan.</Affiliation></AffiliationInfo></Author><Author ValidYN="Y"><LastName>Takaoka</LastName><ForeName>Aki</ForeName><Initials>A</Initials><Identifier Source="ORCID">0000-0002-5885-2121</Identifier><AffiliationInfo><Affiliation>Department of Medical Entomology, National Institute of Infectious Diseases, Tokyo 162-8640, Japan.</Affiliation></AffiliationInfo></Author><Author ValidYN="Y"><LastName>Furutani</LastName><ForeName>Shogo</ForeName><Initials>S</Initials><AffiliationInfo><Affiliation>Department of Medical Entomology, National Institute of Infectious Diseases, Tokyo 162-8640, Japan.</Affiliation></AffiliationInfo></Author><Author ValidYN="Y"><LastName>Maekawa</LastName><ForeName>Yoshihide</ForeName><Initials>Y</Initials><AffiliationInfo><Affiliation>Department of Medical Entomology, National Institute of Infectious Diseases, Tokyo 162-8640, Japan.</Affiliation></AffiliationInfo></Author><Author ValidYN="Y"><LastName>Kobayashi</LastName><ForeName>Daisuke</ForeName><Initials>D</Initials><Identifier Source="ORCID">0000-0002-5735-8404</Identifier><AffiliationInfo><Affiliation>Department of Medical Entomology, National Institute of Infectious Diseases, Tokyo 162-8640, Japan.</Affiliation></AffiliationInfo></Author><Author ValidYN="Y"><LastName>Imanishi-Kobayashi</LastName><ForeName>Nozomi</ForeName><Initials>N</Initials><AffiliationInfo><Affiliation>Department of Medical Entomology, National Institute of Infectious Diseases, Tokyo 162-8640, Japan.</Affiliation></AffiliationInfo></Author><Author ValidYN="Y"><LastName>Amoa-Bosompem</LastName><ForeName>Michael</ForeName><Initials>M</Initials><Identifier Source="ORCID">0000-0003-0416-2878</Identifier><AffiliationInfo><Affiliation>Department of Medical Entomology, National Institute of Infectious Diseases, Tokyo 162-8640, Japan.</Affiliation></AffiliationInfo></Author><Author ValidYN="Y"><LastName>Murota</LastName><ForeName>Katsunori</ForeName><Initials>K</Initials><Identifier Source="ORCID">0000-0002-3053-9504</Identifier><AffiliationInfo><Affiliation>Kagoshima Research Station, National Institute of Animal Health, National Agriculture and Food Research Organization, Kagoshima 891-0105, Japan.</Affiliation></AffiliationInfo></Author><Author ValidYN="Y"><LastName>Higa</LastName><ForeName>Yukiko</ForeName><Initials>Y</Initials><AffiliationInfo><Affiliation>Department of Medical Entomology, National Institute of Infectious Diseases, Tokyo 162-8640, Japan.</Affiliation></AffiliationInfo></Author><Author ValidYN="Y"><LastName>Kawada</LastName><ForeName>Hitoshi</ForeName><Initials>H</Initials><Identifier Source="ORCID">0000-0002-1565-7596</Identifier><AffiliationInfo><Affiliation>Department of Vector Ecology and Environment, Institute of Tropical Medicine, Nagasaki University, Nagasaki 852-8523, Japan.</Affiliation></AffiliationInfo></Author><Author ValidYN="Y"><LastName>Minakawa</LastName><ForeName>Noboru</ForeName><Initials>N</Initials><AffiliationInfo><Affiliation>Department of Vector Ecology and Environment, Institute of Tropical Medicine, Nagasaki University, Nagasaki 852-8523, Japan.</Affiliation></AffiliationInfo></Author><Author ValidYN="Y"><LastName>Cuong</LastName><ForeName>Tran Chi</ForeName><Initials>TC</Initials><Identifier Source="ORCID">0000-0002-0721-6248</Identifier><AffiliationInfo><Affiliation>Medical Entomology and Zoology Department, National Institute of Hygiene and Epidemiology, Hanoi, Vietnam.</Affiliation></AffiliationInfo></Author><Author ValidYN="Y"><LastName>Yen</LastName><ForeName>Nguyen Thi</ForeName><Initials>NT</Initials><AffiliationInfo><Affiliation>Medical Entomology and Zoology Department, National Institute of Hygiene and Epidemiology, Hanoi, Vietnam.</Affiliation></AffiliationInfo></Author><Author ValidYN="Y"><LastName>Phong</LastName><ForeName>Tran Vu</ForeName><Initials>TV</Initials><AffiliationInfo><Affiliation>Medical Entomology and Zoology Department, National Institute of Hygiene and Epidemiology, Hanoi, Vietnam.</Affiliation></AffiliationInfo></Author><Author ValidYN="Y"><LastName>Keo</LastName><ForeName>Sath</ForeName><Initials>S</Initials><AffiliationInfo><Affiliation>Faculty of Veterinary Medicine, Royal University of Agriculture, P.O. Box 2696, Phnom Penh, Cambodia.</Affiliation></AffiliationInfo></Author><Author ValidYN="Y"><LastName>Kang</LastName><ForeName>Kroesna</ForeName><Initials>K</Initials><Identifier Source="ORCID">0000-0002-6818-1982</Identifier><AffiliationInfo><Affiliation>Faculty of Veterinary Medicine, Royal University of Agriculture, P.O. Box 2696, Phnom Penh, Cambodia.</Affiliation></AffiliationInfo></Author><Author ValidYN="Y"><LastName>Miura</LastName><ForeName>Kozue</ForeName><Initials>K</Initials><Identifier Source="ORCID">0000-0002-3233-0202</Identifier><AffiliationInfo><Affiliation>Graduate School of Agricultural and Life Sciences, The University of Tokyo, Bunkyo, Tokyo 113-8657, Japan.</Affiliation></AffiliationInfo></Author><Author ValidYN="Y"><LastName>Ng</LastName><ForeName>Lee Ching</ForeName><Initials>LC</Initials><Identifier Source="ORCID">0000-0003-2413-3863</Identifier><AffiliationInfo><Affiliation>Environmental Health Institute, National Environment Agency, Singapore 138667, Singapore.</Affiliation></AffiliationInfo><AffiliationInfo><Affiliation>School of Biological Sciences, Nanyang Technological University, 60 Nanyang Drive, Singapore 637551, Singapore.</Affiliation></AffiliationInfo></Author><Author ValidYN="Y"><LastName>Teng</LastName><ForeName>Hwa-Jen</ForeName><Initials>HJ</Initials><AffiliationInfo><Affiliation>Center for Diagnostics and Vaccine Development, Centers for Disease Control, Ministry of Health and Welfare, Taipei City 10050, Taiwan.</Affiliation></AffiliationInfo></Author><Author ValidYN="Y"><LastName>Dadzie</LastName><ForeName>Samuel</ForeName><Initials>S</Initials><AffiliationInfo><Affiliation>Department of Parasitology, Noguchi Memorial Institute for Medical Research, College of Health Sciences, University of Ghana, P.O. Box LG 581, Legon,, Ghana.</Affiliation></AffiliationInfo></Author><Author ValidYN="Y"><LastName>Subekti</LastName><ForeName>Sri</ForeName><Initials>S</Initials><Identifier Source="ORCID">0000-0003-4816-041X</Identifier><AffiliationInfo><Affiliation>Entomology Study Group, Institute of Tropical Disease, Universitas Airlangga, Surabaya 60115, Indonesia.</Affiliation></AffiliationInfo></Author><Author ValidYN="Y"><LastName>Mulyatno</LastName><ForeName>Kris Cahyo</ForeName><Initials>KC</Initials><Identifier Source="ORCID">0000-0001-8926-3031</Identifier><AffiliationInfo><Affiliation>Entomology Study Group, Institute of Tropical Disease, Universitas Airlangga, Surabaya 60115, Indonesia.</Affiliation></AffiliationInfo></Author><Author ValidYN="Y"><LastName>Sawabe</LastName><ForeName>Kyoko</ForeName><Initials>K</Initials><AffiliationInfo><Affiliation>Department of Medical Entomology, National Institute of Infectious Diseases, Tokyo 162-8640, Japan.</Affiliation></AffiliationInfo></Author><Author ValidYN="Y"><LastName>Tomita</LastName><ForeName>Takashi</ForeName><Initials>T</Initials><Identifier Source="ORCID">0000-0002-5029-3169</Identifier><AffiliationInfo><Affiliation>Department of Medical Entomology, National Institute of Infectious Diseases, Tokyo 162-8640, Japan.</Affiliation></AffiliationInfo></Author><Author ValidYN="Y"><LastName>Komagata</LastName><ForeName>Osamu</ForeName><Initials>O</Initials><Identifier Source="ORCID">0000-0002-8175-6402</Identifier><AffiliationInfo><Affiliation>Department of Medical Entomology, National Institute of Infectious Diseases, Tokyo 162-8640, Japan.</Affiliation></AffiliationInfo></Author></AuthorList><Language>eng</Language><PublicationTypeList><PublicationType UI="D016428">Journal Article</PublicationType></PublicationTypeList><ArticleDate DateType="Electronic"><Year>2022</Year><Month>12</Month><Day>21</Day></ArticleDate></Article><MedlineJournalInfo><Country>United States</Country><MedlineTA>Sci Adv</MedlineTA><NlmUniqueID>101653440</NlmUniqueID><ISSNLinking>2375-2548</ISSNLinking></MedlineJournalInfo><ChemicalList><Chemical><RegistryNumber>0</RegistryNumber><NameOfSubstance UI="D007306">Insecticides</NameOfSubstance></Chemical><Chemical><RegistryNumber>0</RegistryNumber><NameOfSubstance UI="D011722">Pyrethrins</NameOfSubstance></Chemical></ChemicalList><CitationSubset>IM</CitationSubset><MeshHeadingList><MeshHeading><DescriptorName UI="D000818" MajorTopicYN="N">Animals</DescriptorName></MeshHeading><MeshHeading><DescriptorName UI="D007306" MajorTopicYN="Y">Insecticides</DescriptorName><QualifierName UI="Q000494" MajorTopicYN="N">pharmacology</QualifierName></MeshHeading><MeshHeading><DescriptorName UI="D007305" MajorTopicYN="N">Insecticide Resistance</DescriptorName><QualifierName UI="Q000235" MajorTopicYN="N">genetics</QualifierName></MeshHeading><MeshHeading><DescriptorName UI="D011722" MajorTopicYN="Y">Pyrethrins</DescriptorName></MeshHeading><MeshHeading><DescriptorName UI="D009154" MajorTopicYN="N">Mutation</DescriptorName></MeshHeading><MeshHeading><DescriptorName UI="D000330" MajorTopicYN="Y">Aedes</DescriptorName><QualifierName UI="Q000235" MajorTopicYN="N">genetics</QualifierName></MeshHeading><MeshHeading><DescriptorName UI="D001208" MajorTopicYN="N" Type="Geographic">Asia</DescriptorName></MeshHeading><MeshHeading><DescriptorName UI="D003715" MajorTopicYN="Y">Dengue</DescriptorName><QualifierName UI="Q000453" MajorTopicYN="N">epidemiology</QualifierName><QualifierName UI="Q000235" MajorTopicYN="N">genetics</QualifierName></MeshHeading><MeshHeading><DescriptorName UI="D003141" MajorTopicYN="Y">Communicable Diseases</DescriptorName></MeshHeading></MeshHeadingList></MedlineCitation><PubmedData><History><PubMedPubDate PubStatus="entrez"><Year>2022</Year><Month>12</Month><Day>21</Day><Hour>14</Hour><Minute>5</Minute></PubMedPubDate><PubMedPubDate PubStatus="pubmed"><Year>2022</Year><Month>12</Month><Day>22</Day><Hour>6</Hour><Minute>0</Minute></PubMedPubDate><PubMedPubDate PubStatus="medline"><Year>2022</Year><Month>12</Month><Day>24</Day><Hour>6</Hour><Minute>0</Minute></PubMedPubDate></History><PublicationStatus>ppublish</PublicationStatus><ArticleIdList><ArticleId IdType="pubmed">36542722</ArticleId><ArticleId IdType="pmc">PMC9770935</ArticleId><ArticleId IdType="doi">10.1126/sciadv.abq7345</ArticleId></ArticleIdList><ReferenceList><Reference><Citation>World Health Organization, Global strategy for dengue prevention and control 2012&#x2013;2020, Geneva, Switzerland (2012).</Citation></Reference><Reference><Citation>L.&#xa0;Xu, L. C.&#xa0;Stige, K. S.&#xa0;Chan, J.&#xa0;Zhou, J.&#xa0;Yang, S.&#xa0;Sang, M.&#xa0;Wang, Z.&#xa0;Yang, Z.&#xa0;Yan, T.&#xa0;Jiang, L.&#xa0;Lu, Y.&#xa0;Yue, X.&#xa0;Liu, H.&#xa0;Lin, J.&#xa0;Xu, Q.&#xa0;Liu, N. C.&#xa0;Stenseth, Climate variation drives dengue dynamics. Proc. Natl. Acad. Sci. U.S.A. 114, 113&#x2013;118 (2017).</Citation><ArticleIdList><ArticleId IdType="pmc">PMC5224358</ArticleId><ArticleId IdType="pubmed">27940911</ArticleId></ArticleIdList></Reference><Reference><Citation>S.&#xa0;Bhatt, P. W.&#xa0;Gething, O. J.&#xa0;Brady, J. P.&#xa0;Messina, A. W.&#xa0;Farlow, C. L.&#xa0;Moyes, J. M.&#xa0;Drake, J. S.&#xa0;Brownstein, A. G.&#xa0;Hoen, O.&#xa0;Sankoh, M. F.&#xa0;Myers, D. B.&#xa0;George, T.&#xa0;Jaenisch, G.&#xa0;R.&#xa0;W.&#xa0;Wint, C. P.&#xa0;Simmons, T. W.&#xa0;Scott, J. J.&#xa0;Farrar, S. I.&#xa0;Hay, The global distribution and burden of dengue. Nature 496, 504&#x2013;507 (2013).</Citation><ArticleIdList><ArticleId IdType="pmc">PMC3651993</ArticleId><ArticleId IdType="pubmed">23563266</ArticleId></ArticleIdList></Reference><Reference><Citation>X.&#xa0;Zheng, D.&#xa0;Zhang, Y.&#xa0;Li, C.&#xa0;Yang, Y.&#xa0;Wu, X.&#xa0;Liang, Y.&#xa0;Liang, X.&#xa0;Pan, L.&#xa0;Hu, Q.&#xa0;Sun, X.&#xa0;Wang, Y.&#xa0;Wei, J.&#xa0;Zhu, W.&#xa0;Qian, Z.&#xa0;Yan, A. G.&#xa0;Parker, J.&#xa0;R.&#xa0;L.&#xa0;Gilles, K.&#xa0;Bourtzis, J.&#xa0;Bouyer, M.&#xa0;Tang, B.&#xa0;Zheng, J.&#xa0;Yu, J.&#xa0;Liu, J.&#xa0;Zhuang, Z.&#xa0;Hu, M.&#xa0;Zhang, J.-T.&#xa0;Gong, X.-Y.&#xa0;Hong, Z.&#xa0;Zhang, L.&#xa0;Lin, Q.&#xa0;Liu, Z.&#xa0;Hu, Z.&#xa0;Wu, L. A.&#xa0;Baton, A. A.&#xa0;Hoffmann, Z.&#xa0;Xi, Incompatible and sterile insect techniques combined eliminate mosquitoes. Nature 572, 56&#x2013;61 (2019).</Citation><ArticleIdList><ArticleId IdType="pubmed">31316207</ArticleId></ArticleIdList></Reference><Reference><Citation>J. E.&#xa0;Crawford, D. W.&#xa0;Clarke, V.&#xa0;Criswell, M.&#xa0;Desnoyer, D.&#xa0;Cornel, B.&#xa0;Deegan, K.&#xa0;Gong, K. C.&#xa0;Hopkins, P.&#xa0;Howell, J. S.&#xa0;Hyde, J.&#xa0;Livni, C.&#xa0;Behling, R.&#xa0;Benza, W.&#xa0;Chen, K. L.&#xa0;Dobson, C.&#xa0;Eldershaw, D.&#xa0;Greeley, Y.&#xa0;Han, B.&#xa0;Hughes, E.&#xa0;Kakani, J.&#xa0;Karbowski, A.&#xa0;Kitchell, E.&#xa0;Lee, T.&#xa0;Lin, J.&#xa0;Liu, M.&#xa0;Lozano, W.&#xa0;MacDonald, J. W.&#xa0;Mains, M.&#xa0;Metlitz, S. N.&#xa0;Mitchell, D.&#xa0;Moore, J. R.&#xa0;Ohm, K.&#xa0;Parkes, A.&#xa0;Porshnikoff, C.&#xa0;Robuck, M.&#xa0;Sheridan, R.&#xa0;Sobecki, P.&#xa0;Smith, J.&#xa0;Stevenson, J.&#xa0;Sullivan, B.&#xa0;Wasson, A. M.&#xa0;Weakley, M.&#xa0;Wilhelm, J.&#xa0;Won, A.&#xa0;Yasunaga, W. C.&#xa0;Chan, J.&#xa0;Holeman, N.&#xa0;Snoad, L.&#xa0;Upson, T.&#xa0;Zha, S. L.&#xa0;Dobson, F. S.&#xa0;Mulligan, P.&#xa0;Massaro, B. J.&#xa0;White, Efficient production of male Wolbachia-infected Aedes aegypti mosquitoes enables large-scale suppression of wild populations. Nat. Biotechnol. 38, 482&#x2013;492 (2020).</Citation><ArticleIdList><ArticleId IdType="pubmed">32265562</ArticleId></ArticleIdList></Reference><Reference><Citation>E. A.&#xa0;McGraw, S. L.&#xa0;O&#x2019;Neill, Beyond insecticides: New thinking on an ancient problem. Nat. Rev. Microbiol. 11, 181&#x2013;193 (2013).</Citation><ArticleIdList><ArticleId IdType="pubmed">23411863</ArticleId></ArticleIdList></Reference><Reference><Citation>D. D.&#xa0;Thomas, C. A.&#xa0;Donnelly, R. J.&#xa0;Wood, L. S.&#xa0;Alphey, Insect population control using a dominant, repressible, lethal genetic system. Science 287, 2474&#x2013;2476 (2000).</Citation><ArticleIdList><ArticleId IdType="pubmed">10741964</ArticleId></ArticleIdList></Reference><Reference><Citation>B. R.&#xa0;Evans, P.&#xa0;Kotsakiozi, A. L.&#xa0;Costa-da-Silva, R. S.&#xa0;Ioshino, L.&#xa0;Garziera, M. C.&#xa0;Pedrosa, A.&#xa0;Malavasi, J. F.&#xa0;Virginio, M. L.&#xa0;Capurro, J. R.&#xa0;Powell, Transgenic Aedes aegypti mosquitoes transfer genes into a natural population. Sci. Rep. 9, 13047 (2019).</Citation><ArticleIdList><ArticleId IdType="pmc">PMC6736937</ArticleId><ArticleId IdType="pubmed">31506595</ArticleId></ArticleIdList></Reference><Reference><Citation>L. B.&#xa0;Smith, S.&#xa0;Kasai, J. G.&#xa0;Scott, Pyrethroid resistance in Aedes aegypti and Aedes albopictus: Important mosquito vectors of human diseases. Pestic. Biochem. Physiol. 133, 1&#x2013;12 (2016).</Citation><ArticleIdList><ArticleId IdType="pubmed">27742355</ArticleId></ArticleIdList></Reference><Reference><Citation>T.&#xa0;Shono, Pyrethroid resistance: Importance of the kdr-type mechanism. J. Pesticide Sci. 10, 141&#x2013;146 (1985).</Citation></Reference><Reference><Citation>M.&#xa0;Miyazaki, K.&#xa0;Ohyama, D. Y.&#xa0;Dunlap, F.&#xa0;Matsumura, Cloning and sequencing of the para-type sodium channel gene from susceptible and kdr-resistant German cockroaches (Blattella germanica) and house fly (Musca domestica). Mol. Gen. Genet. 252, 61&#x2013;68 (1996).</Citation><ArticleIdList><ArticleId IdType="pubmed">8804404</ArticleId></ArticleIdList></Reference><Reference><Citation>H.&#xa0;Kawada, Y.&#xa0;Higa, O.&#xa0;Komagata, S.&#xa0;Kasai, T.&#xa0;Tomita, N.&#xa0;Thi Yen, L. L.&#xa0;Loan, R.&#xa0;A.&#xa0;P.&#xa0;S&#xe1;nchez, M.&#xa0;Takagi, Widespread distribution of a newly found point mutation in voltage-gated sodium channel in pyrethroid-resistant Aedes aegypti populations in Vietnam. PLOS Negl. Trop. Dis. 3, e527 (2009).</Citation><ArticleIdList><ArticleId IdType="pmc">PMC2754656</ArticleId><ArticleId IdType="pubmed">19806205</ArticleId></ArticleIdList></Reference><Reference><Citation>K.&#xa0;Itokawa, S.&#xa0;Furutani, A.&#xa0;Takaoka, Y.&#xa0;Maekawa, K.&#xa0;Sawabe, O.&#xa0;Komagata, T.&#xa0;Tomita, J. L.&#xa0;Lima Filho, L. C.&#xa0;Alves, S.&#xa0;Kasai, A first, naturally occurring substitution at the second pyrethroid receptor of voltage-gated sodium channel of Aedes aegypti. Pest. Manag. Sci. 77, 2887&#x2013;2893 (2021).</Citation><ArticleIdList><ArticleId IdType="pmc">PMC8247860</ArticleId><ArticleId IdType="pubmed">33559956</ArticleId></ArticleIdList></Reference><Reference><Citation>C.&#xa0;Brengues, N. J.&#xa0;Hawkes, F.&#xa0;Chandre, L.&#xa0;Mccarroll, S.&#xa0;Duchon, P.&#xa0;Guillet, S.&#xa0;Manguin, J. C.&#xa0;Morgan, J.&#xa0;Hemingway, Pyrethroid and DDT cross-resistance in Aedes aegypti is correlated with novel mutations in the voltage-gated sodium channel gene. Med. Vet. Entomol. 17, 87&#x2013;94 (2003).</Citation><ArticleIdList><ArticleId IdType="pubmed">12680930</ArticleId></ArticleIdList></Reference><Reference><Citation>Y.&#xa0;Fan, P.&#xa0;O&#x2019;Grady, M.&#xa0;Yoshimizu, A.&#xa0;Ponlawat, P. E.&#xa0;Kaufman, J. G.&#xa0;Scott, Evidence for both sequential mutations and recombination in the evolution of kdr alleles in Aedes aegypti. PLOS Negl. Trop. Dis. 14, e0008154 (2020).</Citation><ArticleIdList><ArticleId IdType="pmc">PMC7164583</ArticleId><ArticleId IdType="pubmed">32302303</ArticleId></ArticleIdList></Reference><Reference><Citation>K.&#xa0;Saavedra-Rodriguez, C. L.&#xa0;Campbell, S.&#xa0;Lozano, P.&#xa0;Penilla-Navarro, A.&#xa0;Lopez-Solis, F.&#xa0;Solis-Santoyo, A. D.&#xa0;Rodriguez, R.&#xa0;Perera, W. C.&#xa0;Black IV, Permethrin resistance in Aedes aegypti: Genomic variants that confer knockdown resistance, recovery, and death. PLOS Genet. 17, e1009606 (2021).</Citation><ArticleIdList><ArticleId IdType="pmc">PMC8211209</ArticleId><ArticleId IdType="pubmed">34138859</ArticleId></ArticleIdList></Reference><Reference><Citation>H.&#xa0;Kawada, S.&#xa0;Z.&#xa0;M.&#xa0;Oo, S.&#xa0;Thaung, E.&#xa0;Kawashima, Y.&#xa0;N.&#xa0;M.&#xa0;Maung, H. M.&#xa0;Thu, K. Z.&#xa0;Thant, N.&#xa0;Minakawa, Co-occurrence of point mutations in the voltage-gated sodium channel of pyrethroid-resistant Aedes aegypti populations in Myanmar. PLOS Negl. Trop. Dis. 8, e3032 (2014).</Citation><ArticleIdList><ArticleId IdType="pmc">PMC4117438</ArticleId><ArticleId IdType="pubmed">25077956</ArticleId></ArticleIdList></Reference><Reference><Citation>C.-S.&#xa0;Leong, I.&#xa0;Vythilingam, J. W.-K.&#xa0;Liew, M.-L.&#xa0;Wong, W. S.&#xa0;Wan-Yusoff, Y.-L.&#xa0;Lau, Enzymatic and molecular characterization of insecticide resistance mechanisms in field populations of Aedes aegypti from Selangor, Malaysia. Parasit. Vectors 12, 236 (2019).</Citation><ArticleIdList><ArticleId IdType="pmc">PMC6521414</ArticleId><ArticleId IdType="pubmed">31097010</ArticleId></ArticleIdList></Reference><Reference><Citation>M.&#xa0;Chen, Y.&#xa0;Du, Y.&#xa0;Nomura, B. S.&#xa0;Zhorov, K.&#xa0;Dong, Chronology of sodium channel mutations associated with pyrethroid resistance in Aedes aegypti. Arch. Insect Biochem. Physiol. 104, e21686 (2020).</Citation><ArticleIdList><ArticleId IdType="pmc">PMC8060125</ArticleId><ArticleId IdType="pubmed">32378259</ArticleId></ArticleIdList></Reference><Reference><Citation>K.&#xa0;Hirata, O.&#xa0;Komagata, K.&#xa0;Itokawa, A.&#xa0;Yamamoto, T.&#xa0;Tomita, S.&#xa0;Kasai, A single crossing-over event in voltage-sensitive Na+ channel genes may cause critical failure of dengue mosquito control by insecticides. PLOS Negl. Trop. Dis. 8, e3085 (2014).</Citation><ArticleIdList><ArticleId IdType="pmc">PMC4148226</ArticleId><ArticleId IdType="pubmed">25166902</ArticleId></ArticleIdList></Reference><Reference><Citation>S.&#xa0;Boyer, S.&#xa0;Marcombe, S.&#xa0;Yean, D.&#xa0;Fontenille, High diversity of mosquito vectors in Cambodian primary schools and consequences for arbovirus transmission. PLOS ONE 15, e0233669 (2020).</Citation><ArticleIdList><ArticleId IdType="pmc">PMC7274438</ArticleId><ArticleId IdType="pubmed">32502226</ArticleId></ArticleIdList></Reference><Reference><Citation>A.&#xa0;Cousien, J.&#xa0;Ledien, K.&#xa0;Souv, R.&#xa0;Leang, R.&#xa0;Huy, D.&#xa0;Fontenille, S.&#xa0;Ly, V.&#xa0;Duong, P.&#xa0;Dussart, P.&#xa0;Piola, S.&#xa0;Cauchemez, A.&#xa0;Tarantola, Predicting dengue outbreaks in Cambodia. Emerg. Infect. Dis. 25, 2281&#x2013;2283 (2019).</Citation><ArticleIdList><ArticleId IdType="pmc">PMC6874239</ArticleId><ArticleId IdType="pubmed">31742509</ArticleId></ArticleIdList></Reference><Reference><Citation>S.&#xa0;Boyer, S.&#xa0;Lopes, D.&#xa0;Prasetyo, J.&#xa0;Hustedt, A. S.&#xa0;Sarady, D.&#xa0;Doum, S.&#xa0;Yean, B.&#xa0;Peng, S.&#xa0;Bunleng, R.&#xa0;Leang, D.&#xa0;Fontenille, J.&#xa0;Hii, Resistance of Aedes aegypti (Diptera: Culicidae) populations to deltamethrin, permethrin, and temephos in Cambodia. Asia Pac.&#xa0;J.&#xa0;Public Health 30, 158&#x2013;166 (2018).</Citation><ArticleIdList><ArticleId IdType="pubmed">29502428</ArticleId></ArticleIdList></Reference><Reference><Citation>S.&#xa0;Boyer, P. O.&#xa0;Maquart, K.&#xa0;Chhuoy, K.&#xa0;Suor, M.&#xa0;Chhum, K.&#xa0;Heng, S.&#xa0;Leng, D.&#xa0;Fontenille, S.&#xa0;Marcombe, Monitoring insecticide resistance of adult and larval Aedes aegypti (Diptera: Culicidae) in Phnom Penh, Cambodia. Parasit. Vectors 15, 44 (2022).</Citation><ArticleIdList><ArticleId IdType="pmc">PMC8805314</ArticleId><ArticleId IdType="pubmed">35101104</ArticleId></ArticleIdList></Reference><Reference><Citation>S.&#xa0;Kasai, B.&#xa0;Caputo, T.&#xa0;Tsunoda, T. C.&#xa0;Cuong, Y.&#xa0;Maekawa, S. G.&#xa0;Lam-Phua, V.&#xa0;Pichler, K.&#xa0;Itokawa, K.&#xa0;Murota, O.&#xa0;Komagata, C.&#xa0;Yoshida, H.-H.&#xa0;Chung, R.&#xa0;Bellini, Y.&#xa0;Tsuda, H.-J.&#xa0;Teng, J. L.&#xa0;de Lima Filho, L. C.&#xa0;Alves, L. C.&#xa0;Ng, N.&#xa0;Minakawa, N. T.&#xa0;Yen, T. V.&#xa0;Phong, K.&#xa0;Sawabe, T.&#xa0;Tomita, First detection of a Vssc allele V1016G conferring a high level of insecticide resistance in Aedes albopictus collected from Europe (Italy) and Asia (Vietnam), 2016: A new emerging threat to controlling arboviral diseases. Euro Surveill. 24, 1700847 (2019).</Citation><ArticleIdList><ArticleId IdType="pmc">PMC6386213</ArticleId><ArticleId IdType="pubmed">30722810</ArticleId></ArticleIdList></Reference><Reference><Citation>C.&#xa0;K.&#xa0;Lok, Singapore&#x2019;s Dengue Haemorrhagic Fever Control Programme: A Case Study on the Successful Control of Aedes aegypti and Aedes albopictus Using Mainly Environmental Measures as a Part of Integrated Vector Control (Southeast Asian Medical Information Center, Tokyo 1985), pp.&#xa0;114.</Citation></Reference><Reference><Citation>S.&#xa0;Kasai, L. C.&#xa0;Ng, S. G.&#xa0;Lam-Phua, C. S.&#xa0;Tang, K.&#xa0;Itokawa, O.&#xa0;Komagata, M.&#xa0;Kobayashi, T.&#xa0;Tomita, First detection of a putative knockdown resistance gene in major mosquito vector, Aedes albopictus. Jpn.&#xa0;J.&#xa0;Infect. Dis. 64, 217&#x2013;221 (2011).</Citation><ArticleIdList><ArticleId IdType="pubmed">21617306</ArticleId></ArticleIdList></Reference><Reference><Citation>Y.&#xa0;Du, Y.&#xa0;Nomura, G.&#xa0;Satar, Z.&#xa0;Hu, R.&#xa0;Nauen, S. Y.&#xa0;He, B. S.&#xa0;Zhorov, K.&#xa0;Dong, Molecular evidence for dual pyrethroid-receptor sites on a mosquito sodium channel. Proc. Natl. Acad. Sci. U.S.A. 110, 11785&#x2013;11790 (2013).</Citation><ArticleIdList><ArticleId IdType="pmc">PMC3718148</ArticleId><ArticleId IdType="pubmed">23821746</ArticleId></ArticleIdList></Reference><Reference><Citation>Y.&#xa0;Fan, J. G.&#xa0;Scott, The F1534C voltage-sensitive sodium channel mutation confers 7- to 16-fold resistance to pyrethroid insecticides in Aedes aegypti. Pest Manag. Sci. 76, 2251&#x2013;2259 (2020).</Citation><ArticleIdList><ArticleId IdType="pmc">PMC7968078</ArticleId><ArticleId IdType="pubmed">31981401</ArticleId></ArticleIdList></Reference><Reference><Citation>L. B.&#xa0;Smith, S.&#xa0;Kasai, J. G.&#xa0;Scott, Voltage-sensitive sodium channel mutations S989P + V1016G in Aedes aegypti confer variable resistance to pyrethroids, DDT and oxadiazines. Pest Manag. Sci. 74, 737&#x2013;745 (2018).</Citation><ArticleIdList><ArticleId IdType="pmc">PMC5814875</ArticleId><ArticleId IdType="pubmed">29064635</ArticleId></ArticleIdList></Reference><Reference><Citation>G.&#xa0;Bingham, C.&#xa0;Strode, L.&#xa0;Tran, P. T.&#xa0;Khoa, H. P.&#xa0;Jamet, Can piperonyl butoxide enhance the efficacy of pyrethroids against pyrethroid-resistant Aedes aegypti? Trop. Med. Int. Health 16, 492&#x2013;500 (2011).</Citation><ArticleIdList><ArticleId IdType="pubmed">21324051</ArticleId></ArticleIdList></Reference><Reference><Citation>K.&#xa0;Dong, Y.&#xa0;du, F.&#xa0;Rinkevich, Y.&#xa0;Nomura, P.&#xa0;Xu, L.&#xa0;Wang, K.&#xa0;Silver, B. S.&#xa0;Zhorov, Molecular biology of insect sodium channels and pyrethroid resistance. Insect Biochem. Mol. Biol. 50, 1&#x2013;17 (2014).</Citation><ArticleIdList><ArticleId IdType="pmc">PMC4484874</ArticleId><ArticleId IdType="pubmed">24704279</ArticleId></ArticleIdList></Reference><Reference><Citation>M.&#xa0;Chen, Y.&#xa0;du, Y.&#xa0;Nomura, G.&#xa0;Zhu, B. S.&#xa0;Zhorov, K.&#xa0;Dong, Alanine to valine substitutions in the pore helix IIIP1 and linker-helix IIIL45 confer cockroach sodium channel resistance to DDT and pyrethroids. Neurotoxicology 60, 197&#x2013;206 (2017).</Citation><ArticleIdList><ArticleId IdType="pmc">PMC5731473</ArticleId><ArticleId IdType="pubmed">27328896</ArticleId></ArticleIdList></Reference><Reference><Citation>J. J.&#xa0;Silva, J. G.&#xa0;Scott, Conservation of the voltage-sensitive sodium channel protein within the Insecta. Insect Mol. Biol. 29, 9&#x2013;18 (2020).</Citation><ArticleIdList><ArticleId IdType="pubmed">31206812</ArticleId></ArticleIdList></Reference><Reference><Citation>Z. H.&#xa0;Amelia-Yap, C. D.&#xa0;Chen, M.&#xa0;Sofian-Azirun, V. L.&#xa0;Low, Pyrethroid resistance in the dengue vector Aedes aegypti in Southeast Asia: Present situation and prospects for management. Parasit. Vectors 11, 332 (2018).</Citation><ArticleIdList><ArticleId IdType="pmc">PMC5987412</ArticleId><ArticleId IdType="pubmed">29866193</ArticleId></ArticleIdList></Reference><Reference><Citation>J. Hustedt, thesis, London School of Hygiene &amp; Tropical Medicine (2020).</Citation></Reference><Reference><Citation>M.&#xa0;Sugiura, F.&#xa0;Kimoto, K.&#xa0;Itokawa, S.&#xa0;Kasai, Novel CONCOMITANT mutations L932F and I936V in the voltage-gated sodium channel and its association with pyrethroid resistance in Culex quinquefasciatus (Diptera: Culicidae). J. Med. Entomol. 58, 798&#x2013;806 (2021).</Citation><ArticleIdList><ArticleId IdType="pubmed">33174593</ArticleId></ArticleIdList></Reference><Reference><Citation>H.&#xa0;Kawada, Y.&#xa0;Higa, Y. T.&#xa0;Nguyen, S. H.&#xa0;Tran, H. T.&#xa0;Nguyen, M.&#xa0;Takagi, Nationwide investigation of the pyrethroid susceptibility of mosquito larvae collected from used tires in Vietnam. PLOS Negl. Trop. Dis. 3, e391 (2009).</Citation><ArticleIdList><ArticleId IdType="pmc">PMC2647736</ArticleId><ArticleId IdType="pubmed">19274072</ArticleId></ArticleIdList></Reference><Reference><Citation>T.&#xa0;Shimono, S.&#xa0;Kanda, P.&#xa0;Lamaningao, Y.&#xa0;Murakami, A. W.&#xa0;Darcy, N.&#xa0;Mishima, S.&#xa0;Inthavongsack, O.&#xa0;Soprasert, T.&#xa0;Xaypangna, T.&#xa0;Nishiyama, Phenotypic and haplotypic profiles of insecticide resistance in populations of Aedes aegypti larvae (Diptera: Culicidae) from central Lao PDR. Trop. Med. Health 49, 32 (2021).</Citation><ArticleIdList><ArticleId IdType="pmc">PMC8061177</ArticleId><ArticleId IdType="pubmed">33883036</ArticleId></ArticleIdList></Reference><Reference><Citation>S.&#xa0;Marcombe, K.&#xa0;Shimell, R.&#xa0;Savage, E.&#xa0;Howlett, P.&#xa0;Luangamath, S.&#xa0;Nilaxay, V.&#xa0;Vungkyly, A.&#xa0;Baby, M.&#xa0;King, J.&#xa0;Clarke, C.&#xa0;Jeffries, J.&#xa0;Jojo, E.&#xa0;Lacey, F.&#xa0;Bhatty, D.&#xa0;Mabika, A.&#xa0;dela Cruz, C.&#xa0;Fisher, M.&#xa0;Mbadu, I.&#xa0;Despiniadis, P. T.&#xa0;Brey, P.&#xa0;Thammavong, A. K.&#xa0;Jones, Detection of pyrethroid resistance mutations and intron variants in the voltage-gated sodium channel of Aedes (Stegomyia) aegypti and Aedes (Stegomyia) albopictus mosquitoes from Lao People&#x2019;s Democratic Republic. Med. Vet. Entomol. 36, 424&#x2013;434 (2022).</Citation><ArticleIdList><ArticleId IdType="pmc">PMC9790263</ArticleId><ArticleId IdType="pubmed">35593512</ArticleId></ArticleIdList></Reference><Reference><Citation>H.&#xa0;Kawada, K.&#xa0;Futami, Y.&#xa0;Higa, G.&#xa0;Rai, T.&#xa0;Suzuki, S. K.&#xa0;Rai, Distribution and pyrethroid resistance status of Aedes aegypti and Aedes albopictus populations and possible phylogenetic reasons for the recent invasion of Aedes aegypti in Nepal. Parasit. Vectors 13, 213 (2020).</Citation><ArticleIdList><ArticleId IdType="pmc">PMC7178601</ArticleId><ArticleId IdType="pubmed">32321546</ArticleId></ArticleIdList></Reference><Reference><Citation>J.&#xa0;Hu, K.&#xa0;Itokawa, Y.&#xa0;Tsuda, K.&#xa0;Futami, Y.&#xa0;Higa, K.&#xa0;Sawabe, N.&#xa0;Minakawa, Presumption of the origin of Aedes aegypti discovered at CHUBU Centrair International Airport, Nagoya. Med. Entomol. Zool. 70, 64 (2019).</Citation></Reference><Reference><Citation>Z.&#xa0;Hu, Y.&#xa0;Du, Y.&#xa0;Nomura, K.&#xa0;Dong, A sodium channel mutation identified in Aedes aegypti selectively reduces cockroach sodium channel sensitivity to type I, but not type II pyrethroids. Insect Biochem. Mol. Biol. 41, 9&#x2013;13 (2011).</Citation><ArticleIdList><ArticleId IdType="pmc">PMC3022105</ArticleId><ArticleId IdType="pubmed">20869441</ArticleId></ArticleIdList></Reference><Reference><Citation>A. M.&#xa0;Al Nazawi, J.&#xa0;Aqili, M.&#xa0;Alzahrani, P. J.&#xa0;McCall, D.&#xa0;Weetman, Combined target site (kdr) mutations play a primary role in highly pyrethroid resistant phenotypes of Aedes aegypti from Saudi Arabia. Parasit. Vectors 10, 161 (2017).</Citation><ArticleIdList><ArticleId IdType="pmc">PMC5368989</ArticleId><ArticleId IdType="pubmed">28347352</ArticleId></ArticleIdList></Reference><Reference><Citation>J. J.&#xa0;Silva, C. N.&#xa0;Kouam, J. G.&#xa0;Scott, Levels of cross-resistance to pyrethroids conferred by the Vssc knockdown resistance allele 410L+1016I+1534C in Aedes aegypti. PLOS Negl. Trop. Dis. 15, e0009549 (2021).</Citation><ArticleIdList><ArticleId IdType="pmc">PMC8274910</ArticleId><ArticleId IdType="pubmed">34252110</ArticleId></ArticleIdList></Reference><Reference><Citation>H.&#xa0;Sun, K. P.&#xa0;Tong, S.&#xa0;Kasai, J. G.&#xa0;Scott, Overcoming super-knock down resistance (super-kdr) mediated resistance: Multi-halogenated benzyl pyrethroids are more toxic to super-kdr than kdr house flies. Insect Mol. Biol. 25, 126&#x2013;137 (2016).</Citation><ArticleIdList><ArticleId IdType="pubmed">26691197</ArticleId></ArticleIdList></Reference><Reference><Citation>S.&#xa0;Kasai, O.&#xa0;Komagata, K.&#xa0;Itokawa, T.&#xa0;Shono, L. C.&#xa0;Ng, M.&#xa0;Kobayashi, T.&#xa0;Tomita, Mechanisms of pyrethroid resistance in the dengue mosquito vector, Aedes aegypti: Target site insensitivity, penetration, and metabolism. PLOS Negl. Trop. Dis. 8, e2948 (2014).</Citation><ArticleIdList><ArticleId IdType="pmc">PMC4063723</ArticleId><ArticleId IdType="pubmed">24945250</ArticleId></ArticleIdList></Reference><Reference><Citation>O.&#xa0;Wood, S.&#xa0;Hanrahan, M.&#xa0;Coetzee, L.&#xa0;Koekemoer, B.&#xa0;Brooke, Cuticle thickening associated with pyrethroid resistance in the major malaria vector Anopheles funestus. Parasit. Vectors 3, 67 (2010).</Citation><ArticleIdList><ArticleId IdType="pmc">PMC2924294</ArticleId><ArticleId IdType="pubmed">20684757</ArticleId></ArticleIdList></Reference><Reference><Citation>G. A.&#xa0;Yahou&#xe9;do, F.&#xa0;Chandre, M.&#xa0;Rossignol, C.&#xa0;Ginibre, V.&#xa0;Balabanidou, N.&#xa0;G.&#xa0;A.&#xa0;Mendez, O.&#xa0;Pigeon, J.&#xa0;Vontas, S.&#xa0;Cornelie, Contributions of cuticle permeability and enzyme detoxification to pyrethroid resistance in the major malaria vector Anopheles gambiae. Sci. Rep. 7, 11091 (2017).</Citation><ArticleIdList><ArticleId IdType="pmc">PMC5593880</ArticleId><ArticleId IdType="pubmed">28894186</ArticleId></ArticleIdList></Reference><Reference><Citation>D. J.&#xa0;Finney, Probit analysis. J. Pharm. Sci. 60, (1971).</Citation></Reference><Reference><Citation>N.&#xa0;T.&#xa0;K.&#xa0;Lien, N.&#xa0;T.&#xa0;H.&#xa0;Ngoc, N. T.&#xa0;Hien, N. H.&#xa0;Hoang, N.&#xa0;T.&#xa0;H.&#xa0;Binh, Two novel mutations in the voltage-gated sodium channel associated with knockdown resistance (kdr) in the dengue vector Aedes aegypti in Vietnam. J. Vector Ecol. 43, 184&#x2013;189 (2018).</Citation><ArticleIdList><ArticleId IdType="pubmed">29757514</ArticleId></ArticleIdList></Reference><Reference><Citation>K.&#xa0;Itokawa, T.&#xa0;Sekizuka, Y.&#xa0;Maekawa, K.&#xa0;Yatsu, O.&#xa0;Komagata, M.&#xa0;Sugiura, T.&#xa0;Sasaki, T.&#xa0;Tomita, M.&#xa0;Kuroda, K.&#xa0;Sawabe, S.&#xa0;Kasai, High-throughput genotyping of a full voltage-gated sodium channel gene via genomic DNA using target capture sequencing and analytical pipeline MoNaS to discover novel insecticide resistance mutations. PLOS Negl. Trop. Dis. 13, e0007818 (2019).</Citation><ArticleIdList><ArticleId IdType="pmc">PMC6886866</ArticleId><ArticleId IdType="pubmed">31738756</ArticleId></ArticleIdList></Reference><Reference><Citation>P.&#xa0;H.&#xa0;A. Sneath, R.&#xa0;R.&#xa0;Sokal, Numerical Taxonomy: The Principles and Practice of Numerical Classification (W.H. Freeman and Co., 973), pp.&#xa0;573.</Citation></Reference><Reference><Citation>J.&#xa0;Felsenstein, Confidence limits on phylogenies: An approach using the bootstrap. Evolution 39, 783&#x2013;791 (1985).</Citation><ArticleIdList><ArticleId IdType="pubmed">28561359</ArticleId></ArticleIdList></Reference><Reference><Citation>M.&#xa0;Kimura, A simple method for estimating evolutionary rates of base substitutions through comparative studies of nucleotide sequences. J. Mol. Evol. 16, 111&#x2013;120 (1980).</Citation><ArticleIdList><ArticleId IdType="pubmed">7463489</ArticleId></ArticleIdList></Reference><Reference><Citation>S.&#xa0;Kumar, G.&#xa0;Stecher, M.&#xa0;Li, C.&#xa0;Knyaz, K.&#xa0;Tamura, MEGA X: Molecular evolutionary genetics analysis across computing platforms. Mol. Biol. Evol. 35, 1547&#x2013;1549 (2018).</Citation><ArticleIdList><ArticleId IdType="pmc">PMC5967553</ArticleId><ArticleId IdType="pubmed">29722887</ArticleId></ArticleIdList></Reference><Reference><Citation>H.&#xa0;Shen, Z.&#xa0;Li, Y.&#xa0;Jiang, X.&#xa0;Pan, J.&#xa0;Wu, B.&#xa0;Cristofori-Armstrong, J. J.&#xa0;Smith, Y.&#xa0;K.&#xa0;Y.&#xa0;Chin, J.&#xa0;Lei, Q.&#xa0;Zhou, G. F.&#xa0;King, N.&#xa0;Yan, Structural basis for the modulation of voltage-gated sodium channels by animal toxins. Science 362, aau2596 (2018).</Citation><ArticleIdList><ArticleId IdType="pubmed">30049784</ArticleId></ArticleIdList></Reference><Reference><Citation>N.&#xa0;Eswar, B.&#xa0;Webb, M. A.&#xa0;Marti-Renom, M. S.&#xa0;Madhusudhan, D.&#xa0;Eramian, M.-Y.&#xa0;Shen, U.&#xa0;Pieper, A.&#xa0;Sali, Comparative protein structure modeling using MODELLER. Curr. Protoc. Bioinformatics 5, Unit&#x2013;5.6 (2016).</Citation><ArticleIdList><ArticleId IdType="pmc">PMC4186674</ArticleId><ArticleId IdType="pubmed">18428767</ArticleId></ArticleIdList></Reference><Reference><Citation>G. M.&#xa0;Morris, D. S.&#xa0;Goodsell, R. S.&#xa0;Halliday, R.&#xa0;Huey, W. E.&#xa0;Hart, R. K.&#xa0;Belew, A. J.&#xa0;Olson, Automated docking using a Lamarckian genetic algorithm and an empirical binding free energy function. J. Comput. Chem. 19, 1639&#x2013;1662 (1998).</Citation></Reference></ReferenceList></PubmedData></PubmedArticle></PubmedArticleSet>