<?xml version="1.0" ?>
<!DOCTYPE PubmedArticleSet PUBLIC "-//NLM//DTD PubMedArticle, 1st January 2023//EN" "https://dtd.nlm.nih.gov/ncbi/pubmed/out/pubmed_230101.dtd">
<PubmedArticleSet>
<PubmedArticle><MedlineCitation Status="PubMed-not-MEDLINE" Owner="NLM"><PMID Version="1">36548663</PMID><DateRevised><Year>2023</Year><Month>03</Month><Day>08</Day></DateRevised><Article PubModel="Electronic"><Journal><ISSN IssnType="Electronic">2414-6366</ISSN><JournalIssue CitedMedium="Internet"><Volume>7</Volume><Issue>12</Issue><PubDate><Year>2022</Year><Month>Nov</Month><Day>29</Day></PubDate></JournalIssue><Title>Tropical medicine and infectious disease</Title><ISOAbbreviation>Trop Med Infect Dis</ISOAbbreviation></Journal><ArticleTitle>Dengue Meteorological Determinants during Epidemic and Non-Epidemic Periods in Taiwan.</ArticleTitle><ELocationID EIdType="pii" ValidYN="Y">408</ELocationID><ELocationID EIdType="doi" ValidYN="Y">10.3390/tropicalmed7120408</ELocationID><Abstract><AbstractText>The identification of the key factors influencing dengue occurrence is critical for a successful response to the outbreak. It was interesting to consider possible differences in meteorological factors affecting dengue incidence during epidemic and non-epidemic periods. In this study, the overall correlation between weekly dengue incidence rates and meteorological variables were conducted in southern Taiwan (Tainan and Kaohsiung cities) from 2007 to 2017. The lagged-time Poisson regression analysis based on generalized estimating equation (GEE) was also performed. This study found that the best-fitting Poisson models with the smallest QICu values to characterize the relationships between dengue fever cases and meteorological factors in Tainan (QICu = &#x2212;8.49 &#xd7; 10&#x2212;3) and Kaohsiung (&#x2212;3116.30) for epidemic periods, respectively. During dengue epidemics, the maximum temperature with 2-month lag (&#x3b2; = 0.8400, p &lt; 0.001) and minimum temperature with 5-month lag (0.3832, p &lt; 0.001). During non-epidemic periods, the minimum temperature with 3-month lag (0.1737, p &lt; 0.001) and mean temperature with 2-month lag (2.6743, p &lt; 0.001) had a positive effect on dengue incidence in Tainan and Kaohsiung, respectively.</AbstractText></Abstract><AuthorList CompleteYN="Y"><Author ValidYN="Y"><LastName>You</LastName><ForeName>Shu-Han</ForeName><Initials>SH</Initials><AffiliationInfo><Affiliation>Institute of Food Safety and Risk Management, National Taiwan Ocean University, Keelung City 20224, Taiwan.</Affiliation></AffiliationInfo></Author><Author ValidYN="Y"><LastName>Chen</LastName><ForeName>Szu-Chieh</ForeName><Initials>SC</Initials><Identifier Source="ORCID">0000-0002-3998-0355</Identifier><AffiliationInfo><Affiliation>Department of Public Health, Chung Shan Medical University, Taichung 40201, Taiwan.</Affiliation></AffiliationInfo><AffiliationInfo><Affiliation>Department of Family and Community Medicine, Chung Shan Medical University Hospital, Taichung 40201, Taiwan.</Affiliation></AffiliationInfo></Author><Author ValidYN="Y"><LastName>Huang</LastName><ForeName>Yi-Han</ForeName><Initials>YH</Initials><AffiliationInfo><Affiliation>Department of Public Health, Chung Shan Medical University, Taichung 40201, Taiwan.</Affiliation></AffiliationInfo></Author><Author ValidYN="Y"><LastName>Tsai</LastName><ForeName>Hsin-Chieh</ForeName><Initials>HC</Initials><AffiliationInfo><Affiliation>Department of Public Health, Chung Shan Medical University, Taichung 40201, Taiwan.</Affiliation></AffiliationInfo></Author></AuthorList><Language>eng</Language><GrantList CompleteYN="Y"><Grant><GrantID>109-2313-B-040-001</GrantID><Agency>Ministry of Science and Technology</Agency><Country/></Grant><Grant><GrantID>CSMU-INT-106-03</GrantID><Agency>Chung Shan Medical University</Agency><Country/></Grant></GrantList><PublicationTypeList><PublicationType UI="D016428">Journal Article</PublicationType></PublicationTypeList><ArticleDate DateType="Electronic"><Year>2022</Year><Month>11</Month><Day>29</Day></ArticleDate></Article><MedlineJournalInfo><Country>Switzerland</Country><MedlineTA>Trop Med Infect Dis</MedlineTA><NlmUniqueID>101709042</NlmUniqueID><ISSNLinking>2414-6366</ISSNLinking></MedlineJournalInfo><KeywordList Owner="NOTNLM"><Keyword MajorTopicYN="N">Taiwan</Keyword><Keyword MajorTopicYN="N">climate</Keyword><Keyword MajorTopicYN="N">dengue fever</Keyword><Keyword MajorTopicYN="N">environmental factors</Keyword><Keyword MajorTopicYN="N">epidemic</Keyword><Keyword MajorTopicYN="N">temperature</Keyword></KeywordList><CoiStatement>The authors declare that there is no conflict of interest regarding the publication of this manuscript.</CoiStatement></MedlineCitation><PubmedData><History><PubMedPubDate PubStatus="received"><Year>2022</Year><Month>11</Month><Day>7</Day></PubMedPubDate><PubMedPubDate PubStatus="revised"><Year>2022</Year><Month>11</Month><Day>25</Day></PubMedPubDate><PubMedPubDate PubStatus="accepted"><Year>2022</Year><Month>11</Month><Day>27</Day></PubMedPubDate><PubMedPubDate PubStatus="entrez"><Year>2022</Year><Month>12</Month><Day>22</Day><Hour>15</Hour><Minute>13</Minute></PubMedPubDate><PubMedPubDate PubStatus="pubmed"><Year>2022</Year><Month>12</Month><Day>23</Day><Hour>6</Hour><Minute>0</Minute></PubMedPubDate><PubMedPubDate PubStatus="medline"><Year>2022</Year><Month>12</Month><Day>23</Day><Hour>6</Hour><Minute>1</Minute></PubMedPubDate></History><PublicationStatus>epublish</PublicationStatus><ArticleIdList><ArticleId IdType="pubmed">36548663</ArticleId><ArticleId IdType="pmc">PMC9785930</ArticleId><ArticleId IdType="doi">10.3390/tropicalmed7120408</ArticleId><ArticleId IdType="pii">tropicalmed7120408</ArticleId></ArticleIdList><ReferenceList><Reference><Citation>Bhatt S., Gething P.W., Brady O.J., Messina J.P., Farlow A.W., Moyes C.L., Drake J.M., Brownstein J.S., Hoen A.G., Sankoh O., et al. The global distribution and burden of dengue. Nature. 2013;496:504&#x2013;507. doi: 10.1038/nature12060.</Citation><ArticleIdList><ArticleId IdType="doi">10.1038/nature12060</ArticleId><ArticleId IdType="pmc">PMC3651993</ArticleId><ArticleId IdType="pubmed">23563266</ArticleId></ArticleIdList></Reference><Reference><Citation>Stanaway J.D., Shepard D.S., Undurraga E.A., Halasa Y.A., Coffeng L.E., Brady O.J., Hay S.I., Bedi N., Bensenor I.M., Casta&#xf1;eda-Orjuela C.A., et al. The global burden of dengue: An analysis from the Global Burden of Disease Study 2013. Lancet Infect. Dis. 2016;16:712&#x2013;723. doi: 10.1016/S1473-3099(16)00026-8.</Citation><ArticleIdList><ArticleId IdType="doi">10.1016/S1473-3099(16)00026-8</ArticleId><ArticleId IdType="pmc">PMC5012511</ArticleId><ArticleId IdType="pubmed">26874619</ArticleId></ArticleIdList></Reference><Reference><Citation>World Health Organization (WHO)   Dengue and Severe Dengue. World Health Organization (WHO); Geneva, Switzerland: 2022.  [(accessed on 9 July 2021)].  Available online:  https://www.who.int/health-topics/dengue-and-severe-dengue#tab=tab_1.</Citation></Reference><Reference><Citation>Li Y., Dou Q., Lu Y., Xiang H., Yu X., Liu S. Effects of ambient temperature and precipitation on the risk of dengue fever: A systematic review and updated meta-analysis. Environ. Res. 2020;191:110043. doi: 10.1016/j.envres.2020.110043.</Citation><ArticleIdList><ArticleId IdType="doi">10.1016/j.envres.2020.110043</ArticleId><ArticleId IdType="pubmed">32810500</ArticleId></ArticleIdList></Reference><Reference><Citation>Akter R., Hu W., Gatton M., Bambrick H., Naish S., Tong S. Different responses of dengue to weather variability across climate zones in Queensland, Australia. Environ. Res. 2020;184:109222. doi: 10.1016/j.envres.2020.109222.</Citation><ArticleIdList><ArticleId IdType="doi">10.1016/j.envres.2020.109222</ArticleId><ArticleId IdType="pubmed">32114157</ArticleId></ArticleIdList></Reference><Reference><Citation>Xiao J., Liu T., Lin H., Zhu G., Zeng W., Li X., Zhang B., Song T., Deng A., Zhang M., et al. Weather variables and the El Ni&#xf1;o Southern Oscillation may drive the epidemics of dengue in Guangdong Province, China. Sci. Total Environ. 2018;624:926&#x2013;934. doi: 10.1016/j.scitotenv.2017.12.200.</Citation><ArticleIdList><ArticleId IdType="doi">10.1016/j.scitotenv.2017.12.200</ArticleId><ArticleId IdType="pubmed">29275255</ArticleId></ArticleIdList></Reference><Reference><Citation>Chuang T.W., Chaves L.F., Chen P.J. Effects of local and regional climatic fluctuations on dengue outbreaks in southern Taiwan. PLoS ONE. 2017;12:e0178698. doi: 10.1371/journal.pone.0178698.</Citation><ArticleIdList><ArticleId IdType="doi">10.1371/journal.pone.0178698</ArticleId><ArticleId IdType="pmc">PMC5456348</ArticleId><ArticleId IdType="pubmed">28575035</ArticleId></ArticleIdList></Reference><Reference><Citation>Lee H.S., Nguyen-Viet H., Nam V.S., Lee M., Won S., Duc P.P., Grace D. Seasonal patterns of dengue fever and associated climate factors in 4 provinces in Vietnam from 1994 to 2013. BMC Infect. Dis. 2017;17:218. doi: 10.1186/s12879-017-2326-8.</Citation><ArticleIdList><ArticleId IdType="doi">10.1186/s12879-017-2326-8</ArticleId><ArticleId IdType="pmc">PMC5359841</ArticleId><ArticleId IdType="pubmed">28320341</ArticleId></ArticleIdList></Reference><Reference><Citation>Guzman M.G., Harris E. Dengue. Lancet. 2015;385:453&#x2013;465. doi: 10.1016/S0140-6736(14)60572-9.</Citation><ArticleIdList><ArticleId IdType="doi">10.1016/S0140-6736(14)60572-9</ArticleId><ArticleId IdType="pubmed">25230594</ArticleId></ArticleIdList></Reference><Reference><Citation>Morin C.W., Comrie A.C., Ernst K. Climate and dengue transmission: Evidence and implications. Environ. Health Perspect. 2013;121:1264&#x2013;1272. doi: 10.1289/ehp.1306556.</Citation><ArticleIdList><ArticleId IdType="doi">10.1289/ehp.1306556</ArticleId><ArticleId IdType="pmc">PMC3855512</ArticleId><ArticleId IdType="pubmed">24058050</ArticleId></ArticleIdList></Reference><Reference><Citation>Liu X., Liu K., Yue Y., Wu H., Yang S., Guo Y., Ren D., Zhao N., Yang J., Liu Q. Determination of factors affecting dengue occurrence in representative areas of China: A principal component regression analysis. Front. Public Health. 2021;8:603872. doi: 10.3389/fpubh.2020.603872.</Citation><ArticleIdList><ArticleId IdType="doi">10.3389/fpubh.2020.603872</ArticleId><ArticleId IdType="pmc">PMC7848178</ArticleId><ArticleId IdType="pubmed">33537277</ArticleId></ArticleIdList></Reference><Reference><Citation>Tuladhar R., Singh A., Varma A., Choudhary D.K. Climatic factors influencing dengue incidence in an epidemic area of Nepal. BMC Res. Notes. 2019;12:131. doi: 10.1186/s13104-019-4185-4.</Citation><ArticleIdList><ArticleId IdType="doi">10.1186/s13104-019-4185-4</ArticleId><ArticleId IdType="pmc">PMC6417253</ArticleId><ArticleId IdType="pubmed">30867027</ArticleId></ArticleIdList></Reference><Reference><Citation>Focks D.A., Barrera R. Dengue Transmission Dynamics: Assessment and Implications for Control. World Health Organization on behalf of the Special Programme for Research and Training in Tropical Diseases; Geneva, Switzerland: 2007.</Citation></Reference><Reference><Citation>Zhao X., Chen F., Feng Z., Li X., Zhou X.H. Characterizing the effect of temperature fluctuation on the incidence of malaria: An epidemiological study in south-west China using the varying coefficient distributed lag non-linear model. Malar. J. 2014;13:192. doi: 10.1186/1475-2875-13-192.</Citation><ArticleIdList><ArticleId IdType="doi">10.1186/1475-2875-13-192</ArticleId><ArticleId IdType="pmc">PMC4050477</ArticleId><ArticleId IdType="pubmed">24886630</ArticleId></ArticleIdList></Reference><Reference><Citation>Lambrechts L., Paaijmans K.P., Fansiri T., Carrington L.B., Kramer L.D., Thomas M.B., Scott T.W. Impact of daily temperature fluctuations on dengue virus transmission by Aedes aegypti. Proc. Natl. Acad. Sci. USA. 2011;108:7460&#x2013;7465. doi: 10.1073/pnas.1101377108.</Citation><ArticleIdList><ArticleId IdType="doi">10.1073/pnas.1101377108</ArticleId><ArticleId IdType="pmc">PMC3088608</ArticleId><ArticleId IdType="pubmed">21502510</ArticleId></ArticleIdList></Reference><Reference><Citation>Paaijmans K.P., Read A.F., Thomas M.B. Understanding the link between malaria risk and climate. Proc. Natl. Acad. Sci. USA. 2009;106:13844&#x2013;13849. doi: 10.1073/pnas.0903423106.</Citation><ArticleIdList><ArticleId IdType="doi">10.1073/pnas.0903423106</ArticleId><ArticleId IdType="pmc">PMC2720408</ArticleId><ArticleId IdType="pubmed">19666598</ArticleId></ArticleIdList></Reference><Reference><Citation>Col&#xf3;n-Gonz&#xe1;lez F.J., Fezzi C., Lake I.R., Hunter P.R. The effects of weather and climate change on dengue. PLoS Negl. Trop. Dis. 2013;7:e2503. doi: 10.1371/journal.pntd.0002503.</Citation><ArticleIdList><ArticleId IdType="doi">10.1371/journal.pntd.0002503</ArticleId><ArticleId IdType="pmc">PMC3828158</ArticleId><ArticleId IdType="pubmed">24244765</ArticleId></ArticleIdList></Reference><Reference><Citation>Wu P.C., Guo H.R., Lung S.C., Lin C.Y., Su H.J. Weather as an effective predictor for occurrence of dengue fever in Taiwan. Acta Trop. 2007;103:50&#x2013;57. doi: 10.1016/j.actatropica.2007.05.014.</Citation><ArticleIdList><ArticleId IdType="doi">10.1016/j.actatropica.2007.05.014</ArticleId><ArticleId IdType="pubmed">17612499</ArticleId></ArticleIdList></Reference><Reference><Citation>Yang C.F., Hou J.N., Chen T.H., Chen W.J. Discriminable roles of Aedes aegypti and Aedes albopictus in establishment of dengue outbreaks in Taiwan. Acta Trop. 2014;130:17&#x2013;23. doi: 10.1016/j.actatropica.2013.10.013.</Citation><ArticleIdList><ArticleId IdType="doi">10.1016/j.actatropica.2013.10.013</ArticleId><ArticleId IdType="pubmed">24161880</ArticleId></ArticleIdList></Reference><Reference><Citation>Taiwan Center for Disease Control  . Taiwan National Infectious Disease Statistics System for Dengue Virus. Taiwan Center for Disease Control; Taipei, Taiwan: 2015.  [(accessed on 9 July 2021)].  Available online:  https://nidss.cdc.gov.tw/nndss/DiseaseMap?id=061.</Citation></Reference><Reference><Citation>Lee J.C., Cia C.T., Lee N.Y., Ko N.Y., Chen P.L., Ko W.C. Causes of death among dengue patients causes of death among hospitalized adults with dengue fever in Tainan, 2015: Emphasis on cardiac events and bacterial infections. J. Microbiol. Immunol. Infect. 2022;55:207&#x2013;214. doi: 10.1016/j.jmii.2021.03.010.</Citation><ArticleIdList><ArticleId IdType="doi">10.1016/j.jmii.2021.03.010</ArticleId><ArticleId IdType="pubmed">33883083</ArticleId></ArticleIdList></Reference><Reference><Citation>Wang S.F., Chang K., Loh E.W., Wang W.H., Tseng S.P., Lu P.L., Chen Y.H., Chen Y.M.A. Consecutive large dengue outbreaks in Taiwan in 2014&#x2013;2015. Emerg. Microbes Infect. 2016;5:e123. doi: 10.1038/emi.2016.124.</Citation><ArticleIdList><ArticleId IdType="doi">10.1038/emi.2016.124</ArticleId><ArticleId IdType="pmc">PMC5180368</ArticleId><ArticleId IdType="pubmed">27924810</ArticleId></ArticleIdList></Reference><Reference><Citation>Wang S.F., Wang W.H., Chang K., Chen Y.H., Tseng S.P., Yen C.H., Wu D.C., Chen Y.M.A. Severe Dengue Fever Outbreak in Taiwan. Am. J. Trop. Med. Hyg. 2016;94:193. doi: 10.4269/ajtmh.15-0422.</Citation><ArticleIdList><ArticleId IdType="doi">10.4269/ajtmh.15-0422</ArticleId><ArticleId IdType="pmc">PMC4710429</ArticleId><ArticleId IdType="pubmed">26572871</ArticleId></ArticleIdList></Reference><Reference><Citation>Wang W.-H., Lin C.-Y., Chang K., Urbina A.N., Assavalapsakul W., Thitithanyanont A., Lu P.-L., Chen Y.-H., Wang S.-F. A clinical and epidemiological survey of the largest dengue outbreak in Southern Taiwan in 2015. Int. J. Infect. Dis. 2019;88:88&#x2013;99. doi: 10.1016/j.ijid.2019.09.007.</Citation><ArticleIdList><ArticleId IdType="doi">10.1016/j.ijid.2019.09.007</ArticleId><ArticleId IdType="pubmed">31521850</ArticleId></ArticleIdList></Reference><Reference><Citation>Tsai J.-J., Liu C.-K., Tsai W.-Y., Liu L.-T., Tyson J., Tsai C.-Y., Lin P.-C., Wang W.-K. Seroprevalence of dengue virus in two districts of Kaohsiung City after the largest dengue outbreak in Taiwan since World War II. PLoS Negl. Trop. Dis. 2018;12:e0006879. doi: 10.1371/journal.pntd.0006879.</Citation><ArticleIdList><ArticleId IdType="doi">10.1371/journal.pntd.0006879</ArticleId><ArticleId IdType="pmc">PMC6218099</ArticleId><ArticleId IdType="pubmed">30356316</ArticleId></ArticleIdList></Reference><Reference><Citation>Hsu J.C., Hsieh C.L., Lu C.Y. Trend and geographic analysis of the prevalence of dengue in Taiwan, 2010&#x2013;2015. Int. J. Infect. Dis. 2017;54:43&#x2013;49. doi: 10.1016/j.ijid.2016.11.008.</Citation><ArticleIdList><ArticleId IdType="doi">10.1016/j.ijid.2016.11.008</ArticleId><ArticleId IdType="pubmed">27865829</ArticleId></ArticleIdList></Reference><Reference><Citation>Lee Y.H., Hsieh Y.C., Chen C.J., Lin T.Y., Huang Y.C. Retrospective Seroepidemiology study of dengue virus infection in Taiwan. BMC Infect. Dis. 2021;21:96. doi: 10.1186/s12879-021-05809-1.</Citation><ArticleIdList><ArticleId IdType="doi">10.1186/s12879-021-05809-1</ArticleId><ArticleId IdType="pmc">PMC7818053</ArticleId><ArticleId IdType="pubmed">33478432</ArticleId></ArticleIdList></Reference><Reference><Citation>Chen S.C., Liao C.M., Chio C.P., Chou H.H., You S.H., Cheng Y.H. Lagged temperature effect with mosquito transmission potential explains dengue variability in southern Taiwan: Insights from a statistical analysis. Sci. Total Environ. 2010;408:4069&#x2013;4075. doi: 10.1016/j.scitotenv.2010.05.021.</Citation><ArticleIdList><ArticleId IdType="doi">10.1016/j.scitotenv.2010.05.021</ArticleId><ArticleId IdType="pubmed">20542536</ArticleId></ArticleIdList></Reference><Reference><Citation>Chien L.C., Yu H.L. Impact of meteorological factors on the spatiotemporal patterns of dengue fever incidence. Environ. Int. 2014;73:46&#x2013;56. doi: 10.1016/j.envint.2014.06.018.</Citation><ArticleIdList><ArticleId IdType="doi">10.1016/j.envint.2014.06.018</ArticleId><ArticleId IdType="pubmed">25084561</ArticleId></ArticleIdList></Reference><Reference><Citation>Jain R., Sontisirikit S., Iamsirithaworn S., Prendinger H. Pridection of dengue outbreaks based on disease surveillance, meteorological nad socio-economic data. BMC Infect. Dis. 2019;19:272. doi: 10.1186/s12879-019-3874-x.</Citation><ArticleIdList><ArticleId IdType="doi">10.1186/s12879-019-3874-x</ArticleId><ArticleId IdType="pmc">PMC6427843</ArticleId><ArticleId IdType="pubmed">30898092</ArticleId></ArticleIdList></Reference><Reference><Citation>Yuan H.Y., Liang J., Lin P.S., Sucipto K., Tsegaye M.M., Wen T.H., Pfeiffer S., Pfeiffer D. The effects of seasonal climate variability on dengue annual incidence in Hong Kong: A modelling study. Sci. Rep. 2020;10:4297. doi: 10.1038/s41598-020-60309-7.</Citation><ArticleIdList><ArticleId IdType="doi">10.1038/s41598-020-60309-7</ArticleId><ArticleId IdType="pmc">PMC7062697</ArticleId><ArticleId IdType="pubmed">32152334</ArticleId></ArticleIdList></Reference><Reference><Citation>Taiwan Center of Disease Control.  [(accessed on 9 July 2021)]; Available online:  https://nidss.cdc.gov.tw/Home/Index?op=4.</Citation></Reference><Reference><Citation>Taiwan Environmental Protection Agency.  [(accessed on 9 July 2021)]; Available online:  https://www.epa.gov.tw/</Citation></Reference><Reference><Citation>Central Weather Bureau Typhoon Database.  [(accessed on 9 July 2021)]; Available online:  https://rdc28.cwb.gov.tw/TDB/public/warning_typhoon_list/</Citation></Reference><Reference><Citation>Lu L., Lin H., Tian L., Yang W., Sun J., Liu Q. Time series analysis of dengue fever and weather in Guangzhou, China. BMC Public Health. 2009;9:395. doi: 10.1186/1471-2458-9-395.</Citation><ArticleIdList><ArticleId IdType="doi">10.1186/1471-2458-9-395</ArticleId><ArticleId IdType="pmc">PMC2771015</ArticleId><ArticleId IdType="pubmed">19860867</ArticleId></ArticleIdList></Reference><Reference><Citation>Pan W. Akaike&#x2019;s information criterion in generalized estimating equations. Biometrics. 2001;57:120&#x2013;125. doi: 10.1111/j.0006-341X.2001.00120.x.</Citation><ArticleIdList><ArticleId IdType="doi">10.1111/j.0006-341X.2001.00120.x</ArticleId><ArticleId IdType="pubmed">11252586</ArticleId></ArticleIdList></Reference><Reference><Citation>Promprou S., Jaroensutasinee M., Jaroensutasinee K. Climatic factors affecting dengue haemorrhagic fever incidence in southern Thailand. Dengue Bull. 2005;29:41&#x2013;48.</Citation></Reference><Reference><Citation>Wiwanitkit V. An observation on correlation between rainfall and the prevalence of clinical cases of dengue in Thailand. J. Vector Borne Dis. 2006;43:73&#x2013;76.</Citation><ArticleIdList><ArticleId IdType="pubmed">16967819</ArticleId></ArticleIdList></Reference><Reference><Citation>Pham H.V., Doan H.T., Phan T.T., Minh N.N. Ecological factors associated with dengue fever in a Central Highlands province, Vietnam. BMC Infect. Dis. 2011;11:172. doi: 10.1186/1471-2334-11-172.</Citation><ArticleIdList><ArticleId IdType="doi">10.1186/1471-2334-11-172</ArticleId><ArticleId IdType="pmc">PMC3126728</ArticleId><ArticleId IdType="pubmed">21679398</ArticleId></ArticleIdList></Reference><Reference><Citation>Huang C.H., Lin C.Y., Yang C.Y., Chan T.C., Chiang P.H., Chen Y.H. Relationship between the incidence of dengue virus transmission in traditional market and climatic conditions in Kaohsiung city. Can. J. Infect. Dis. Med. Microbiol. 2021;2021:9916642. doi: 10.1155/2021/9916642.</Citation><ArticleIdList><ArticleId IdType="doi">10.1155/2021/9916642</ArticleId><ArticleId IdType="pmc">PMC8371670</ArticleId><ArticleId IdType="pubmed">34422144</ArticleId></ArticleIdList></Reference><Reference><Citation>Yuan H.Y., Wen T.H., Kung Y.H., Tsou H.H., Chen C.H., Chen L.W., Lin P.S. Prediction of annual dengue incidence by hydro-climatic extremes for southern Taiwan. Int. J. Biometeorol. 2019;63:259&#x2013;268. doi: 10.1007/s00484-018-01659-w.</Citation><ArticleIdList><ArticleId IdType="doi">10.1007/s00484-018-01659-w</ArticleId><ArticleId IdType="pubmed">30680621</ArticleId></ArticleIdList></Reference><Reference><Citation>Wang S.F., Chang K., Lu R.W., Wang W.H., Chen Y.H., Chen M., Wu D.C., Chen Y.M.A. Large Dengue virus type 1 outbreak in Taiwan. Emerg. Microbes Infect. 2015;4:e46. doi: 10.1038/emi.2015.46.</Citation><ArticleIdList><ArticleId IdType="doi">10.1038/emi.2015.46</ArticleId><ArticleId IdType="pmc">PMC4576165</ArticleId><ArticleId IdType="pubmed">26421269</ArticleId></ArticleIdList></Reference><Reference><Citation>Lwin M.O., Vijaykumar S., Fernando O.N.N., Cheong S.A., Rathnayake V.S., Lim G., Theng Y.-L., Chaudhuri S., Foo S. A 21st century approach to tackling dengue: Crowdsourced surveillance, predictive mapping and tailored communication. Acta Trop. 2014;130:100&#x2013;107. doi: 10.1016/j.actatropica.2013.09.021.</Citation><ArticleIdList><ArticleId IdType="doi">10.1016/j.actatropica.2013.09.021</ArticleId><ArticleId IdType="pubmed">24161879</ArticleId></ArticleIdList></Reference><Reference><Citation>Lai L.W. Influence of environmental conditions on asynchronous outbreaks of dengue disease and increasing vector population in Kaohsiung, Taiwan. Int. J. Environ. Health Res. 2011;21:133&#x2013;146. doi: 10.1080/09603123.2010.515670.</Citation><ArticleIdList><ArticleId IdType="doi">10.1080/09603123.2010.515670</ArticleId><ArticleId IdType="pubmed">21424970</ArticleId></ArticleIdList></Reference><Reference><Citation>National Science and Technology Center for Disaster Reduction.  [(accessed on 9 July 2021)];2021  Available online:  https://den.ncdr.nat.gov.tw/1132/1188/</Citation></Reference><Reference><Citation>Reiter P., Lathrop S., Bunning M., Biggerstaff B., Singer D., Tiwari T., Baber L., Amador M., Thirion J., Hayes J., et al. Texas lifestyle limits transmission of dengue virus. Emerg. Infect. Dis. 2003;9:86&#x2013;89. doi: 10.3201/eid0901.020220.</Citation><ArticleIdList><ArticleId IdType="doi">10.3201/eid0901.020220</ArticleId><ArticleId IdType="pmc">PMC2873752</ArticleId><ArticleId IdType="pubmed">12533286</ArticleId></ArticleIdList></Reference><Reference><Citation>Gubler D.J. Dengue and dengue hemorrhagic fever. Clin. Microbiol. Rev. 1998;11:480&#x2013;496. doi: 10.1128/CMR.11.3.480.</Citation><ArticleIdList><ArticleId IdType="doi">10.1128/CMR.11.3.480</ArticleId><ArticleId IdType="pmc">PMC88892</ArticleId><ArticleId IdType="pubmed">9665979</ArticleId></ArticleIdList></Reference></ReferenceList></PubmedData></PubmedArticle></PubmedArticleSet>