<?xml version="1.0" ?>
<!DOCTYPE PubmedArticleSet PUBLIC "-//NLM//DTD PubMedArticle, 1st January 2023//EN" "https://dtd.nlm.nih.gov/ncbi/pubmed/out/pubmed_230101.dtd">
<PubmedArticleSet>
<PubmedArticle><MedlineCitation Status="PubMed-not-MEDLINE" Owner="NLM"><PMID Version="1">36601300</PMID><DateRevised><Year>2023</Year><Month>01</Month><Day>11</Day></DateRevised><Article PubModel="Electronic-eCollection"><Journal><ISSN IssnType="Print">2057-1577</ISSN><JournalIssue CitedMedium="Print"><Volume>8</Volume><Issue>2</Issue><PubDate><Year>2022</Year></PubDate></JournalIssue><Title>Virus evolution</Title><ISOAbbreviation>Virus Evol</ISOAbbreviation></Journal><ArticleTitle>Discovering recent selection forces shaping the evolution of dengue viruses based on polymorphism data across geographic scales.</ArticleTitle><Pagination><StartPage>veac108</StartPage><MedlinePgn>veac108</MedlinePgn></Pagination><ELocationID EIdType="pii" ValidYN="Y">veac108</ELocationID><ELocationID EIdType="doi" ValidYN="Y">10.1093/ve/veac108</ELocationID><Abstract><AbstractText>Incomplete selection makes it challenging to infer selection on genes at short time scales, especially for microorganisms, due to stronger linkage between loci. However, in many cases, the selective force changes with environment, time, or other factors, and it is of great interest to understand selective forces at this level to answer relevant biological questions. We developed a new method that uses the change in <i>d<sub>N</sub></i> /<i>d<sub>S</sub></i> , instead of the absolute value of <i>d<sub>N</sub></i> /<i>d<sub>S</sub></i> , to infer the dominating selective force based on sequence data across geographical scales. If a gene was under positive selection, <i>d<sub>N</sub></i> /<i>d<sub>S</sub></i> was expected to increase through time, whereas if a gene was under negative selection, <i>d<sub>N</sub></i> /<i>d<sub>S</sub></i> was expected to decrease through time. Assuming that the migration rate decreased and the divergence time between samples increased from between-continent, within-continent different-country, to within-country level, <i>d<sub>N</sub></i> /<i>d<sub>S</sub></i> of a gene dominated by positive selection was expected to increase with increasing geographical scales, and the opposite trend was expected in the case of negative selection. Motivated by the McDonald-Kreitman (MK) test, we developed a pairwise MK test to assess the statistical significance of detected trends in <i>d<sub>N</sub></i> /<i>d<sub>S</sub></i> . Application of the method to a global sample of dengue virus genomes identified multiple significant signatures of selection in both the structural and non-structural proteins. Because this method does not require allele frequency estimates and uses synonymous mutations for comparison, it is less prone to sampling error, providing a way to infer selection forces within species using publicly available genomic data from locations over broad geographical scales.</AbstractText><CopyrightInformation>&#xa9; The Author(s) 2022. Published by Oxford University Press.</CopyrightInformation></Abstract><AuthorList CompleteYN="Y"><Author ValidYN="Y"><LastName>Li</LastName><ForeName>Nien-Kung</ForeName><Initials>NK</Initials><AffiliationInfo><Affiliation>Department of Life Science &amp; Institute of Bioinformatics and Structural Biology, National Tsing Hua University, 101, Section 2, Kuang-Fu Road, Hsinchu 300044, Taiwan.</Affiliation></AffiliationInfo></Author><Author ValidYN="Y"><LastName>Corander</LastName><ForeName>Jukka</ForeName><Initials>J</Initials><AffiliationInfo><Affiliation>Helsinki Institute for Information Technology, Department of Mathematics and Statistics, University of Helsinki, Yliopistonkatu 3, Helsinki 00014, Finland.</Affiliation></AffiliationInfo><AffiliationInfo><Affiliation>Department of Biostatistics, University of Oslo, Domus Medica Gaustad Sognsvannsveien 9, Oslo 0372, Norway.</Affiliation></AffiliationInfo><AffiliationInfo><Affiliation>Parasites and Microbes, The Wellcome Sanger Institute, Wellcome Trust Genome Campus, Hinxton, Cambridge CB10 1SA, UK.</Affiliation></AffiliationInfo></Author><Author ValidYN="Y"><LastName>Grad</LastName><ForeName>Yonatan H</ForeName><Initials>YH</Initials><Identifier Source="ORCID">0000-0001-5646-1314</Identifier><AffiliationInfo><Affiliation>Department of Immunology and Infectious Diseases and Center for Communicable Disease Dynamics, Harvard T. H. Chan School of Public Health, 677 Huntington Ave, Boston, Massachusetts 02115, USA.</Affiliation></AffiliationInfo><AffiliationInfo><Affiliation>Division of Infectious Diseases, Brigham and Women's Hospital, Harvard Medical School, 75 Francis St, Boston, Massachusetts 02115, USA.</Affiliation></AffiliationInfo></Author><Author ValidYN="Y"><LastName>Chang</LastName><ForeName>Hsiao-Han</ForeName><Initials>HH</Initials><Identifier Source="ORCID">0000-0001-8016-1530</Identifier></Author></AuthorList><Language>eng</Language><PublicationTypeList><PublicationType UI="D016428">Journal Article</PublicationType></PublicationTypeList><ArticleDate DateType="Electronic"><Year>2022</Year><Month>11</Month><Day>29</Day></ArticleDate></Article><MedlineJournalInfo><Country>England</Country><MedlineTA>Virus Evol</MedlineTA><NlmUniqueID>101664675</NlmUniqueID><ISSNLinking>2057-1577</ISSNLinking></MedlineJournalInfo><KeywordList Owner="NOTNLM"><Keyword MajorTopicYN="N">dengue virus</Keyword><Keyword MajorTopicYN="N">dn/ds</Keyword><Keyword MajorTopicYN="N">geographic scales</Keyword><Keyword MajorTopicYN="N">natural selection</Keyword><Keyword MajorTopicYN="N">pMK test</Keyword></KeywordList></MedlineCitation><PubmedData><History><PubMedPubDate PubStatus="received"><Year>2022</Year><Month>2</Month><Day>14</Day></PubMedPubDate><PubMedPubDate PubStatus="revised"><Year>2022</Year><Month>9</Month><Day>23</Day></PubMedPubDate><PubMedPubDate PubStatus="accepted"><Year>2022</Year><Month>11</Month><Day>28</Day></PubMedPubDate><PubMedPubDate PubStatus="entrez"><Year>2023</Year><Month>1</Month><Day>5</Day><Hour>2</Hour><Minute>27</Minute></PubMedPubDate><PubMedPubDate PubStatus="pubmed"><Year>2023</Year><Month>1</Month><Day>6</Day><Hour>6</Hour><Minute>0</Minute></PubMedPubDate><PubMedPubDate PubStatus="medline"><Year>2023</Year><Month>1</Month><Day>6</Day><Hour>6</Hour><Minute>1</Minute></PubMedPubDate></History><PublicationStatus>epublish</PublicationStatus><ArticleIdList><ArticleId IdType="pubmed">36601300</ArticleId><ArticleId IdType="pmc">PMC9789396</ArticleId><ArticleId IdType="doi">10.1093/ve/veac108</ArticleId><ArticleId IdType="pii">veac108</ArticleId></ArticleIdList><ReferenceList><Reference><Citation>Azarian T. et al. (2018) &#x2018;Global Emergence and Population Dynamics of Divergent Serotype 3 CC180 Pneumococci&#x2019;, PLoS Pathogens, 14: e1007438.</Citation><ArticleIdList><ArticleId IdType="pmc">PMC6283594</ArticleId><ArticleId IdType="pubmed">30475919</ArticleId></ArticleIdList></Reference><Reference><Citation>Bedford T. et al. (2010) &#x2018;Global Migration Dynamics Underlie Evolution and Persistence of Human Influenza A (H3N2)&#x2019;, PLoS Pathogens, 6: e1000918.</Citation><ArticleIdList><ArticleId IdType="pmc">PMC2877742</ArticleId><ArticleId IdType="pubmed">20523898</ArticleId></ArticleIdList></Reference><Reference><Citation>Bennett S. N. et al. (2003) &#x2018;Selection-Driven Evolution of Emergent Dengue Virus&#x2019;, Molecular Biology and Evolution, 20: 1650&#x2013;8.</Citation><ArticleIdList><ArticleId IdType="pubmed">12832629</ArticleId></ArticleIdList></Reference><Reference><Citation>Bhatt S., Holmes E. C., and Pybus O. G. (2011) &#x2018;The Genomic Rate of Molecular Adaptation of the Human Influenza A Virus&#x2019;, Molecular Biology and Evolution, 28: 2443&#x2013;51.</Citation><ArticleIdList><ArticleId IdType="pmc">PMC3163432</ArticleId><ArticleId IdType="pubmed">21415025</ArticleId></ArticleIdList></Reference><Reference><Citation>Bhatt S., Katzourakis A., and Pybus O. G. (2010) &#x2018;Detecting Natural Selection in RNA Virus Populations Using Sequence Summary Statistics&#x2019;, Infection, Genetics and Evolution, 10: 421&#x2013;30.</Citation><ArticleIdList><ArticleId IdType="pubmed">19524068</ArticleId></ArticleIdList></Reference><Reference><Citation>Duong V. et al. (2015) &#x2018;Asymptomatic Humans Transmit Dengue Virus to Mosquitoes&#x2019;, Proceedings of the National Academy of Sciences of the United States of America, 112: 14688&#x2013;93.</Citation><ArticleIdList><ArticleId IdType="pmc">PMC4664300</ArticleId><ArticleId IdType="pubmed">26553981</ArticleId></ArticleIdList></Reference><Reference><Citation>Fay J. C. (2011) &#x2018;Weighing the Evidence for Adaptation at the Molecular Level&#x2019;, Trends in Genetics, 27: 343&#x2013;9.</Citation><ArticleIdList><ArticleId IdType="pmc">PMC3185218</ArticleId><ArticleId IdType="pubmed">21775012</ArticleId></ArticleIdList></Reference><Reference><Citation>Fried J. R. et al. (2010) &#x2018;Serotype-Specific Differences in the Risk of Dengue Hemorrhagic Fever: An Analysis of Data Collected in Bangkok, Thailand from 1994 to 2006&#x2019;, PLoS Neglected Tropical Diseases, 4: e617.</Citation><ArticleIdList><ArticleId IdType="pmc">PMC2830471</ArticleId><ArticleId IdType="pubmed">20209155</ArticleId></ArticleIdList></Reference><Reference><Citation>Gratton P. et al. (2017) &#x2018;A World of Sequences: Can We Use Georeferenced Nucleotide Databases for a Robust Automated Phylogeography?&#x2019;, Journal of Biogeography, 44: 475&#x2013;86.</Citation></Reference><Reference><Citation>Haller B. C., Messer P. W., and Hernandez R. (2019) &#x2018;SLiM 3: Forward Genetic Simulations beyond the Wright-Fisher Model&#x2019;, Molecular Biology and Evolution, 36: 632&#x2013;7.</Citation><ArticleIdList><ArticleId IdType="pmc">PMC6389312</ArticleId><ArticleId IdType="pubmed">30517680</ArticleId></ArticleIdList></Reference><Reference><Citation>Hasegawa M., Cao Y., and Yang Z. (1998) &#x2018;Preponderance of Slightly Deleterious Polymorphism in Mitochondrial DNA: Nonsynonymous/Synonymous Rate Ratio Is Much Higher within Species than between Species&#x2019;, Molecular Biology and Evolution, 15: 1499&#x2013;505.</Citation><ArticleIdList><ArticleId IdType="pubmed">12572613</ArticleId></ArticleIdList></Reference><Reference><Citation>Hedge J., Wilson D. J., and Ouellette F. (2016) &#x2018;Practical Approaches for Detecting Selection in Microbial Genomes&#x2019;, PLOS Computational Biology, 12: e1004739.</Citation><ArticleIdList><ArticleId IdType="pmc">PMC4750996</ArticleId><ArticleId IdType="pubmed">26867134</ArticleId></ArticleIdList></Reference><Reference><Citation>Hertz T. et al. (2017) &#x2018;Antibody Epitopes Identified in Critical Regions of Dengue Virus Non-Structural 1 Protein in Mouse Vaccination and Natural Human Infections&#x2019;, The Journal of Immunology, 198: 4025&#x2013;35.</Citation><ArticleIdList><ArticleId IdType="pmc">PMC5603231</ArticleId><ArticleId IdType="pubmed">28381638</ArticleId></ArticleIdList></Reference><Reference><Citation>Holmes E. C., and Twiddy S. S. (2003) &#x2018;The Origin, Emergence and Evolutionary Genetics of Dengue Virus&#x2019;, Infection, Genetics and Evolution, 3: 19&#x2013;28.</Citation><ArticleIdList><ArticleId IdType="pubmed">12797969</ArticleId></ArticleIdList></Reference><Reference><Citation>Kryazhimskiy S., Plotkin J. B., and Gojobori T. (2008) &#x2018;The Population Genetics of dN/dS&#x2019;, PLoS Genetics, 4: e1000304.</Citation><ArticleIdList><ArticleId IdType="pmc">PMC2596312</ArticleId><ArticleId IdType="pubmed">19081788</ArticleId></ArticleIdList></Reference><Reference><Citation>Lin J. J. et al. (2019) &#x2018;Many Human RNA Viruses Show Extraordinarily Stringent Selective Constraints on Protein Evolution&#x2019;, Proceedings of the National Academy of Sciences of the United States of America, 116: 19009&#x2013;18.</Citation><ArticleIdList><ArticleId IdType="pmc">PMC6754614</ArticleId><ArticleId IdType="pubmed">31484772</ArticleId></ArticleIdList></Reference><Reference><Citation>McDonald J. H., and Kreitman M. (1991) &#x2018;Adaptive Protein Evolution at the Adh Locus in Drosophila&#x2019;, Nature, 351: 652&#x2013;4.</Citation><ArticleIdList><ArticleId IdType="pubmed">1904993</ArticleId></ArticleIdList></Reference><Reference><Citation>Miotto O. et al. (2013) &#x2018;Multiple Populations of Artemisinin-Resistant Plasmodium falciparum in Cambodia&#x2019;, Nature Genetics, 45: 648&#x2013;55.</Citation><ArticleIdList><ArticleId IdType="pmc">PMC3807790</ArticleId><ArticleId IdType="pubmed">23624527</ArticleId></ArticleIdList></Reference><Reference><Citation>Modis Y. et al. (2004) &#x2018;Structure of the Dengue Virus Envelope Protein after Membrane Fusion&#x2019;, Nature, 427: 313&#x2013;9.</Citation><ArticleIdList><ArticleId IdType="pubmed">14737159</ArticleId></ArticleIdList></Reference><Reference><Citation>&#x2014;&#x2014; et al. (2005) &#x2018;Variable Surface Epitopes in the Crystal Structure of Dengue Virus Type 3 Envelope Glycoprotein&#x2019;, Journal of Virology, 79: 1223&#x2013;31.</Citation><ArticleIdList><ArticleId IdType="pmc">PMC538574</ArticleId><ArticleId IdType="pubmed">15613349</ArticleId></ArticleIdList></Reference><Reference><Citation>Mugal C. F. et al. (2020) &#x2018;Polymorphism Data Assist Estimation of the Nonsynonymous over Synonymous Fixation Rate Ratio Omega for Closely Related Species&#x2019;, Molecular Biology and Evolution, 37: 260&#x2013;79.</Citation><ArticleIdList><ArticleId IdType="pmc">PMC6984366</ArticleId><ArticleId IdType="pubmed">31504782</ArticleId></ArticleIdList></Reference><Reference><Citation>Mugal C. F., Wolf J. B., and Kaj I. (2014) &#x2018;Why Time Matters: Codon Evolution and the Temporal Dynamics of dN/dS&#x2019;, Molecular Biology and Evolution, 31: 212&#x2013;31.</Citation><ArticleIdList><ArticleId IdType="pmc">PMC3879453</ArticleId><ArticleId IdType="pubmed">24129904</ArticleId></ArticleIdList></Reference><Reference><Citation>
National Center for Biotechnology Information . (1988) Bethesda, MD, National Library of Medicine (US), National Center for Biotechnology Information. &lt;https://www.ncbi.nlm.nih.gov/&gt; accessed 11 Feb 2020.</Citation></Reference><Reference><Citation>Nayak V. et al. (2009) &#x2018;Crystal Structure of Dengue Virus Type 1 Envelope Protein in the Postfusion Conformation and Its Implications for Membrane Fusion&#x2019;, Journal of Virology, 83: 4338&#x2013;44.</Citation><ArticleIdList><ArticleId IdType="pmc">PMC2668458</ArticleId><ArticleId IdType="pubmed">19244332</ArticleId></ArticleIdList></Reference><Reference><Citation>Nei M., and Kumar S. (2000) Molecular Evolution and Phylogenetics. Oxford; New York: Oxford University Press.</Citation></Reference><Reference><Citation>Park D. J. et al. (2015) &#x2018;Ebola Virus Epidemiology, Transmission, and Evolution during Seven Months in Sierra Leone&#x2019;, Cell, 161: 1516&#x2013;26.</Citation><ArticleIdList><ArticleId IdType="pmc">PMC4503805</ArticleId><ArticleId IdType="pubmed">26091036</ArticleId></ArticleIdList></Reference><Reference><Citation>Parsch J., Zhang Z., and Baines J. F. (2009) &#x2018;The Influence of Demography and Weak Selection on the Mcdonald-Kreitman Test: An Empirical Study in Drosophila&#x2019;, Molecular Biology and Evolution, 26: 691&#x2013;8.</Citation><ArticleIdList><ArticleId IdType="pubmed">19126864</ArticleId></ArticleIdList></Reference><Reference><Citation>Peterson G. I., and Masel J. (2009) &#x2018;Quantitative Prediction of Molecular Clock and Ka/Ks at Short Timescales&#x2019;, Molecular Biology and Evolution, 26: 2595&#x2013;603.</Citation><ArticleIdList><ArticleId IdType="pmc">PMC2912466</ArticleId><ArticleId IdType="pubmed">19661199</ArticleId></ArticleIdList></Reference><Reference><Citation>Pybus O. G. et al. (2007) &#x2018;Phylogenetic Evidence for Deleterious Mutation Load in RNA Viruses and Its Contribution to Viral Evolution&#x2019;, Molecular Biology and Evolution, 24: 845&#x2013;52.</Citation><ArticleIdList><ArticleId IdType="pubmed">17218639</ArticleId></ArticleIdList></Reference><Reference><Citation>Rocha E. P. et al. (2006) &#x2018;Comparisons of dN/dS are Time Dependent for Closely Related Bacterial Genomes&#x2019;, Journal of Theoretical Biology, 239: 226&#x2013;35.</Citation><ArticleIdList><ArticleId IdType="pubmed">16239014</ArticleId></ArticleIdList></Reference><Reference><Citation>Romualdi C. et al. (2002) &#x2018;Patterns of Human Diversity, within and among Continents, Inferred from Biallelic DNA Polymorphisms&#x2019;, Genome Research, 12: 602&#x2013;12.</Citation><ArticleIdList><ArticleId IdType="pmc">PMC187513</ArticleId><ArticleId IdType="pubmed">11932244</ArticleId></ArticleIdList></Reference><Reference><Citation>Shapiro B. J. et al. (2009) &#x2018;Looking for Darwin&#x2019;s Footprints in the Microbial World&#x2019;, Trends in Microbiology, 17: 196&#x2013;204.</Citation><ArticleIdList><ArticleId IdType="pubmed">19375326</ArticleId></ArticleIdList></Reference><Reference><Citation>Spielman S. J., and Wilke C. O. (2015) &#x2018;The Relationship between dN/dS and Scaled Selection Coefficients&#x2019;, Molecular Biology and Evolution, 32: 1097&#x2013;108.</Citation><ArticleIdList><ArticleId IdType="pmc">PMC4379412</ArticleId><ArticleId IdType="pubmed">25576365</ArticleId></ArticleIdList></Reference><Reference><Citation>
Storey J. D.
et al. (2020) Qvalue: Q-Value Estimation for False Discovery Rate Control. R Package Version 2.20.0. &lt;http://github.com/jdstorey/qvalue&gt; accessed 1 Mar 2021.</Citation></Reference><Reference><Citation>Tonkin-Hill G. et al. (2018) &#x2018;Rhierbaps: An R Implementation of the Population Clustering Algorithm Hierbaps&#x2019;, Wellcome Open Research, 3: 93.</Citation><ArticleIdList><ArticleId IdType="pmc">PMC6178908</ArticleId><ArticleId IdType="pubmed">30345380</ArticleId></ArticleIdList></Reference><Reference><Citation>Twiddy S. S. et al. (2002a) &#x2018;Phylogenetic Relationships and Differential Selection Pressures among Genotypes of Dengue-2 Virus&#x2019;, Virology, 298: 63&#x2013;72.</Citation><ArticleIdList><ArticleId IdType="pubmed">12093174</ArticleId></ArticleIdList></Reference><Reference><Citation>Twiddy S. S., Woelk C. H., and Holmes E. C. (2002b) &#x2018;Phylogenetic Evidence for Adaptive Evolution of Dengue Viruses in Nature&#x2019;, Journal of General Virology, 83: 1679&#x2013;89.</Citation><ArticleIdList><ArticleId IdType="pubmed">12075087</ArticleId></ArticleIdList></Reference><Reference><Citation>Wilson D. J., and Consortium C. R. (2020) &#x2018;GenomegaMap: Within-Species Genome-Wide dN/dS Estimation from over 10,000 Genomes&#x2019;, Molecular Biology and Evolution, 37: 2450&#x2013;60.</Citation><ArticleIdList><ArticleId IdType="pmc">PMC7403622</ArticleId><ArticleId IdType="pubmed">32167543</ArticleId></ArticleIdList></Reference><Reference><Citation>Wilson D. J. et al. (2011) &#x2018;A Population Genetics-Phylogenetics Approach to Inferring Natural Selection in Coding Sequences&#x2019;, PLoS Genetics, 7: e1002395.</Citation><ArticleIdList><ArticleId IdType="pmc">PMC3228810</ArticleId><ArticleId IdType="pubmed">22144911</ArticleId></ArticleIdList></Reference><Reference><Citation>Yang Z. (1997) &#x2018;PAML: A Program Package for Phylogenetic Analysis by Maximum Likelihood&#x2019;, Computer Applications in the Biosciences : CABIOS, 13: 555&#x2013;6.</Citation><ArticleIdList><ArticleId IdType="pubmed">9367129</ArticleId></ArticleIdList></Reference><Reference><Citation>&#x2014;&#x2014; (2007) &#x2018;PAML 4: A Program Package for Phylogenetic Analysis by Maximum Likelihood&#x2019;, Molecular Biology and Evolution, 24: 1586&#x2013;91.</Citation><ArticleIdList><ArticleId IdType="pubmed">17483113</ArticleId></ArticleIdList></Reference><Reference><Citation>Yukilevich R. et al. (2010) &#x2018;Patterns and Processes of Genome-Wide Divergence between North American and African Drosophila melanogaster&#x2019;, Genetics, 186: 219&#x2013;39.</Citation><ArticleIdList><ArticleId IdType="pmc">PMC2940289</ArticleId><ArticleId IdType="pubmed">20551441</ArticleId></ArticleIdList></Reference></ReferenceList></PubmedData></PubmedArticle></PubmedArticleSet>