<?xml version="1.0" ?>
<!DOCTYPE PubmedArticleSet PUBLIC "-//NLM//DTD PubMedArticle, 1st January 2023//EN" "https://dtd.nlm.nih.gov/ncbi/pubmed/out/pubmed_230101.dtd">
<PubmedArticleSet>
<PubmedArticle><MedlineCitation Status="MEDLINE" Owner="NLM" IndexingMethod="Automated"><PMID Version="1">36629424</PMID><DateCompleted><Year>2023</Year><Month>02</Month><Day>16</Day></DateCompleted><DateRevised><Year>2023</Year><Month>04</Month><Day>12</Day></DateRevised><Article PubModel="Print-Electronic"><Journal><ISSN IssnType="Electronic">2165-0497</ISSN><JournalIssue CitedMedium="Internet"><Volume>11</Volume><Issue>1</Issue><PubDate><Year>2023</Year><Month>Feb</Month><Day>14</Day></PubDate></JournalIssue><Title>Microbiology spectrum</Title><ISOAbbreviation>Microbiol Spectr</ISOAbbreviation></Journal><ArticleTitle>Discrepant Activation Pattern of Inflammation and Pyroptosis Induced in Dermal Fibroblasts in Response to Dengue Virus Serotypes 1 and 2 and Nonstructural Protein 1.</ArticleTitle><Pagination><StartPage>e0358622</StartPage><MedlinePgn>e0358622</MedlinePgn></Pagination><ELocationID EIdType="pii" ValidYN="Y">e03586-22</ELocationID><ELocationID EIdType="doi" ValidYN="Y">10.1128/spectrum.03586-22</ELocationID><Abstract><AbstractText>Four serotypes of dengue virus (DENV-1 to DENV-4) cause mild to severe disease in humans through infected mosquito bites. Dermal fibroblasts were found to be susceptible to DENV, and this may play a critical role in establishing the initial infection stage. However, the cellular response induced by the different DENV serotypes in dermal fibroblasts during the early stage of infection remains unclear. To determine this, normal human dermal fibroblast WS1 cells were infected with DENV-1 or DENV-2. Compared with the response elicited by DENV-1 infection, DENV-2 induced a stronger innate inflammatory response and cell death in the WS1 cells. However, DENV-1 activated a higher level of pyroptosis signaling than did DENV-2, which was associated with higher virion production. Caspase-1 inhibitor Ac-YVAD-cmk and imipramine, an antidepressant drug, reduced DENV-mediated caspase-1 and interleukin 1&#x3b2; (IL-&#x3b2;) cleavage in the pyroptosis pathway. Ac-YVAD-cmk and imipramine downregulated DENV virion production in WS1 cells. Furthermore, DENV-1 and DENV-2 NS1 proteins promoted diverse activation levels of cell death, inflammatory response, and activation of caspase-1 and IL-&#x3b2; in dermal fibroblasts at different time points. Collectively, these data suggest that DENV-1, DENV-2, and their nonstructural protein 1 (NS1) induce discrepant activation patterns of inflammation and pyroptosis in dermal fibroblasts. The pyroptosis caused by virus and NS1 may facilitate DENV replication in dermal fibroblasts. <b>IMPORTANCE</b> Skin fibroblasts are the primary cells of DENV infection through mosquito bites. Establishing a successful infection in dermal fibroblasts might be critical for dengue disease. However, the cellular response induced by DENV in dermal fibroblasts remains unclear. In this <i>in vitro</i> study, we found that DENV-2 and DENV-1 showed different time course patterns of virus replication and inflammation in dermal fibroblasts. We demonstrated that DENV-1 and DNEV-2 and their viral protein NS1 activate the cellular pyroptosis response to regulate virus replication in dermal fibroblasts. This finding suggests that pyroptosis activation in the DENV primary inoculation site plays a role in the establishment of a DENV infection.</AbstractText></Abstract><AuthorList CompleteYN="Y"><Author ValidYN="Y" EqualContrib="Y"><LastName>Wei</LastName><ForeName>Kai-Che</ForeName><Initials>KC</Initials><AffiliationInfo><Affiliation>Department of Dermatology, Kaohsiung Veterans General Hospital, Kaohsiung, Taiwan.</Affiliation></AffiliationInfo><AffiliationInfo><Affiliation>School of Medicine, National Yang Ming Chiao Tung University, Taipei, Taiwan.</Affiliation></AffiliationInfo></Author><Author ValidYN="Y" EqualContrib="Y"><LastName>Wei</LastName><ForeName>Wan-Ju</ForeName><Initials>WJ</Initials><AffiliationInfo><Affiliation>Department of Dermatology, Kaohsiung Veterans General Hospital, Kaohsiung, Taiwan.</Affiliation></AffiliationInfo></Author><Author ValidYN="Y"><LastName>Liao</LastName><ForeName>Ching-Len</ForeName><Initials>CL</Initials><AffiliationInfo><Affiliation>National Institute of Infectious Diseases and Vaccinology, National Health Research Institutes, Miaoli, Taiwan.</Affiliation></AffiliationInfo><AffiliationInfo><Affiliation>Department and Graduate Institute of Microbiology and Immunology, National Defense Medical Center, Taipei, Taiwan.</Affiliation></AffiliationInfo></Author><Author ValidYN="Y"><LastName>Chang</LastName><ForeName>Tsung-Hsien</ForeName><Initials>TH</Initials><Identifier Source="ORCID">0000-0003-4806-7864</Identifier><AffiliationInfo><Affiliation>Department and Graduate Institute of Microbiology and Immunology, National Defense Medical Center, Taipei, Taiwan.</Affiliation></AffiliationInfo></Author></AuthorList><Language>eng</Language><PublicationTypeList><PublicationType UI="D016428">Journal Article</PublicationType><PublicationType UI="D013485">Research Support, Non-U.S. Gov't</PublicationType></PublicationTypeList><ArticleDate DateType="Electronic"><Year>2023</Year><Month>01</Month><Day>11</Day></ArticleDate></Article><MedlineJournalInfo><Country>United States</Country><MedlineTA>Microbiol Spectr</MedlineTA><NlmUniqueID>101634614</NlmUniqueID><ISSNLinking>2165-0497</ISSNLinking></MedlineJournalInfo><ChemicalList><Chemical><RegistryNumber>OGG85SX4E4</RegistryNumber><NameOfSubstance UI="D007099">Imipramine</NameOfSubstance></Chemical><Chemical><RegistryNumber>EC 3.4.22.36</RegistryNumber><NameOfSubstance UI="D020170">Caspase 1</NameOfSubstance></Chemical></ChemicalList><CitationSubset>IM</CitationSubset><MeshHeadingList><MeshHeading><DescriptorName UI="D006801" MajorTopicYN="N">Humans</DescriptorName></MeshHeading><MeshHeading><DescriptorName UI="D003716" MajorTopicYN="Y">Dengue Virus</DescriptorName><QualifierName UI="Q000378" MajorTopicYN="N">metabolism</QualifierName></MeshHeading><MeshHeading><DescriptorName UI="D003715" MajorTopicYN="Y">Dengue</DescriptorName></MeshHeading><MeshHeading><DescriptorName UI="D000069292" MajorTopicYN="N">Pyroptosis</DescriptorName></MeshHeading><MeshHeading><DescriptorName UI="D065288" MajorTopicYN="N">Serogroup</DescriptorName></MeshHeading><MeshHeading><DescriptorName UI="D007099" MajorTopicYN="N">Imipramine</DescriptorName></MeshHeading><MeshHeading><DescriptorName UI="D007299" MajorTopicYN="Y">Insect Bites and Stings</DescriptorName><QualifierName UI="Q000150" MajorTopicYN="N">complications</QualifierName></MeshHeading><MeshHeading><DescriptorName UI="D007249" MajorTopicYN="N">Inflammation</DescriptorName></MeshHeading><MeshHeading><DescriptorName UI="D020170" MajorTopicYN="N">Caspase 1</DescriptorName><QualifierName UI="Q000378" MajorTopicYN="N">metabolism</QualifierName></MeshHeading><MeshHeading><DescriptorName UI="D005347" MajorTopicYN="N">Fibroblasts</DescriptorName><QualifierName UI="Q000378" MajorTopicYN="N">metabolism</QualifierName></MeshHeading></MeshHeadingList><KeywordList Owner="NOTNLM"><Keyword MajorTopicYN="N">IL-1&#x3b2;</Keyword><Keyword MajorTopicYN="N">NS1</Keyword><Keyword MajorTopicYN="N">caspase-1</Keyword><Keyword MajorTopicYN="N">dengue virus</Keyword><Keyword MajorTopicYN="N">dermal fibroblasts</Keyword><Keyword MajorTopicYN="N">pyroptosis</Keyword></KeywordList><CoiStatement>The authors declare no conflict of interest.</CoiStatement></MedlineCitation><PubmedData><History><PubMedPubDate PubStatus="pubmed"><Year>2023</Year><Month>1</Month><Day>12</Day><Hour>6</Hour><Minute>0</Minute></PubMedPubDate><PubMedPubDate PubStatus="medline"><Year>2023</Year><Month>2</Month><Day>17</Day><Hour>6</Hour><Minute>0</Minute></PubMedPubDate><PubMedPubDate PubStatus="entrez"><Year>2023</Year><Month>1</Month><Day>11</Day><Hour>9</Hour><Minute>4</Minute></PubMedPubDate></History><PublicationStatus>ppublish</PublicationStatus><ArticleIdList><ArticleId IdType="pubmed">36629424</ArticleId><ArticleId IdType="pmc">PMC9927091</ArticleId><ArticleId IdType="doi">10.1128/spectrum.03586-22</ArticleId></ArticleIdList><ReferenceList><Reference><Citation>Guzman MG, Gubler DJ, Izquierdo A, Martinez E, Halstead SB. 2016. Dengue infection. Nat Rev Dis Primers 2:16055. doi:10.1038/nrdp.2016.55.</Citation><ArticleIdList><ArticleId IdType="doi">10.1038/nrdp.2016.55</ArticleId><ArticleId IdType="pubmed">27534439</ArticleId></ArticleIdList></Reference><Reference><Citation>World Health Organization. 2022. Dengue and severe dengue. https://www.who.int/news-room/fact-sheets/detail/dengue-and-severe-dengue. Accessed 7 September 2022.</Citation></Reference><Reference><Citation>Centers for Disease Control and Prevention, National Center for Emerging and Zoonotic Infectious Diseases, Division of Vector-Borne Diseases. 2022. Dengue. https://www.cdc.gov/dengue/about/index.html. Accessed 7 September 2022.</Citation></Reference><Reference><Citation>Soo KM, Khalid B, Ching SM, Chee HY. 2016. Meta-analysis of dengue severity during infection by different dengue virus serotypes in primary and secondary infections. PLoS One 11:e0154760. doi:10.1371/journal.pone.0154760.</Citation><ArticleIdList><ArticleId IdType="doi">10.1371/journal.pone.0154760</ArticleId><ArticleId IdType="pmc">PMC4877104</ArticleId><ArticleId IdType="pubmed">27213782</ArticleId></ArticleIdList></Reference><Reference><Citation>Sangkaew S, Ming D, Boonyasiri A, Honeyford K, Kalayanarooj S, Yacoub S, Dorigatti I, Holmes A. 2021. Risk predictors of progression to severe disease during the febrile phase of dengue: a systematic review and meta-analysis. Lancet Infect Dis 21:1014&#x2013;1026. doi:10.1016/S1473-3099(20)30601-0.</Citation><ArticleIdList><ArticleId IdType="doi">10.1016/S1473-3099(20)30601-0</ArticleId><ArticleId IdType="pmc">PMC8240557</ArticleId><ArticleId IdType="pubmed">33640077</ArticleId></ArticleIdList></Reference><Reference><Citation>Imre G. 2020. Cell death signalling in virus infection. Cell Signal 76:109772. doi:10.1016/j.cellsig.2020.109772.</Citation><ArticleIdList><ArticleId IdType="doi">10.1016/j.cellsig.2020.109772</ArticleId><ArticleId IdType="pmc">PMC7486881</ArticleId><ArticleId IdType="pubmed">32931899</ArticleId></ArticleIdList></Reference><Reference><Citation>Kroemer G, Galluzzi L, Vandenabeele P, Abrams J, Alnemri ES, Baehrecke EH, Blagosklonny MV, El-Deiry WS, Golstein P, Green DR, Hengartner M, Knight RA, Kumar S, Lipton SA, Malorni W, Nunez G, Peter ME, Tschopp J, Yuan J, Piacentini M, Zhivotovsky B, Melino G, Nomenclature Committee on Cell Death . 2009. Classification of cell death: recommendations of the Nomenclature Committee on Cell Death 2009. Cell Death Differ 16:3&#x2013;11. doi:10.1038/cdd.2008.150.</Citation><ArticleIdList><ArticleId IdType="doi">10.1038/cdd.2008.150</ArticleId><ArticleId IdType="pmc">PMC2744427</ArticleId><ArticleId IdType="pubmed">18846107</ArticleId></ArticleIdList></Reference><Reference><Citation>Suwanmanee S, Luplertlop N. 2017. Immunopathogenesis of dengue virus-induced redundant cell death: apoptosis and pyroptosis. Viral Immunol 30:13&#x2013;19. doi:10.1089/vim.2016.0092.</Citation><ArticleIdList><ArticleId IdType="doi">10.1089/vim.2016.0092</ArticleId><ArticleId IdType="pubmed">27860556</ArticleId></ArticleIdList></Reference><Reference><Citation>Pan Y, Cheng A, Wang M, Yin Z, Jia R. 2021. The dual regulation of apoptosis by flavivirus. Front Microbiol 12:654494. doi:10.3389/fmicb.2021.654494.</Citation><ArticleIdList><ArticleId IdType="doi">10.3389/fmicb.2021.654494</ArticleId><ArticleId IdType="pmc">PMC8024479</ArticleId><ArticleId IdType="pubmed">33841381</ArticleId></ArticleIdList></Reference><Reference><Citation>El-Bacha T, Midlej V, Pereira da Silva AP, Silva da Costa L, Benchimol M, Galina A, Da Poian AT. 2007. Mitochondrial and bioenergetic dysfunction in human hepatic cells infected with dengue 2 virus. Biochim Biophys Acta 1772:1158&#x2013;1166. doi:10.1016/j.bbadis.2007.08.003.</Citation><ArticleIdList><ArticleId IdType="doi">10.1016/j.bbadis.2007.08.003</ArticleId><ArticleId IdType="pubmed">17964123</ArticleId></ArticleIdList></Reference><Reference><Citation>Thepparit C, Khakpoor A, Khongwichit S, Wikan N, Fongsaran C, Chingsuwanrote P, Panraksa P, Smith DR. 2013. Dengue 2 infection of HepG2 liver cells results in endoplasmic reticulum stress and induction of multiple pathways of cell death. BMC Res Notes 6:372. doi:10.1186/1756-0500-6-372.</Citation><ArticleIdList><ArticleId IdType="doi">10.1186/1756-0500-6-372</ArticleId><ArticleId IdType="pmc">PMC3847886</ArticleId><ArticleId IdType="pubmed">24034452</ArticleId></ArticleIdList></Reference><Reference><Citation>Bergsbaken T, Fink SL, Cookson BT. 2009. Pyroptosis: host cell death and inflammation. Nat Rev Microbiol 7:99&#x2013;109. doi:10.1038/nrmicro2070.</Citation><ArticleIdList><ArticleId IdType="doi">10.1038/nrmicro2070</ArticleId><ArticleId IdType="pmc">PMC2910423</ArticleId><ArticleId IdType="pubmed">19148178</ArticleId></ArticleIdList></Reference><Reference><Citation>Wu MF, Chen ST, Yang AH, Lin WW, Lin YL, Chen NJ, Tsai IS, Li L, Hsieh SL. 2013. CLEC5A is critical for dengue virus-induced inflammasome activation in human macrophages. Blood 121:95&#x2013;106. doi:10.1182/blood-2012-05-430090.</Citation><ArticleIdList><ArticleId IdType="doi">10.1182/blood-2012-05-430090</ArticleId><ArticleId IdType="pubmed">23152543</ArticleId></ArticleIdList></Reference><Reference><Citation>Tan TY, Chu JJH. 2013. Dengue virus-infected human monocytes trigger late activation of caspase-1, which mediates pro-inflammatory IL-1beta secretion and pyroptosis. J Gen Virol 94:2215&#x2013;2220. doi:10.1099/vir.0.055277-0.</Citation><ArticleIdList><ArticleId IdType="doi">10.1099/vir.0.055277-0</ArticleId><ArticleId IdType="pubmed">23884363</ArticleId></ArticleIdList></Reference><Reference><Citation>Rathore APS, St John AL. 2018. Immune responses to dengue virus in the skin. Open Biol 8. doi:10.1098/rsob.180087.</Citation><ArticleIdList><ArticleId IdType="doi">10.1098/rsob.180087</ArticleId><ArticleId IdType="pmc">PMC6119867</ArticleId><ArticleId IdType="pubmed">30135238</ArticleId></ArticleIdList></Reference><Reference><Citation>Bustos-Arriaga J, Garcia-Machorro J, Leon-Juarez M, Garcia-Cordero J, Santos-Argumedo L, Flores-Romo L, Mendez-Cruz AR, Juarez-Delgado FJ, Cedillo-Barron L. 2011. Activation of the innate immune response against DENV in normal non-transformed human fibroblasts. PLoS Negl Trop Dis 5:e1420. doi:10.1371/journal.pntd.0001420.</Citation><ArticleIdList><ArticleId IdType="doi">10.1371/journal.pntd.0001420</ArticleId><ArticleId IdType="pmc">PMC3243703</ArticleId><ArticleId IdType="pubmed">22206025</ArticleId></ArticleIdList></Reference><Reference><Citation>Surasombatpattana P, Hamel R, Patramool S, Luplertlop N, Thomas F, Despres P, Briant L, Yssel H, Misse D. 2011. Dengue virus replication in infected human keratinocytes leads to activation of antiviral innate immune responses. Infect Genet Evol 11:1664&#x2013;1673. doi:10.1016/j.meegid.2011.06.009.</Citation><ArticleIdList><ArticleId IdType="doi">10.1016/j.meegid.2011.06.009</ArticleId><ArticleId IdType="pubmed">21722754</ArticleId></ArticleIdList></Reference><Reference><Citation>Duangkhae P, Erdos G, Ryman KD, Watkins SC, Falo LD, Jr, Marques ETA, Jr, Barratt-Boyes SM. 2018. Interplay between keratinocytes and myeloid cells drives dengue virus spread in human skin. J Invest Dermatol 138:618&#x2013;626. doi:10.1016/j.jid.2017.10.018.</Citation><ArticleIdList><ArticleId IdType="doi">10.1016/j.jid.2017.10.018</ArticleId><ArticleId IdType="pubmed">29106931</ArticleId></ArticleIdList></Reference><Reference><Citation>Montes-Gomez AE, Garcia-Cordero J, Marcial-Juarez E, Shrivastava G, Visoso-Carvajal G, Juarez-Delgado FJ, Flores-Romo L, Sanchez-Torres MC, Santos-rgumedo L, Bustos-Arriaga J, Cedillo-Barron L. 2020. Crosstalk between dermal fibroblasts and dendritic cells during dengue virus infection. Front Immunol 11:538240. doi:10.3389/fimmu.2020.538240.</Citation><ArticleIdList><ArticleId IdType="doi">10.3389/fimmu.2020.538240</ArticleId><ArticleId IdType="pmc">PMC7645109</ArticleId><ArticleId IdType="pubmed">33193307</ArticleId></ArticleIdList></Reference><Reference><Citation>Chen HR, Lai YC, Yeh TM. 2018. Dengue virus non-structural protein 1: a pathogenic factor, therapeutic target, and vaccine candidate. J Biomed Sci 25:58. doi:10.1186/s12929-018-0462-0.</Citation><ArticleIdList><ArticleId IdType="doi">10.1186/s12929-018-0462-0</ArticleId><ArticleId IdType="pmc">PMC6057007</ArticleId><ArticleId IdType="pubmed">30037331</ArticleId></ArticleIdList></Reference><Reference><Citation>Puerta-Guardo H, Glasner DR, Espinosa DA, Biering SB, Patana M, Ratnasiri K, Wang C, Beatty PR, Harris E. 2019. Flavivirus NS1 triggers tissue-specific vascular endothelial dysfunction reflecting disease tropism. Cell Rep 26:1598&#x2013;1613.e8. doi:10.1016/j.celrep.2019.01.036.</Citation><ArticleIdList><ArticleId IdType="doi">10.1016/j.celrep.2019.01.036</ArticleId><ArticleId IdType="pmc">PMC6934102</ArticleId><ArticleId IdType="pubmed">30726741</ArticleId></ArticleIdList></Reference><Reference><Citation>Wichit S, Hamel R, Bernard E, Talignani L, Diop F, Ferraris P, Liegeois F, Ekchariyawat P, Luplertlop N, Surasombatpattana P, Thomas F, Merits A, Choumet V, Roques P, Yssel H, Briant L, Misse D. 2017. Imipramine inhibits Chikungunya virus replication in human skin fibroblasts through interference with intracellular cholesterol trafficking. Sci Rep 7:3145. doi:10.1038/s41598-017-03316-5.</Citation><ArticleIdList><ArticleId IdType="doi">10.1038/s41598-017-03316-5</ArticleId><ArticleId IdType="pmc">PMC5466638</ArticleId><ArticleId IdType="pubmed">28600536</ArticleId></ArticleIdList></Reference><Reference><Citation>Chao CH, Wu WC, Lai YC, Tsai PJ, Perng GC, Lin YS, Yeh TM. 2019. Dengue virus nonstructural protein 1 activates platelets via Toll-like receptor 4, leading to thrombocytopenia and hemorrhage. PLoS Pathog 15:e1007625. doi:10.1371/journal.ppat.1007625.</Citation><ArticleIdList><ArticleId IdType="doi">10.1371/journal.ppat.1007625</ArticleId><ArticleId IdType="pmc">PMC6497319</ArticleId><ArticleId IdType="pubmed">31009511</ArticleId></ArticleIdList></Reference><Reference><Citation>Wei KC, Wei WJ, Liu YS, Yen LC, Chang TH. 2020. Assessment of prolonged dengue virus infection in dermal fibroblasts and hair-follicle dermal papilla cells. Viruses 12:267. doi:10.3390/v12030267.</Citation><ArticleIdList><ArticleId IdType="doi">10.3390/v12030267</ArticleId><ArticleId IdType="pmc">PMC7150742</ArticleId><ArticleId IdType="pubmed">32121148</ArticleId></ArticleIdList></Reference><Reference><Citation>Jorgensen I, Rayamajhi M, Miao EA. 2017. Programmed cell death as a defence against infection. Nat Rev Immunol 17:151&#x2013;164. doi:10.1038/nri.2016.147.</Citation><ArticleIdList><ArticleId IdType="doi">10.1038/nri.2016.147</ArticleId><ArticleId IdType="pmc">PMC5328506</ArticleId><ArticleId IdType="pubmed">28138137</ArticleId></ArticleIdList></Reference><Reference><Citation>Martina BE, Koraka P, Osterhaus AD. 2009. Dengue virus pathogenesis: an integrated view. Clin Microbiol Rev 22:564&#x2013;581. doi:10.1128/CMR.00035-09.</Citation><ArticleIdList><ArticleId IdType="doi">10.1128/CMR.00035-09</ArticleId><ArticleId IdType="pmc">PMC2772360</ArticleId><ArticleId IdType="pubmed">19822889</ArticleId></ArticleIdList></Reference><Reference><Citation>Chang TH, Liao CL, Lin YL. 2006. Flavivirus induces interferon-beta gene expression through a pathway involving RIG-I-dependent IRF-3 and PI3K-dependent NF-kappaB activation. Microbes Infect 8:157&#x2013;171. doi:10.1016/j.micinf.2005.06.014.</Citation><ArticleIdList><ArticleId IdType="doi">10.1016/j.micinf.2005.06.014</ArticleId><ArticleId IdType="pubmed">16182584</ArticleId></ArticleIdList></Reference><Reference><Citation>Rathore APS, Mantri CK, Tan MW, Shirazi R, Nishida A, Aman SAB, Morrison J, St John AL. 2021. Immunological and pathological landscape of dengue serotypes 1&#x2013;4 infections in immune-competent mice. Front Immunol 12:681950. doi:10.3389/fimmu.2021.681950.</Citation><ArticleIdList><ArticleId IdType="doi">10.3389/fimmu.2021.681950</ArticleId><ArticleId IdType="pmc">PMC8219075</ArticleId><ArticleId IdType="pubmed">34168651</ArticleId></ArticleIdList></Reference><Reference><Citation>Kofahi HM, Taylor NG, Hirasawa K, Grant MD, Russell RS. 2016. Hepatitis C virus infection of cultured human hepatoma cells causes apoptosis and pyroptosis in both infected and bystander cells. Sci Rep 6:37433. doi:10.1038/srep37433.</Citation><ArticleIdList><ArticleId IdType="doi">10.1038/srep37433</ArticleId><ArticleId IdType="pmc">PMC5156923</ArticleId><ArticleId IdType="pubmed">27974850</ArticleId></ArticleIdList></Reference><Reference><Citation>Begum F, Das S, Mukherjee D, Mal S, Ray U. 2019. Insight into the tropism of dengue virus in humans. Viruses 11:1136. doi:10.3390/v11121136.</Citation><ArticleIdList><ArticleId IdType="doi">10.3390/v11121136</ArticleId><ArticleId IdType="pmc">PMC6950149</ArticleId><ArticleId IdType="pubmed">31835302</ArticleId></ArticleIdList></Reference><Reference><Citation>Wallace HL, Wang L, Gardner CL, Corkum CP, Grant MD, Hirasawa K, Russell RS. 2022. Crosstalk between pyroptosis and apoptosis in hepatitis C virus-induced cell death. Front Immunol 13:788138. doi:10.3389/fimmu.2022.788138.</Citation><ArticleIdList><ArticleId IdType="doi">10.3389/fimmu.2022.788138</ArticleId><ArticleId IdType="pmc">PMC8882739</ArticleId><ArticleId IdType="pubmed">35237259</ArticleId></ArticleIdList></Reference><Reference><Citation>Wang Y, Qin Y, Wang T, Chen Y, Lang X, Zheng J, Gao S, Chen S, Zhong X, Mu Y, Wu X, Zhang F, Zhao W, Zhong Z. 2018. Pyroptosis induced by enterovirus 71 and coxsackievirus B3 infection affects viral replication and host response. Sci Rep 8:2887. doi:10.1038/s41598-018-20958-1.</Citation><ArticleIdList><ArticleId IdType="doi">10.1038/s41598-018-20958-1</ArticleId><ArticleId IdType="pmc">PMC5811489</ArticleId><ArticleId IdType="pubmed">29440739</ArticleId></ArticleIdList></Reference><Reference><Citation>Glasner DR, Puerta-Guardo H, Beatty PR, Harris E. 2018. The good, the bad, and the shocking: the multiple roles of dengue virus nonstructural protein 1 in protection and pathogenesis. Annu Rev Virol 5:227&#x2013;253. doi:10.1146/annurev-virology-101416-041848.</Citation><ArticleIdList><ArticleId IdType="doi">10.1146/annurev-virology-101416-041848</ArticleId><ArticleId IdType="pmc">PMC6311996</ArticleId><ArticleId IdType="pubmed">30044715</ArticleId></ArticleIdList></Reference><Reference><Citation>Lien TS, Sun DS, Hung SC, Wu WS, Chang HH. 2021. Dengue virus envelope protein domain III induces Nlrp3 inflammasome-dependent NETosis-mediated inflammation in mice. Front Immunol 12:618577. doi:10.3389/fimmu.2021.618577.</Citation><ArticleIdList><ArticleId IdType="doi">10.3389/fimmu.2021.618577</ArticleId><ArticleId IdType="pmc">PMC8009969</ArticleId><ArticleId IdType="pubmed">33815373</ArticleId></ArticleIdList></Reference><Reference><Citation>Lien TS, Chan H, Sun DS, Wu JC, Lin YY, Lin GL, Chang HH. 2021. Exposure of platelets to dengue virus and envelope protein domain III induces Nlrp3 inflammasome-dependent platelet cell death and thrombocytopenia in mice. Front Immunol 12:616394. doi:10.3389/fimmu.2021.616394.</Citation><ArticleIdList><ArticleId IdType="doi">10.3389/fimmu.2021.616394</ArticleId><ArticleId IdType="pmc">PMC8118162</ArticleId><ArticleId IdType="pubmed">33995345</ArticleId></ArticleIdList></Reference><Reference><Citation>Lin YL, Liao CL, Chen LK, Yeh CT, Liu CI, Ma SH, Huang YY, Huang YL, Kao CL, King CC. 1998. Study of dengue virus infection in SCID mice engrafted with human K562 cells. J Virol 72:9729&#x2013;9737. doi:10.1128/JVI.72.12.9729-9737.1998.</Citation><ArticleIdList><ArticleId IdType="doi">10.1128/JVI.72.12.9729-9737.1998</ArticleId><ArticleId IdType="pmc">PMC110483</ArticleId><ArticleId IdType="pubmed">9811707</ArticleId></ArticleIdList></Reference></ReferenceList></PubmedData></PubmedArticle></PubmedArticleSet>