<?xml version="1.0" ?>
<!DOCTYPE PubmedArticleSet PUBLIC "-//NLM//DTD PubMedArticle, 1st January 2023//EN" "https://dtd.nlm.nih.gov/ncbi/pubmed/out/pubmed_230101.dtd">
<PubmedArticleSet>
<PubmedArticle><MedlineCitation Status="MEDLINE" Owner="NLM" IndexingMethod="Automated"><PMID Version="1">36736703</PMID><DateCompleted><Year>2023</Year><Month>03</Month><Day>01</Day></DateCompleted><DateRevised><Year>2023</Year><Month>03</Month><Day>03</Day></DateRevised><Article PubModel="Print-Electronic"><Journal><ISSN IssnType="Electronic">1879-0984</ISSN><JournalIssue CitedMedium="Internet"><Volume>314</Volume><PubDate><Year>2023</Year><Month>Apr</Month></PubDate></JournalIssue><Title>Journal of virological methods</Title><ISOAbbreviation>J Virol Methods</ISOAbbreviation></Journal><ArticleTitle>Establishment of quantitative and recovery method for detection of dengue virus in wastewater with noncognate spike control.</ArticleTitle><Pagination><StartPage>114687</StartPage><MedlinePgn>114687</MedlinePgn></Pagination><ELocationID EIdType="doi" ValidYN="Y">10.1016/j.jviromet.2023.114687</ELocationID><ELocationID EIdType="pii" ValidYN="Y">S0166-0934(23)00012-5</ELocationID><Abstract><AbstractText>Wastewater-based epidemiology (WBE) represents an efficient approach for public pathogen surveillance as it provides early warning of disease outbreaks; however, it has not yet been applied to dengue virus (DENV), which might cause endemics via mosquito spread. In this study, a working platform was established to provide direct virus recovery and qPCR quantification from wastewater samples that were artificially loaded with target DENV serotypes I to IV and noncognate spike control viral particles. The results showed qPCR efficiencies of 91.2 %, 94.8 %, 92.6 % and 88.7 % for DENV I, II, III, and IV, respectively, and a broad working range over 6 orders of magnitude using the preferred primer sets. Next, the results revealed that the ultrafiltration method was superior to the skimmed milk flocculation method for recovering either DENV or control viral particles from wastewater. Finally, DENV-2 was loaded simultaneously with the noncognate spike control and could be recovered at comparable levels either in PBS or in wastewater, indicating the applicability of noncognate spike control particles to reflect the efficiency of experimental steps. In conclusion, our data suggest that DENV particles in wastewater could be recovered and quantitatively detected in absolute amounts, indicating the feasibility of DENV surveillance using the WBE approach.</AbstractText><CopyrightInformation>Copyright &#xa9; 2023 Elsevier B.V. All rights reserved.</CopyrightInformation></Abstract><AuthorList CompleteYN="Y"><Author ValidYN="Y"><LastName>Chen</LastName><ForeName>Kuan-Wei</ForeName><Initials>KW</Initials><AffiliationInfo><Affiliation>Department of Medical Laboratory Science and Biotechnology, College of Medicine, National Cheng Kung University, Tainan, Taiwan.</Affiliation></AffiliationInfo></Author><Author ValidYN="Y"><LastName>Chen</LastName><ForeName>Tzu-Yi</ForeName><Initials>TY</Initials><AffiliationInfo><Affiliation>Department of Medical Laboratory Science and Biotechnology, College of Medicine, National Cheng Kung University, Tainan, Taiwan.</Affiliation></AffiliationInfo></Author><Author ValidYN="Y"><LastName>Wang</LastName><ForeName>Sin-Tian</ForeName><Initials>ST</Initials><AffiliationInfo><Affiliation>Department of Medical Laboratory Science and Biotechnology, College of Medicine, National Cheng Kung University, Tainan, Taiwan.</Affiliation></AffiliationInfo></Author><Author ValidYN="Y"><LastName>Hou</LastName><ForeName>Ting-Yu</ForeName><Initials>TY</Initials><AffiliationInfo><Affiliation>Department of Medical Laboratory Science and Biotechnology, College of Medicine, National Cheng Kung University, Tainan, Taiwan.</Affiliation></AffiliationInfo></Author><Author ValidYN="Y"><LastName>Wang</LastName><ForeName>Shainn-Wei</ForeName><Initials>SW</Initials><AffiliationInfo><Affiliation>Institute of Molecular Medicine, College of Medicine, National Cheng Kung University, Tainan, Taiwan.</Affiliation></AffiliationInfo></Author><Author ValidYN="Y"><LastName>Young</LastName><ForeName>Kung-Chia</ForeName><Initials>KC</Initials><AffiliationInfo><Affiliation>Department of Medical Laboratory Science and Biotechnology, College of Medicine, National Cheng Kung University, Tainan, Taiwan. Electronic address: t7908077@mail.ncku.edu.tw.</Affiliation></AffiliationInfo></Author></AuthorList><Language>eng</Language><PublicationTypeList><PublicationType UI="D016428">Journal Article</PublicationType><PublicationType UI="D013485">Research Support, Non-U.S. Gov't</PublicationType></PublicationTypeList><ArticleDate DateType="Electronic"><Year>2023</Year><Month>02</Month><Day>01</Day></ArticleDate></Article><MedlineJournalInfo><Country>Netherlands</Country><MedlineTA>J Virol Methods</MedlineTA><NlmUniqueID>8005839</NlmUniqueID><ISSNLinking>0166-0934</ISSNLinking></MedlineJournalInfo><ChemicalList><Chemical><RegistryNumber>0</RegistryNumber><NameOfSubstance UI="D062065">Wastewater</NameOfSubstance></Chemical></ChemicalList><CitationSubset>IM</CitationSubset><MeshHeadingList><MeshHeading><DescriptorName UI="D000818" MajorTopicYN="N">Animals</DescriptorName></MeshHeading><MeshHeading><DescriptorName UI="D003716" MajorTopicYN="Y">Dengue Virus</DescriptorName><QualifierName UI="Q000235" MajorTopicYN="N">genetics</QualifierName></MeshHeading><MeshHeading><DescriptorName UI="D003715" MajorTopicYN="Y">Dengue</DescriptorName><QualifierName UI="Q000175" MajorTopicYN="N">diagnosis</QualifierName></MeshHeading><MeshHeading><DescriptorName UI="D062065" MajorTopicYN="N">Wastewater</DescriptorName></MeshHeading><MeshHeading><DescriptorName UI="D009033" MajorTopicYN="Y">Culicidae</DescriptorName></MeshHeading><MeshHeading><DescriptorName UI="D004196" MajorTopicYN="N">Disease Outbreaks</DescriptorName></MeshHeading><MeshHeading><DescriptorName UI="D065288" MajorTopicYN="N">Serogroup</DescriptorName></MeshHeading></MeshHeadingList><KeywordList Owner="NOTNLM"><Keyword MajorTopicYN="N">Dengue virus</Keyword><Keyword MajorTopicYN="N">Noncognate</Keyword><Keyword MajorTopicYN="N">QPCR</Keyword><Keyword MajorTopicYN="N">Surveillance</Keyword><Keyword MajorTopicYN="N">Ultrafiltration</Keyword><Keyword MajorTopicYN="N">Wastewater</Keyword></KeywordList><CoiStatement>Declaration of Competing Interest The authors declare that they have no known competing financial interests or personal relationships that could have appeared to influence the work reported in this paper.</CoiStatement></MedlineCitation><PubmedData><History><PubMedPubDate PubStatus="received"><Year>2022</Year><Month>10</Month><Day>24</Day></PubMedPubDate><PubMedPubDate PubStatus="revised"><Year>2023</Year><Month>1</Month><Day>11</Day></PubMedPubDate><PubMedPubDate PubStatus="accepted"><Year>2023</Year><Month>1</Month><Day>17</Day></PubMedPubDate><PubMedPubDate PubStatus="pubmed"><Year>2023</Year><Month>2</Month><Day>4</Day><Hour>6</Hour><Minute>0</Minute></PubMedPubDate><PubMedPubDate PubStatus="medline"><Year>2023</Year><Month>3</Month><Day>3</Day><Hour>6</Hour><Minute>0</Minute></PubMedPubDate><PubMedPubDate PubStatus="entrez"><Year>2023</Year><Month>2</Month><Day>3</Day><Hour>19</Hour><Minute>28</Minute></PubMedPubDate></History><PublicationStatus>ppublish</PublicationStatus><ArticleIdList><ArticleId IdType="pubmed">36736703</ArticleId><ArticleId IdType="doi">10.1016/j.jviromet.2023.114687</ArticleId><ArticleId IdType="pii">S0166-0934(23)00012-5</ArticleId></ArticleIdList></PubmedData></PubmedArticle></PubmedArticleSet>