<?xml version="1.0" ?>
<!DOCTYPE PubmedArticleSet PUBLIC "-//NLM//DTD PubMedArticle, 1st January 2023//EN" "https://dtd.nlm.nih.gov/ncbi/pubmed/out/pubmed_230101.dtd">
<PubmedArticleSet>
<PubmedArticle><MedlineCitation Status="MEDLINE" Owner="NLM" IndexingMethod="Automated"><PMID Version="1">36881559</PMID><DateCompleted><Year>2023</Year><Month>03</Month><Day>09</Day></DateCompleted><DateRevised><Year>2023</Year><Month>03</Month><Day>28</Day></DateRevised><Article PubModel="Electronic-eCollection"><Journal><ISSN IssnType="Electronic">1935-2735</ISSN><JournalIssue CitedMedium="Internet"><Volume>17</Volume><Issue>3</Issue><PubDate><Year>2023</Year><Month>Mar</Month></PubDate></JournalIssue><Title>PLoS neglected tropical diseases</Title><ISOAbbreviation>PLoS Negl Trop Dis</ISOAbbreviation></Journal><ArticleTitle>Re-examination of the risk of autoimmune diseases after dengue virus infection: A population-based cohort study.</ArticleTitle><Pagination><StartPage>e0011127</StartPage><MedlinePgn>e0011127</MedlinePgn></Pagination><ELocationID EIdType="pii" ValidYN="Y">e0011127</ELocationID><ELocationID EIdType="doi" ValidYN="Y">10.1371/journal.pntd.0011127</ELocationID><Abstract><AbstractText>Previous studies suggested that dengue was associated with an increased risk of several autoimmune diseases. However, this association still needs to be explored due to the limitations of these studies. A population-based cohort study was conducted using national health databases in Taiwan and included 63,814 newly diagnosed, laboratory-confirmed dengue patients between 2002 and 2015 and 1:4 controls (n = 255,256) matched by age, sex, area of residence and symptom onset time. Multivariate Cox proportional hazard regression models were used to investigate the risk of autoimmune diseases after dengue infection. Dengue patients had a slightly higher risk of overall autoimmune diseases than non-dengue controls (aHR 1.16; P = 0.0002). Stratified analyses by specific autoimmune diseases showed that only autoimmune encephalomyelitis remained statistically significant after Bonferroni correction for multiple testing (aHR 2.72; P &lt; 0.0001). Sixteen (0.025%) dengue patients and no (0%) controls developed autoimmune encephalomyelitis in the first month of follow-up (HR &gt;9999, P &lt; 0.0001), but the risk between groups was not significantly different thereafter. Contrary to previous studies, our findings showed that dengue was associated with an increased short-term risk of a rare complication, autoimmune encephalomyelitis, but not associated with other autoimmune diseases.</AbstractText><CopyrightInformation>Copyright: &#xa9; 2023 Shih et al. This is an open access article distributed under the terms of the Creative Commons Attribution License, which permits unrestricted use, distribution, and reproduction in any medium, provided the original author and source are credited.</CopyrightInformation></Abstract><AuthorList CompleteYN="Y"><Author ValidYN="Y"><LastName>Shih</LastName><ForeName>Hsin-I</ForeName><Initials>HI</Initials><Identifier Source="ORCID">0000-0002-1103-8675</Identifier><AffiliationInfo><Affiliation>Department of Emergency Medicine, National Cheng Kung University Hospital, College of Medicine, National Cheng Kung University, Tainan, Taiwan.</Affiliation></AffiliationInfo><AffiliationInfo><Affiliation>School of Medicine, College of Medicine, National Cheng Kung University, Tainan, Taiwan.</Affiliation></AffiliationInfo><AffiliationInfo><Affiliation>Department of Public Health, College of Medicine, National Cheng Kung University, Tainan, Taiwan.</Affiliation></AffiliationInfo></Author><Author ValidYN="Y"><LastName>Chi</LastName><ForeName>Chia-Yu</ForeName><Initials>CY</Initials><AffiliationInfo><Affiliation>National Mosquito-Borne Diseases Control Research Center, National Health Research Institutes, Zhunan, Taiwan.</Affiliation></AffiliationInfo><AffiliationInfo><Affiliation>Department of Microbiology &amp; Immunology, College of Medicine, National Cheng Kung University, Tainan, Taiwan.</Affiliation></AffiliationInfo></Author><Author ValidYN="Y"><LastName>Tsai</LastName><ForeName>Pei-Fang</ForeName><Initials>PF</Initials><AffiliationInfo><Affiliation>Department of Public Health, College of Medicine, National Cheng Kung University, Tainan, Taiwan.</Affiliation></AffiliationInfo><AffiliationInfo><Affiliation>Department of Pathology, National Cheng Kung University Hospital, College of Medicine, National Cheng Kung University, Tainan, Taiwan.</Affiliation></AffiliationInfo></Author><Author ValidYN="Y"><LastName>Wang</LastName><ForeName>Yu-Ping</ForeName><Initials>YP</Initials><AffiliationInfo><Affiliation>Department of Public Health, College of Medicine, National Cheng Kung University, Tainan, Taiwan.</Affiliation></AffiliationInfo><AffiliationInfo><Affiliation>National Mosquito-Borne Diseases Control Research Center, National Health Research Institutes, Zhunan, Taiwan.</Affiliation></AffiliationInfo></Author><Author ValidYN="Y"><LastName>Chien</LastName><ForeName>Yu-Wen</ForeName><Initials>YW</Initials><AffiliationInfo><Affiliation>Department of Public Health, College of Medicine, National Cheng Kung University, Tainan, Taiwan.</Affiliation></AffiliationInfo><AffiliationInfo><Affiliation>Department of Occupational and Environmental Medicine, National Cheng Kung University Hospital, College of Medicine, National Cheng Kung University, Tainan, Taiwan.</Affiliation></AffiliationInfo></Author></AuthorList><Language>eng</Language><PublicationTypeList><PublicationType UI="D016428">Journal Article</PublicationType><PublicationType UI="D013485">Research Support, Non-U.S. Gov't</PublicationType></PublicationTypeList><ArticleDate DateType="Electronic"><Year>2023</Year><Month>03</Month><Day>07</Day></ArticleDate></Article><MedlineJournalInfo><Country>United States</Country><MedlineTA>PLoS Negl Trop Dis</MedlineTA><NlmUniqueID>101291488</NlmUniqueID><ISSNLinking>1935-2727</ISSNLinking></MedlineJournalInfo><CitationSubset>IM</CitationSubset><MeshHeadingList><MeshHeading><DescriptorName UI="D006801" MajorTopicYN="N">Humans</DescriptorName></MeshHeading><MeshHeading><DescriptorName UI="D015331" MajorTopicYN="N">Cohort Studies</DescriptorName></MeshHeading><MeshHeading><DescriptorName UI="D001327" MajorTopicYN="Y">Autoimmune Diseases</DescriptorName><QualifierName UI="Q000150" MajorTopicYN="N">complications</QualifierName><QualifierName UI="Q000453" MajorTopicYN="N">epidemiology</QualifierName></MeshHeading><MeshHeading><DescriptorName UI="D016208" MajorTopicYN="N">Databases, Factual</DescriptorName></MeshHeading><MeshHeading><DescriptorName UI="D004679" MajorTopicYN="Y">Encephalomyelitis</DescriptorName></MeshHeading><MeshHeading><DescriptorName UI="D014777" MajorTopicYN="Y">Virus Diseases</DescriptorName></MeshHeading></MeshHeadingList><CoiStatement>The authors have declared that no competing interests exist.</CoiStatement></MedlineCitation><PubmedData><History><PubMedPubDate PubStatus="received"><Year>2022</Year><Month>7</Month><Day>26</Day></PubMedPubDate><PubMedPubDate PubStatus="accepted"><Year>2023</Year><Month>1</Month><Day>30</Day></PubMedPubDate><PubMedPubDate PubStatus="entrez"><Year>2023</Year><Month>3</Month><Day>7</Day><Hour>13</Hour><Minute>23</Minute></PubMedPubDate><PubMedPubDate PubStatus="pubmed"><Year>2023</Year><Month>3</Month><Day>8</Day><Hour>6</Hour><Minute>0</Minute></PubMedPubDate><PubMedPubDate PubStatus="medline"><Year>2023</Year><Month>3</Month><Day>10</Day><Hour>6</Hour><Minute>0</Minute></PubMedPubDate></History><PublicationStatus>epublish</PublicationStatus><ArticleIdList><ArticleId IdType="pubmed">36881559</ArticleId><ArticleId IdType="pmc">PMC9990932</ArticleId><ArticleId IdType="doi">10.1371/journal.pntd.0011127</ArticleId><ArticleId IdType="pii">PNTD-D-22-00980</ArticleId></ArticleIdList><ReferenceList><Reference><Citation>Wilder-Smith A, Ooi EE, Horstick O, Wills B. Dengue. Lancet (London, England). 2019;393(10169):350&#x2013;63. Epub 2019/01/31. doi: 10.1016/S0140-6736(18)32560-1 MID: Accession Number|.</Citation><ArticleIdList><ArticleId IdType="doi">10.1016/S0140-6736(18)32560-1</ArticleId><ArticleId IdType="pubmed">30696575</ArticleId></ArticleIdList></Reference><Reference><Citation>Brady OJ, Gething PW, Bhatt S, Messina JP, Brownstein JS, Hoen AG, et al.. Refining the global spatial limits of dengue virus transmission by evidence-based consensus. PLoS neglected tropical diseases. 2012;6(8):e1760. Epub 2012/08/11. doi: 10.1371/journal.pntd.0001760 MID: Accession Number|.</Citation><ArticleIdList><ArticleId IdType="doi">10.1371/journal.pntd.0001760</ArticleId><ArticleId IdType="pmc">PMC3413714</ArticleId><ArticleId IdType="pubmed">22880140</ArticleId></ArticleIdList></Reference><Reference><Citation>Bhatt S, Gething PW, Brady OJ, Messina JP, Farlow AW, Moyes CL, et al.. The global distribution and burden of dengue. Nature. 2013;496(7446):504&#x2013;7. Epub 2013/04/09. doi: 10.1038/nature12060 MID: Accession Number|.</Citation><ArticleIdList><ArticleId IdType="doi">10.1038/nature12060</ArticleId><ArticleId IdType="pmc">PMC3651993</ArticleId><ArticleId IdType="pubmed">23563266</ArticleId></ArticleIdList></Reference><Reference><Citation>Bhatt P, Sabeena SP, Varma M, Arunkumar G. Current Understanding of the Pathogenesis of Dengue Virus Infection. Current Microbiology. 2021;78(1):17&#x2013;32. doi: 10.1007/s00284-020-02284-w MID: Accession Number|.</Citation><ArticleIdList><ArticleId IdType="doi">10.1007/s00284-020-02284-w</ArticleId><ArticleId IdType="pmc">PMC7815537</ArticleId><ArticleId IdType="pubmed">33231723</ArticleId></ArticleIdList></Reference><Reference><Citation>Guzman MG, Gubler DJ, Izquierdo A, Martinez E, Halstead SB. Dengue infection. Nature Reviews Disease Primers. 2016;2(1):16055. doi: 10.1038/nrdp.2016.55 MID: Accession Number|.</Citation><ArticleIdList><ArticleId IdType="doi">10.1038/nrdp.2016.55</ArticleId><ArticleId IdType="pubmed">27534439</ArticleId></ArticleIdList></Reference><Reference><Citation>Pang X, Zhang R, Cheng G. Progress towards understanding the pathogenesis of dengue hemorrhagic fever. Virol Sin. 2017;32(1):16&#x2013;22. Epub 2016/11/18. doi: 10.1007/s12250-016-3855-9 MID: Accession Number|.</Citation><ArticleIdList><ArticleId IdType="doi">10.1007/s12250-016-3855-9</ArticleId><ArticleId IdType="pmc">PMC6702245</ArticleId><ArticleId IdType="pubmed">27853992</ArticleId></ArticleIdList></Reference><Reference><Citation>Garcia G, Gonzalez N, Perez AB, Sierra B, Aguirre E, Rizo D, et al.. Long-term persistence of clinical symptoms in dengue-infected persons and its association with immunological disorders. International journal of infectious diseases: IJID: official publication of the International Society for Infectious Diseases. 2011;15(1):e38&#x2013;43. Epub 2010/11/30. doi: 10.1016/j.ijid.2010.09.008 MID: Accession Number|.</Citation><ArticleIdList><ArticleId IdType="doi">10.1016/j.ijid.2010.09.008</ArticleId><ArticleId IdType="pubmed">21112804</ArticleId></ArticleIdList></Reference><Reference><Citation>Talib S, Bhattu S, Bhattu R, Deshpande S, Dahiphale D. Dengue fever triggering systemic lupus erythematosus and lupus nephritis: a case report. Int Med Case Rep J. 2013;6:71&#x2013;5. Epub 2013/11/10. doi: 10.2147/IMCRJ.S50708 MID: Accession Number|.</Citation><ArticleIdList><ArticleId IdType="doi">10.2147/IMCRJ.S50708</ArticleId><ArticleId IdType="pmc">PMC3818025</ArticleId><ArticleId IdType="pubmed">24204176</ArticleId></ArticleIdList></Reference><Reference><Citation>Ghosh A, Banerjee A, Saha S, Pande A, Ghosh B. Wegener&#x2019;s granulomatosis with dengue fever: an unusual association. Int J Rheum Dis. 2012;15(3):e47&#x2013;9. Epub 2012/06/20. doi: 10.1111/j.1756-185X.2011.01692.x MID: Accession Number|.</Citation><ArticleIdList><ArticleId IdType="doi">10.1111/j.1756-185X.2011.01692.x</ArticleId><ArticleId IdType="pubmed">22709500</ArticleId></ArticleIdList></Reference><Reference><Citation>Kamel MG, Nam NT, Han NHB, El-Shabouny AE, Makram AM, Abd-Elhay FA, et al.. Post-dengue acute disseminated encephalomyelitis: A case report and meta-analysis. PLoS neglected tropical diseases. 2017;11(6):e0005715. Epub 2017/07/01. doi: 10.1371/journal.pntd.0005715 MID: Accession Number|.</Citation><ArticleIdList><ArticleId IdType="doi">10.1371/journal.pntd.0005715</ArticleId><ArticleId IdType="pmc">PMC5509372</ArticleId><ArticleId IdType="pubmed">28665957</ArticleId></ArticleIdList></Reference><Reference><Citation>de Sousa AM, Puccioni-Sohler M, Alvarenga MP, Alvarenga RMP, Borges AD, Adorno LF. Post-dengue neuromyelitis optica: case report of a Japanese-descendent Brazilian child. Journal of infection and chemotherapy. 2006;12(6):396&#x2013;8. MID: Accession Number|. doi: 10.1007/s10156-006-0475-6</Citation><ArticleIdList><ArticleId IdType="doi">10.1007/s10156-006-0475-6</ArticleId><ArticleId IdType="pubmed">17235647</ArticleId></ArticleIdList></Reference><Reference><Citation>Fong CY, Hlaing CS, Tay CG, Abdul Kadir KA, Goh KJ, Ong LC. Longitudinal extensive transverse myelitis with cervical epidural haematoma following dengue virus infection. European Journal of Paediatric Neurology. 2016;20(3):449&#x2013;53. doi: 10.1016/j.ejpn.2016.01.012 MID: Accession Number|.</Citation><ArticleIdList><ArticleId IdType="doi">10.1016/j.ejpn.2016.01.012</ArticleId><ArticleId IdType="pubmed">26900103</ArticleId></ArticleIdList></Reference><Reference><Citation>Li HM, Huang YK, Su YC, Kao CH. Increased risk of autoimmune diseases in dengue patients: A population-based cohort study. The Journal of infection. 2018;77(3):212&#x2013;9. Epub 2018/05/11. doi: 10.1016/j.jinf.2018.03.014 MID: Accession Number|.</Citation><ArticleIdList><ArticleId IdType="doi">10.1016/j.jinf.2018.03.014</ArticleId><ArticleId IdType="pubmed">29746944</ArticleId></ArticleIdList></Reference><Reference><Citation>Lin LY, Warren-Gash C, Smeeth L, Chen PC. Data resource profile: the National Health Insurance Research Database (NHIRD). Epidemiology and health. 2018;40:e2018062. Epub 2019/02/08. doi: 10.4178/epih.e2018062 MID: Accession Number|.</Citation><ArticleIdList><ArticleId IdType="doi">10.4178/epih.e2018062</ArticleId><ArticleId IdType="pmc">PMC6367203</ArticleId><ArticleId IdType="pubmed">30727703</ArticleId></ArticleIdList></Reference><Reference><Citation>Chien YW, Wang CC, Wang YP, Lee CY, Perng GC. Risk of Leukemia after Dengue Virus Infection: A Population-Based Cohort Study. Cancer epidemiology, biomarkers &amp; prevention: a publication of the American Association for Cancer Research, cosponsored by the American Society of Preventive Oncology. 2020;29(3):558&#x2013;64. Epub 2020/02/14. doi: 10.1158/1055-9965.EPI-19-1214 MID: Accession Number|.</Citation><ArticleIdList><ArticleId IdType="doi">10.1158/1055-9965.EPI-19-1214</ArticleId><ArticleId IdType="pubmed">32051189</ArticleId></ArticleIdList></Reference><Reference><Citation>Yeh CY, Chen PL, Chuang KT, Shu YC, Chien YW, Perng GC, et al.. Symptoms associated with adverse dengue fever prognoses at the time of reporting in the 2015 dengue outbreak in Taiwan. PLoS neglected tropical diseases. 2017;11(12):e0006091. Epub 2017/12/07. doi: 10.1371/journal.pntd.0006091 MID: Accession Number|.</Citation><ArticleIdList><ArticleId IdType="doi">10.1371/journal.pntd.0006091</ArticleId><ArticleId IdType="pmc">PMC5718413</ArticleId><ArticleId IdType="pubmed">29211743</ArticleId></ArticleIdList></Reference><Reference><Citation>Liu CY, Hung YT, Chuang YL, Chen YJ, Weng WS, Liu JS, et al.. Incorporating development stratification of Taiwan townships into sampling design of large scale health interview survey. Journal of Health Management. 2006;4(1):1&#x2013;22. MID: Accession Number|.</Citation></Reference><Reference><Citation>Mamdani M, Sykora K, Li P, Normand SL, Streiner DL, Austin PC, et al.. Reader&#x2019;s guide to critical appraisal of cohort studies: 2. Assessing potential for confounding. BMJ (Clinical research ed). 2005;330(7497):960&#x2013;2. Epub 2005/04/23. doi: 10.1136/bmj.330.7497.960 MID: Accession Number|.</Citation><ArticleIdList><ArticleId IdType="doi">10.1136/bmj.330.7497.960</ArticleId><ArticleId IdType="pmc">PMC556348</ArticleId><ArticleId IdType="pubmed">15845982</ArticleId></ArticleIdList></Reference><Reference><Citation>Chen YW, Hsieh TY, Lin CH, Chen HM, Lin CC, Chen HH. Association Between a History of Dengue Fever and the Risk of Systemic Autoimmune Rheumatic Diseases: A Nationwide, Population-Based Case-Control Study. Front Med (Lausanne). 2021;8:738291. Epub 2021/11/23. doi: 10.3389/fmed.2021.738291 MID: Accession Number|.</Citation><ArticleIdList><ArticleId IdType="doi">10.3389/fmed.2021.738291</ArticleId><ArticleId IdType="pmc">PMC8597927</ArticleId><ArticleId IdType="pubmed">34805205</ArticleId></ArticleIdList></Reference><Reference><Citation>Shukla MK, Singh N, Sharma RK, Barde PV. Utility of dengue NS1 antigen rapid diagnostic test for use in difficult to reach areas and its comparison with dengue NS1 ELISA and qRT-PCR. J Med Virol. 2017;89(7):1146&#x2013;50. Epub 2017/01/04. doi: 10.1002/jmv.24764 MID: Accession Number|.</Citation><ArticleIdList><ArticleId IdType="doi">10.1002/jmv.24764</ArticleId><ArticleId IdType="pubmed">28042883</ArticleId></ArticleIdList></Reference><Reference><Citation>Wan SW, Lin CF, Yeh TM, Liu CC, Liu HS, Wang S, et al.. Autoimmunity in dengue pathogenesis. J Formos Med Assoc. 2013;112(1):3&#x2013;11. Epub 2013/01/22. doi: 10.1016/j.jfma.2012.11.006 MID: Accession Number|.</Citation><ArticleIdList><ArticleId IdType="doi">10.1016/j.jfma.2012.11.006</ArticleId><ArticleId IdType="pubmed">23332423</ArticleId></ArticleIdList></Reference><Reference><Citation>Chuang YC, Lin YS, Liu HS, Yeh TM. Molecular mimicry between dengue virus and coagulation factors induces antibodies to inhibit thrombin activity and enhance fibrinolysis. J Virol. 2014;88(23):13759&#x2013;68. Epub 2014/09/19. doi: 10.1128/JVI.02166-14 MID: Accession Number|.</Citation><ArticleIdList><ArticleId IdType="doi">10.1128/JVI.02166-14</ArticleId><ArticleId IdType="pmc">PMC4248957</ArticleId><ArticleId IdType="pubmed">25231318</ArticleId></ArticleIdList></Reference><Reference><Citation>Bhatt P, Sabeena SP, Varma M, Arunkumar G. Current Understanding of the Pathogenesis of Dengue Virus Infection. Curr Microbiol. 2021;78(1):17&#x2013;32. Epub 2020/11/25. doi: 10.1007/s00284-020-02284-w MID: Accession Number|.</Citation><ArticleIdList><ArticleId IdType="doi">10.1007/s00284-020-02284-w</ArticleId><ArticleId IdType="pmc">PMC7815537</ArticleId><ArticleId IdType="pubmed">33231723</ArticleId></ArticleIdList></Reference><Reference><Citation>Noorbakhsh F, Johnson RT, Emery D, Power C. Acute disseminated encephalomyelitis: clinical and pathogenesis features. Neurol Clin. 2008;26(3):759&#x2013;80, ix. Epub 2008/07/29. doi: 10.1016/j.ncl.2008.03.009 MID: Accession Number|.</Citation><ArticleIdList><ArticleId IdType="doi">10.1016/j.ncl.2008.03.009</ArticleId><ArticleId IdType="pmc">PMC7132764</ArticleId><ArticleId IdType="pubmed">18657725</ArticleId></ArticleIdList></Reference><Reference><Citation>Murthy JM. Neurological complication of dengue infection. Neurol India. 2010;58(4):581&#x2013;4. Epub 2010/08/27. doi: 10.4103/0028-3886.68654 MID: Accession Number|.</Citation><ArticleIdList><ArticleId IdType="doi">10.4103/0028-3886.68654</ArticleId><ArticleId IdType="pubmed">20739796</ArticleId></ArticleIdList></Reference><Reference><Citation>Karagianni P, Alexopoulos H, Sourdi A, Papadimitriou D, Dimitrakopoulos AN, Moutsopoulos HM. West Nile Virus infection triggering autoimmune encephalitis: Pathophysiological and therapeutic implications. Clin Immunol. 2019;207:97&#x2013;9. Epub 2019/08/28. doi: 10.1016/j.clim.2019.07.007 MID: Accession Number|.</Citation><ArticleIdList><ArticleId IdType="doi">10.1016/j.clim.2019.07.007</ArticleId><ArticleId IdType="pubmed">31454696</ArticleId></ArticleIdList></Reference><Reference><Citation>Anaya JM, Rodriguez Y, Monsalve DM, Vega D, Ojeda E, Gonzalez-Bravo D, et al.. A comprehensive analysis and immunobiology of autoimmune neurological syndromes during the Zika virus outbreak in Cucuta, Colombia. J Autoimmun. 2017;77:123&#x2013;38. Epub 2017/01/08. doi: 10.1016/j.jaut.2016.12.007 MID: Accession Number|.</Citation><ArticleIdList><ArticleId IdType="doi">10.1016/j.jaut.2016.12.007</ArticleId><ArticleId IdType="pubmed">28062188</ArticleId></ArticleIdList></Reference><Reference><Citation>Benjamini Y, Hochberg Y. Controlling the False Discovery Rate: A Practical and Powerful Approach to Multiple Testing. Journal of the Royal Statistical Society Series B (Methodological). 1995;57(1):289&#x2013;300. MID: Accession Number|.</Citation></Reference><Reference><Citation>Chien YW, Huang HM, Ho TC, Tseng FC, Ko NY, Ko WC, et al.. Seroepidemiology of dengue virus infection among adults during the ending phase of a severe dengue epidemic in southern Taiwan, 2015. BMC infectious diseases. 2019;19(1):338. Epub 2019/04/25. doi: 10.1186/s12879-019-3946-y MID: Accession Number|.</Citation><ArticleIdList><ArticleId IdType="doi">10.1186/s12879-019-3946-y</ArticleId><ArticleId IdType="pmc">PMC6480438</ArticleId><ArticleId IdType="pubmed">31014263</ArticleId></ArticleIdList></Reference><Reference><Citation>Lee YH, Hsieh YC, Chen CJ, Lin TY, Huang YC. Retrospective Seroepidemiology study of dengue virus infection in Taiwan. BMC infectious diseases. 2021;21(1):96. Epub 2021/01/23. doi: 10.1186/s12879-021-05809-1 MID: Accession Number|.</Citation><ArticleIdList><ArticleId IdType="doi">10.1186/s12879-021-05809-1</ArticleId><ArticleId IdType="pmc">PMC7818053</ArticleId><ArticleId IdType="pubmed">33478432</ArticleId></ArticleIdList></Reference></ReferenceList></PubmedData></PubmedArticle></PubmedArticleSet>