<?xml version="1.0" ?>
<!DOCTYPE PubmedArticleSet PUBLIC "-//NLM//DTD PubMedArticle, 1st January 2023//EN" "https://dtd.nlm.nih.gov/ncbi/pubmed/out/pubmed_230101.dtd">
<PubmedArticleSet>
<PubmedArticle><MedlineCitation Status="MEDLINE" Owner="NLM" IndexingMethod="Automated"><PMID Version="1">36921733</PMID><DateCompleted><Year>2023</Year><Month>04</Month><Day>04</Day></DateCompleted><DateRevised><Year>2023</Year><Month>05</Month><Day>08</Day></DateRevised><Article PubModel="Print-Electronic"><Journal><ISSN IssnType="Electronic">1879-0240</ISSN><JournalIssue CitedMedium="Internet"><Volume>155</Volume><PubDate><Year>2023</Year><Month>Apr</Month></PubDate></JournalIssue><Title>Insect biochemistry and molecular biology</Title><ISOAbbreviation>Insect Biochem Mol Biol</ISOAbbreviation></Journal><ArticleTitle>The chaperone BiP promotes dengue virus replication and mosquito vitellogenesis in Aedes aegypti.</ArticleTitle><Pagination><StartPage>103930</StartPage><MedlinePgn>103930</MedlinePgn></Pagination><ELocationID EIdType="doi" ValidYN="Y">10.1016/j.ibmb.2023.103930</ELocationID><ELocationID EIdType="pii" ValidYN="Y">S0965-1748(23)00024-3</ELocationID><Abstract><AbstractText>Binding immunoglobulin protein (BiP, also known as GRP78), a chaperone and master regulator of the unfolded protein response (UPR) pathway, plays an essential role in several flavivirus infections, but its functional role in regulating dengue virus replication in the mosquito remains largely unknown. We here demonstrated the interaction between a dengue virus serotype 2 (DENV2) and BiP in Aedes aegypti and report the discovery of a novel functional role of BiP in mosquito vitellogenesis. Silencing Ae. aegypti BiP (AaBiP) expression resulted in the significant inhibition of DENV2 viral genome replication, viral protein production, and infectious viral particle biogenesis. Co-immunoprecipitation assays showed that the DENV2 non-structural protein 1 (NS1) interacts with the AaBiP protein, and silencing AaBiP expression led to enhanced DENV2 NS1 aggregation, indicating that AaBiP plays a role in viral protein stability. A kinetic study focusing on pulse treatment of MG132, a proteasome inhibitor, in AaBiP-silenced mosquitoes showed that DENV2 NS1 was drastically elevated, which further suggests that AaBiP-mediated viral protein degradation is mediated by proteasomal machinery. Silencing of AaBiP also resulted in a reduction in mosquito fertility and fecundity. Depletion of AaBiP inhibited mosquito vitellogenesis due to the reduction of vitellogenin mRNA and elevated aggregation of vitellogenin protein post blood meal, further suppressing ovary development and fecundity. Overall, our results suggest that AaBiP is a dual-function protein with roles in both the regulation of dengue virus replication and mosquito reproduction. Our findings will be useful in the establishment of more efficient strategies for vector-borne disease control.</AbstractText><CopyrightInformation>Copyright &#xa9; 2023 Elsevier Ltd. All rights reserved.</CopyrightInformation></Abstract><AuthorList CompleteYN="Y"><Author ValidYN="Y"><LastName>Yeh</LastName><ForeName>Chun-Ting</ForeName><Initials>CT</Initials><AffiliationInfo><Affiliation>Department of Tropical Medicine and Parasitology, College of Medicine, National Taiwan University, Taipei, Taiwan.</Affiliation></AffiliationInfo></Author><Author ValidYN="Y"><LastName>Weng</LastName><ForeName>Shih-Che</ForeName><Initials>SC</Initials><AffiliationInfo><Affiliation>Department of Tropical Medicine and Parasitology, College of Medicine, National Taiwan University, Taipei, Taiwan.</Affiliation></AffiliationInfo></Author><Author ValidYN="Y"><LastName>Tsao</LastName><ForeName>Po-Nien</ForeName><Initials>PN</Initials><AffiliationInfo><Affiliation>Department of Pediatrics, National Taiwan University Hospital, Taipei, Taiwan; Research Center for Developmental Biology and Regenerative Medicine National Taiwan University, Taipei, Taiwan.</Affiliation></AffiliationInfo></Author><Author ValidYN="Y"><LastName>Shiao</LastName><ForeName>Shin-Hong</ForeName><Initials>SH</Initials><AffiliationInfo><Affiliation>Department of Tropical Medicine and Parasitology, College of Medicine, National Taiwan University, Taipei, Taiwan. Electronic address: shshiao@ntu.edu.tw.</Affiliation></AffiliationInfo></Author></AuthorList><Language>eng</Language><PublicationTypeList><PublicationType UI="D016428">Journal Article</PublicationType><PublicationType UI="D013485">Research Support, Non-U.S. Gov't</PublicationType></PublicationTypeList><ArticleDate DateType="Electronic"><Year>2023</Year><Month>03</Month><Day>13</Day></ArticleDate></Article><MedlineJournalInfo><Country>England</Country><MedlineTA>Insect Biochem Mol Biol</MedlineTA><NlmUniqueID>9207282</NlmUniqueID><ISSNLinking>0965-1748</ISSNLinking></MedlineJournalInfo><ChemicalList><Chemical><RegistryNumber>0</RegistryNumber><NameOfSubstance UI="D000091342">Endoplasmic Reticulum Chaperone BiP</NameOfSubstance></Chemical><Chemical><RegistryNumber>0</RegistryNumber><NameOfSubstance UI="D014819">Vitellogenins</NameOfSubstance></Chemical><Chemical><RegistryNumber>0</RegistryNumber><NameOfSubstance UI="D014764">Viral Proteins</NameOfSubstance></Chemical></ChemicalList><CitationSubset>IM</CitationSubset><MeshHeadingList><MeshHeading><DescriptorName UI="D005260" MajorTopicYN="N">Female</DescriptorName></MeshHeading><MeshHeading><DescriptorName UI="D000818" MajorTopicYN="N">Animals</DescriptorName></MeshHeading><MeshHeading><DescriptorName UI="D000330" MajorTopicYN="Y">Aedes</DescriptorName><QualifierName UI="Q000378" MajorTopicYN="N">metabolism</QualifierName></MeshHeading><MeshHeading><DescriptorName UI="D003716" MajorTopicYN="Y">Dengue Virus</DescriptorName><QualifierName UI="Q000502" MajorTopicYN="N">physiology</QualifierName></MeshHeading><MeshHeading><DescriptorName UI="D000091342" MajorTopicYN="N">Endoplasmic Reticulum Chaperone BiP</DescriptorName></MeshHeading><MeshHeading><DescriptorName UI="D014819" MajorTopicYN="N">Vitellogenins</DescriptorName><QualifierName UI="Q000378" MajorTopicYN="N">metabolism</QualifierName></MeshHeading><MeshHeading><DescriptorName UI="D014818" MajorTopicYN="N">Vitellogenesis</DescriptorName></MeshHeading><MeshHeading><DescriptorName UI="D000072138" MajorTopicYN="N">Mosquito Vectors</DescriptorName><QualifierName UI="Q000235" MajorTopicYN="N">genetics</QualifierName></MeshHeading><MeshHeading><DescriptorName UI="D014779" MajorTopicYN="N">Virus Replication</DescriptorName></MeshHeading><MeshHeading><DescriptorName UI="D014764" MajorTopicYN="N">Viral Proteins</DescriptorName><QualifierName UI="Q000378" MajorTopicYN="N">metabolism</QualifierName></MeshHeading><MeshHeading><DescriptorName UI="D003715" MajorTopicYN="Y">Dengue</DescriptorName></MeshHeading></MeshHeadingList><KeywordList Owner="NOTNLM"><Keyword MajorTopicYN="N">Aedes aegypti</Keyword><Keyword MajorTopicYN="N">Antiviral</Keyword><Keyword MajorTopicYN="N">Binding immunoglobulin protein</Keyword><Keyword MajorTopicYN="N">Dengue virus</Keyword><Keyword MajorTopicYN="N">Vitellogenesis</Keyword></KeywordList></MedlineCitation><PubmedData><History><PubMedPubDate PubStatus="received"><Year>2022</Year><Month>12</Month><Day>5</Day></PubMedPubDate><PubMedPubDate PubStatus="revised"><Year>2023</Year><Month>3</Month><Day>6</Day></PubMedPubDate><PubMedPubDate PubStatus="accepted"><Year>2023</Year><Month>3</Month><Day>6</Day></PubMedPubDate><PubMedPubDate PubStatus="medline"><Year>2023</Year><Month>4</Month><Day>4</Day><Hour>6</Hour><Minute>42</Minute></PubMedPubDate><PubMedPubDate PubStatus="pubmed"><Year>2023</Year><Month>3</Month><Day>16</Day><Hour>6</Hour><Minute>0</Minute></PubMedPubDate><PubMedPubDate PubStatus="entrez"><Year>2023</Year><Month>3</Month><Day>15</Day><Hour>20</Hour><Minute>27</Minute></PubMedPubDate></History><PublicationStatus>ppublish</PublicationStatus><ArticleIdList><ArticleId IdType="pubmed">36921733</ArticleId><ArticleId IdType="doi">10.1016/j.ibmb.2023.103930</ArticleId><ArticleId IdType="pii">S0965-1748(23)00024-3</ArticleId></ArticleIdList></PubmedData></PubmedArticle></PubmedArticleSet>