<?xml version="1.0" ?>
<!DOCTYPE PubmedArticleSet PUBLIC "-//NLM//DTD PubMedArticle, 1st January 2023//EN" "https://dtd.nlm.nih.gov/ncbi/pubmed/out/pubmed_230101.dtd">
<PubmedArticleSet>
<PubmedArticle><MedlineCitation Status="MEDLINE" Owner="NLM" IndexingMethod="Automated"><PMID Version="1">36930690</PMID><DateCompleted><Year>2023</Year><Month>03</Month><Day>31</Day></DateCompleted><DateRevised><Year>2023</Year><Month>04</Month><Day>09</Day></DateRevised><Article PubModel="Electronic-eCollection"><Journal><ISSN IssnType="Electronic">1553-7374</ISSN><JournalIssue CitedMedium="Internet"><Volume>19</Volume><Issue>3</Issue><PubDate><Year>2023</Year><Month>Mar</Month></PubDate></JournalIssue><Title>PLoS pathogens</Title><ISOAbbreviation>PLoS Pathog</ISOAbbreviation></Journal><ArticleTitle>Negative regulation of type I interferon signaling by integrin-linked kinase permits dengue virus replication.</ArticleTitle><Pagination><StartPage>e1011241</StartPage><MedlinePgn>e1011241</MedlinePgn></Pagination><ELocationID EIdType="pii" ValidYN="Y">e1011241</ELocationID><ELocationID EIdType="doi" ValidYN="Y">10.1371/journal.ppat.1011241</ELocationID><Abstract><AbstractText>Dengue virus (DENV) infection can induce life-threatening dengue hemorrhagic fever/dengue shock syndrome in infected patients. DENV is a threat to global health due to its growing numbers and incidence of infection in the last 50 years. During infection, DENV expresses ten structural and nonstructural proteins modulating cell responses to benefit viral replication. However, the lack of knowledge regarding the cellular proteins and their functions in enhancing DENV pathogenesis impedes the development of antiviral drugs and therapies against fatal DENV infection. Here, we identified that integrin-linked kinase (ILK) is a novel enhancing factor for DENV infection by suppressing type I interferon (IFN) responses. Mechanistically, ILK binds DENV NS1 and NS3, activates Akt and Erk, and induces NF-&#x3ba;B-driven suppressor of cytokine signaling 3 (SOCS3) expression. Elevated SOCS3 in DENV-infected cells inhibits phosphorylation of STAT1/2 and expression of interferon-stimulated genes (ISGs). Inhibiting ILK, Akt, or Erk activation abrogates SOCS3 expression. In DENV-infected mice, the treatment of an ILK inhibitor significantly reduces viral loads in the brains, disease severity, and mortality rate. Collectively, our results show that ILK is a potential therapeutic target against DENV infection.</AbstractText><CopyrightInformation>Copyright: &#xa9; 2023 Kao et al. This is an open access article distributed under the terms of the Creative Commons Attribution License, which permits unrestricted use, distribution, and reproduction in any medium, provided the original author and source are credited.</CopyrightInformation></Abstract><AuthorList CompleteYN="Y"><Author ValidYN="Y"><LastName>Kao</LastName><ForeName>Yi-Sheng</ForeName><Initials>YS</Initials><AffiliationInfo><Affiliation>Department of Microbiology &amp; Immunology, College of Medicine, National Cheng Kung University, Tainan, Taiwan.</Affiliation></AffiliationInfo></Author><Author ValidYN="Y"><LastName>Wang</LastName><ForeName>Li-Chiu</ForeName><Initials>LC</Initials><AffiliationInfo><Affiliation>School of Medicine, I-Shou University, Kaohsiung, Taiwan.</Affiliation></AffiliationInfo></Author><Author ValidYN="Y"><LastName>Chang</LastName><ForeName>Po-Chun</ForeName><Initials>PC</Initials><AffiliationInfo><Affiliation>Department of Microbiology &amp; Immunology, College of Medicine, National Cheng Kung University, Tainan, Taiwan.</Affiliation></AffiliationInfo></Author><Author ValidYN="Y"><LastName>Lin</LastName><ForeName>Heng-Ming</ForeName><Initials>HM</Initials><AffiliationInfo><Affiliation>Department of Microbiology &amp; Immunology, College of Medicine, National Cheng Kung University, Tainan, Taiwan.</Affiliation></AffiliationInfo></Author><Author ValidYN="Y"><LastName>Lin</LastName><ForeName>Yee-Shin</ForeName><Initials>YS</Initials><AffiliationInfo><Affiliation>Department of Microbiology &amp; Immunology, College of Medicine, National Cheng Kung University, Tainan, Taiwan.</Affiliation></AffiliationInfo><AffiliationInfo><Affiliation>The Institute of Basic Medical Sciences, College of Medicine, National Cheng Kung University, Tainan, Taiwan.</Affiliation></AffiliationInfo><AffiliationInfo><Affiliation>Center of Infectious Disease and Signaling Research, National Cheng Kung University, Tainan, Taiwan.</Affiliation></AffiliationInfo></Author><Author ValidYN="Y"><LastName>Yu</LastName><ForeName>Chia-Yi</ForeName><Initials>CY</Initials><AffiliationInfo><Affiliation>Center of Infectious Disease and Signaling Research, National Cheng Kung University, Tainan, Taiwan.</Affiliation></AffiliationInfo><AffiliationInfo><Affiliation>National Institute of Infectious Diseases and Vaccinology, National Health Research Institutes, Tainan, Taiwan.</Affiliation></AffiliationInfo></Author><Author ValidYN="Y"><LastName>Chen</LastName><ForeName>Chien-Chin</ForeName><Initials>CC</Initials><AffiliationInfo><Affiliation>Department of Pathology, Ditmanson Medical Foundation Chia-Yi Christian Hospital, Chiayi, Taiwan.</Affiliation></AffiliationInfo><AffiliationInfo><Affiliation>Department of Cosmetic Science, Chia Nan University of Pharmacy and Science, Tainan, Taiwan.</Affiliation></AffiliationInfo></Author><Author ValidYN="Y"><LastName>Lin</LastName><ForeName>Chiou-Feng</ForeName><Initials>CF</Initials><AffiliationInfo><Affiliation>Graduate Institute of Medical Sciences, College of Medicine, Taipei Medical University, Taipei, Taiwan.</Affiliation></AffiliationInfo></Author><Author ValidYN="Y"><LastName>Yeh</LastName><ForeName>Trai-Ming</ForeName><Initials>TM</Initials><AffiliationInfo><Affiliation>Center of Infectious Disease and Signaling Research, National Cheng Kung University, Tainan, Taiwan.</Affiliation></AffiliationInfo><AffiliationInfo><Affiliation>Department of Medical Laboratory Science and Biotechnology, College of Medicine, National Cheng Kung University, Tainan, Taiwan.</Affiliation></AffiliationInfo></Author><Author ValidYN="Y"><LastName>Wan</LastName><ForeName>Shu-Wen</ForeName><Initials>SW</Initials><AffiliationInfo><Affiliation>Department of Microbiology &amp; Immunology, College of Medicine, National Cheng Kung University, Tainan, Taiwan.</Affiliation></AffiliationInfo><AffiliationInfo><Affiliation>The Institute of Basic Medical Sciences, College of Medicine, National Cheng Kung University, Tainan, Taiwan.</Affiliation></AffiliationInfo><AffiliationInfo><Affiliation>Center of Infectious Disease and Signaling Research, National Cheng Kung University, Tainan, Taiwan.</Affiliation></AffiliationInfo></Author><Author ValidYN="Y"><LastName>Wang</LastName><ForeName>Jen-Ren</ForeName><Initials>JR</Initials><AffiliationInfo><Affiliation>Center of Infectious Disease and Signaling Research, National Cheng Kung University, Tainan, Taiwan.</Affiliation></AffiliationInfo><AffiliationInfo><Affiliation>Department of Medical Laboratory Science and Biotechnology, College of Medicine, National Cheng Kung University, Tainan, Taiwan.</Affiliation></AffiliationInfo></Author><Author ValidYN="Y"><LastName>Ho</LastName><ForeName>Tzong-Shiann</ForeName><Initials>TS</Initials><AffiliationInfo><Affiliation>Center of Infectious Disease and Signaling Research, National Cheng Kung University, Tainan, Taiwan.</Affiliation></AffiliationInfo><AffiliationInfo><Affiliation>Department of Pediatrics, National Cheng Kung University Hospital, College of Medicine, National Cheng Kung University, Tainan, Taiwan.</Affiliation></AffiliationInfo></Author><Author ValidYN="Y"><LastName>Chu</LastName><ForeName>Chien-Chou</ForeName><Initials>CC</Initials><AffiliationInfo><Affiliation>Department of Microbiology &amp; Immunology, College of Medicine, National Cheng Kung University, Tainan, Taiwan.</Affiliation></AffiliationInfo></Author><Author ValidYN="Y"><LastName>Zhang</LastName><ForeName>Bo-Cheng</ForeName><Initials>BC</Initials><AffiliationInfo><Affiliation>Department of Microbiology &amp; Immunology, College of Medicine, National Cheng Kung University, Tainan, Taiwan.</Affiliation></AffiliationInfo></Author><Author ValidYN="Y"><LastName>Chang</LastName><ForeName>Chih-Peng</ForeName><Initials>CP</Initials><Identifier Source="ORCID">0000-0002-0061-3478</Identifier><AffiliationInfo><Affiliation>Department of Microbiology &amp; Immunology, College of Medicine, National Cheng Kung University, Tainan, Taiwan.</Affiliation></AffiliationInfo><AffiliationInfo><Affiliation>The Institute of Basic Medical Sciences, College of Medicine, National Cheng Kung University, Tainan, Taiwan.</Affiliation></AffiliationInfo><AffiliationInfo><Affiliation>Center of Infectious Disease and Signaling Research, National Cheng Kung University, Tainan, Taiwan.</Affiliation></AffiliationInfo></Author></AuthorList><Language>eng</Language><PublicationTypeList><PublicationType UI="D016428">Journal Article</PublicationType><PublicationType UI="D013485">Research Support, Non-U.S. Gov't</PublicationType></PublicationTypeList><ArticleDate DateType="Electronic"><Year>2023</Year><Month>03</Month><Day>17</Day></ArticleDate></Article><MedlineJournalInfo><Country>United States</Country><MedlineTA>PLoS Pathog</MedlineTA><NlmUniqueID>101238921</NlmUniqueID><ISSNLinking>1553-7366</ISSNLinking></MedlineJournalInfo><ChemicalList><Chemical><RegistryNumber>EC 2.7.1.-</RegistryNumber><NameOfSubstance UI="C097497">integrin-linked kinase</NameOfSubstance></Chemical><Chemical><RegistryNumber>EC 2.7.11.1</RegistryNumber><NameOfSubstance UI="D051057">Proto-Oncogene Proteins c-akt</NameOfSubstance></Chemical><Chemical><RegistryNumber>0</RegistryNumber><NameOfSubstance UI="D007370">Interferon Type I</NameOfSubstance></Chemical></ChemicalList><CitationSubset>IM</CitationSubset><MeshHeadingList><MeshHeading><DescriptorName UI="D000818" MajorTopicYN="N">Animals</DescriptorName></MeshHeading><MeshHeading><DescriptorName UI="D051379" MajorTopicYN="N">Mice</DescriptorName></MeshHeading><MeshHeading><DescriptorName UI="D003715" MajorTopicYN="Y">Dengue</DescriptorName></MeshHeading><MeshHeading><DescriptorName UI="D003716" MajorTopicYN="Y">Dengue Virus</DescriptorName><QualifierName UI="Q000502" MajorTopicYN="N">physiology</QualifierName></MeshHeading><MeshHeading><DescriptorName UI="D051057" MajorTopicYN="N">Proto-Oncogene Proteins c-akt</DescriptorName></MeshHeading><MeshHeading><DescriptorName UI="D014779" MajorTopicYN="N">Virus Replication</DescriptorName></MeshHeading><MeshHeading><DescriptorName UI="D007370" MajorTopicYN="Y">Interferon Type I</DescriptorName><QualifierName UI="Q000627" MajorTopicYN="N">therapeutic use</QualifierName></MeshHeading></MeshHeadingList><CoiStatement>The authors have declared that no competing interests exist.</CoiStatement></MedlineCitation><PubmedData><History><PubMedPubDate PubStatus="received"><Year>2022</Year><Month>6</Month><Day>8</Day></PubMedPubDate><PubMedPubDate PubStatus="accepted"><Year>2023</Year><Month>2</Month><Day>25</Day></PubMedPubDate><PubMedPubDate PubStatus="revised"><Year>2023</Year><Month>3</Month><Day>29</Day></PubMedPubDate><PubMedPubDate PubStatus="medline"><Year>2023</Year><Month>3</Month><Day>31</Day><Hour>6</Hour><Minute>42</Minute></PubMedPubDate><PubMedPubDate PubStatus="pubmed"><Year>2023</Year><Month>3</Month><Day>18</Day><Hour>6</Hour><Minute>0</Minute></PubMedPubDate><PubMedPubDate PubStatus="entrez"><Year>2023</Year><Month>3</Month><Day>17</Day><Hour>13</Hour><Minute>44</Minute></PubMedPubDate></History><PublicationStatus>epublish</PublicationStatus><ArticleIdList><ArticleId IdType="pubmed">36930690</ArticleId><ArticleId IdType="pmc">PMC10057834</ArticleId><ArticleId IdType="doi">10.1371/journal.ppat.1011241</ArticleId><ArticleId IdType="pii">PPATHOGENS-D-22-01002</ArticleId></ArticleIdList><ReferenceList><Reference><Citation>Green S, Vaughn DW, Kalayanarooj S, Nimmannitya S, Suntayakorn S, Nisalak A, et al.. Elevated plasma interleukin-10 levels in acute dengue correlate with disease severity. J Med Virol. 1999;59(3):329&#x2013;34. Epub 1999/09/29. .</Citation><ArticleIdList><ArticleId IdType="pubmed">10502265</ArticleId></ArticleIdList></Reference><Reference><Citation>Chen LC, Lei HY, Liu CC, Shiesh SC, Chen SH, Liu HS, et al.. Correlation of serum levels of macrophage migration inhibitory factor with disease severity and clinical outcome in dengue patients. Am J Trop Med Hyg. 2006;74(1):142&#x2013;7. Epub 2006/01/13. .</Citation><ArticleIdList><ArticleId IdType="pubmed">16407359</ArticleId></ArticleIdList></Reference><Reference><Citation>Bozza FA, Cruz OG, Zagne SM, Azeredo EL, Nogueira RM, Assis EF, et al.. Multiplex cytokine profile from dengue patients: MIP-1beta and IFN-gamma as predictive factors for severity. BMC Infect Dis. 2008;8:86. Epub 2008/06/27. doi: 10.1186/1471-2334-8-86 ; PubMed Central PMCID: PMC2474613.</Citation><ArticleIdList><ArticleId IdType="doi">10.1186/1471-2334-8-86</ArticleId><ArticleId IdType="pmc">PMC2474613</ArticleId><ArticleId IdType="pubmed">18578883</ArticleId></ArticleIdList></Reference><Reference><Citation>Avila-Aguero ML, Avila-Aguero CR, Um SL, Soriano-Fallas A, Canas-Coto A, Yan SB. Systemic host inflammatory and coagulation response in the Dengue virus primo-infection. Cytokine. 2004;27(6):173&#x2013;9. Epub 2004/08/12. doi: 10.1016/j.cyto.2004.05.007 .</Citation><ArticleIdList><ArticleId IdType="doi">10.1016/j.cyto.2004.05.007</ArticleId><ArticleId IdType="pubmed">15304247</ArticleId></ArticleIdList></Reference><Reference><Citation>Bhatt S, Gething PW, Brady OJ, Messina JP, Farlow AW, Moyes CL, et al.. The global distribution and burden of dengue. Nature. 2013;496(7446):504&#x2013;7. Epub 2013/04/09. doi: 10.1038/nature12060 ; PubMed Central PMCID: PMC3651993.</Citation><ArticleIdList><ArticleId IdType="doi">10.1038/nature12060</ArticleId><ArticleId IdType="pmc">PMC3651993</ArticleId><ArticleId IdType="pubmed">23563266</ArticleId></ArticleIdList></Reference><Reference><Citation>Wang SF, Chang K, Loh EW, Wang WH, Tseng SP, Lu PL, et al.. Consecutive large dengue outbreaks in Taiwan in 2014&#x2013;2015. Emerg Microbes Infect. 2016;5(12):e123. Epub 2016/12/08. doi: 10.1038/emi.2016.124 ; PubMed Central PMCID: PMC5180368.</Citation><ArticleIdList><ArticleId IdType="doi">10.1038/emi.2016.124</ArticleId><ArticleId IdType="pmc">PMC5180368</ArticleId><ArticleId IdType="pubmed">27924810</ArticleId></ArticleIdList></Reference><Reference><Citation>Fried JR, Gibbons RV, Kalayanarooj S, Thomas SJ, Srikiatkhachorn A, Yoon IK, et al.. Serotype-specific differences in the risk of dengue hemorrhagic fever: an analysis of data collected in Bangkok, Thailand from 1994 to 2006. PLoS Negl Trop Dis. 2010;4(3):e617. Epub 2010/03/09. doi: 10.1371/journal.pntd.0000617 ; PubMed Central PMCID: PMC2830471.</Citation><ArticleIdList><ArticleId IdType="doi">10.1371/journal.pntd.0000617</ArticleId><ArticleId IdType="pmc">PMC2830471</ArticleId><ArticleId IdType="pubmed">20209155</ArticleId></ArticleIdList></Reference><Reference><Citation>Neves-Souza PC, Azeredo EL, Zagne SM, Valls-de-Souza R, Reis SR, Cerqueira DI, et al.. Inducible nitric oxide synthase (iNOS) expression in monocytes during acute Dengue Fever in patients and during in vitro infection. BMC Infect Dis. 2005;5:64. Epub 2005/08/20. doi: 10.1186/1471-2334-5-64 ; PubMed Central PMCID: PMC1208887.</Citation><ArticleIdList><ArticleId IdType="doi">10.1186/1471-2334-5-64</ArticleId><ArticleId IdType="pmc">PMC1208887</ArticleId><ArticleId IdType="pubmed">16109165</ArticleId></ArticleIdList></Reference><Reference><Citation>Cui X, Wu Y, Fan D, Gao N, Ming Y, Wang P, et al.. Peptides P4 and P7 derived from E protein inhibit entry of dengue virus serotype 2 via interacting with beta3 integrin. Antiviral Res. 2018;155:20&#x2013;7. Epub 2018/05/02. doi: 10.1016/j.antiviral.2018.04.018 .</Citation><ArticleIdList><ArticleId IdType="doi">10.1016/j.antiviral.2018.04.018</ArticleId><ArticleId IdType="pubmed">29709564</ArticleId></ArticleIdList></Reference><Reference><Citation>Wan SW, Lin CF, Lu YT, Lei HY, Anderson R, Lin YS. Endothelial cell surface expression of protein disulfide isomerase activates beta1 and beta3 integrins and facilitates dengue virus infection. J Cell Biochem. 2012;113(5):1681&#x2013;91. Epub 2012/03/17. doi: 10.1002/jcb.24037 .</Citation><ArticleIdList><ArticleId IdType="doi">10.1002/jcb.24037</ArticleId><ArticleId IdType="pubmed">22422622</ArticleId></ArticleIdList></Reference><Reference><Citation>Alen MM, Kaptein SJ, De Burghgraeve T, Balzarini J, Neyts J, Schols D. Antiviral activity of carbohydrate-binding agents and the role of DC-SIGN in dengue virus infection. Virology. 2009;387(1):67&#x2013;75. Epub 2009/03/07. doi: 10.1016/j.virol.2009.01.043 .</Citation><ArticleIdList><ArticleId IdType="doi">10.1016/j.virol.2009.01.043</ArticleId><ArticleId IdType="pubmed">19264337</ArticleId></ArticleIdList></Reference><Reference><Citation>Chen HH, Chen CC, Lin YS, Chang PC, Lu ZY, Lin CF, et al.. AR-12 suppresses dengue virus replication by down-regulation of PI3K/AKT and GRP78. Antiviral Res. 2017;142:158&#x2013;68. Epub 2017/02/28. doi: 10.1016/j.antiviral.2017.02.015 .</Citation><ArticleIdList><ArticleId IdType="doi">10.1016/j.antiviral.2017.02.015</ArticleId><ArticleId IdType="pubmed">28238876</ArticleId></ArticleIdList></Reference><Reference><Citation>Lee CJ, Liao CL, Lin YL. Flavivirus activates phosphatidylinositol 3-kinase signaling to block caspase-dependent apoptotic cell death at the early stage of virus infection. J Virol. 2005;79(13):8388&#x2013;99. Epub 2005/06/16. doi: 10.1128/JVI.79.13.8388-8399.2005 ; PubMed Central PMCID: PMC1143730.</Citation><ArticleIdList><ArticleId IdType="doi">10.1128/JVI.79.13.8388-8399.2005</ArticleId><ArticleId IdType="pmc">PMC1143730</ArticleId><ArticleId IdType="pubmed">15956583</ArticleId></ArticleIdList></Reference><Reference><Citation>Cuartas-Lopez AM, Hernandez-Cuellar CE, Gallego-Gomez JC. Disentangling the role of PI3K/Akt, Rho GTPase and the actin cytoskeleton on dengue virus infection. Virus Res. 2018;256:153&#x2013;65. Epub 2018/08/22. doi: 10.1016/j.virusres.2018.08.013 .</Citation><ArticleIdList><ArticleId IdType="doi">10.1016/j.virusres.2018.08.013</ArticleId><ArticleId IdType="pubmed">30130602</ArticleId></ArticleIdList></Reference><Reference><Citation>Munoz-Jordan JL, Sanchez-Burgos GG, Laurent-Rolle M, Garcia-Sastre A. Inhibition of interferon signaling by dengue virus. Proc Natl Acad Sci U S A. 2003;100(24):14333&#x2013;8. Epub 2003/11/13. doi: 10.1073/pnas.2335168100 ; PubMed Central PMCID: PMC283592.</Citation><ArticleIdList><ArticleId IdType="doi">10.1073/pnas.2335168100</ArticleId><ArticleId IdType="pmc">PMC283592</ArticleId><ArticleId IdType="pubmed">14612562</ArticleId></ArticleIdList></Reference><Reference><Citation>Dalrymple NA, Cimica V, Mackow ER. Dengue Virus NS Proteins Inhibit RIG-I/MAVS Signaling by Blocking TBK1/IRF3 Phosphorylation: Dengue Virus Serotype 1 NS4A Is a Unique Interferon-Regulating Virulence Determinant. mBio. 2015;6(3):e00553&#x2013;15. Epub 2015/05/15. doi: 10.1128/mBio.00553-15 ; PubMed Central PMCID: PMC4436066.</Citation><ArticleIdList><ArticleId IdType="doi">10.1128/mBio.00553-15</ArticleId><ArticleId IdType="pmc">PMC4436066</ArticleId><ArticleId IdType="pubmed">25968648</ArticleId></ArticleIdList></Reference><Reference><Citation>Morrison J, Garcia-Sastre A. STAT2 signaling and dengue virus infection. JAKSTAT. 2014;3(1):e27715. Epub 2014/04/30. doi: 10.4161/jkst.27715 ; PubMed Central PMCID: PMC3995738.</Citation><ArticleIdList><ArticleId IdType="doi">10.4161/jkst.27715</ArticleId><ArticleId IdType="pmc">PMC3995738</ArticleId><ArticleId IdType="pubmed">24778924</ArticleId></ArticleIdList></Reference><Reference><Citation>Nasirudeen AM, Wong HH, Thien P, Xu S, Lam KP, Liu DX. RIG-I, MDA5 and TLR3 synergistically play an important role in restriction of dengue virus infection. PLoS Negl Trop Dis. 2011;5(1):e926. Epub 2011/01/20. doi: 10.1371/journal.pntd.0000926 ; PubMed Central PMCID: PMC3014945.</Citation><ArticleIdList><ArticleId IdType="doi">10.1371/journal.pntd.0000926</ArticleId><ArticleId IdType="pmc">PMC3014945</ArticleId><ArticleId IdType="pubmed">21245912</ArticleId></ArticleIdList></Reference><Reference><Citation>Wang JP, Liu P, Latz E, Golenbock DT, Finberg RW, Libraty DH. Flavivirus activation of plasmacytoid dendritic cells delineates key elements of TLR7 signaling beyond endosomal recognition. J Immunol. 2006;177(10):7114&#x2013;21. Epub 2006/11/04. doi: 10.4049/jimmunol.177.10.7114 .</Citation><ArticleIdList><ArticleId IdType="doi">10.4049/jimmunol.177.10.7114</ArticleId><ArticleId IdType="pubmed">17082628</ArticleId></ArticleIdList></Reference><Reference><Citation>Hsu YL, Wang MY, Ho LJ, Lai JH. Dengue virus infection induces interferon-lambda1 to facilitate cell migration. Sci Rep. 2016;6:24530. Epub 2016/07/28. doi: 10.1038/srep24530 ; PubMed Central PMCID: PMC4960520.</Citation><ArticleIdList><ArticleId IdType="doi">10.1038/srep24530</ArticleId><ArticleId IdType="pmc">PMC4960520</ArticleId><ArticleId IdType="pubmed">27456172</ArticleId></ArticleIdList></Reference><Reference><Citation>Song MM, Shuai K. The suppressor of cytokine signaling (SOCS) 1 and SOCS3 but not SOCS2 proteins inhibit interferon-mediated antiviral and antiproliferative activities. J Biol Chem. 1998;273(52):35056&#x2013;62. Epub 1998/12/18. doi: 10.1074/jbc.273.52.35056 .</Citation><ArticleIdList><ArticleId IdType="doi">10.1074/jbc.273.52.35056</ArticleId><ArticleId IdType="pubmed">9857039</ArticleId></ArticleIdList></Reference><Reference><Citation>Palma-Ocampo HK, Flores-Alonso JC, Vallejo-Ruiz V, Reyes-Leyva J, Flores-Mendoza L, Herrera-Camacho I, et al.. Interferon lambda inhibits dengue virus replication in epithelial cells. Virol J. 2015;12:150. Epub 2015/09/29. doi: 10.1186/s12985-015-0383-4 ; PubMed Central PMCID: PMC4584467.</Citation><ArticleIdList><ArticleId IdType="doi">10.1186/s12985-015-0383-4</ArticleId><ArticleId IdType="pmc">PMC4584467</ArticleId><ArticleId IdType="pubmed">26411318</ArticleId></ArticleIdList></Reference><Reference><Citation>Estrada-Jimenez T, Millan-Perez Pena L, Flores-Mendoza L, Sedeno-Monge V, Santos-Lopez G, Rosas-Murrieta N, et al.. Upregulation of the Suppressors of Cytokine Signaling 1 and 3 Is Associated with Arrest of Phosphorylated-STAT1 Nuclear Importation and Reduced Innate Response in Denguevirus-Infected Macrophages. Viral Immunol. 2016;29(2):95&#x2013;104. Epub 2015/12/29. doi: 10.1089/vim.2014.0136 .</Citation><ArticleIdList><ArticleId IdType="doi">10.1089/vim.2014.0136</ArticleId><ArticleId IdType="pubmed">26709547</ArticleId></ArticleIdList></Reference><Reference><Citation>Flores-Mendoza LK, Estrada-Jimenez T, Sedeno-Monge V, Moreno M, Manjarrez MDC, Gonzalez-Ochoa G, et al.. IL-10 and socs3 Are Predictive Biomarkers of Dengue Hemorrhagic Fever. Mediators Inflamm. 2017;2017:5197592. Epub 2017/08/23. doi: 10.1155/2017/5197592 ; PubMed Central PMCID: PMC5554562.</Citation><ArticleIdList><ArticleId IdType="doi">10.1155/2017/5197592</ArticleId><ArticleId IdType="pmc">PMC5554562</ArticleId><ArticleId IdType="pubmed">28827898</ArticleId></ArticleIdList></Reference><Reference><Citation>Hannigan GE, Leung-Hagesteijn C, Fitz-Gibbon L, Coppolino MG, Radeva G, Filmus J, et al.. Regulation of cell adhesion and anchorage-dependent growth by a new beta 1-integrin-linked protein kinase. Nature. 1996;379(6560):91&#x2013;6. Epub 1996/01/04. doi: 10.1038/379091a0 .</Citation><ArticleIdList><ArticleId IdType="doi">10.1038/379091a0</ArticleId><ArticleId IdType="pubmed">8538749</ArticleId></ArticleIdList></Reference><Reference><Citation>Dedhar S, Williams B, Hannigan G. Integrin-linked kinase (ILK): a regulator of integrin and growth-factor signalling. Trends in cell biology. 1999;9(8):319&#x2013;23. doi: 10.1016/s0962-8924(99)01612-8 .</Citation><ArticleIdList><ArticleId IdType="doi">10.1016/s0962-8924(99)01612-8</ArticleId><ArticleId IdType="pubmed">10407411</ArticleId></ArticleIdList></Reference><Reference><Citation>Persad S, Attwell S, Gray V, Mawji N, Deng JT, Leung D, et al.. Regulation of protein kinase B/Akt-serine 473 phosphorylation by integrin-linked kinase: critical roles for kinase activity and amino acids arginine 211 and serine 343. J Biol Chem. 2001;276(29):27462&#x2013;9. Epub 2001/04/21. doi: 10.1074/jbc.M102940200 .</Citation><ArticleIdList><ArticleId IdType="doi">10.1074/jbc.M102940200</ArticleId><ArticleId IdType="pubmed">11313365</ArticleId></ArticleIdList></Reference><Reference><Citation>Delcommenne M, Tan C, Gray V, Rue L, Woodgett J, Dedhar S. Phosphoinositide-3-OH kinase-dependent regulation of glycogen synthase kinase 3 and protein kinase B/AKT by the integrin-linked kinase. Proc Natl Acad Sci U S A. 1998;95(19):11211&#x2013;6. Epub 1998/09/16. doi: 10.1073/pnas.95.19.11211 ; PubMed Central PMCID: PMC21621.</Citation><ArticleIdList><ArticleId IdType="doi">10.1073/pnas.95.19.11211</ArticleId><ArticleId IdType="pmc">PMC21621</ArticleId><ArticleId IdType="pubmed">9736715</ArticleId></ArticleIdList></Reference><Reference><Citation>Wani AA, Jafarnejad SM, Zhou J, Li G. Integrin-linked kinase regulates melanoma angiogenesis by activating NF-kappaB/interleukin-6 signaling pathway. Oncogene. 2011;30(24):2778&#x2013;88. Epub 2011/02/01. doi: 10.1038/onc.2010.644 .</Citation><ArticleIdList><ArticleId IdType="doi">10.1038/onc.2010.644</ArticleId><ArticleId IdType="pubmed">21278793</ArticleId></ArticleIdList></Reference><Reference><Citation>Esfandiarei M, Suarez A, Amaral A, Si X, Rahmani M, Dedhar S, et al.. Novel role for integrin-linked kinase in modulation of coxsackievirus B3 replication and virus-induced cardiomyocyte injury. Circ Res. 2006;99(4):354&#x2013;61. Epub 2006/07/15. doi: 10.1161/01.RES.0000237022.72726.01 .</Citation><ArticleIdList><ArticleId IdType="doi">10.1161/01.RES.0000237022.72726.01</ArticleId><ArticleId IdType="pubmed">16840719</ArticleId></ArticleIdList></Reference><Reference><Citation>Kuwashiro T, Iwane S, Jinghe X, Matsuhashi S, Eguchi Y, Anzai K, et al.. Regulation of interferon signaling and HCVRNA replication by extracellular matrix. Int J Mol Med. 2018;42(2):957&#x2013;65. Epub 2018/05/23. doi: 10.3892/ijmm.2018.3693 ; PubMed Central PMCID: PMC6034922.</Citation><ArticleIdList><ArticleId IdType="doi">10.3892/ijmm.2018.3693</ArticleId><ArticleId IdType="pmc">PMC6034922</ArticleId><ArticleId IdType="pubmed">29786754</ArticleId></ArticleIdList></Reference><Reference><Citation>Tsai MS, Chen SH, Chang CP, Hsiao YL, Wang LC. Integrin-Linked Kinase Reduces H3K9 Trimethylation to Enhance Herpes Simplex Virus 1 Replication. Front Cell Infect Microbiol. 2022;12:814307. Epub 2022/03/31. doi: 10.3389/fcimb.2022.814307 ; PubMed Central PMCID: PMC8957879.</Citation><ArticleIdList><ArticleId IdType="doi">10.3389/fcimb.2022.814307</ArticleId><ArticleId IdType="pmc">PMC8957879</ArticleId><ArticleId IdType="pubmed">35350437</ArticleId></ArticleIdList></Reference><Reference><Citation>Lee SL, Hsu EC, Chou CC, Chuang HC, Bai LY, Kulp SK, et al.. Identification and characterization of a novel integrin-linked kinase inhibitor. J Med Chem. 2011;54(18):6364&#x2013;74. Epub 2011/08/10. doi: 10.1021/jm2007744 ; PubMed Central PMCID: PMC3182772.</Citation><ArticleIdList><ArticleId IdType="doi">10.1021/jm2007744</ArticleId><ArticleId IdType="pmc">PMC3182772</ArticleId><ArticleId IdType="pubmed">21823616</ArticleId></ArticleIdList></Reference><Reference><Citation>Su CI, Tseng CH, Yu CY, Lai MMC. SUMO Modification Stabilizes Dengue Virus Nonstructural Protein 5 To Support Virus Replication. J Virol. 2016;90(9):4308&#x2013;19. Epub 2016/02/19. doi: 10.1128/JVI.00223-16 ; PubMed Central PMCID: PMC4836324.</Citation><ArticleIdList><ArticleId IdType="doi">10.1128/JVI.00223-16</ArticleId><ArticleId IdType="pmc">PMC4836324</ArticleId><ArticleId IdType="pubmed">26889037</ArticleId></ArticleIdList></Reference><Reference><Citation>Lee YR, Lei HY, Liu MT, Wang JR, Chen SH, Jiang-Shieh YF, et al.. Autophagic machinery activated by dengue virus enhances virus replication. Virology. 2008;374(2):240&#x2013;8. Epub 2008/03/21. doi: 10.1016/j.virol.2008.02.016 .</Citation><ArticleIdList><ArticleId IdType="doi">10.1016/j.virol.2008.02.016</ArticleId><ArticleId IdType="pmc">PMC7103294</ArticleId><ArticleId IdType="pubmed">18353420</ArticleId></ArticleIdList></Reference><Reference><Citation>Panyasrivanit M, Khakpoor A, Wikan N, Smith DR. Co-localization of constituents of the dengue virus translation and replication machinery with amphisomes. J Gen Virol. 2009;90(Pt 2):448&#x2013;56. Epub 2009/01/15. doi: 10.1099/vir.0.005355-0 .</Citation><ArticleIdList><ArticleId IdType="doi">10.1099/vir.0.005355-0</ArticleId><ArticleId IdType="pubmed">19141455</ArticleId></ArticleIdList></Reference><Reference><Citation>Heaton NS, Randall G. Dengue virus-induced autophagy regulates lipid metabolism. Cell Host Microbe. 2010;8(5):422&#x2013;32. Epub 2010/11/16. doi: 10.1016/j.chom.2010.10.006 ; PubMed Central PMCID: PMC3026642.</Citation><ArticleIdList><ArticleId IdType="doi">10.1016/j.chom.2010.10.006</ArticleId><ArticleId IdType="pmc">PMC3026642</ArticleId><ArticleId IdType="pubmed">21075353</ArticleId></ArticleIdList></Reference><Reference><Citation>McLean JE, Wudzinska A, Datan E, Quaglino D, Zakeri Z. Flavivirus NS4A-induced autophagy protects cells against death and enhances virus replication. J Biol Chem. 2011;286(25):22147&#x2013;59. Epub 2011/04/23. doi: 10.1074/jbc.M110.192500 ; PubMed Central PMCID: PMC3121359.</Citation><ArticleIdList><ArticleId IdType="doi">10.1074/jbc.M110.192500</ArticleId><ArticleId IdType="pmc">PMC3121359</ArticleId><ArticleId IdType="pubmed">21511946</ArticleId></ArticleIdList></Reference><Reference><Citation>Pauli EK, Schmolke M, Wolff T, Viemann D, Roth J, Bode JG, et al.. Influenza A virus inhibits type I IFN signaling via NF-kappaB-dependent induction of SOCS-3 expression. PLoS Pathog. 2008;4(11):e1000196. Epub 2008/11/08. doi: 10.1371/journal.ppat.1000196 ; PubMed Central PMCID: PMC2572141.</Citation><ArticleIdList><ArticleId IdType="doi">10.1371/journal.ppat.1000196</ArticleId><ArticleId IdType="pmc">PMC2572141</ArticleId><ArticleId IdType="pubmed">18989459</ArticleId></ArticleIdList></Reference><Reference><Citation>Tseng PC, Chen CL, Shan YS, Chang WT, Liu HS, Hong TM, et al.. An increase in integrin-linked kinase non-canonically confers NF-kappaB-mediated growth advantages to gastric cancer cells by activating ERK1/2. Cell Commun Signal. 2014;12:69. Epub 2014/11/16. doi: 10.1186/s12964-014-0069-3 ; PubMed Central PMCID: PMC4255431.</Citation><ArticleIdList><ArticleId IdType="doi">10.1186/s12964-014-0069-3</ArticleId><ArticleId IdType="pmc">PMC4255431</ArticleId><ArticleId IdType="pubmed">25398317</ArticleId></ArticleIdList></Reference><Reference><Citation>Silva BM, Sousa LP, Gomes-Ruiz AC, Leite FG, Teixeira MM, da Fonseca FG, et al.. The dengue virus nonstructural protein 1 (NS1) increases NF-kappaB transcriptional activity in HepG2 cells. Arch Virol. 2011;156(7):1275&#x2013;9. Epub 2011/03/23. doi: 10.1007/s00705-011-0969-0 .</Citation><ArticleIdList><ArticleId IdType="doi">10.1007/s00705-011-0969-0</ArticleId><ArticleId IdType="pubmed">21424730</ArticleId></ArticleIdList></Reference><Reference><Citation>Lin JC, Lin SC, Chen WY, Yen YT, Lai CW, Tao MH, et al.. Dengue viral protease interaction with NF-kappaB inhibitor alpha/beta results in endothelial cell apoptosis and hemorrhage development. J Immunol. 2014;193(3):1258&#x2013;67. Epub 2014/06/29. doi: 10.4049/jimmunol.1302675 .</Citation><ArticleIdList><ArticleId IdType="doi">10.4049/jimmunol.1302675</ArticleId><ArticleId IdType="pubmed">24973451</ArticleId></ArticleIdList></Reference><Reference><Citation>Khunchai S, Junking M, Suttitheptumrong A, Kooptiwut S, Haegeman G, Limjindaporn T, et al.. NF-kappaB is required for dengue virus NS5-induced RANTES expression. Virus Res. 2015;197:92&#x2013;100. Epub 2014/12/20. doi: 10.1016/j.virusres.2014.12.007 .</Citation><ArticleIdList><ArticleId IdType="doi">10.1016/j.virusres.2014.12.007</ArticleId><ArticleId IdType="pubmed">25523420</ArticleId></ArticleIdList></Reference><Reference><Citation>Legate KR, Montanez E, Kudlacek O, Fassler R. ILK, PINCH and parvin: the tIPP of integrin signalling. Nat Rev Mol Cell Biol. 2006;7(1):20&#x2013;31. Epub 2006/02/24. doi: 10.1038/nrm1789 .</Citation><ArticleIdList><ArticleId IdType="doi">10.1038/nrm1789</ArticleId><ArticleId IdType="pubmed">16493410</ArticleId></ArticleIdList></Reference><Reference><Citation>Zhang JL, Wang JL, Gao N, Chen ZT, Tian YP, An J. Up-regulated expression of beta3 integrin induced by dengue virus serotype 2 infection associated with virus entry into human dermal microvascular endothelial cells. Biochem Biophys Res Commun. 2007;356(3):763&#x2013;8. Epub 2007/03/27. doi: 10.1016/j.bbrc.2007.03.051 .</Citation><ArticleIdList><ArticleId IdType="doi">10.1016/j.bbrc.2007.03.051</ArticleId><ArticleId IdType="pubmed">17382900</ArticleId></ArticleIdList></Reference><Reference><Citation>Sessions OM, Barrows NJ, Souza-Neto JA, Robinson TJ, Hershey CL, Rodgers MA, et al.. Discovery of insect and human dengue virus host factors. Nature. 2009;458(7241):1047&#x2013;50. doi: 10.1038/nature07967 ; PubMed Central PMCID: PMC3462662.</Citation><ArticleIdList><ArticleId IdType="doi">10.1038/nature07967</ArticleId><ArticleId IdType="pmc">PMC3462662</ArticleId><ArticleId IdType="pubmed">19396146</ArticleId></ArticleIdList></Reference><Reference><Citation>Gil D, Laidler P, Zarzycka M, Dulinska-Litewka J. Inhibition Effect of Chloroquine and Integrin-Linked Kinase Knockdown on Translation in Melanoma Cells. Int J Mol Sci. 2021;22(7). Epub 20210401. doi: 10.3390/ijms22073682 ; PubMed Central PMCID: PMC8037356.</Citation><ArticleIdList><ArticleId IdType="doi">10.3390/ijms22073682</ArticleId><ArticleId IdType="pmc">PMC8037356</ArticleId><ArticleId IdType="pubmed">33916175</ArticleId></ArticleIdList></Reference><Reference><Citation>McDonald PC, Oloumi A, Mills J, Dobreva I, Maidan M, Gray V, et al.. Rictor and integrin-linked kinase interact and regulate Akt phosphorylation and cancer cell survival. Cancer Res. 2008;68(6):1618&#x2013;24. Epub 2008/03/15. doi: 10.1158/0008-5472.CAN-07-5869 .</Citation><ArticleIdList><ArticleId IdType="doi">10.1158/0008-5472.CAN-07-5869</ArticleId><ArticleId IdType="pubmed">18339839</ArticleId></ArticleIdList></Reference><Reference><Citation>Munoz-Jordan JL, Laurent-Rolle M, Ashour J, Martinez-Sobrido L, Ashok M, Lipkin WI, et al.. Inhibition of alpha/beta interferon signaling by the NS4B protein of flaviviruses. J Virol. 2005;79(13):8004&#x2013;13. Epub 2005/06/16. doi: 10.1128/JVI.79.13.8004-8013.2005 ; PubMed Central PMCID: PMC1143737.</Citation><ArticleIdList><ArticleId IdType="doi">10.1128/JVI.79.13.8004-8013.2005</ArticleId><ArticleId IdType="pmc">PMC1143737</ArticleId><ArticleId IdType="pubmed">15956546</ArticleId></ArticleIdList></Reference><Reference><Citation>Cheng YL, Lin YS, Chen CL, Wan SW, Ou YD, Yu CY, et al.. Dengue Virus Infection Causes the Activation of Distinct NF-kappaB Pathways for Inducible Nitric Oxide Synthase and TNF-alpha Expression in RAW264.7 Cells. Mediators Inflamm. 2015;2015:274025. Epub 2015/07/23. doi: 10.1155/2015/274025 ; PubMed Central PMCID: PMC4496656.</Citation><ArticleIdList><ArticleId IdType="doi">10.1155/2015/274025</ArticleId><ArticleId IdType="pmc">PMC4496656</ArticleId><ArticleId IdType="pubmed">26199460</ArticleId></ArticleIdList></Reference><Reference><Citation>Morrison J, Laurent-Rolle M, Maestre AM, Rajsbaum R, Pisanelli G, Simon V, et al.. Dengue virus co-opts UBR4 to degrade STAT2 and antagonize type I interferon signaling. PLoS Pathog. 2013;9(3):e1003265. Epub 2013/04/05. doi: 10.1371/journal.ppat.1003265 ; PubMed Central PMCID: PMC3610674.</Citation><ArticleIdList><ArticleId IdType="doi">10.1371/journal.ppat.1003265</ArticleId><ArticleId IdType="pmc">PMC3610674</ArticleId><ArticleId IdType="pubmed">23555265</ArticleId></ArticleIdList></Reference><Reference><Citation>Chua JJ, Bhuvanakantham R, Chow VT, Ng ML. Recombinant non-structural 1 (NS1) protein of dengue-2 virus interacts with human STAT3beta protein. Virus Res. 2005;112(1&#x2013;2):85&#x2013;94. Epub 2005/05/10. doi: 10.1016/j.virusres.2005.03.025 .</Citation><ArticleIdList><ArticleId IdType="doi">10.1016/j.virusres.2005.03.025</ArticleId><ArticleId IdType="pubmed">15878791</ArticleId></ArticleIdList></Reference><Reference><Citation>Hurtado-Melgoza ML, Ramos-Ligonio A, Alvarez-Rodriguez LM, Meza-Menchaca T, Lopez-Monteon A. Differential humoral and cellular immunity induced by vaccination using plasmid DNA and protein recombinant expressing the NS3 protein of dengue virus type 3. J Biomed Sci. 2016;23(1):85. Epub 2016/12/03. doi: 10.1186/s12929-016-0302-z ; PubMed Central PMCID: PMC5131448.</Citation><ArticleIdList><ArticleId IdType="doi">10.1186/s12929-016-0302-z</ArticleId><ArticleId IdType="pmc">PMC5131448</ArticleId><ArticleId IdType="pubmed">27903271</ArticleId></ArticleIdList></Reference><Reference><Citation>Wang WB, Levy DE, Lee CK. STAT3 negatively regulates type I IFN-mediated antiviral response. J Immunol. 2011;187(5):2578&#x2013;85. Epub 2011/08/04. doi: 10.4049/jimmunol.1004128 .</Citation><ArticleIdList><ArticleId IdType="doi">10.4049/jimmunol.1004128</ArticleId><ArticleId IdType="pubmed">21810606</ArticleId></ArticleIdList></Reference><Reference><Citation>Bode JG, Ludwig S, Ehrhardt C, Albrecht U, Erhardt A, Schaper F, et al.. IFN-alpha antagonistic activity of HCV core protein involves induction of suppressor of cytokine signaling-3. FASEB J. 2003;17(3):488&#x2013;90. Epub 2003/01/29. doi: 10.1096/fj.02-0664fje .</Citation><ArticleIdList><ArticleId IdType="doi">10.1096/fj.02-0664fje</ArticleId><ArticleId IdType="pubmed">12551851</ArticleId></ArticleIdList></Reference><Reference><Citation>Jia D, Rahbar R, Chan RW, Lee SM, Chan MC, Wang BX, et al.. Influenza virus non-structural protein 1 (NS1) disrupts interferon signaling. PLoS One. 2010;5(11):e13927. Epub 2010/11/19. doi: 10.1371/journal.pone.0013927 ; PubMed Central PMCID: PMC2978095.</Citation><ArticleIdList><ArticleId IdType="doi">10.1371/journal.pone.0013927</ArticleId><ArticleId IdType="pmc">PMC2978095</ArticleId><ArticleId IdType="pubmed">21085662</ArticleId></ArticleIdList></Reference><Reference><Citation>Zheng J, Yang P, Tang Y, Pan Z, Zhao D. Respiratory Syncytial Virus Nonstructural Proteins Upregulate SOCS1 and SOCS3 in the Different Manner from Endogenous IFN Signaling. J Immunol Res. 2015;2015:738547. Epub 2015/11/12. doi: 10.1155/2015/738547 ; PubMed Central PMCID: PMC4628668.</Citation><ArticleIdList><ArticleId IdType="doi">10.1155/2015/738547</ArticleId><ArticleId IdType="pmc">PMC4628668</ArticleId><ArticleId IdType="pubmed">26557722</ArticleId></ArticleIdList></Reference><Reference><Citation>Akhtar LN, Qin H, Muldowney MT, Yanagisawa LL, Kutsch O, Clements JE, et al.. Suppressor of cytokine signaling 3 inhibits antiviral IFN-beta signaling to enhance HIV-1 replication in macrophages. J Immunol. 2010;185(4):2393&#x2013;404. Epub 2010/07/16. doi: 10.4049/jimmunol.0903563 ; PubMed Central PMCID: PMC3935802.</Citation><ArticleIdList><ArticleId IdType="doi">10.4049/jimmunol.0903563</ArticleId><ArticleId IdType="pmc">PMC3935802</ArticleId><ArticleId IdType="pubmed">20631305</ArticleId></ArticleIdList></Reference><Reference><Citation>Yokota S, Yokosawa N, Okabayashi T, Suzutani T, Fujii N. Induction of suppressor of cytokine signaling-3 by herpes simplex virus type 1 confers efficient viral replication. Virology. 2005;338(1):173&#x2013;81. Epub 2005/06/09. doi: 10.1016/j.virol.2005.04.028 .</Citation><ArticleIdList><ArticleId IdType="doi">10.1016/j.virol.2005.04.028</ArticleId><ArticleId IdType="pubmed">15939448</ArticleId></ArticleIdList></Reference><Reference><Citation>Michaud F, Coulombe F, Gaudreault E, Paquet-Bouchard C, Rola-Pleszczynski M, Gosselin J. Epstein-Barr virus interferes with the amplification of IFNalpha secretion by activating suppressor of cytokine signaling 3 in primary human monocytes. PLoS One. 2010;5(7):e11908. Epub 2010/08/07. doi: 10.1371/journal.pone.0011908 ; PubMed Central PMCID: PMC2912847.</Citation><ArticleIdList><ArticleId IdType="doi">10.1371/journal.pone.0011908</ArticleId><ArticleId IdType="pmc">PMC2912847</ArticleId><ArticleId IdType="pubmed">20689596</ArticleId></ArticleIdList></Reference><Reference><Citation>Tsai TT, Chen CL, Lin YS, Chang CP, Tsai CC, Cheng YL, et al.. Microglia retard dengue virus-induced acute viral encephalitis. Sci Rep. 2016;6:27670. Epub 2016/06/10. doi: 10.1038/srep27670 ; PubMed Central PMCID: PMC4899773.</Citation><ArticleIdList><ArticleId IdType="doi">10.1038/srep27670</ArticleId><ArticleId IdType="pmc">PMC4899773</ArticleId><ArticleId IdType="pubmed">27279150</ArticleId></ArticleIdList></Reference><Reference><Citation>Shen TJ, Jhan MK, Kao JC, Ho MR, Tsai TT, Tseng PC, et al.. A Murine Model of Dengue Virus-induced Acute Viral Encephalitis-like Disease. J Vis Exp. 2019;(146). Epub 2019/05/14. doi: 10.3791/59132 .</Citation><ArticleIdList><ArticleId IdType="doi">10.3791/59132</ArticleId><ArticleId IdType="pubmed">31081826</ArticleId></ArticleIdList></Reference><Reference><Citation>Johnson AJ, Roehrig JT. New mouse model for dengue virus vaccine testing. J Virol. 1999;73(1):783&#x2013;6. Epub 1998/12/16. doi: 10.1128/JVI.73.1.783-786.1999 ; PubMed Central PMCID: PMC103889.</Citation><ArticleIdList><ArticleId IdType="doi">10.1128/JVI.73.1.783-786.1999</ArticleId><ArticleId IdType="pmc">PMC103889</ArticleId><ArticleId IdType="pubmed">9847388</ArticleId></ArticleIdList></Reference><Reference><Citation>Shresta S, Sharar KL, Prigozhin DM, Snider HM, Beatty PR, Harris E. Critical roles for both STAT1-dependent and STAT1-independent pathways in the control of primary dengue virus infection in mice. J Immunol. 2005;175(6):3946&#x2013;54. Epub 2005/09/09. doi: 10.4049/jimmunol.175.6.3946 .</Citation><ArticleIdList><ArticleId IdType="doi">10.4049/jimmunol.175.6.3946</ArticleId><ArticleId IdType="pubmed">16148142</ArticleId></ArticleIdList></Reference><Reference><Citation>Orozco S, Schmid MA, Parameswaran P, Lachica R, Henn MR, Beatty R, et al.. Characterization of a model of lethal dengue virus 2 infection in C57BL/6 mice deficient in the alpha/beta interferon receptor. J Gen Virol. 2012;93(Pt 10):2152&#x2013;7. Epub 2012/07/21. doi: 10.1099/vir.0.045088-0 ; PubMed Central PMCID: PMC3541791.</Citation><ArticleIdList><ArticleId IdType="doi">10.1099/vir.0.045088-0</ArticleId><ArticleId IdType="pmc">PMC3541791</ArticleId><ArticleId IdType="pubmed">22815273</ArticleId></ArticleIdList></Reference><Reference><Citation>Organization WH. Dengue Guidelines for Diagnosis, Treatment, Prevention and Control: New Edition. Geneva: WHO Press;. 2009.</Citation><ArticleIdList><ArticleId IdType="pubmed">23762963</ArticleId></ArticleIdList></Reference><Reference><Citation>Atrasheuskaya A, Petzelbauer P, Fredeking TM, Ignatyev G. Anti-TNF antibody treatment reduces mortality in experimental dengue virus infection. FEMS Immunol Med Microbiol. 2003;35(1):33&#x2013;42. Epub 2003/02/19. doi: 10.1111/j.1574-695X.2003.tb00646.x .</Citation><ArticleIdList><ArticleId IdType="doi">10.1111/j.1574-695X.2003.tb00646.x</ArticleId><ArticleId IdType="pubmed">12589955</ArticleId></ArticleIdList></Reference><Reference><Citation>Boro M, Balaji KN. CXCL1 and CXCL2 Regulate NLRP3 Inflammasome Activation via G-Protein-Coupled Receptor CXCR2. J Immunol. 2017;199(5):1660&#x2013;71. doi: 10.4049/jimmunol.1700129 .</Citation><ArticleIdList><ArticleId IdType="doi">10.4049/jimmunol.1700129</ArticleId><ArticleId IdType="pubmed">28739876</ArticleId></ArticleIdList></Reference><Reference><Citation>Ahmed AU, Sarvestani ST, Gantier MP, Williams BR, Hannigan GE. Integrin-linked kinase modulates lipopolysaccharide- and Helicobacter pylori-induced nuclear factor kappaB-activated tumor necrosis factor-alpha production via regulation of p65 serine 536 phosphorylation. J Biol Chem. 2014;289(40):27776&#x2013;93. Epub 2014/08/08. doi: 10.1074/jbc.M114.574541 ; PubMed Central PMCID: PMC4183813.</Citation><ArticleIdList><ArticleId IdType="doi">10.1074/jbc.M114.574541</ArticleId><ArticleId IdType="pmc">PMC4183813</ArticleId><ArticleId IdType="pubmed">25100717</ArticleId></ArticleIdList></Reference><Reference><Citation>Assi K, Patterson S, Dedhar S, Owen D, Levings M, Salh B. Role of epithelial integrin-linked kinase in promoting intestinal inflammation: effects on CCL2, fibronectin and the T cell repertoire. BMC Immunol. 2011;12:42. doi: 10.1186/1471-2172-12-42 ; PubMed Central PMCID: PMC3164617.</Citation><ArticleIdList><ArticleId IdType="doi">10.1186/1471-2172-12-42</ArticleId><ArticleId IdType="pmc">PMC3164617</ArticleId><ArticleId IdType="pubmed">21806815</ArticleId></ArticleIdList></Reference><Reference><Citation>Ahmed AU, Yim HCH, Alorro M, Ernst M, Williams BRG. Integrin-Linked Kinase Expression in Myeloid Cells Promotes Inflammatory Signaling during Experimental Colitis. J Immunol. 2017. doi: 10.4049/jimmunol.1700125 .</Citation><ArticleIdList><ArticleId IdType="doi">10.4049/jimmunol.1700125</ArticleId><ArticleId IdType="pubmed">28794235</ArticleId></ArticleIdList></Reference></ReferenceList></PubmedData></PubmedArticle></PubmedArticleSet>