<?xml version="1.0" ?>
<!DOCTYPE PubmedArticleSet PUBLIC "-//NLM//DTD PubMedArticle, 1st January 2023//EN" "https://dtd.nlm.nih.gov/ncbi/pubmed/out/pubmed_230101.dtd">
<PubmedArticleSet>
<PubmedArticle><MedlineCitation Status="MEDLINE" Owner="NLM" IndexingMethod="Automated"><PMID Version="1">37000053</PMID><DateCompleted><Year>2023</Year><Month>04</Month><Day>04</Day></DateCompleted><DateRevised><Year>2023</Year><Month>09</Month><Day>16</Day></DateRevised><Article PubModel="Print"><Journal><ISSN IssnType="Electronic">1536-5964</ISSN><JournalIssue CitedMedium="Internet"><Volume>102</Volume><Issue>13</Issue><PubDate><Year>2023</Year><Month>Mar</Month><Day>31</Day></PubDate></JournalIssue><Title>Medicine</Title><ISOAbbreviation>Medicine (Baltimore)</ISOAbbreviation></Journal><ArticleTitle>Detecting dengue fever in children using online Rasch analysis to develop algorithms for parents: An APP development and usability study.</ArticleTitle><Pagination><StartPage>e33296</StartPage><MedlinePgn>e33296</MedlinePgn></Pagination><ELocationID EIdType="pii" ValidYN="Y">e33296</ELocationID><ELocationID EIdType="doi" ValidYN="Y">10.1097/MD.0000000000033296</ELocationID><Abstract><AbstractText Label="BACKGROUND" NlmCategory="BACKGROUND">Dengue fever (DF) is a significant public health concern in Asia. However, detecting the disease using traditional dichotomous criteria (i.e., absent vs present) can be extremely difficult. Convolutional neural networks (CNNs) and artificial neural networks (ANNs), due to their use of a large number of parameters for modeling, have shown the potential to improve prediction accuracy (ACC). To date, there has been no research conducted to understand item features and responses using online Rasch analysis. To verify the hypothesis that a combination of CNN, ANN, K-nearest-neighbor algorithm (KNN), and logistic regression (LR) can improve the ACC of DF prediction for children, further research is required.</AbstractText><AbstractText Label="METHODS" NlmCategory="METHODS">We extracted 19 feature variables related to DF symptoms from 177 pediatric patients, of whom 69 were diagnosed with DF. Using the RaschOnline technique for Rasch analysis, we examined 11 variables for their statistical significance in predicting the risk of DF. Based on 2 sets of data, 1 for training (80%) and the other for testing (20%), we calculated the prediction ACC by comparing the areas under the receiver operating characteristic curve (AUCs) between DF&#x2005;+&#x2005;and DF- in both sets. In the training set, we compared 2 scenarios: the combined scheme and individual algorithms.</AbstractText><AbstractText Label="RESULTS" NlmCategory="RESULTS">Our findings indicate that visual displays of DF data are easily interpreted using Rasch analysis; the k-nearest neighbors algorithm has a lower AUC (&lt;0.50); LR has a relatively higher AUC (0.70); all 3 algorithms have an almost equal AUC (=0.68), which is smaller than the individual algorithms of Naive Bayes, LR in raw data, and Naive Bayes in normalized data; and we developed an app to assist parents in detecting DF in children during the dengue season.</AbstractText><AbstractText Label="CONCLUSION" NlmCategory="CONCLUSIONS">The development of an LR-based APP for the detection of DF in children has been completed. To help patients, family members, and clinicians differentiate DF from other febrile illnesses at an early stage, an 11-item model is proposed for developing the APP.</AbstractText><CopyrightInformation>Copyright &#xa9; 2023 the Author(s). Published by Wolters Kluwer Health, Inc.</CopyrightInformation></Abstract><AuthorList CompleteYN="Y"><Author ValidYN="Y"><LastName>Hu</LastName><ForeName>Ting-Yun</ForeName><Initials>TY</Initials><AffiliationInfo><Affiliation>Department of Pediatrics, Chi Mei Medical Center, Tainan, Taiwan.</Affiliation></AffiliationInfo></Author><Author ValidYN="Y"><LastName>Chow</LastName><ForeName>Julie Chi</ForeName><Initials>JC</Initials><AffiliationInfo><Affiliation>Department of Pediatrics, Chi Mei Medical Center, Tainan, Taiwan.</Affiliation></AffiliationInfo><AffiliationInfo><Affiliation>Department of Pediatrics, School of Medicine, College of Medicine, Taipei Medical University, Taipei, Taiwan.</Affiliation></AffiliationInfo></Author><Author ValidYN="Y"><LastName>Chien</LastName><ForeName>Tsair-Wei</ForeName><Initials>TW</Initials><AffiliationInfo><Affiliation>Department of Medical Research, Chi-Mei Medical Center, Tainan, Taiwan.</Affiliation></AffiliationInfo></Author><Author ValidYN="Y"><LastName>Chou</LastName><ForeName>Willy</ForeName><Initials>W</Initials><Identifier Source="ORCID">0000-0002-1132-9341</Identifier><AffiliationInfo><Affiliation>Department of Physical Medicine and Rehabilitation, Chi Mei Medical Center, Tainan, Taiwan.</Affiliation></AffiliationInfo><AffiliationInfo><Affiliation>Department of Physical Medicine and Rehabilitation, Chung San Medical University Hospital, Taichung, Taiwan.</Affiliation></AffiliationInfo></Author></AuthorList><Language>eng</Language><PublicationTypeList><PublicationType UI="D016428">Journal Article</PublicationType></PublicationTypeList></Article><MedlineJournalInfo><Country>United States</Country><MedlineTA>Medicine (Baltimore)</MedlineTA><NlmUniqueID>2985248R</NlmUniqueID><ISSNLinking>0025-7974</ISSNLinking></MedlineJournalInfo><CitationSubset>IM</CitationSubset><MeshHeadingList><MeshHeading><DescriptorName UI="D006801" MajorTopicYN="N">Humans</DescriptorName></MeshHeading><MeshHeading><DescriptorName UI="D002648" MajorTopicYN="N">Child</DescriptorName></MeshHeading><MeshHeading><DescriptorName UI="D001499" MajorTopicYN="N">Bayes Theorem</DescriptorName></MeshHeading><MeshHeading><DescriptorName UI="D000465" MajorTopicYN="Y">Algorithms</DescriptorName></MeshHeading><MeshHeading><DescriptorName UI="D016571" MajorTopicYN="N">Neural Networks, Computer</DescriptorName></MeshHeading><MeshHeading><DescriptorName UI="D010290" MajorTopicYN="N">Parents</DescriptorName></MeshHeading><MeshHeading><DescriptorName UI="D003715" MajorTopicYN="Y">Dengue</DescriptorName><QualifierName UI="Q000175" MajorTopicYN="N">diagnosis</QualifierName></MeshHeading></MeshHeadingList><CoiStatement>The authors have no funding and conflicts of interest to disclose.</CoiStatement></MedlineCitation><PubmedData><History><PubMedPubDate PubStatus="medline"><Year>2023</Year><Month>4</Month><Day>4</Day><Hour>6</Hour><Minute>42</Minute></PubMedPubDate><PubMedPubDate PubStatus="entrez"><Year>2023</Year><Month>3</Month><Day>31</Day><Hour>10</Hour><Minute>23</Minute></PubMedPubDate><PubMedPubDate PubStatus="pubmed"><Year>2023</Year><Month>4</Month><Day>1</Day><Hour>6</Hour><Minute>0</Minute></PubMedPubDate></History><PublicationStatus>ppublish</PublicationStatus><ArticleIdList><ArticleId IdType="pubmed">37000053</ArticleId><ArticleId IdType="pmc">PMC10063317</ArticleId><ArticleId IdType="doi">10.1097/MD.0000000000033296</ArticleId><ArticleId IdType="pii">00005792-202303310-00007</ArticleId></ArticleIdList><ReferenceList><Reference><Citation>Chien TW, Chow JC, Chou W. An app detecting dengue fever in children: using sequencing symptom patterns for a web-based assessment. JMIR Mhealth Uhealth. 2019;7:e11461.</Citation><ArticleIdList><ArticleId IdType="pmc">PMC6658251</ArticleId><ArticleId IdType="pubmed">31152525</ArticleId></ArticleIdList></Reference><Reference><Citation>Lwin MO, Vijaykumar S, Rathnayake VS, et al. . A social media mHealth solution to address the needs of dengue prevention and management in Sri Lanka. J Med Internet Res. 2016;18:e149.</Citation><ArticleIdList><ArticleId IdType="pmc">PMC4947191</ArticleId><ArticleId IdType="pubmed">27369296</ArticleId></ArticleIdList></Reference><Reference><Citation>Syamsuddin M, Fakhruddin M, Sahetapy-Engel JTM, et al. . Causality analysis of Google trends and dengue incidence in Bandung, Indonesia with linkage of digital data modeling: longitudinal observational study. J Med Internet Res. 2020;22:e17633.</Citation><ArticleIdList><ArticleId IdType="pmc">PMC7414412</ArticleId><ArticleId IdType="pubmed">32706682</ArticleId></ArticleIdList></Reference><Reference><Citation>Lai WP, Chien TW, Lin HJ, et al. . A screening tool for dengue fever in children. Pediatr Infect Dis J. 2013;32:320&#x2013;4.</Citation><ArticleIdList><ArticleId IdType="pubmed">23249912</ArticleId></ArticleIdList></Reference><Reference><Citation>Lim JK, Carabali M, Camacho E, et al. . Epidemiology and genetic diversity of circulating dengue viruses in Medellin, Colombia: a fever surveillance study. BMC Infect Dis. 2020;20:466.</Citation><ArticleIdList><ArticleId IdType="pmc">PMC7331258</ArticleId><ArticleId IdType="pubmed">32615988</ArticleId></ArticleIdList></Reference><Reference><Citation>Heath CJ, Grossi-Soyster EN, Ndenga BA, et al. . Evidence of transovarial transmission of Chikungunya and Dengue viruses in field-caught mosquitoes in Kenya. PLoS NeglTrop Dis. 2020;14:e0008362.</Citation><ArticleIdList><ArticleId IdType="pmc">PMC7329127</ArticleId><ArticleId IdType="pubmed">32559197</ArticleId></ArticleIdList></Reference><Reference><Citation>Khan E, Prakoso D, Imtiaz K, et al. . The clinical features of cocirculating dengue viruses and the absence of dengue hemorrhagic fever in Pakistan. Front Public Health. 2020;8:287.</Citation><ArticleIdList><ArticleId IdType="pmc">PMC7311566</ArticleId><ArticleId IdType="pubmed">32626679</ArticleId></ArticleIdList></Reference><Reference><Citation>World Health Organization. Dengue and severe dengue.
2023. Available at: https://www.who.int/news-room/fact-sheets/detail/dengue-and-severe-dengue [access date January 11, 2023].</Citation></Reference><Reference><Citation>Sylla M, Bosio C, Urdaneta-Marquez L, et al. . 4thGene flow, subspecies composition, and dengue virus-2 susceptibility among Aedes aegypti collections in Senegal. PLoS NeglTrop Dis. 2009;3:e408.</Citation><ArticleIdList><ArticleId IdType="pmc">PMC2663788</ArticleId><ArticleId IdType="pubmed">19365540</ArticleId></ArticleIdList></Reference><Reference><Citation>Rico-Hesse R, Harrison LM, Nisalak A, et al. . Molecular evolution of dengue type 2 virus in Thailand. Am J Trop Med Hyg. 1998;58:96&#x2013;101.</Citation><ArticleIdList><ArticleId IdType="pubmed">9452299</ArticleId></ArticleIdList></Reference><Reference><Citation>Bhatt S, Gething PW, Brady OJ, et al. . The global distribution and burden of dengue. Nature. 2013;496:504&#x2013;7.</Citation><ArticleIdList><ArticleId IdType="pmc">PMC3651993</ArticleId><ArticleId IdType="pubmed">23563266</ArticleId></ArticleIdList></Reference><Reference><Citation>Brady OJ, Gething PW, Bhatt S, et al. . Refining the global spatial limits of dengue virus transmission by evidence-based consensus. PLoS NeglTrop Dis. 2012;6:e1760.</Citation><ArticleIdList><ArticleId IdType="pmc">PMC3413714</ArticleId><ArticleId IdType="pubmed">22880140</ArticleId></ArticleIdList></Reference><Reference><Citation>Liu SY, Chien TW, Yang TY, et al. . A bibliometric analysis on dengue outbreaks in tropical and sub-tropical climates worldwide since 1950. Int J Environ Res Public Health. 2021;18:3197.</Citation><ArticleIdList><ArticleId IdType="pmc">PMC8003706</ArticleId><ArticleId IdType="pubmed">33808795</ArticleId></ArticleIdList></Reference><Reference><Citation>Vannice KS, Wilder-Smith A, Barrett ADT, et al. . Clinical development and regulatory points for consideration for second-generation live attenuated dengue vaccines. Vaccine. 2018;36:3411&#x2013;7.</Citation><ArticleIdList><ArticleId IdType="pmc">PMC6010224</ArticleId><ArticleId IdType="pubmed">29525283</ArticleId></ArticleIdList></Reference><Reference><Citation>Daumas RP, Passos SR, Oliveira RV, et al. . Clinical and laboratory features that discriminate dengue from other febrile illnesses: a diagnostic accuracy study in Rio de Janeiro, Brazil. BMC Infect Dis. 2013;13:77.</Citation><ArticleIdList><ArticleId IdType="pmc">PMC3574824</ArticleId><ArticleId IdType="pubmed">23394216</ArticleId></ArticleIdList></Reference><Reference><Citation>Zyoud SH. Dengue research: a bibliometric analysis of worldwide and Arab publications during 1872-2015. Virol J. 2016;13:78.</Citation><ArticleIdList><ArticleId IdType="pmc">PMC4859974</ArticleId><ArticleId IdType="pubmed">27154247</ArticleId></ArticleIdList></Reference><Reference><Citation>Mota FB, Fonseca BPFE, Galina AC, et al. . Mapping the dengue scientific landscape worldwide: a bibliometric and network analysis. Mem Inst Oswaldo Cruz. 2017;112:354&#x2013;63.</Citation><ArticleIdList><ArticleId IdType="pmc">PMC5398162</ArticleId><ArticleId IdType="pubmed">28443981</ArticleId></ArticleIdList></Reference><Reference><Citation>Maula AW, Fuad A, Utarini A. Ten-years trend of dengue research in Indonesia and South&#x2013;east Asian countries: a bibliometric analysis. Glob Health Action. 2018;11:1504398.</Citation><ArticleIdList><ArticleId IdType="pmc">PMC6095018</ArticleId><ArticleId IdType="pubmed">30092158</ArticleId></ArticleIdList></Reference><Reference><Citation>Low GK, Jiee SF, Masilamani R, et al. . Routine blood parameters of dengue infected children and adults. A meta-analysis [published online ahead of print, 2023 Jan 2].</Citation><ArticleIdList><ArticleId IdType="pubmed">36593636</ArticleId></ArticleIdList></Reference><Reference><Citation>Abdullah NAMH, Dom NC, Salleh SA, et al. . The association between dengue case and climate: a systematic review and meta-analysis. One Health. 2022;15:100452.</Citation><ArticleIdList><ArticleId IdType="pmc">PMC9767811</ArticleId><ArticleId IdType="pubmed">36561711</ArticleId></ArticleIdList></Reference><Reference><Citation>Cook AC, Thibaut D, Pettersen T. Major histocompatibility complex class I and dengue hemorrhagic fever: a meta-analysis of human leukocyte antigens A*24 and B*44. Cureus. 2022;14:e31485.</Citation><ArticleIdList><ArticleId IdType="pmc">PMC9750231</ArticleId><ArticleId IdType="pubmed">36532922</ArticleId></ArticleIdList></Reference><Reference><Citation>Wilder-Smith A, Ooi EE, Vasudevan SG, et al. . Update on dengue: epidemiology, virus evolution, antiviral drugs, and vaccine development. Curr Infect Dis Rep. 2010;12:157&#x2013;64.</Citation><ArticleIdList><ArticleId IdType="pubmed">21308524</ArticleId></ArticleIdList></Reference><Reference><Citation>Guzman MG, Harris E. Dengue. Lancet. 2015;385:453&#x2013;65.</Citation><ArticleIdList><ArticleId IdType="pubmed">25230594</ArticleId></ArticleIdList></Reference><Reference><Citation>Tang KF, Ooi EE. Diagnosis of dengue: an update. Expert Rev Anti Infect Ther. 2012;10:895&#x2013;907.</Citation><ArticleIdList><ArticleId IdType="pubmed">23030329</ArticleId></ArticleIdList></Reference><Reference><Citation>Mata VE, Lambert Passos SR, dos Santos MAB, et al. . Diagnostic parameters and reliability of four rapid immunochromatographic tests for dengue 4. Braz J Infect Dis. 2020;24:58&#x2013;64.</Citation><ArticleIdList><ArticleId IdType="pmc">PMC9392029</ArticleId><ArticleId IdType="pubmed">31954721</ArticleId></ArticleIdList></Reference><Reference><Citation>Kularatne SA. Dengue fever. BMJ. 2015;351:h4661.</Citation><ArticleIdList><ArticleId IdType="pubmed">26374064</ArticleId></ArticleIdList></Reference><Reference><Citation>WHO. Dengue: Guidelines for Diagnosis, Treatment, Prevention and Control. Geneva: World Health Organization. 2009. Available at: https://pubmed.ncbi.nlm.nih.gov/23762963/ [accessed February 15, 2023].</Citation><ArticleIdList><ArticleId IdType="pubmed">23762963</ArticleId></ArticleIdList></Reference><Reference><Citation>Sijtsma K. A coefficient of deviant response patterns.
Kwantitatieve Methoden. 1986;7:131&#x2013;45. Available at: https://pure.uvt.nl/ws/portalfiles/portal/1030745/COEFFICI.PDF [accessed February 15, 2023].</Citation></Reference><Reference><Citation>Linacre J. A comment on the HT person fit statistic.
Rasch Meas Trans. 2012;26:1358.. Available at: https://www.rasch.org/rmt/rmt261f.htm [accessed February 15, 2023].</Citation></Reference><Reference><Citation>Ma SC, Chou W, Chien TW, et al. . An app for detecting bullying of nurses using convolutional neural networks and web-based computerized adaptive testing: development and usability study. JMIR Mhealth Uhealth. 2020;8:e16747.</Citation><ArticleIdList><ArticleId IdType="pmc">PMC7270851</ArticleId><ArticleId IdType="pubmed">32432557</ArticleId></ArticleIdList></Reference><Reference><Citation>Lee YL, Chou W, Chien TW, et al. . An app developed for detecting nurse burnouts using the Convo-Lu-Tional neural networks in microsoft excel: population-based questionnaire study. JMIR Med Inform. 2020;8:e16528.</Citation><ArticleIdList><ArticleId IdType="pmc">PMC7243132</ArticleId><ArticleId IdType="pubmed">32379050</ArticleId></ArticleIdList></Reference><Reference><Citation>Yan YH, Chien TW, Yeh YT, et al. . An app for classifying personal mental illness at workplace using fit statistics and convolutional neural networks: survey-based quantitative study. JMIR Mhealth Uhealth. 2020;8:e17857.</Citation><ArticleIdList><ArticleId IdType="pmc">PMC7428910</ArticleId><ArticleId IdType="pubmed">32735232</ArticleId></ArticleIdList></Reference><Reference><Citation>Rere LM, Fanany MI, Arymurthy AM. Metaheuristic algorithms for convolution neural network. Comput Intell Neurosci. 2016;2016:1537325.</Citation><ArticleIdList><ArticleId IdType="pmc">PMC4916328</ArticleId><ArticleId IdType="pubmed">27375738</ArticleId></ArticleIdList></Reference><Reference><Citation>Chou PH, Chien TW, Yang TY, et al. . Predicting active NBA players most likely to be inducted into the basketball hall of famers using artificial neural networks in Microsoft excel: development and usability study. Int J Environ Res Public Health. 2021;18:4256.</Citation><ArticleIdList><ArticleId IdType="pmc">PMC8072800</ArticleId><ArticleId IdType="pubmed">33923846</ArticleId></ArticleIdList></Reference><Reference><Citation>Tey SF, Liu CF, Chien TW, et al. . Predicting the 14-day hospital readmission of patients with pneumonia using artificial neural networks (ANN). Int J Environ Res Public Health. 2021;18:51105110.</Citation><ArticleIdList><ArticleId IdType="pmc">PMC8150657</ArticleId><ArticleId IdType="pubmed">34065894</ArticleId></ArticleIdList></Reference><Reference><Citation>Viana Dos Santos Santana I, Cm da Silveira A, Sobrinho A, et al. . Classification models for COVID-19 test prioritization in Brazil: machine learning approach. J Med Internet Res. 2021;23:e27293.</Citation><ArticleIdList><ArticleId IdType="pmc">PMC8034680</ArticleId><ArticleId IdType="pubmed">33750734</ArticleId></ArticleIdList></Reference><Reference><Citation>Golpour P, Ghayour-Mobarhan M, Saki A, et al. . Com-parison of support vector machine, naive Bayes and logistic regression for assessing the necessity for coronary angiography. Int J Environ Res Public Health. 2020;17:64496449.</Citation><ArticleIdList><ArticleId IdType="pmc">PMC7558963</ArticleId><ArticleId IdType="pubmed">32899733</ArticleId></ArticleIdList></Reference><Reference><Citation>Gholizadeh P, Esmaeili B. Developing a multivariate logistic regression model to analyze accident scenarios: case of electrical contractors. Int J Environ Res Public Health. 2020;17:48524852.</Citation><ArticleIdList><ArticleId IdType="pmc">PMC7369826</ArticleId><ArticleId IdType="pubmed">32640549</ArticleId></ArticleIdList></Reference><Reference><Citation>Nhu VH, Shirzadi A, Shahabi H, et al. . Shallow landslide susceptibility mapping: a comparison between logistic model tree, lo-gistic regression, naive Bayes tree, artificial neural network, and support vector machine algorithms. Int J Environ Res Public Health. 2020;17:2749.</Citation><ArticleIdList><ArticleId IdType="pmc">PMC7215797</ArticleId><ArticleId IdType="pubmed">32316191</ArticleId></ArticleIdList></Reference><Reference><Citation>Choi Y, Boo Y. Comparing logistic regression models with alternative machine learning methods to predict the risk of drug intoxication mortality. Int J Environ Res Public Health. 2020;17:897.</Citation><ArticleIdList><ArticleId IdType="pmc">PMC7037603</ArticleId><ArticleId IdType="pubmed">32023993</ArticleId></ArticleIdList></Reference><Reference><Citation>Wu L, Deng F, Xie Z, et al. . Spatial analysis of severe fever with thrombocytopenia syndrome virus in China using a geographically weighted logistic regression model. Int J Environ Res Public Health. 2016;13:11251125.</Citation><ArticleIdList><ArticleId IdType="pmc">PMC5129335</ArticleId><ArticleId IdType="pubmed">27845737</ArticleId></ArticleIdList></Reference><Reference><Citation>Yanagisawa N, Wada K, Spengler JD, et al. . Health preparedness plan for dengue detection during the 2020 summer Olympic and Paralympic games in Tokyo. PLoS NeglTrop Dis. 2018;12:e0006755.</Citation><ArticleIdList><ArticleId IdType="pmc">PMC6147396</ArticleId><ArticleId IdType="pubmed">30235211</ArticleId></ArticleIdList></Reference><Reference><Citation>Herbuela VRDM, Karita T, Francisco ME, et al. . An integrated mHealth app for dengue reporting and mapping, health communication, and behavior modification: development and assessment of Mozzify. JMIR Form Res. 2020;4:e16424.</Citation><ArticleIdList><ArticleId IdType="pmc">PMC6996774</ArticleId><ArticleId IdType="pubmed">31913128</ArticleId></ArticleIdList></Reference><Reference><Citation>Macedo Hair G, Fonseca Nobre F, Brasil P. Characterization of clinical patterns of dengue patients using an unsupervised ma-chine learning approach. BMC Infect Dis. 2019;19:649.</Citation><ArticleIdList><ArticleId IdType="pmc">PMC6647280</ArticleId><ArticleId IdType="pubmed">31331271</ArticleId></ArticleIdList></Reference><Reference><Citation>Aguas R, Dorigatti I, Coudeville L, et al. . Cross-serotype interactions and disease outcome prediction of dengue infections in Vietnam. Sci Rep. 2019;9:9395.</Citation><ArticleIdList><ArticleId IdType="pmc">PMC6598999</ArticleId><ArticleId IdType="pubmed">31253823</ArticleId></ArticleIdList></Reference><Reference><Citation>Davi C, Pastor A, Oliveira T, et al. . Severe dengue prognosis using human genome data and machine learning. IEEE Trans Biomed Eng. 2019;66:2861&#x2013;8.</Citation><ArticleIdList><ArticleId IdType="pubmed">30716030</ArticleId></ArticleIdList></Reference><Reference><Citation>Potts J, Rothman A. Clinical and laboratory features that distinguish dengue from other febrile illnesses in endemic populations. Trop Med Int Health. 2008;13:1328&#x2013;40.</Citation><ArticleIdList><ArticleId IdType="pmc">PMC2756447</ArticleId><ArticleId IdType="pubmed">18803612</ArticleId></ArticleIdList></Reference><Reference><Citation>Lai W, Chien T, Lin H, et al. . An approach for early and appropriate prediction of dengue fever using white blood cells and platelets. HealthMED. 2012;6:806&#x2013;12.</Citation></Reference><Reference><Citation>Kittigul L, Suankeow K. Use of a rapid immunochromatographic test for early diagnosis of dengue virus infection. Eur J Clin Microbiol Infect Dis. 2002;21:224&#x2013;6.</Citation><ArticleIdList><ArticleId IdType="pubmed">11957027</ArticleId></ArticleIdList></Reference><Reference><Citation>Vaughn D, Nisalak A, Kalayanarooj S, et al. . Evaluation of a rapid immunochroma-tographic test for diagnosis of dengue virus infection. J Clin Microbiol. 1998;36:234&#x2013;8.</Citation><ArticleIdList><ArticleId IdType="pmc">PMC124841</ArticleId><ArticleId IdType="pubmed">9431954</ArticleId></ArticleIdList></Reference><Reference><Citation>Rasch G. Probabilistic Models for Some Intelligence and Attainment Tests. Denmark: Danmarks Paedagogiske Institut. 1960.</Citation></Reference><Reference><Citation>Tuan NM, Nhan HT, Chau NV, et al. . Sensitivity and specificity of a novel classifier for the early diagnosis of dengue. PLoS NeglTrop Dis. 2015;9:e0003638.</Citation><ArticleIdList><ArticleId IdType="pmc">PMC4383489</ArticleId><ArticleId IdType="pubmed">25836753</ArticleId></ArticleIdList></Reference><Reference><Citation>Mitchell TM. Machine Learning. Boston, MA: WCB/McGraw-Hill. 1997.</Citation></Reference><Reference><Citation>Zheng B, Wang X, Lederman D, et al. . Computer-aided detection; the effect of training databases on detection of subtle breast masses. Acad Radiol. 2010;17:1401&#x2013;8.</Citation><ArticleIdList><ArticleId IdType="pmc">PMC2952663</ArticleId><ArticleId IdType="pubmed">20650667</ArticleId></ArticleIdList></Reference><Reference><Citation>Mensink T, Verbeek J, Perronnin F, et al. . Distance-based image classification: generalizing to new classes at near-zero cost. IEEE Trans Pattern Anal Mach Intell. 2013;35:2624&#x2013;37.</Citation><ArticleIdList><ArticleId IdType="pubmed">24051724</ArticleId></ArticleIdList></Reference><Reference><Citation>Gou J, Qiu W, Yi Z, et al. . A local mean representation-based K-nearest neighbor classifier. ACM Trans Intell Syst Technol. 2019;10:29,1&#x2013;25.</Citation></Reference><Reference><Citation>Andrich D. A rating formulation for ordered response categories. Psychometrika. 1978;43:561&#x2013;73.</Citation></Reference><Reference><Citation>Chien TW. Dataset, MP4 and Excel modules.
Available at: https://osf.io/d2svm/?view_only=567f0bba08fd425085c82c3620600b01 [accessed January 11, 2023].</Citation></Reference><Reference><Citation>Chien TW. RaschOnline based on Rasch rating scale model.
Available at: raschonline.healthup.org.tw [accessed January 11, 2023].</Citation></Reference><Reference><Citation>Yang TY, Chien TW, Lai FJ. Web-based skin cancer assessment and classification using machine learning and mobile computerized adaptive testing in a Rasch Model: development study. JMIR Med Inform. 2022;10:e33006.</Citation><ArticleIdList><ArticleId IdType="pmc">PMC9282670</ArticleId><ArticleId IdType="pubmed">35262505</ArticleId></ArticleIdList></Reference><Reference><Citation>Shao Y, Nadkarni S, Niu K, et al. . A note on the Newton&#x2013;Raphson iteration method in the Rasch model. Rasch Measurement Trans. 2022;35:1851&#x2013;6.</Citation></Reference><Reference><Citation>Wilson M. Some notes on the term: &#x201c;Wright Map.&#x201d; Rasch Measurement Trans. 2011;25:1331.</Citation></Reference><Reference><Citation>Holland PW, Wainer H. Differential Item Functioning. Hillsdale, NJ: Lawrence Erlbaum. 1993.</Citation></Reference><Reference><Citation>Yeh CH, Chien TW, Lin JJ, et al. . Comparing the similarity and differences in MeSH terms associated with spine-specific journals using the forest plot: a bibliometric analysis. Medicine (Baltim). 2022;101:e31441e31441.</Citation><ArticleIdList><ArticleId IdType="pmc">PMC9646558</ArticleId><ArticleId IdType="pubmed">36343077</ArticleId></ArticleIdList></Reference><Reference><Citation>Joshi A, Pakhare AP, Nair SK, et al. . Data-driven monitoring in community based management of children with severely acute malnutrition (SAM) using psychometric techniques: an operational framework. Cureus. 2021;13:e18589.</Citation><ArticleIdList><ArticleId IdType="pmc">PMC8572322</ArticleId><ArticleId IdType="pubmed">34760426</ArticleId></ArticleIdList></Reference><Reference><Citation>Lu Z, Vincent JI, MacDermid JC. Evaluation of the structural validity of the work instability scale using the Rasch model. Arch Rehabil Res Clin Transl. 2021;3:100103.</Citation><ArticleIdList><ArticleId IdType="pmc">PMC7984990</ArticleId><ArticleId IdType="pubmed">33778476</ArticleId></ArticleIdList></Reference><Reference><Citation>Masters GN. Rasch KIDMAP - A history. Rasch Measurement Trans. 1994;8:366.</Citation></Reference><Reference><Citation>Ho SY, Chien TW, Lin ML, et al. . An app for predicting patient dementia classes using convolutional neural networks (CNN) and artificial neural networks (ANN): comparison of prediction accuracy in Microsoft Excel. Medicine (Baltim). 2023;102:e32670.</Citation><ArticleIdList><ArticleId IdType="pmc">PMC9875960</ArticleId><ArticleId IdType="pubmed">36705387</ArticleId></ArticleIdList></Reference><Reference><Citation>Chien TW. The determination of k in KNN.
Available at: https://youtu.be/tZ2syQPg6eU [accessed February 15, 2023].</Citation></Reference><Reference><Citation>APA Dictionary of Psychology. Item characteristic curve (ICC).
Available at: https://dictionary.apa.org/item-characteristic-curve [accessed January 11, 2023].</Citation></Reference><Reference><Citation>Hamling J, Lee P, Weitkunat R, et al. . Facilitating meta-analyses by deriving relative effect and precision estimates for alternative comparisons from a set of estimates presented by exposure level or disease category. Stat Med. 2008;27:954&#x2013;70.</Citation><ArticleIdList><ArticleId IdType="pubmed">17676579</ArticleId></ArticleIdList></Reference><Reference><Citation>Chen CJ, Wang LC, Kuo HT, et al. . Significant effects of late evening snack on liver functions in patients with liver cirrhosis: a meta-analysis of randomized controlled trials. J Gastroenterol Hepatol. 2019;34:1143&#x2013;52.</Citation><ArticleIdList><ArticleId IdType="pubmed">30883904</ArticleId></ArticleIdList></Reference><Reference><Citation>Lalkhen AG, Statistics V. Introduction to clinical trials and systematic reviews. Contin Educ Anaesth Crit Care Pain. 2008;8:143&#x2013;6.</Citation></Reference><Reference><Citation>Hall M, Frank E, Holmes G, et al. . The WEKA data mining software: an update.
SIGKDD Explor. 2009;11. Available at: https://www.kdd.org/exploration_files/p2V11n1.pdf [accessed November 20, 2020].</Citation></Reference><Reference><Citation>Al-Yousef A, Samarasinghe S. A novel computational approach for biomarker detection for gene expression-based computer-aided diagnostic systems for breast cancer. Methods Mol Biol. 2021;2190:195&#x2013;208.</Citation><ArticleIdList><ArticleId IdType="pubmed">32804367</ArticleId></ArticleIdList></Reference><Reference><Citation>Chang CC, Lin CJ. LIBSVM: a library for support vector machines. ACM Trans Intelligent Syst Technol (TIST). 2011;2:1&#x2013;27.</Citation></Reference><Reference><Citation>Kalidoss R, Umapathy S, Kothalam R, et al. . Adsorption kinetics feature extraction from breathprint obtained by graphene based sensors for diabetes diagnosis. J Breath Res. 2020;15:016005.</Citation><ArticleIdList><ArticleId IdType="pubmed">33049727</ArticleId></ArticleIdList></Reference><Reference><Citation>Neto MP, Paulovich FV. Explainable matrix - visualization for global and local interpretability of random forest classification ensembles. IEEE Trans Vis Comput Graph. 2021;27:1427&#x2013;37.</Citation><ArticleIdList><ArticleId IdType="pubmed">33048689</ArticleId></ArticleIdList></Reference><Reference><Citation>Saha S, Saha M, Mukherjee K, et al. . Predicting the deforestation probability using the binary logistic regression, random forest, ensemble rotational forest, REPTree: a case study at the Gumani River Basin, India. Sci Total Environ. 2020;730:139197.</Citation><ArticleIdList><ArticleId IdType="pubmed">32402979</ArticleId></ArticleIdList></Reference><Reference><Citation>Tarekegn A, Ricceri F, Costa G, et al. . Predictive modeling for frailty conditions in elderly people: machine learning approaches. JMIR Med Inform. 2020;8:e16678.</Citation><ArticleIdList><ArticleId IdType="pmc">PMC7303829</ArticleId><ArticleId IdType="pubmed">32442149</ArticleId></ArticleIdList></Reference><Reference><Citation>M&#xfc;ller M. Item fit statistics for Rasch analysis: can we trust them? J Stat Distrib App. 2020;7:5.</Citation></Reference><Reference><Citation>Chien TW. Figure 8 in this study.
Available at: https://www.healthup.org.tw/gps/DFf0rest177.htm [accessed January 11, 2023].</Citation></Reference><Reference><Citation>Chien TW. Dengue fever online assessment for children.
Available at: https://www.healthup.org.tw/irs/irsin_e.asp?type1=86 [accessed January 11, 2023].</Citation></Reference><Reference><Citation>Agarwal V, Zhang L, Zhu J, et al. . Impact of predicting health care utilization via web search behavior: a data-driven analysis. J Med Internet Res. 2016;18:e251.</Citation><ArticleIdList><ArticleId IdType="pmc">PMC5052461</ArticleId><ArticleId IdType="pubmed">27655225</ArticleId></ArticleIdList></Reference><Reference><Citation>Chien TW. MP4: how to conduct LR in MS Excel.
Available at: https://youtu.be/eqMYYPKpZdM [accessed January 11, 2023].</Citation></Reference><Reference><Citation>Chien TW. How to perform CNN in Excel and use the APP developed in this study.
Available at: https://youtu.be/RagA9An_lvc [accessed January 11, 2023].</Citation></Reference><Reference><Citation>Chien TW. Comparison of machine learning methods MP4 video.
Available at: https://youtu.be/WdkE70dTFrY [accessed January 11, 2023].</Citation></Reference><Reference><Citation>Chien TW. How to design DF app in this study.
Available at: https://youtu.be/nYnj30fbB5I [accessed January 11, 2023].</Citation></Reference><Reference><Citation>Zhang PI, Hsu CC, Kao Y, et al. . Real-time AI prediction for major adverse cardiac events in emergency department patients with chest pain. Scand J Trauma Resusc Emerg Med. 2020;28:93.</Citation><ArticleIdList><ArticleId IdType="pmc">PMC7488862</ArticleId><ArticleId IdType="pubmed">32917261</ArticleId></ArticleIdList></Reference><Reference><Citation>Dao DV, Ly HB, Trinh SH, et al. . Artificial intelligence approaches for prediction of compressive strength of geo-polymer concrete. Materials (Basel). 2019;12:983.</Citation><ArticleIdList><ArticleId IdType="pmc">PMC6471228</ArticleId><ArticleId IdType="pubmed">30934566</ArticleId></ArticleIdList></Reference><Reference><Citation>Alaka SA, Menon BK, Brobbey A, et al. . Functional outcome prediction in ischemic stroke: a comparison of machine learning algorithms and regression models. Front Neurol. 2020;11:889.</Citation><ArticleIdList><ArticleId IdType="pmc">PMC7479334</ArticleId><ArticleId IdType="pubmed">32982920</ArticleId></ArticleIdList></Reference><Reference><Citation>Chien TW. How to draw plots in Raschonline.
Available at: https://www.healthup.org.tw/raschonline/forstudents.htm [accessed February 14, 2023].</Citation></Reference><Reference><Citation>Thandapani S, Mahaboob MI, Iwendi C, et al. . IoMT with deep CNN: AI-based intelligent support system for pandemic diseases. Electronics. 2023;12:424.</Citation></Reference></ReferenceList></PubmedData></PubmedArticle></PubmedArticleSet>