<?xml version="1.0" ?>
<!DOCTYPE PubmedArticleSet PUBLIC "-//NLM//DTD PubMedArticle, 1st January 2023//EN" "https://dtd.nlm.nih.gov/ncbi/pubmed/out/pubmed_230101.dtd">
<PubmedArticleSet>
<PubmedArticle><MedlineCitation Status="MEDLINE" Owner="NLM" IndexingMethod="Automated"><PMID Version="1">37024812</PMID><DateCompleted><Year>2023</Year><Month>04</Month><Day>10</Day></DateCompleted><DateRevised><Year>2023</Year><Month>04</Month><Day>12</Day></DateRevised><Article PubModel="Electronic"><Journal><ISSN IssnType="Electronic">1471-2334</ISSN><JournalIssue CitedMedium="Internet"><Volume>23</Volume><Issue>1</Issue><PubDate><Year>2023</Year><Month>Apr</Month><Day>06</Day></PubDate></JournalIssue><Title>BMC infectious diseases</Title><ISOAbbreviation>BMC Infect Dis</ISOAbbreviation></Journal><ArticleTitle>Effects of temperature, rainfall, and El Ni&#xf1;o Southern Oscillations on dengue-like-illness incidence in Solomon Islands.</ArticleTitle><Pagination><StartPage>206</StartPage><MedlinePgn>206</MedlinePgn></Pagination><ELocationID EIdType="pii" ValidYN="Y">206</ELocationID><ELocationID EIdType="doi" ValidYN="Y">10.1186/s12879-023-08188-x</ELocationID><Abstract><AbstractText Label="BACKGROUND" NlmCategory="BACKGROUND">This study investigated associations between climate variables (average temperature and cumulative rainfall), and El Ni&#xf1;o Southern Oscillation (ENSO) and dengue-like-illness (DLI) incidence in two provinces (Western and Guadalcanal Provinces) in Solomon Islands (SI).</AbstractText><AbstractText Label="METHODS" NlmCategory="METHODS">Weekly DLI and meteorological data were obtained from the Ministry of Health and Medical Services SI and the Ministry of Environment, Climate Change, Disaster Management and Meteorology from 2015 to 2018, respectively. We used negative binomial generalized estimating equations to assess the effects of climate variables up to a lag of 2&#xa0;months and ENSO on DLI incidence in SI.</AbstractText><AbstractText Label="RESULTS" NlmCategory="RESULTS">We captured an upsurge in DLI trend between August 2016 and April 2017. We found the effects of average temperature on DLI in Guadalcanal Province at lag of one month (IRR: 2.186, 95% CI: 1.094-4.368). Rainfall had minor but consistent effect in all provinces. La Ni&#xf1;a associated with increased DLI risks in Guadalcanal Province (IRR: 4.537, 95% CI: 2.042-10.083), whereas El Ni&#xf1;o associated with risk reduction ranging from 72.8% to 76.7% in both provinces.</AbstractText><AbstractText Label="CONCLUSIONS" NlmCategory="CONCLUSIONS">Owing to the effects of climate variability and ENSO on DLI, defining suitable and sustainable measures to control dengue transmission and enhancing community resilience against climate change in low- and middle-developed countries are important.</AbstractText><CopyrightInformation>&#xa9; 2023. The Author(s).</CopyrightInformation></Abstract><AuthorList CompleteYN="Y"><Author ValidYN="Y"><LastName>Andhikaputra</LastName><ForeName>Gerry</ForeName><Initials>G</Initials><AffiliationInfo><Affiliation>Department of Environmental Engineering, College of Engineering, Chung Yuan Christian University, 200 Chung-Pei Road, Zhongli, 320, Taiwan.</Affiliation></AffiliationInfo></Author><Author ValidYN="Y"><LastName>Lin</LastName><ForeName>Yu-Han</ForeName><Initials>YH</Initials><AffiliationInfo><Affiliation>Department of Environmental Engineering, College of Engineering, Chung Yuan Christian University, 200 Chung-Pei Road, Zhongli, 320, Taiwan.</Affiliation></AffiliationInfo></Author><Author ValidYN="Y"><LastName>Wang</LastName><ForeName>Yu-Chun</ForeName><Initials>YC</Initials><AffiliationInfo><Affiliation>Department of Environmental Engineering, College of Engineering, Chung Yuan Christian University, 200 Chung-Pei Road, Zhongli, 320, Taiwan. ycwang@cycu.edu.tw.</Affiliation></AffiliationInfo><AffiliationInfo><Affiliation>Research Center for Environmental Changes, Academia Sinica, 128 Academia Road, Section 2, Nankang, Taipei, 11529, Taiwan. ycwang@cycu.edu.tw.</Affiliation></AffiliationInfo></Author></AuthorList><Language>eng</Language><GrantList CompleteYN="Y"><Grant><GrantID>MOST 109-2621-M-033-001-MY3 and MOST 110-2625-M-033-002</GrantID><Agency>Ministry of Science and Technology, Taiwan</Agency><Country/></Grant></GrantList><PublicationTypeList><PublicationType UI="D016428">Journal Article</PublicationType></PublicationTypeList><ArticleDate DateType="Electronic"><Year>2023</Year><Month>04</Month><Day>06</Day></ArticleDate></Article><MedlineJournalInfo><Country>England</Country><MedlineTA>BMC Infect Dis</MedlineTA><NlmUniqueID>100968551</NlmUniqueID><ISSNLinking>1471-2334</ISSNLinking></MedlineJournalInfo><CitationSubset>IM</CitationSubset><MeshHeadingList><MeshHeading><DescriptorName UI="D006801" MajorTopicYN="N">Humans</DescriptorName></MeshHeading><MeshHeading><DescriptorName UI="D013696" MajorTopicYN="N">Temperature</DescriptorName></MeshHeading><MeshHeading><DescriptorName UI="D059000" MajorTopicYN="Y">El Nino-Southern Oscillation</DescriptorName></MeshHeading><MeshHeading><DescriptorName UI="D015994" MajorTopicYN="N">Incidence</DescriptorName></MeshHeading><MeshHeading><DescriptorName UI="D008542" MajorTopicYN="N" Type="Geographic">Melanesia</DescriptorName><QualifierName UI="Q000453" MajorTopicYN="N">epidemiology</QualifierName></MeshHeading><MeshHeading><DescriptorName UI="D003715" MajorTopicYN="Y">Dengue</DescriptorName><QualifierName UI="Q000453" MajorTopicYN="N">epidemiology</QualifierName></MeshHeading></MeshHeadingList><KeywordList Owner="NOTNLM"><Keyword MajorTopicYN="N">Dengue-like-illness</Keyword><Keyword MajorTopicYN="N">ENSO</Keyword><Keyword MajorTopicYN="N">Multivariate analysis</Keyword><Keyword MajorTopicYN="N">Solomon islands</Keyword></KeywordList><CoiStatement>The authors declare no competing interests.</CoiStatement></MedlineCitation><PubmedData><History><PubMedPubDate PubStatus="received"><Year>2022</Year><Month>11</Month><Day>30</Day></PubMedPubDate><PubMedPubDate PubStatus="accepted"><Year>2023</Year><Month>3</Month><Day>21</Day></PubMedPubDate><PubMedPubDate PubStatus="medline"><Year>2023</Year><Month>4</Month><Day>10</Day><Hour>6</Hour><Minute>42</Minute></PubMedPubDate><PubMedPubDate PubStatus="entrez"><Year>2023</Year><Month>4</Month><Day>6</Day><Hour>23</Hour><Minute>45</Minute></PubMedPubDate><PubMedPubDate PubStatus="pubmed"><Year>2023</Year><Month>4</Month><Day>7</Day><Hour>6</Hour><Minute>0</Minute></PubMedPubDate></History><PublicationStatus>epublish</PublicationStatus><ArticleIdList><ArticleId IdType="pubmed">37024812</ArticleId><ArticleId IdType="pmc">PMC10080901</ArticleId><ArticleId IdType="doi">10.1186/s12879-023-08188-x</ArticleId><ArticleId IdType="pii">10.1186/s12879-023-08188-x</ArticleId></ArticleIdList><ReferenceList><Reference><Citation>Simmons CP, Farrar JJ, van Vinh CN, Wills B. Dengue. N Engl J Med. 2012;366:1423&#x2013;1432. doi: 10.1056/NEJMra1110265.</Citation><ArticleIdList><ArticleId IdType="doi">10.1056/NEJMra1110265</ArticleId><ArticleId IdType="pubmed">22494122</ArticleId></ArticleIdList></Reference><Reference><Citation>Sim S, Aw PPK, Wilm A, Teoh G, Hue KDT, Nguyen NM, et al. Tracking dengue virus intra-host genetic diversity during human-to-mosquito transmission. PLoS Negl Trop Dis. 2015;9:e0004052. doi: 10.1371/journal.pntd.0004052.</Citation><ArticleIdList><ArticleId IdType="doi">10.1371/journal.pntd.0004052</ArticleId><ArticleId IdType="pmc">PMC4556672</ArticleId><ArticleId IdType="pubmed">26325059</ArticleId></ArticleIdList></Reference><Reference><Citation>World Health Organization . Dengue and severe dengue. 2022.</Citation></Reference><Reference><Citation>The Solomon Islands National Statistics Office . Projected population by province. 2019.</Citation></Reference><Reference><Citation>Baumann F. The next frontier&#x2014;human development and the Anthropocene: Undp human development report 2020. Environ Sci Policy Sustain Dev. 2021;63:34&#x2013;40. doi: 10.1080/00139157.2021.1898908.</Citation><ArticleIdList><ArticleId IdType="doi">10.1080/00139157.2021.1898908</ArticleId></ArticleIdList></Reference><Reference><Citation>Craig AT, Joshua CA, Sio AR, Teobasi B, Dofai A, Dalipanda T, et al. Enhanced surveillance during a public health emergency in a resource-limited setting: experience from a large dengue outbreak in Solomon Islands, 2016&#x2013;17. PLoS One. 2018;13:e0198487. doi: 10.1371/journal.pone.0198487.</Citation><ArticleIdList><ArticleId IdType="doi">10.1371/journal.pone.0198487</ArticleId><ArticleId IdType="pmc">PMC5991673</ArticleId><ArticleId IdType="pubmed">29879179</ArticleId></ArticleIdList></Reference><Reference><Citation>Udayanga L, Gunathilaka N, Iqbal MCM, Pahalagedara K, Amarasinghe US, Abeyewickreme W. Socio-economic, knowledge attitude practices (kap), household related and demographic based appearance of non-dengue infected individuals in high dengue risk areas of Kandy district, Sri Lanka. BMC Infect Dis. 2018;18:88. doi: 10.1186/s12879-018-2995-y.</Citation><ArticleIdList><ArticleId IdType="doi">10.1186/s12879-018-2995-y</ArticleId><ArticleId IdType="pmc">PMC5822474</ArticleId><ArticleId IdType="pubmed">29466952</ArticleId></ArticleIdList></Reference><Reference><Citation>Cheng J, Bambrick H, Yakob L, Devine G, Frentiu FD, Williams G, et al. Extreme weather conditions and dengue outbreak in guangdong, china: Spatial heterogeneity based on climate variability. Environ Res. 2021;196:110900. doi: 10.1016/j.envres.2021.110900.</Citation><ArticleIdList><ArticleId IdType="doi">10.1016/j.envres.2021.110900</ArticleId><ArticleId IdType="pubmed">33636184</ArticleId></ArticleIdList></Reference><Reference><Citation>Clarke B, Otto F, Stuart-Smith R, Harrington L. Extremeweather impacts of climate change: an attribution perspective.&#xa0;Environmental Research: Climate. 2022;1(1):012001.</Citation></Reference><Reference><Citation>Masson-Delmotte V, Zhai P, Pirani A, Connors SL, P&#xe9;an C, Berger S, et al. Climate change 2021: The physical science basis. Contribution of working group I to the sixth assessment report of the intergovernmental panel on climate change. 2021. p. 2.</Citation></Reference><Reference><Citation>IPCC W . Climate change 2022: Impacts, adaptation and vulnerability. Contribution of working group II to the fourth assessment report of the intergovernmental panel on climate change. Cambridge, UK: Cambridge University Press; 2022.</Citation></Reference><Reference><Citation>Lai YH. The climatic factors affecting dengue fever outbreaks in southern Taiwan: an application of symbolic data analysis. Biomed Eng Online. 2018;17:148. doi: 10.1186/s12938-018-0575-4.</Citation><ArticleIdList><ArticleId IdType="doi">10.1186/s12938-018-0575-4</ArticleId><ArticleId IdType="pmc">PMC6218984</ArticleId><ArticleId IdType="pubmed">30396346</ArticleId></ArticleIdList></Reference><Reference><Citation>Smith J, Tahani L, Bobogare A, Bugoro H, Otto F, Fafale G, et al. Malaria early warning tool: linking inter-annual climate and malaria variability in northern Guadalcanal, Solomon Islands. Malar J. 2017;16:472. doi: 10.1186/s12936-017-2120-5.</Citation><ArticleIdList><ArticleId IdType="doi">10.1186/s12936-017-2120-5</ArticleId><ArticleId IdType="pmc">PMC5697090</ArticleId><ArticleId IdType="pubmed">29162098</ArticleId></ArticleIdList></Reference><Reference><Citation>Murphy BF, Power SB, McGree S. The varied impacts of El Ni&#xf1;o&#x2013;Southern Oscillation on Pacific island climates. J Clim. 2014;27:4015&#x2013;4036. doi: 10.1175/JCLI-D-13-00130.1.</Citation><ArticleIdList><ArticleId IdType="doi">10.1175/JCLI-D-13-00130.1</ArticleId></ArticleIdList></Reference><Reference><Citation>Kovats RS. El Ni&#xf1;o and human health. Bull World Health Organ. 2000;78:1127&#x2013;1135.</Citation><ArticleIdList><ArticleId IdType="pmc">PMC2560836</ArticleId><ArticleId IdType="pubmed">11019461</ArticleId></ArticleIdList></Reference><Reference><Citation>Pacific Public Health Surveillance Network . A practical guide for implementing syndromic surveillance in pacific island countries and territories. 2010.</Citation></Reference><Reference><Citation>Lindsey R. Climate variability: Oceanic Ni&#xf1;o index. 2009.</Citation></Reference><Reference><Citation>Byers AL, Allore H, Gill TM, Peduzzi PN. Application of negative binomial modeling for discrete outcomes: a case study in aging research. J Clin Epidemiol. 2003;56:559&#x2013;564. doi: 10.1016/S0895-4356(03)00028-3.</Citation><ArticleIdList><ArticleId IdType="doi">10.1016/S0895-4356(03)00028-3</ArticleId><ArticleId IdType="pubmed">12873651</ArticleId></ArticleIdList></Reference><Reference><Citation>Goindin D, Delannay C, Ramdini C, Gustave J, Fouque F. Parity and longevity of aedes aegypti according to temperatures in controlled conditions and consequences on dengue transmission risks. PLoS One. 2015;10:e0135489. doi: 10.1371/journal.pone.0135489.</Citation><ArticleIdList><ArticleId IdType="doi">10.1371/journal.pone.0135489</ArticleId><ArticleId IdType="pmc">PMC4530937</ArticleId><ArticleId IdType="pubmed">26258684</ArticleId></ArticleIdList></Reference><Reference><Citation>Hoffmann K, Pischon T, Schulz M, Schulze MB, Ray J, Boeing H. A statistical test for the equality of differently adjusted incidence rate ratios. Am J Epidemiol. 2008;167:517&#x2013;522. doi: 10.1093/aje/kwm357.</Citation><ArticleIdList><ArticleId IdType="doi">10.1093/aje/kwm357</ArticleId><ArticleId IdType="pubmed">18230678</ArticleId></ArticleIdList></Reference><Reference><Citation>Lee HS, Nguyen-Viet H, Nam VS, Lee M, Won S, Duc PP, et al. Seasonal patterns of dengue fever and associated climate factors in 4 provinces in Vietnam from 1994 to 2013. BMC Infect Dis. 2017;17:218. doi: 10.1186/s12879-017-2326-8.</Citation><ArticleIdList><ArticleId IdType="doi">10.1186/s12879-017-2326-8</ArticleId><ArticleId IdType="pmc">PMC5359841</ArticleId><ArticleId IdType="pubmed">28320341</ArticleId></ArticleIdList></Reference><Reference><Citation>Jia P, Liang L, Tan X, Chen J, Chen X. Potential effects of heat waves on the population dynamics of the dengue mosquito aedes albopictus. PLoS Negl Trop Dis. 2019;13:e0007528. doi: 10.1371/journal.pntd.0007528.</Citation><ArticleIdList><ArticleId IdType="doi">10.1371/journal.pntd.0007528</ArticleId><ArticleId IdType="pmc">PMC6645582</ArticleId><ArticleId IdType="pubmed">31276467</ArticleId></ArticleIdList></Reference><Reference><Citation>Alto BW, Juliano SA. Precipitation and temperature effects on populations of aedes albopictus (diptera: Culicidae): Implications for range expansion. J Med Entomol. 2001;38:646&#x2013;656. doi: 10.1603/0022-2585-38.5.646.</Citation><ArticleIdList><ArticleId IdType="doi">10.1603/0022-2585-38.5.646</ArticleId><ArticleId IdType="pmc">PMC2579929</ArticleId><ArticleId IdType="pubmed">11580037</ArticleId></ArticleIdList></Reference><Reference><Citation>Rubel M, Anwar C, Irfanuddin I, Irsan C, Amin R, Ghiffari A. Impact of climate variability and incidence on dengue hemorrhagic fever in Palembang city, South Sumatra, Indonesia. Open Access Maced J Med Sci. 2021;9:952&#x2013;958. doi: 10.3889/oamjms.2021.6853.</Citation><ArticleIdList><ArticleId IdType="doi">10.3889/oamjms.2021.6853</ArticleId></ArticleIdList></Reference><Reference><Citation>Chuang TW, Chaves LF, Chen PJ. Effects of local and regional climatic fluctuations on dengue outbreaks in southern taiwan. PLoS One. 2017;12:e0178698. doi: 10.1371/journal.pone.0178698.</Citation><ArticleIdList><ArticleId IdType="doi">10.1371/journal.pone.0178698</ArticleId><ArticleId IdType="pmc">PMC5456348</ArticleId><ArticleId IdType="pubmed">28575035</ArticleId></ArticleIdList></Reference><Reference><Citation>Jia P, Chen X, Chen J, Lu L, Liu Q, Tan X. How does the dengue vector mosquito aedes albopictus respond to global warming? Parasit Vectors. 2017;10:1&#x2013;12. doi: 10.1186/s13071-017-2071-2.</Citation><ArticleIdList><ArticleId IdType="doi">10.1186/s13071-017-2071-2</ArticleId><ArticleId IdType="pmc">PMC5346228</ArticleId><ArticleId IdType="pubmed">28284225</ArticleId></ArticleIdList></Reference><Reference><Citation>Annabel S, Joel A, Lee-Ching N, Clarence CT. The effects of maximum ambient temperature and heatwaves on dengue infections in the tropical city-state of singapore &#x2013; a time series analysis. Sci Total Environ. 2021;775:145117. doi: 10.1016/j.scitotenv.2021.145117.</Citation><ArticleIdList><ArticleId IdType="doi">10.1016/j.scitotenv.2021.145117</ArticleId><ArticleId IdType="pubmed">33618312</ArticleId></ArticleIdList></Reference><Reference><Citation>Hii YL, Rockl&#xf6;v J, Ng N, Tang CS, Pang FY, Sauerborn R. Climate variability and increase in intensity and magnitude of dengue incidence in Singapore. Glob Health Action. 2009;2:2036. doi: 10.3402/gha.v2i0.2036.</Citation><ArticleIdList><ArticleId IdType="doi">10.3402/gha.v2i0.2036</ArticleId><ArticleId IdType="pmc">PMC2799326</ArticleId><ArticleId IdType="pubmed">20052380</ArticleId></ArticleIdList></Reference><Reference><Citation>Cheong YL, Burkart K, Leit&#xe3;o PJ, Lakes T. Assessing weather effects on dengue disease in Malaysia. Int J Environ Res Public Health. 2013;10:6319&#x2013;6334. doi: 10.3390/ijerph10126319.</Citation><ArticleIdList><ArticleId IdType="doi">10.3390/ijerph10126319</ArticleId><ArticleId IdType="pmc">PMC3881116</ArticleId><ArticleId IdType="pubmed">24287855</ArticleId></ArticleIdList></Reference><Reference><Citation>Vincenti-Gonzalez MF, Tami A, Lizarazo EF, Grillet ME. Enso-driven climate variability promotes periodic major outbreaks of dengue in Venezuela. Sci Rep. 2018;8:5727. doi: 10.1038/s41598-018-24003-z.</Citation><ArticleIdList><ArticleId IdType="doi">10.1038/s41598-018-24003-z</ArticleId><ArticleId IdType="pmc">PMC5893565</ArticleId><ArticleId IdType="pubmed">29636483</ArticleId></ArticleIdList></Reference><Reference><Citation>Ministry of Environment CC, Disaster Management and Meteorology (MECDM). Solomon islands climate in brief. Available: https://www.met.gov.sb/solomon-islands-climate-in-brief. [Accessed 8 Sept 2022].</Citation></Reference><Reference><Citation>(PCCSP) PCCSP . Current and future climate of the Solomon Islands. 2011.</Citation></Reference><Reference><Citation>Vazquez-Prokopec GM, Kitron U, Montgomery B, Horne P, Ritchie SA. Quantifying the spatial dimension of dengue virus epidemic spread within a tropical urban environment. PLoS Negl Trop Dis. 2010;4:e920. doi: 10.1371/journal.pntd.0000920.</Citation><ArticleIdList><ArticleId IdType="doi">10.1371/journal.pntd.0000920</ArticleId><ArticleId IdType="pmc">PMC3006131</ArticleId><ArticleId IdType="pubmed">21200419</ArticleId></ArticleIdList></Reference><Reference><Citation>Ye T, Ang L, Chow A, Chew S. Seroprevalence study on past and recent dengue virus infection in Singapore. Epidemiol News Bull (Singapore) 2007;33:36&#x2013;41.</Citation></Reference></ReferenceList></PubmedData></PubmedArticle></PubmedArticleSet>