<?xml version="1.0" ?>
<!DOCTYPE PubmedArticleSet PUBLIC "-//NLM//DTD PubMedArticle, 1st January 2023//EN" "https://dtd.nlm.nih.gov/ncbi/pubmed/out/pubmed_230101.dtd">
<PubmedArticleSet>
<PubmedArticle><MedlineCitation Status="PubMed-not-MEDLINE" Owner="NLM" IndexingMethod="Automated"><PMID Version="1">37104314</PMID><DateRevised><Year>2023</Year><Month>05</Month><Day>01</Day></DateRevised><Article PubModel="Electronic"><Journal><ISSN IssnType="Electronic">2414-6366</ISSN><JournalIssue CitedMedium="Internet"><Volume>8</Volume><Issue>4</Issue><PubDate><Year>2023</Year><Month>Mar</Month><Day>25</Day></PubDate></JournalIssue><Title>Tropical medicine and infectious disease</Title><ISOAbbreviation>Trop Med Infect Dis</ISOAbbreviation></Journal><ArticleTitle>Development and Utility of Practical Indicators of Critical Outcomes in Dengue Patients Presenting to Hospital: A Retrospective Cross-Sectional Study.</ArticleTitle><ELocationID EIdType="pii" ValidYN="Y">188</ELocationID><ELocationID EIdType="doi" ValidYN="Y">10.3390/tropicalmed8040188</ELocationID><Abstract><AbstractText>Global travel and climate change have drastically increased the number of countries with endemic or epidemic dengue. The largest dengue outbreak in Taiwan, with 43,419 cases and 228 deaths, occurred in 2015. Practical and cost-effective tools for early prediction of clinical outcomes in dengue patients, especially the elderly, are limited. This study identified the clinical profile and prognostic indicators of critical outcomes in dengue patients on the basis of clinical parameters and comorbidities. A retrospective cross-sectional study was conducted in a tertiary hospital from 1 July 2015 to 30 November 2015. Patients diagnosed with dengue were enrolled, and the initial clinical presentations, diagnostic laboratory data, details of the underlying comorbidities, and initial management recommendations based on 2009 World Health Organization (WHO) guidelines were used to evaluate prognostic indicators of critical outcomes in dengue patients. Dengue patients from another regional hospital were used to evaluate accuracy. A group B (4 points) classification, temperature &lt; 38.5 &#xb0;C (1 point), lower diastolic blood pressure (1 point), prolonged activated partial thromboplastin time (aPTT) (2 points), and elevated liver enzymes (1 point) were included in the scoring system. The area under the receiver operating characteristic curve of the clinical model was 0.933 (95% confidence interval [CI]: 0.905-0.960). The tool had good predictive value and clinical applicability for identifying patients with critical outcomes.</AbstractText></Abstract><AuthorList CompleteYN="Y"><Author ValidYN="Y"><LastName>Chi</LastName><ForeName>Chia-Yu</ForeName><Initials>CY</Initials><Identifier Source="ORCID">0000-0003-4481-3102</Identifier><AffiliationInfo><Affiliation>National Mosquito-Borne Diseases Control Research Center, National Health Research Institutes, Miaoli County 35053, Taiwan.</Affiliation></AffiliationInfo><AffiliationInfo><Affiliation>National Institute of Infectious Diseases and Vaccinology, National Health Research Institutes, Miaoli County 35053, Taiwan.</Affiliation></AffiliationInfo><AffiliationInfo><Affiliation>Department of Microbiology &amp; Immunology, College of Medicine, National Cheng Kung University, Tainan 701401, Taiwan.</Affiliation></AffiliationInfo></Author><Author ValidYN="Y"><LastName>Sung</LastName><ForeName>Tzu-Ching</ForeName><Initials>TC</Initials><Identifier Source="ORCID">0000-0003-0012-9026</Identifier><AffiliationInfo><Affiliation>School of Medicine for International Students, College of Medicine, I-Shou University, Kaohsiung 840203, Taiwan.</Affiliation></AffiliationInfo></Author><Author ValidYN="Y"><LastName>Chang</LastName><ForeName>Ko</ForeName><Initials>K</Initials><Identifier Source="ORCID">0000-0002-6447-8703</Identifier><AffiliationInfo><Affiliation>Department of Internal Medicine, School of Medicine, College of Medicine, Kaohsiung Medical University, Kaohsiung 807378, Taiwan.</Affiliation></AffiliationInfo><AffiliationInfo><Affiliation>Division of Infectious Diseases, Department of Internal Medicine, Kaohsiung Municipal Siaogang Hospital, Kaohsiung 81267, Taiwan.</Affiliation></AffiliationInfo></Author><Author ValidYN="Y"><LastName>Chien</LastName><ForeName>Yu-Wen</ForeName><Initials>YW</Initials><AffiliationInfo><Affiliation>Department of Occupational and Environmental Medicine, National Cheng Kung University Hospital, College of Medicine, National Cheng Kung University, Tainan 704302, Taiwan.</Affiliation></AffiliationInfo><AffiliationInfo><Affiliation>School of Medicine, College of Medicine, National Cheng Kung University, Tainan 701401, Taiwan.</Affiliation></AffiliationInfo></Author><Author ValidYN="Y"><LastName>Hsu</LastName><ForeName>Hsiang-Chin</ForeName><Initials>HC</Initials><Identifier Source="ORCID">0000-0002-4350-6701</Identifier><AffiliationInfo><Affiliation>School of Medicine, College of Medicine, National Cheng Kung University, Tainan 701401, Taiwan.</Affiliation></AffiliationInfo><AffiliationInfo><Affiliation>Department of Pediatrics, National Cheng Kung University Hospital, College of Medicine, National Cheng Kung University, Tainan 704302, Taiwan.</Affiliation></AffiliationInfo><AffiliationInfo><Affiliation>Department of Emergency Medicine, National Cheng Kung University Hospital, College of Medicine, National Cheng Kung University, Tainan 704302, Taiwan.</Affiliation></AffiliationInfo></Author><Author ValidYN="Y"><LastName>Tu</LastName><ForeName>Yi-Fang</ForeName><Initials>YF</Initials><Identifier Source="ORCID">0000-0002-9498-6178</Identifier><AffiliationInfo><Affiliation>Department of Pediatrics, National Cheng Kung University Hospital, College of Medicine, National Cheng Kung University, Tainan 704302, Taiwan.</Affiliation></AffiliationInfo><AffiliationInfo><Affiliation>Department of Public Health, College of Medicine, National Cheng Kung University, Tainan 701401, Taiwan.</Affiliation></AffiliationInfo></Author><Author ValidYN="Y"><LastName>Huang</LastName><ForeName>Yi-Ting</ForeName><Initials>YT</Initials><AffiliationInfo><Affiliation>Department of Emergency Medicine, National Cheng Kung University Hospital, College of Medicine, National Cheng Kung University, Tainan 704302, Taiwan.</Affiliation></AffiliationInfo></Author><Author ValidYN="Y"><LastName>Shih</LastName><ForeName>Hsin-I</ForeName><Initials>HI</Initials><AffiliationInfo><Affiliation>School of Medicine, College of Medicine, National Cheng Kung University, Tainan 701401, Taiwan.</Affiliation></AffiliationInfo><AffiliationInfo><Affiliation>Department of Pediatrics, National Cheng Kung University Hospital, College of Medicine, National Cheng Kung University, Tainan 704302, Taiwan.</Affiliation></AffiliationInfo><AffiliationInfo><Affiliation>Department of Emergency Medicine, National Cheng Kung University Hospital, College of Medicine, National Cheng Kung University, Tainan 704302, Taiwan.</Affiliation></AffiliationInfo></Author></AuthorList><Language>eng</Language><GrantList CompleteYN="Y"><Grant><GrantID>NHRI-106A1-MRCO-0517178</GrantID><Agency>National Health Research Institute, Taiwan</Agency><Country/></Grant><Grant><GrantID>MOST-111-2625-M-006 -016 -</GrantID><Agency>National Science and Technology Council, Taiwan</Agency><Country/></Grant><Grant><GrantID>NCKUH-10506016</GrantID><Agency>National Cheng Kung University Hospital</Agency><Country/></Grant><Grant><GrantID>NCKUH-11203011</GrantID><Agency>National Cheng Kung University Hospital</Agency><Country/></Grant></GrantList><PublicationTypeList><PublicationType UI="D016428">Journal Article</PublicationType></PublicationTypeList><ArticleDate DateType="Electronic"><Year>2023</Year><Month>03</Month><Day>25</Day></ArticleDate></Article><MedlineJournalInfo><Country>Switzerland</Country><MedlineTA>Trop Med Infect Dis</MedlineTA><NlmUniqueID>101709042</NlmUniqueID><ISSNLinking>2414-6366</ISSNLinking></MedlineJournalInfo><KeywordList Owner="NOTNLM"><Keyword MajorTopicYN="N">critical dengue</Keyword><Keyword MajorTopicYN="N">dengue</Keyword><Keyword MajorTopicYN="N">severe dengue</Keyword></KeywordList><CoiStatement>The authors declare no conflict of interest. The funders had no role in the design of the study; in the collection, analyses, or interpretation of data; in the writing of the manuscript; or in the decision to publish the results.</CoiStatement></MedlineCitation><PubmedData><History><PubMedPubDate PubStatus="received"><Year>2023</Year><Month>1</Month><Day>13</Day></PubMedPubDate><PubMedPubDate PubStatus="revised"><Year>2023</Year><Month>2</Month><Day>21</Day></PubMedPubDate><PubMedPubDate PubStatus="accepted"><Year>2023</Year><Month>3</Month><Day>20</Day></PubMedPubDate><PubMedPubDate PubStatus="medline"><Year>2023</Year><Month>4</Month><Day>27</Day><Hour>18</Hour><Minute>42</Minute></PubMedPubDate><PubMedPubDate PubStatus="pubmed"><Year>2023</Year><Month>4</Month><Day>27</Day><Hour>18</Hour><Minute>41</Minute></PubMedPubDate><PubMedPubDate PubStatus="entrez"><Year>2023</Year><Month>4</Month><Day>27</Day><Hour>13</Hour><Minute>35</Minute></PubMedPubDate></History><PublicationStatus>epublish</PublicationStatus><ArticleIdList><ArticleId IdType="pubmed">37104314</ArticleId><ArticleId IdType="pmc">PMC10142425</ArticleId><ArticleId IdType="doi">10.3390/tropicalmed8040188</ArticleId><ArticleId IdType="pii">tropicalmed8040188</ArticleId></ArticleIdList><ReferenceList><Reference><Citation>Brady O.J., Gething P.W., Bhatt S., Messina J.P., Brownstein J.S., Hoen A.G., Moyes C.L., Farlow A.W., Scott T.W., Hay S.I. Refining the global spatial limits of dengue virus transmission by evidence-based consensus. PLoS Negl. Trop. Dis. 2012;6:e1760. doi: 10.1371/journal.pntd.0001760.</Citation><ArticleIdList><ArticleId IdType="doi">10.1371/journal.pntd.0001760</ArticleId><ArticleId IdType="pmc">PMC3413714</ArticleId><ArticleId IdType="pubmed">22880140</ArticleId></ArticleIdList></Reference><Reference><Citation>Guzman M.G., Halstead S.B., Artsob H., Buchy P., Farrar J., Gubler D.J., Hunsperger E., Kroeger A., Margolis H.S., Martinez E., et al. Dengue: A continuing global threat. Nat. Rev. Microbiol. 2010;8:S7&#x2013;S16. doi: 10.1038/nrmicro2460.</Citation><ArticleIdList><ArticleId IdType="doi">10.1038/nrmicro2460</ArticleId><ArticleId IdType="pmc">PMC4333201</ArticleId><ArticleId IdType="pubmed">21079655</ArticleId></ArticleIdList></Reference><Reference><Citation>Lee M.S., Hwang K.P., Chen T.C., Lu P.L., Chen T.P. Clinical characteristics of dengue and dengue hemorrhagic fever in a medical center of southern Taiwan during the 2002 epidemic. J. Microbiol. Immunol. Infect. 2006;39:121&#x2013;129.</Citation><ArticleIdList><ArticleId IdType="pubmed">16604244</ArticleId></ArticleIdList></Reference><Reference><Citation>CDC Annual Report 2016.  [(accessed on 15 August 2020)]; Available online:  https://www.cdc.gov.tw/InfectionReport/Info/MBykt7DHDDcSbrcfxoLRoQ?infoId=HCzh6FgAgovrYiZVrpJrbw.</Citation></Reference><Reference><Citation>Hsu J.C., Hsieh C.L., Lu C.Y. Trend and geographic analysis of the prevalence of dengue in Taiwan, 2010-2015. Int. J. Infect. Dis. 2017;54:43&#x2013;49. doi: 10.1016/j.ijid.2016.11.008.</Citation><ArticleIdList><ArticleId IdType="doi">10.1016/j.ijid.2016.11.008</ArticleId><ArticleId IdType="pubmed">27865829</ArticleId></ArticleIdList></Reference><Reference><Citation>Mohd-Zaki A.H., Brett J., Ismail E., L&#x2019;Azou M. Epidemiology of dengue disease in Malaysia (2000&#x2013;2012): A systematic literature review. PLoS Negl. Trop. Dis. 2014;8:e3159. doi: 10.1371/journal.pntd.0003159.</Citation><ArticleIdList><ArticleId IdType="doi">10.1371/journal.pntd.0003159</ArticleId><ArticleId IdType="pmc">PMC4222702</ArticleId><ArticleId IdType="pubmed">25375211</ArticleId></ArticleIdList></Reference><Reference><Citation>Bravo L., Roque V.G., Brett J., Dizon R., L&#x2019;Azou M. Epidemiology of dengue disease in the Philippines (2000&#x2013;2011): A systematic literature review. PLoS Negl. Trop. Dis. 2014;8:e3027. doi: 10.1371/journal.pntd.0003027.</Citation><ArticleIdList><ArticleId IdType="doi">10.1371/journal.pntd.0003027</ArticleId><ArticleId IdType="pmc">PMC4222740</ArticleId><ArticleId IdType="pubmed">25375119</ArticleId></ArticleIdList></Reference><Reference><Citation>Anders K.L., Nguyet N.M., Chau N.V., Hung N.T., Thuy T.T., Lien Le B., Farrar J., Wills B., Hien T.T., Simmons C.P. Epidemiological factors associated with dengue shock syndrome and mortality in hospitalized dengue patients in Ho Chi Minh City, Vietnam. Am. J. Trop. Med. Hyg. 2011;84:127&#x2013;134. doi: 10.4269/ajtmh.2011.10-0476.</Citation><ArticleIdList><ArticleId IdType="doi">10.4269/ajtmh.2011.10-0476</ArticleId><ArticleId IdType="pmc">PMC3005500</ArticleId><ArticleId IdType="pubmed">21212214</ArticleId></ArticleIdList></Reference><Reference><Citation>Rigau-Perez J.G., Clark G.G., Gubler D.J., Reiter P., Sanders E.J., Vorndam A.V. Dengue and dengue haemorrhagic fever. Lancet. 1998;352:971&#x2013;977. doi: 10.1016/S0140-6736(97)12483-7.</Citation><ArticleIdList><ArticleId IdType="doi">10.1016/S0140-6736(97)12483-7</ArticleId><ArticleId IdType="pubmed">9752834</ArticleId></ArticleIdList></Reference><Reference><Citation>World Health Organization  Dengue: Guidelines for Diagnosis, Treatment, Prevention and Control: New Edition.  [(accessed on 15 August 2020)]; Available online:  http://www.ncbi.nlm.nih.gov/pubmed/23762963.</Citation><ArticleIdList><ArticleId IdType="pubmed">23762963</ArticleId></ArticleIdList></Reference><Reference><Citation>Pang J., Thein T.L., Leo Y.S., Lye D.C. Early clinical and laboratory risk factors of intensive care unit requirement during 2004-2008 dengue epidemics in Singapore: A matched case-control study. BMC Infect. Dis. 2014;14:649. doi: 10.1186/s12879-014-0649-2.</Citation><ArticleIdList><ArticleId IdType="doi">10.1186/s12879-014-0649-2</ArticleId><ArticleId IdType="pmc">PMC4267742</ArticleId><ArticleId IdType="pubmed">25475217</ArticleId></ArticleIdList></Reference><Reference><Citation>Low J.G., Ong A., Tan L.K., Chaterji S., Chow A., Lim W.Y., Lee K.W., Chua R., Chua C.R., Tan S.W., et al. The early clinical features of dengue in adults: Challenges for early clinical diagnosis. PLoS Negl. Trop. Dis. 2011;5:e1191. doi: 10.1371/journal.pntd.0001191.</Citation><ArticleIdList><ArticleId IdType="doi">10.1371/journal.pntd.0001191</ArticleId><ArticleId IdType="pmc">PMC3104968</ArticleId><ArticleId IdType="pubmed">21655307</ArticleId></ArticleIdList></Reference><Reference><Citation>Pang J., Leo Y.S., Lye D.C. Critical care for dengue in adult patients: An overview of current knowledge and future challenges. Curr. Opin. Crit. Care. 2016;22:485&#x2013;490. doi: 10.1097/MCC.0000000000000339.</Citation><ArticleIdList><ArticleId IdType="doi">10.1097/MCC.0000000000000339</ArticleId><ArticleId IdType="pubmed">27583589</ArticleId></ArticleIdList></Reference><Reference><Citation>Liew S.M., Khoo E.M., Ho B.K., Lee Y.K., Omar M., Ayadurai V., Mohamed Yusoff F., Suli Z., Mudin R.N., Goh P.P., et al. Dengue in Malaysia: Factors Associated with Dengue Mortality from a National Registry. PLoS ONE. 2016;11:e0157631. doi: 10.1371/journal.pone.0157631.</Citation><ArticleIdList><ArticleId IdType="doi">10.1371/journal.pone.0157631</ArticleId><ArticleId IdType="pmc">PMC4919027</ArticleId><ArticleId IdType="pubmed">27336440</ArticleId></ArticleIdList></Reference><Reference><Citation>Pinto R.C., Castro D.B., Albuquerque B.C., Sampaio Vde S., Passos R.A., Costa C.F., Sadahiro M., Braga J.U. Mortality Predictors in Patients with Severe Dengue in the State of Amazonas, Brazil. PLoS ONE. 2016;11:e0161884. doi: 10.1371/journal.pone.0161884.</Citation><ArticleIdList><ArticleId IdType="doi">10.1371/journal.pone.0161884</ArticleId><ArticleId IdType="pmc">PMC5001629</ArticleId><ArticleId IdType="pubmed">27564084</ArticleId></ArticleIdList></Reference><Reference><Citation>Thein T.L., Leo Y.S., Fisher D.A., Low J.G., Oh H.M., Gan V.C., Wong J.G., Lye D.C. Risk factors for fatality among confirmed adult dengue inpatients in Singapore: A matched case-control study. PLoS ONE. 2013;8:e81060. doi: 10.1371/journal.pone.0081060.</Citation><ArticleIdList><ArticleId IdType="doi">10.1371/journal.pone.0081060</ArticleId><ArticleId IdType="pmc">PMC3838336</ArticleId><ArticleId IdType="pubmed">24278377</ArticleId></ArticleIdList></Reference><Reference><Citation>Gubler D.J. Dengue and dengue hemorrhagic fever. Clin. Microbiol. Rev. 1998;11:480&#x2013;496. doi: 10.1128/CMR.11.3.480.</Citation><ArticleIdList><ArticleId IdType="doi">10.1128/CMR.11.3.480</ArticleId><ArticleId IdType="pmc">PMC88892</ArticleId><ArticleId IdType="pubmed">9665979</ArticleId></ArticleIdList></Reference><Reference><Citation>Guzman M.G., Kouri G. Dengue: An update. Lancet. Infect. Dis. 2002;2:33&#x2013;42. doi: 10.1016/S1473-3099(01)00171-2.</Citation><ArticleIdList><ArticleId IdType="doi">10.1016/S1473-3099(01)00171-2</ArticleId><ArticleId IdType="pubmed">11892494</ArticleId></ArticleIdList></Reference><Reference><Citation>Chien Y.W., Wang C.C., Wang Y.P., Lee C.Y., Perng G.C. Risk of Leukemia after Dengue Virus Infection: A Population-Based Cohort Study. Cancer Epidemiol. Biomark. Prev. 2020;29:558&#x2013;564. doi: 10.1158/1055-9965.EPI-19-1214.</Citation><ArticleIdList><ArticleId IdType="doi">10.1158/1055-9965.EPI-19-1214</ArticleId><ArticleId IdType="pubmed">32051189</ArticleId></ArticleIdList></Reference><Reference><Citation>Yeh C.Y., Chen P.L., Chuang K.T., Shu Y.C., Chien Y.W., Perng G.C., Ko W.C., Ko N.Y. Symptoms associated with adverse dengue fever prognoses at the time of reporting in the 2015 dengue outbreak in Taiwan. PLoS Negl. Trop. Dis. 2017;11:e0006091. doi: 10.1371/journal.pntd.0006091.</Citation><ArticleIdList><ArticleId IdType="doi">10.1371/journal.pntd.0006091</ArticleId><ArticleId IdType="pmc">PMC5718413</ArticleId><ArticleId IdType="pubmed">29211743</ArticleId></ArticleIdList></Reference><Reference><Citation>Diagnostics S. SD BIOLINE Dengue Duo.  [(accessed on 20 July 2016)].  Available online:  https://www.globalpointofcare.abbott/en/product-details/sd-bioline-dengue-duo-ns1-ag---ab-combo.html.</Citation></Reference><Reference><Citation>Hsieh C.C., Cia C.T., Lee J.C., Sung J.M., Lee N.Y., Chen P.L., Kuo T.H., Chao J.Y., Ko W.C. A Cohort Study of Adult Patients with Severe Dengue in Taiwanese Intensive Care Units: The Elderly and APTT Prolongation Matter for Prognosis. PLoS Negl. Trop. Dis. 2017;11:e0005270. doi: 10.1371/journal.pntd.0005270.</Citation><ArticleIdList><ArticleId IdType="doi">10.1371/journal.pntd.0005270</ArticleId><ArticleId IdType="pmc">PMC5245902</ArticleId><ArticleId IdType="pubmed">28060934</ArticleId></ArticleIdList></Reference><Reference><Citation>Pongpan S., Wisitwong A., Tawichasri C., Patumanond J., Namwongprom S. Development of dengue infection severity score. ISRN Pediatr. 2013;2013:845876. doi: 10.1155/2013/845876.</Citation><ArticleIdList><ArticleId IdType="doi">10.1155/2013/845876</ArticleId><ArticleId IdType="pmc">PMC3845515</ArticleId><ArticleId IdType="pubmed">24324896</ArticleId></ArticleIdList></Reference><Reference><Citation>Vijayaraghavan, Thay Wee Y., Foong Shing W., Hafsa P. Predictors of Dengue Shock Syndrome: APTT Elevation as a Risk Factor in Children with Dengue Fever. J. Infect. Dis. Epidemiol. 2020;6:111. doi: 10.23937/2474-3658/1510111.</Citation><ArticleIdList><ArticleId IdType="doi">10.23937/2474-3658/1510111</ArticleId></ArticleIdList></Reference><Reference><Citation>Hamsa B.T., Srinivasa S.V., Prabhakar K., Raveesha A., Manoj A.G. Significance of APTT as early predictor of bleeding in comparison to thrombocytopenia in dengue virus infection. Int. J. Res. Med. Sci. 2019;7:67&#x2013;70. doi: 10.18203/2320-6012.ijrms20185094.</Citation><ArticleIdList><ArticleId IdType="doi">10.18203/2320-6012.ijrms20185094</ArticleId></ArticleIdList></Reference><Reference><Citation>Kuo H.J., Lee I.K., Liu J.W. Analyses of clinical and laboratory characteristics of dengue adults at their hospital presentations based on the World Health Organization clinical-phase framework: Emphasizing risk of severe dengue in the elderly. J. Microbiol. Immunol. Infect. 2018;51:740&#x2013;748. doi: 10.1016/j.jmii.2016.08.024.</Citation><ArticleIdList><ArticleId IdType="doi">10.1016/j.jmii.2016.08.024</ArticleId><ArticleId IdType="pubmed">28734676</ArticleId></ArticleIdList></Reference><Reference><Citation>Werneck G.L., Macias A.E., Mascarenas C., Coudeville L., Morley D., Recamier V., Guergova-Kuras M., Puentes-Rosas E., Baurin N., Toh M.L. Comorbidities increase in-hospital mortality in dengue patients in Brazil. Mem. Do Inst. Oswaldo Cruz. 2018;113:e180082. doi: 10.1590/0074-02760180082.</Citation><ArticleIdList><ArticleId IdType="doi">10.1590/0074-02760180082</ArticleId><ArticleId IdType="pmc">PMC6056917</ArticleId><ArticleId IdType="pubmed">30043823</ArticleId></ArticleIdList></Reference><Reference><Citation>Sangkaew S., Ming D., Boonyasiri A., Honeyford K., Kalayanarooj S., Yacoub S., Dorigatti I., Holmes A. Risk predictors of progression to severe disease during the febrile phase of dengue: A systematic review and meta-analysis. Lancet. Infect. Dis. 2021;21:1014&#x2013;1026. doi: 10.1016/S1473-3099(20)30601-0.</Citation><ArticleIdList><ArticleId IdType="doi">10.1016/S1473-3099(20)30601-0</ArticleId><ArticleId IdType="pmc">PMC8240557</ArticleId><ArticleId IdType="pubmed">33640077</ArticleId></ArticleIdList></Reference><Reference><Citation>G&#xf6;nen M. A Review of: &#x201c;ROC Curves for Continuous Data, by W. J. Krzanowski and D. J. Hand&#x201d;. J. Biopharm. Stat. 2010;20:485&#x2013;487. doi: 10.1080/10543400903572894.</Citation><ArticleIdList><ArticleId IdType="doi">10.1080/10543400903572894</ArticleId></ArticleIdList></Reference><Reference><Citation>Chien Y.W., Chuang H.N., Wang Y.P., Perng G.C., Chi C.Y., Shih H.I. Short-term, medium-term, and long-term risks of nonvariceal upper gastrointestinal bleeding after dengue virus infection. PLoS Negl. Trop. Dis. 2022;16:e0010039. doi: 10.1371/journal.pntd.0010039.</Citation><ArticleIdList><ArticleId IdType="doi">10.1371/journal.pntd.0010039</ArticleId><ArticleId IdType="pmc">PMC8769317</ArticleId><ArticleId IdType="pubmed">35045094</ArticleId></ArticleIdList></Reference><Reference><Citation>Chien Y.W., Huang H.M., Ho T.C., Tseng F.C., Ko N.Y., Ko W.C., Perng G.C. Seroepidemiology of dengue virus infection among adults during the ending phase of a severe dengue epidemic in southern Taiwan, 2015. BMC Infect. Dis. 2019;19:338. doi: 10.1186/s12879-019-3946-y.</Citation><ArticleIdList><ArticleId IdType="doi">10.1186/s12879-019-3946-y</ArticleId><ArticleId IdType="pmc">PMC6480438</ArticleId><ArticleId IdType="pubmed">31014263</ArticleId></ArticleIdList></Reference><Reference><Citation>Wong P.F., Wong L.P., AbuBakar S. Diagnosis of severe dengue: Challenges, needs and opportunities. J. Infect. Public Health. 2020;13:193&#x2013;198. doi: 10.1016/j.jiph.2019.07.012.</Citation><ArticleIdList><ArticleId IdType="doi">10.1016/j.jiph.2019.07.012</ArticleId><ArticleId IdType="pubmed">31405788</ArticleId></ArticleIdList></Reference><Reference><Citation>Diaz-Quijano F.A., Figueiredo G.M., Waldman E.A., Figueiredo W.M., Cardoso M.R.A., Campos S.R.C., Costa A.A., Pannuti C.S., Luna E.J.A. Comparison of clinical tools for dengue diagnosis in a pediatric population-based cohort. Trans. R Soc. Trop. Med. Hyg. 2019;113:212&#x2013;220. doi: 10.1093/trstmh/try135.</Citation><ArticleIdList><ArticleId IdType="doi">10.1093/trstmh/try135</ArticleId><ArticleId IdType="pubmed">30597090</ArticleId></ArticleIdList></Reference><Reference><Citation>Wang S.F., Chang K., Loh E.W., Wang W.H., Tseng S.P., Lu P.L., Chen Y.H., Chen Y.A. Consecutive large dengue outbreaks in Taiwan in 2014&#x2013;2015. Emerg. Microbes. Infect. 2016;5:e123. doi: 10.1038/emi.2016.124.</Citation><ArticleIdList><ArticleId IdType="doi">10.1038/emi.2016.124</ArticleId><ArticleId IdType="pmc">PMC5180368</ArticleId><ArticleId IdType="pubmed">27924810</ArticleId></ArticleIdList></Reference></ReferenceList></PubmedData></PubmedArticle></PubmedArticleSet>