<?xml version="1.0" ?>
<!DOCTYPE PubmedArticleSet PUBLIC "-//NLM//DTD PubMedArticle, 1st January 2023//EN" "https://dtd.nlm.nih.gov/ncbi/pubmed/out/pubmed_230101.dtd">
<PubmedArticleSet>
<PubmedArticle><MedlineCitation Status="PubMed-not-MEDLINE" Owner="NLM" IndexingMethod="Automated"><PMID Version="1">37104349</PMID><DateRevised><Year>2023</Year><Month>05</Month><Day>01</Day></DateRevised><Article PubModel="Electronic"><Journal><ISSN IssnType="Electronic">2414-6366</ISSN><JournalIssue CitedMedium="Internet"><Volume>8</Volume><Issue>4</Issue><PubDate><Year>2023</Year><Month>Apr</Month><Day>13</Day></PubDate></JournalIssue><Title>Tropical medicine and infectious disease</Title><ISOAbbreviation>Trop Med Infect Dis</ISOAbbreviation></Journal><ArticleTitle>Trends in ELISA-Based Flavivirus IgG Serosurveys: A Systematic Review.</ArticleTitle><ELocationID EIdType="pii" ValidYN="Y">224</ELocationID><ELocationID EIdType="doi" ValidYN="Y">10.3390/tropicalmed8040224</ELocationID><Abstract><AbstractText>Flaviviruses include virus species that are major public health threats worldwide. To determine the immunity landscape of these viruses, seroprevalence studies are often performed using IgG ELISA, which is a simple and rapid alternative to the virus neutralization test. In this review, we aim to describe the trends in flavivirus IgG ELISA-based serosurveys. A systematic literature review using six databases was performed to collate cohort and cross-sectional studies performed on the general population. A total of 204 studies were included in this review. The results show that most studies were performed on dengue virus (DENV), whereas Japanese Encephalitis Virus (JEV) was the least studied. For geographic distribution, serosurveys followed known disease prevalence. Temporally, the number of serosurveys increased after outbreaks and epidemics except for JEV, for which studies were performed to demonstrate the effectiveness of vaccination campaigns. Commercial kits were more commonly used than in-house assays for DENV, West Nile Virus (WNV), and Zika virus (ZIKV). Overall, most studies employed an indirect ELISA format, and the choice of antigens varied per virus. This review shows that flavivirus epidemiology is related to the regional and temporal distribution of serosurveys. It also highlights that endemicity, cross-reactivities, and kit availabilities affect assay choice in serosurveys.</AbstractText></Abstract><AuthorList CompleteYN="Y"><Author ValidYN="Y"><LastName>Vista</LastName><ForeName>Fatima Ericka S</ForeName><Initials>FES</Initials><Identifier Source="ORCID">0000-0001-9183-7612</Identifier><AffiliationInfo><Affiliation>Department of Biochemistry and Molecular Biology, College of Medicine, University of the Philippines Manila, Manila 1000, Philippines.</Affiliation></AffiliationInfo></Author><Author ValidYN="Y"><LastName>Tantengco</LastName><ForeName>Ourlad Alzeus G</ForeName><Initials>OAG</Initials><Identifier Source="ORCID">0000-0002-4535-8837</Identifier><AffiliationInfo><Affiliation>Department of Physiology, College of Medicine, University of the Philippines Manila, Manila 1000, Philippines.</Affiliation></AffiliationInfo><AffiliationInfo><Affiliation>Department of Biology, College of Science, De La Salle University, Manila 0922, Philippines.</Affiliation></AffiliationInfo></Author><Author ValidYN="Y"><LastName>Dispo</LastName><ForeName>Micah D</ForeName><Initials>MD</Initials><Identifier Source="ORCID">0000-0002-4766-8265</Identifier><AffiliationInfo><Affiliation>Department of Epidemiology and Biostatistics, College of Public Health, University of the Philippines Manila, Manila 1000, Philippines.</Affiliation></AffiliationInfo></Author><Author ValidYN="Y"><LastName>Opiso</LastName><ForeName>Danna Mae S</ForeName><Initials>DMS</Initials><AffiliationInfo><Affiliation>Department of Biochemistry and Molecular Biology, College of Medicine, University of the Philippines Manila, Manila 1000, Philippines.</Affiliation></AffiliationInfo></Author><Author ValidYN="Y"><LastName>Badua</LastName><ForeName>Christian Luke D C</ForeName><Initials>CLDC</Initials><AffiliationInfo><Affiliation>Department of Biochemistry and Molecular Biology, College of Medicine, University of the Philippines Manila, Manila 1000, Philippines.</Affiliation></AffiliationInfo></Author><Author ValidYN="Y"><LastName>Gerardo</LastName><ForeName>John Patrick Z</ForeName><Initials>JPZ</Initials><AffiliationInfo><Affiliation>Department of Biochemistry and Molecular Biology, College of Medicine, University of the Philippines Manila, Manila 1000, Philippines.</Affiliation></AffiliationInfo></Author><Author ValidYN="Y"><LastName>Perez</LastName><ForeName>Juan Raphael M</ForeName><Initials>JRM</Initials><Identifier Source="ORCID">0000-0001-9877-1003</Identifier><AffiliationInfo><Affiliation>College of Medicine, University of the Philippines Manila, Manila 1000, Philippines.</Affiliation></AffiliationInfo></Author><Author ValidYN="Y"><LastName>Baldo</LastName><ForeName>Karol Ann T</ForeName><Initials>KAT</Initials><Identifier Source="ORCID">0000-0001-7854-7004</Identifier><AffiliationInfo><Affiliation>Department of Biochemistry and Molecular Biology, College of Medicine, University of the Philippines Manila, Manila 1000, Philippines.</Affiliation></AffiliationInfo></Author><Author ValidYN="Y"><LastName>Chao</LastName><ForeName>Day-Yu</ForeName><Initials>DY</Initials><Identifier Source="ORCID">0000-0001-7139-026X</Identifier><AffiliationInfo><Affiliation>Graduate Institute of Microbiology and Public Health, National Chung Hsing University, Taichung 40227, Taiwan.</Affiliation></AffiliationInfo></Author><Author ValidYN="Y"><LastName>Dalmacio</LastName><ForeName>Leslie Michelle M</ForeName><Initials>LMM</Initials><AffiliationInfo><Affiliation>Department of Biochemistry and Molecular Biology, College of Medicine, University of the Philippines Manila, Manila 1000, Philippines.</Affiliation></AffiliationInfo></Author></AuthorList><Language>eng</Language><PublicationTypeList><PublicationType UI="D016428">Journal Article</PublicationType><PublicationType UI="D016454">Review</PublicationType></PublicationTypeList><ArticleDate DateType="Electronic"><Year>2023</Year><Month>04</Month><Day>13</Day></ArticleDate></Article><MedlineJournalInfo><Country>Switzerland</Country><MedlineTA>Trop Med Infect Dis</MedlineTA><NlmUniqueID>101709042</NlmUniqueID><ISSNLinking>2414-6366</ISSNLinking></MedlineJournalInfo><KeywordList Owner="NOTNLM"><Keyword MajorTopicYN="N">IgG ELISA</Keyword><Keyword MajorTopicYN="N">Japanese encephalitis virus</Keyword><Keyword MajorTopicYN="N">Zika virus</Keyword><Keyword MajorTopicYN="N">dengue virus</Keyword><Keyword MajorTopicYN="N">flavivirus</Keyword><Keyword MajorTopicYN="N">seroprevalence</Keyword><Keyword MajorTopicYN="N">west Nile virus</Keyword></KeywordList><CoiStatement>The authors declare no conflict of interest.</CoiStatement></MedlineCitation><PubmedData><History><PubMedPubDate PubStatus="received"><Year>2023</Year><Month>3</Month><Day>9</Day></PubMedPubDate><PubMedPubDate PubStatus="revised"><Year>2023</Year><Month>4</Month><Day>8</Day></PubMedPubDate><PubMedPubDate PubStatus="accepted"><Year>2023</Year><Month>4</Month><Day>10</Day></PubMedPubDate><PubMedPubDate PubStatus="medline"><Year>2023</Year><Month>4</Month><Day>27</Day><Hour>18</Hour><Minute>42</Minute></PubMedPubDate><PubMedPubDate PubStatus="pubmed"><Year>2023</Year><Month>4</Month><Day>27</Day><Hour>18</Hour><Minute>41</Minute></PubMedPubDate><PubMedPubDate PubStatus="entrez"><Year>2023</Year><Month>4</Month><Day>27</Day><Hour>13</Hour><Minute>35</Minute></PubMedPubDate></History><PublicationStatus>epublish</PublicationStatus><ArticleIdList><ArticleId IdType="pubmed">37104349</ArticleId><ArticleId IdType="pmc">PMC10143827</ArticleId><ArticleId IdType="doi">10.3390/tropicalmed8040224</ArticleId><ArticleId IdType="pii">tropicalmed8040224</ArticleId></ArticleIdList><ReferenceList><Reference><Citation>Lindenbach B.D., Murray C.L., Heinz-J&#xfc;rgel T., Rice C.M. Flaviviridae. In: Knipe D.M., Howley P.M., editors. Fields Virology. Wolters Kluwer/Lippincott Williams &amp; Wilkins Health; Philadelphia, PA, USA: 2013. pp. 712&#x2013;746.</Citation></Reference><Reference><Citation>Kaaijk P., Luytjes W. Are We Prepared for Emerging Flaviviruses in Europe? Challenges for Vaccination. Hum. Vaccin. Immunother. 2017;14:337&#x2013;344. doi: 10.1080/21645515.2017.1389363.</Citation><ArticleIdList><ArticleId IdType="doi">10.1080/21645515.2017.1389363</ArticleId><ArticleId IdType="pmc">PMC5806644</ArticleId><ArticleId IdType="pubmed">29053401</ArticleId></ArticleIdList></Reference><Reference><Citation>Pierson T.C., Diamond M.S. The Continued Threat of Emerging Flaviviruses. Nat. Microbiol. 2020;5:796&#x2013;812. doi: 10.1038/s41564-020-0714-0.</Citation><ArticleIdList><ArticleId IdType="doi">10.1038/s41564-020-0714-0</ArticleId><ArticleId IdType="pmc">PMC7696730</ArticleId><ArticleId IdType="pubmed">32367055</ArticleId></ArticleIdList></Reference><Reference><Citation>Weaver S.C., Costa F., Garcia-Blanco M.A., Ko A.I., Ribeiro G.S., Saade G., Shi P.-Y., Vasilakis N. Zika Virus: History, Emergence, Biology, and Prospects for Control. Antiviral. Res. 2016;130:69&#x2013;80. doi: 10.1016/j.antiviral.2016.03.010.</Citation><ArticleIdList><ArticleId IdType="doi">10.1016/j.antiviral.2016.03.010</ArticleId><ArticleId IdType="pmc">PMC4851879</ArticleId><ArticleId IdType="pubmed">26996139</ArticleId></ArticleIdList></Reference><Reference><Citation>Musso D., Despr&#xe8;s P. Serological Diagnosis of Flavivirus-Associated Human Infections. Diagnostics. 2020;10:302. doi: 10.3390/diagnostics10050302.</Citation><ArticleIdList><ArticleId IdType="doi">10.3390/diagnostics10050302</ArticleId><ArticleId IdType="pmc">PMC7277941</ArticleId><ArticleId IdType="pubmed">32423058</ArticleId></ArticleIdList></Reference><Reference><Citation>Ahmed A.M., Mohammed A.T., Vu T.T., Khattab M., Doheim M.F., Ashraf Mohamed A., Abdelhamed M.M., Shamandy B.E., Dawod M.T., Alesaei W.A., et al. Prevalence and Burden of Dengue Infection in Europe: A Systematic Review and Meta-analysis. Rev. Med. Virol. 2020;30:e2093. doi: 10.1002/rmv.2093.</Citation><ArticleIdList><ArticleId IdType="doi">10.1002/rmv.2093</ArticleId><ArticleId IdType="pubmed">31833169</ArticleId></ArticleIdList></Reference><Reference><Citation>Cleton N., Koopmans M., Braks M., Van Maanen K., Reusken C. Japanese encephalitis in Southern Europe. Tijdschr Diergeneeskd. 2014;139:20&#x2013;25.</Citation><ArticleIdList><ArticleId IdType="pubmed">25090898</ArticleId></ArticleIdList></Reference><Reference><Citation>Khawar W., Bromberg R., Moor M., Lyubynska N., Mahmoudi H. Seven Cases of Zika Virus Infection in South Florida. Cureus. 2017;9:e1099. doi: 10.7759/cureus.1099.</Citation><ArticleIdList><ArticleId IdType="doi">10.7759/cureus.1099</ArticleId><ArticleId IdType="pmc">PMC5392035</ArticleId><ArticleId IdType="pubmed">28413745</ArticleId></ArticleIdList></Reference><Reference><Citation>Hasan S., Jamdar S., Alalowi M., Al Ageel Al Beaiji S. Dengue Virus: A Global Human Threat: Review of Literature. J. Int. Soc. Prevent. Communit. Dent. 2016;6:1. doi: 10.4103/2231-0762.175416.</Citation><ArticleIdList><ArticleId IdType="doi">10.4103/2231-0762.175416</ArticleId><ArticleId IdType="pmc">PMC4784057</ArticleId><ArticleId IdType="pubmed">27011925</ArticleId></ArticleIdList></Reference><Reference><Citation>Daep C.A., Mu&#xf1;oz-Jord&#xe1;n J.L., Eugenin E.A. Flaviviruses, an Expanding Threat in Public Health: Focus on Dengue, West Nile, and Japanese Encephalitis Virus. J. Neurovirol. 2014;20:539&#x2013;560. doi: 10.1007/s13365-014-0285-z.</Citation><ArticleIdList><ArticleId IdType="doi">10.1007/s13365-014-0285-z</ArticleId><ArticleId IdType="pmc">PMC4331079</ArticleId><ArticleId IdType="pubmed">25287260</ArticleId></ArticleIdList></Reference><Reference><Citation>Bhatt S., Gething P.W., Brady O.J., Messina J.P., Farlow A.W., Moyes C.L., Drake J.M., Brownstein J.S., Hoen A.G., Sankoh O., et al. The Global Distribution and Burden of Dengue. Nature. 2013;496:504&#x2013;507. doi: 10.1038/nature12060.</Citation><ArticleIdList><ArticleId IdType="doi">10.1038/nature12060</ArticleId><ArticleId IdType="pmc">PMC3651993</ArticleId><ArticleId IdType="pubmed">23563266</ArticleId></ArticleIdList></Reference><Reference><Citation>Suwanmanee S., Luplertlop N. Dengue and Zika Viruses: Lessons Learned from the Similarities between These Aedes Mosquito-Vectored Arboviruses. J. Microbiol. 2017;55:81&#x2013;89. doi: 10.1007/s12275-017-6494-4.</Citation><ArticleIdList><ArticleId IdType="doi">10.1007/s12275-017-6494-4</ArticleId><ArticleId IdType="pubmed">28120186</ArticleId></ArticleIdList></Reference><Reference><Citation>Paix&#xe3;o E.S., Barreto F., da Gl&#xf3;ria Teixeira M., da Concei&#xe7;&#xe3;o N., Costa M., Rodrigues L.C. History, Epidemiology, and Clinical Manifestations of Zika: A Systematic Review. Am. J. Public Health. 2016;106:606&#x2013;612. doi: 10.2105/AJPH.2016.303112.</Citation><ArticleIdList><ArticleId IdType="doi">10.2105/AJPH.2016.303112</ArticleId><ArticleId IdType="pmc">PMC4816002</ArticleId><ArticleId IdType="pubmed">26959260</ArticleId></ArticleIdList></Reference><Reference><Citation>Halani S., Tombindo P.E., O&#x2019;Reilly R., Miranda R.N., Erdman L.K., Whitehead C., Bielecki J.M., Ramsay L., Ximenes R., Boyle J., et al. Clinical Manifestations and Health Outcomes Associated with Zika Virus Infections in Adults: A Systematic Review. PLoS Negl. Trop. Dis. 2021;15:e0009516. doi: 10.1371/journal.pntd.0009516.</Citation><ArticleIdList><ArticleId IdType="doi">10.1371/journal.pntd.0009516</ArticleId><ArticleId IdType="pmc">PMC8297931</ArticleId><ArticleId IdType="pubmed">34252102</ArticleId></ArticleIdList></Reference><Reference><Citation>Moore C.A., Staples J.E., Dobyns W.B., Pessoa A., Ventura C.V., da Fonseca E.B., Ribeiro E.M., Ventura L.O., Neto N.N., Arena J.F., et al. Characterizing the Pattern of Anomalies in Congenital Zika Syndrome for Pediatric Clinicians. JAMA Pediatr. 2017;171:288. doi: 10.1001/jamapediatrics.2016.3982.</Citation><ArticleIdList><ArticleId IdType="doi">10.1001/jamapediatrics.2016.3982</ArticleId><ArticleId IdType="pmc">PMC5561417</ArticleId><ArticleId IdType="pubmed">27812690</ArticleId></ArticleIdList></Reference><Reference><Citation>WHO  Zika Epidemiology Update&#x2014;February 2022.  [(accessed on 4 August 2022)]; Available online:  https://www.who.int/publications/m/item/zika-epidemiology-update---february-2022.</Citation></Reference><Reference><Citation>Solomon T., Dung N.M., Kneen R., Gainsborough M., Brown D.W., Khanh V.T. Japanese Encephalitis. J. Neurol. Neurosurg. Psychiatry. 2000;68:405&#x2013;415. doi: 10.1136/jnnp.68.4.405.</Citation><ArticleIdList><ArticleId IdType="doi">10.1136/jnnp.68.4.405</ArticleId><ArticleId IdType="pmc">PMC1736874</ArticleId><ArticleId IdType="pubmed">10727474</ArticleId></ArticleIdList></Reference><Reference><Citation>WHO  Japanese Encephalitis.  [(accessed on 4 August 2022)]; Available online:  https://www.who.int/news-room/fact-sheets/detail/japanese-encephalitis.</Citation></Reference><Reference><Citation>Habarugira G., Suen W.W., Hobson-Peters J., Hall R.A., Bielefeldt-Ohmann H. West Nile Virus: An Update on Pathobiology, Epidemiology, Diagnostics, Control and &#x201c;One Health&#x201d; Implications. Pathogens. 2020;9:589. doi: 10.3390/pathogens9070589.</Citation><ArticleIdList><ArticleId IdType="doi">10.3390/pathogens9070589</ArticleId><ArticleId IdType="pmc">PMC7400489</ArticleId><ArticleId IdType="pubmed">32707644</ArticleId></ArticleIdList></Reference><Reference><Citation>Sejvar J.J. West Nile Virus Infection. Microbiol. Spectr. 2016;4:237&#x2013;269. doi: 10.1128/microbiolspec.EI10-0021-2016.</Citation><ArticleIdList><ArticleId IdType="doi">10.1128/microbiolspec.EI10-0021-2016</ArticleId><ArticleId IdType="pubmed">27337465</ArticleId></ArticleIdList></Reference><Reference><Citation>Yan G., Pang L., Cook A.R., Ho H.J., Win M.S., Khoo A.L., Wong J.G.X., Lee C.K., Yan B., Jureen R., et al. Distinguishing Zika and Dengue Viruses through Simple Clinical Assessment, Singapore. Emerg. Infect. Dis. 2018;24:1565&#x2013;1568. doi: 10.3201/eid2408.171883.</Citation><ArticleIdList><ArticleId IdType="doi">10.3201/eid2408.171883</ArticleId><ArticleId IdType="pmc">PMC6056111</ArticleId><ArticleId IdType="pubmed">30016242</ArticleId></ArticleIdList></Reference><Reference><Citation>Rathore A.P.S., John A.L.S. Cross-Reactive Immunity Among Flaviviruses. Front. Immunol. 2020;11:334. doi: 10.3389/fimmu.2020.00334.</Citation><ArticleIdList><ArticleId IdType="doi">10.3389/fimmu.2020.00334</ArticleId><ArticleId IdType="pmc">PMC7054434</ArticleId><ArticleId IdType="pubmed">32174923</ArticleId></ArticleIdList></Reference><Reference><Citation>World Health Organization  Vaccines and Immunization: Dengue.  [(accessed on 6 April 2023)]; Available online:  https://www.who.int/news-room/questions-and-answers/item/dengue-vaccines.</Citation></Reference><Reference><Citation>Fritzell C., Rousset D., Adde A., Kazanji M., Van Kerkhove M.D., Flamand C. Current Challenges and Implications for Dengue, Chikungunya and Zika Seroprevalence Studies Worldwide: A Scoping Review. PLoS Negl. Trop. Dis. 2018;12:e0006533. doi: 10.1371/journal.pntd.0006533.</Citation><ArticleIdList><ArticleId IdType="doi">10.1371/journal.pntd.0006533</ArticleId><ArticleId IdType="pmc">PMC6062120</ArticleId><ArticleId IdType="pubmed">30011271</ArticleId></ArticleIdList></Reference><Reference><Citation>Undurraga E.A., Halasa Y.A., Shepard D.S. Use of Expansion Factors to Estimate the Burden of Dengue in Southeast Asia: A Systematic Analysis. PLoS Negl. Trop. Dis. 2013;7:e2056. doi: 10.1371/journal.pntd.0002056.</Citation><ArticleIdList><ArticleId IdType="doi">10.1371/journal.pntd.0002056</ArticleId><ArticleId IdType="pmc">PMC3578761</ArticleId><ArticleId IdType="pubmed">23437407</ArticleId></ArticleIdList></Reference><Reference><Citation>Alera M.T., Srikiatkhachorn A., Velasco J.M., Tac-An I.A., Lago C.B., Clapham H.E., Fernandez S., Levy J.W., Thaisomboonsuk B., Klungthong C., et al. Incidence of Dengue Virus Infection in Adults and Children in a Prospective Longitudinal Cohort in the Philippines. PLoS Negl. Trop. Dis. 2016;10:e0004337. doi: 10.1371/journal.pntd.0004337.</Citation><ArticleIdList><ArticleId IdType="doi">10.1371/journal.pntd.0004337</ArticleId><ArticleId IdType="pmc">PMC4742283</ArticleId><ArticleId IdType="pubmed">26845762</ArticleId></ArticleIdList></Reference><Reference><Citation>Nagy A., Csonka N., Tak&#xe1;cs M., Mezei E., Barab&#xe1;s &#xc9;. West Nile and Usutu Virus Seroprevalence in Hungary: A Nationwide Serosurvey among Blood Donors in 2019. PLoS ONE. 2022;17:e0266840. doi: 10.1371/journal.pone.0266840.</Citation><ArticleIdList><ArticleId IdType="doi">10.1371/journal.pone.0266840</ArticleId><ArticleId IdType="pmc">PMC8992992</ArticleId><ArticleId IdType="pubmed">35395048</ArticleId></ArticleIdList></Reference><Reference><Citation>Yen T.-Y., Trovoada dos Santos M.d.J., Tseng L.-F., Chang S.-F., Cheng C.-F., Carvalho A.V.d.A., Shu P.-Y., Lien J.-C., Tsai K.-H. Seroprevalence of Antibodies against Dengue Virus among Pregnant Women in the Democratic Republic of Sao Tome and Principe. Acta Tropica. 2016;155:58&#x2013;62. doi: 10.1016/j.actatropica.2015.12.012.</Citation><ArticleIdList><ArticleId IdType="doi">10.1016/j.actatropica.2015.12.012</ArticleId><ArticleId IdType="pubmed">26739653</ArticleId></ArticleIdList></Reference><Reference><Citation>Flamand C., Bailly S., Fritzell C., Berthelot L., Vanhomwegen J., Salje H., Paireau J., Matheus S., Enfissi A., Fernandes-Pellerin S., et al. Impact of Zika Virus Emergence in French Guiana: A Large General Population Seroprevalence Survey. J. Infect. Dis. 2019;220:1915&#x2013;1925. doi: 10.1093/infdis/jiz396.</Citation><ArticleIdList><ArticleId IdType="doi">10.1093/infdis/jiz396</ArticleId><ArticleId IdType="pmc">PMC6834069</ArticleId><ArticleId IdType="pubmed">31418012</ArticleId></ArticleIdList></Reference><Reference><Citation>Biggs J.R., Sy A.K., Brady O.J., Kucharski A.J., Funk S., Tu Y.-H., Reyes M.A.J., Quinones M.A., Jones-Warner W., Ashall J., et al. Serological Evidence of Widespread Zika Transmission across the Philippines. Viruses. 2021;13:1441. doi: 10.3390/v13081441.</Citation><ArticleIdList><ArticleId IdType="doi">10.3390/v13081441</ArticleId><ArticleId IdType="pmc">PMC8402696</ArticleId><ArticleId IdType="pubmed">34452307</ArticleId></ArticleIdList></Reference><Reference><Citation>Otu A.A., Udoh U.A., Ita O.I., Hicks J.P., Egbe W.O., Walley J. A Cross-Sectional Survey on the Seroprevalence of Dengue Fever in Febrile Patients Attending Health Facilities in Cross River State, Nigeria. PLoS ONE. 2019;14:e0215143. doi: 10.1371/journal.pone.0215143.</Citation><ArticleIdList><ArticleId IdType="doi">10.1371/journal.pone.0215143</ArticleId><ArticleId IdType="pmc">PMC6476506</ArticleId><ArticleId IdType="pubmed">31009479</ArticleId></ArticleIdList></Reference><Reference><Citation>Sam I.-C., Montoya M., Chua C.L., Chan Y.F., Pastor A., Harris E. Low Seroprevalence Rates of Zika Virus in Kuala Lumpur, Malaysia. Trans. R. Soc. Trop. Med. Hyg. 2019;113:678&#x2013;684. doi: 10.1093/trstmh/trz056.</Citation><ArticleIdList><ArticleId IdType="doi">10.1093/trstmh/trz056</ArticleId><ArticleId IdType="pmc">PMC6836714</ArticleId><ArticleId IdType="pubmed">31294807</ArticleId></ArticleIdList></Reference><Reference><Citation>Lukman N., Salim G., Kosasih H., Susanto N.H., Parwati I., Fitri S., Alisjahbana B., Widjaja S., Williams M. Comparison of the Hemagglutination Inhibition Test and IgG ELISA in Categorizing Primary and Secondary Dengue Infections Based on the Plaque Reduction Neutralization Test. BioMed Res. Int. 2016;2016:1&#x2013;5. doi: 10.1155/2016/5253842.</Citation><ArticleIdList><ArticleId IdType="doi">10.1155/2016/5253842</ArticleId><ArticleId IdType="pmc">PMC4944055</ArticleId><ArticleId IdType="pubmed">27446953</ArticleId></ArticleIdList></Reference><Reference><Citation>Balingit J.C., Phu Ly M.H., Matsuda M., Suzuki R., Hasebe F., Morita K., Moi M.L. A Simple and High-Throughput ELISA-Based Neutralization Assay for the Determination of Anti-Flavivirus Neutralizing Antibodies. Vaccines. 2020;8:297. doi: 10.3390/vaccines8020297.</Citation><ArticleIdList><ArticleId IdType="doi">10.3390/vaccines8020297</ArticleId><ArticleId IdType="pmc">PMC7350015</ArticleId><ArticleId IdType="pubmed">32532141</ArticleId></ArticleIdList></Reference><Reference><Citation>Maezono K., Kobayashi S., Tabata K., Yoshii K., Kariwa H. Development of a Highly Specific Serodiagnostic ELISA for West Nile Virus Infection Using Subviral Particles. Sci. Rep. 2021;11:9213. doi: 10.1038/s41598-021-88777-5.</Citation><ArticleIdList><ArticleId IdType="doi">10.1038/s41598-021-88777-5</ArticleId><ArticleId IdType="pmc">PMC8080695</ArticleId><ArticleId IdType="pubmed">33911132</ArticleId></ArticleIdList></Reference><Reference><Citation>Aydin S. A Short History, Principles, and Types of ELISA, and Our Laboratory Experience with Peptide/Protein Analyses Using ELISA. Peptides. 2015;72:4&#x2013;15. doi: 10.1016/j.peptides.2015.04.012.</Citation><ArticleIdList><ArticleId IdType="doi">10.1016/j.peptides.2015.04.012</ArticleId><ArticleId IdType="pubmed">25908411</ArticleId></ArticleIdList></Reference><Reference><Citation>Moher D. Preferred Reporting Items for Systematic Reviews and Meta-Analyses: The PRISMA Statement. Ann. Intern. Med. 2009;151:264. doi: 10.7326/0003-4819-151-4-200908180-00135.</Citation><ArticleIdList><ArticleId IdType="doi">10.7326/0003-4819-151-4-200908180-00135</ArticleId><ArticleId IdType="pubmed">19622511</ArticleId></ArticleIdList></Reference><Reference><Citation>Munn Z., Moola S., Lisy K., Riitano D., Tufanaru C. Methodological Guidance for Systematic Reviews of Observational Epidemiological Studies Reporting Prevalence and Cumulative Incidence Data. Int. J. Evid.-Based Healthc. 2015;13:147&#x2013;153. doi: 10.1097/XEB.0000000000000054.</Citation><ArticleIdList><ArticleId IdType="doi">10.1097/XEB.0000000000000054</ArticleId><ArticleId IdType="pubmed">26317388</ArticleId></ArticleIdList></Reference><Reference><Citation>R Core Team  A Language and Environment for Statistical Computing.  [(accessed on 1 February 2023)].  Available online:  https://www.r-project.org/</Citation></Reference><Reference><Citation>World Health Organization . Guidance on Conducting Serosurveys in Support of Measles and Rubella Elimination in the WHO European Region. WHO; Geneva, Switzerland: 2013. p. 25.</Citation></Reference><Reference><Citation>Guzman M.G., Gubler D.J., Izquierdo A., Martinez E., Halstead S.B. Dengue Infection. Nat. Rev. Dis. Primers. 2016;2:16055. doi: 10.1038/nrdp.2016.55.</Citation><ArticleIdList><ArticleId IdType="doi">10.1038/nrdp.2016.55</ArticleId><ArticleId IdType="pubmed">27534439</ArticleId></ArticleIdList></Reference><Reference><Citation>Centers for Disease Control and Prevention Dengue  Areas of Risk Around the World.  [(accessed on 11 February 2023)]; Available online:  https://www.cdc.gov/dengue/areaswithrisk/around-the-world.html.</Citation></Reference><Reference><Citation>Gwee X.W.S., Chua P.E.Y., Pang J. Global Dengue Importation: A Systematic Review. BMC Infect. Dis. 2021;21:1078. doi: 10.1186/s12879-021-06740-1.</Citation><ArticleIdList><ArticleId IdType="doi">10.1186/s12879-021-06740-1</ArticleId><ArticleId IdType="pmc">PMC8524397</ArticleId><ArticleId IdType="pubmed">34666692</ArticleId></ArticleIdList></Reference><Reference><Citation>Gainor E.M., Harris E., LaBeaud A.D. Uncovering the Burden of Dengue in Africa: Considerations on Magnitude, Misdiagnosis, and Ancestry. Viruses. 2022;14:233. doi: 10.3390/v14020233.</Citation><ArticleIdList><ArticleId IdType="doi">10.3390/v14020233</ArticleId><ArticleId IdType="pmc">PMC8877195</ArticleId><ArticleId IdType="pubmed">35215827</ArticleId></ArticleIdList></Reference><Reference><Citation>Guo Z., Jing W., Liu J., Liu M. The Global Trends and Regional Differences in Incidence of Zika Virus Infection and Implications for Zika Virus Infection Prevention. PLOS Negl. Trop. Dis. 2022;16:e0010812. doi: 10.1371/journal.pntd.0010812.</Citation><ArticleIdList><ArticleId IdType="doi">10.1371/journal.pntd.0010812</ArticleId><ArticleId IdType="pmc">PMC9586358</ArticleId><ArticleId IdType="pubmed">36269778</ArticleId></ArticleIdList></Reference><Reference><Citation>Gubler D.J., Vasilakis N., Musso D. History and Emergence of Zika Virus. J. Infect. Dis. 2017;216:S860&#x2013;S867. doi: 10.1093/infdis/jix451.</Citation><ArticleIdList><ArticleId IdType="doi">10.1093/infdis/jix451</ArticleId><ArticleId IdType="pmc">PMC5853376</ArticleId><ArticleId IdType="pubmed">29267917</ArticleId></ArticleIdList></Reference><Reference><Citation>Sejvar J.J. West Nile Virus: An Historical Overview. Ochsner J. 2003;5:6&#x2013;10.</Citation><ArticleIdList><ArticleId IdType="pmc">PMC3111838</ArticleId><ArticleId IdType="pubmed">21765761</ArticleId></ArticleIdList></Reference><Reference><Citation>Young J.J., Haussig J.M., Aberle S.W., Pervanidou D., Riccardo F., Sekuli&#x107; N., Bakonyi T., Gossner C.M. Epidemiology of Human West Nile Virus Infections in the European Union and European Union Enlargement Countries, 2010 to 2018. Eurosurveillance. 2021;26:2001095. doi: 10.2807/1560-7917.ES.2021.26.19.2001095.</Citation><ArticleIdList><ArticleId IdType="doi">10.2807/1560-7917.ES.2021.26.19.2001095</ArticleId><ArticleId IdType="pmc">PMC8120798</ArticleId><ArticleId IdType="pubmed">33988124</ArticleId></ArticleIdList></Reference><Reference><Citation>Ronca S.E., Ruff J.C., Murray K.O. A 20-Year Historical Review of West Nile Virus since Its Initial Emergence in North America: Has West Nile Virus Become a Neglected Tropical Disease? PLoS Negl. Trop. Dis. 2021;15:e0009190. doi: 10.1371/journal.pntd.0009190.</Citation><ArticleIdList><ArticleId IdType="doi">10.1371/journal.pntd.0009190</ArticleId><ArticleId IdType="pmc">PMC8101735</ArticleId><ArticleId IdType="pubmed">33956816</ArticleId></ArticleIdList></Reference><Reference><Citation>World Health Organization  West Nile Virus.  [(accessed on 11 February 2023)].  Available online:  https://www.who.int/news-room/fact-sheets/detail/west-nile-virus.</Citation></Reference><Reference><Citation>Mencattelli G., Ndione M.H.D., Ros&#xe0; R., Marini G., Diagne C.T., Diagne M.M., Fall G., Faye O., Diallo M., Faye O., et al. Epidemiology of West Nile Virus in Africa: An Underestimated Threat. PLoS Negl. Trop. Dis. 2022;16:e0010075. doi: 10.1371/journal.pntd.0010075.</Citation><ArticleIdList><ArticleId IdType="doi">10.1371/journal.pntd.0010075</ArticleId><ArticleId IdType="pmc">PMC8789169</ArticleId><ArticleId IdType="pubmed">35007285</ArticleId></ArticleIdList></Reference><Reference><Citation>Campbell G.L., Hills S.L., Fischer M., Jacobson J.A., Hoke C.H., Hombach J.M., Marfin A.A., Solomon T., Tsai T.F., Tsu V.D., et al. Estimated Global Incidence of Japanese Encephalitis: A Systematic Review. Bull. World Health Organ. 2011;89:766&#x2013;774E. doi: 10.2471/BLT.10.085233.</Citation><ArticleIdList><ArticleId IdType="doi">10.2471/BLT.10.085233</ArticleId><ArticleId IdType="pmc">PMC3209971</ArticleId><ArticleId IdType="pubmed">22084515</ArticleId></ArticleIdList></Reference><Reference><Citation>Vannice K.S., Hills S.L., Schwartz L.M., Barrett A.D., Heffelfinger J., Hombach J., Letson G.W., Solomon T., Marfin A.A. The Future of Japanese Encephalitis Vaccination: Expert Recommendations for Achieving and Maintaining Optimal JE Control. NPJ Vaccines. 2021;6:1&#x2013;9. doi: 10.1038/s41541-021-00338-z.</Citation><ArticleIdList><ArticleId IdType="doi">10.1038/s41541-021-00338-z</ArticleId><ArticleId IdType="pmc">PMC8206071</ArticleId><ArticleId IdType="pubmed">34131150</ArticleId></ArticleIdList></Reference><Reference><Citation>Huang C.-H., Tsai Y.-T., Wang S.-F., Wang W.-H., Chen Y.-H. Dengue Vaccine: An Update. Expert. Rev. Anti Infect. Ther. 2021;19:1495&#x2013;1502. doi: 10.1080/14787210.2021.1949983.</Citation><ArticleIdList><ArticleId IdType="doi">10.1080/14787210.2021.1949983</ArticleId><ArticleId IdType="pubmed">34182875</ArticleId></ArticleIdList></Reference><Reference><Citation>Wang Y., Ling L., Zhang Z., Marin-Lopez A. Current Advances in Zika Vaccine Development. Vaccines. 2022;10:1816. doi: 10.3390/vaccines10111816.</Citation><ArticleIdList><ArticleId IdType="doi">10.3390/vaccines10111816</ArticleId><ArticleId IdType="pmc">PMC9694033</ArticleId><ArticleId IdType="pubmed">36366325</ArticleId></ArticleIdList></Reference><Reference><Citation>Konishi E., Kitai Y. Detection by ELISA of Antibodies to Japanese Encephalitis Virus Nonstructural 1 Protein Induced in Subclinically Infected Humans. Vaccine. 2009;27:7053&#x2013;7058. doi: 10.1016/j.vaccine.2009.09.064.</Citation><ArticleIdList><ArticleId IdType="doi">10.1016/j.vaccine.2009.09.064</ArticleId><ArticleId IdType="pubmed">19786140</ArticleId></ArticleIdList></Reference><Reference><Citation>Spickler A.R. Japanese Encephalitis.  [(accessed on 7 March 2023)].  Available online:  http://www.cfsph.iastate.edu/DiseaseInfo/factsheets.php.</Citation></Reference><Reference><Citation>Ler T.S., Ang L.W., Yap G.S.L., Ng L.C., Tai J.C., James L., Goh K.T. Epidemiological Characteristics of the 2005 and 2007 Dengue Epidemics in Singapore&#x2014;Similarities and Distinctions. Western Pac. Surveill Response J. 2011;2:24&#x2013;29. doi: 10.5365/WPSAR.2010.1.1.011.</Citation><ArticleIdList><ArticleId IdType="doi">10.5365/WPSAR.2010.1.1.011</ArticleId><ArticleId IdType="pmc">PMC3730961</ArticleId><ArticleId IdType="pubmed">23908885</ArticleId></ArticleIdList></Reference><Reference><Citation>World Health Organization . Regional Office for South-East Asia Dengue Bulletin. Volume 31 WHO Regional Office for South-East Asia; New Delhi, India: 2007.</Citation></Reference><Reference><Citation>Wang S.-F., Chang K., Loh E.-W., Wang W.-H., Tseng S.-P., Lu P.-L., Chen Y.-H., Chen Y.-M.A. Consecutive Large Dengue Outbreaks in Taiwan in 2014&#x2013;2015. Emerg. Microbes Infect. 2016;5:e123. doi: 10.1038/emi.2016.124.</Citation><ArticleIdList><ArticleId IdType="doi">10.1038/emi.2016.124</ArticleId><ArticleId IdType="pmc">PMC5180368</ArticleId><ArticleId IdType="pubmed">27924810</ArticleId></ArticleIdList></Reference><Reference><Citation>Saita S., Maeakhian S., Silawan T. Temporal Variations and Spatial Clusters of Dengue in Thailand: Longitudinal Study before and during the Coronavirus Disease (COVID-19) Pandemic. Trop. Med. Infect. Dis. 2022;7:171. doi: 10.3390/tropicalmed7080171.</Citation><ArticleIdList><ArticleId IdType="doi">10.3390/tropicalmed7080171</ArticleId><ArticleId IdType="pmc">PMC9414305</ArticleId><ArticleId IdType="pubmed">36006263</ArticleId></ArticleIdList></Reference><Reference><Citation>Mutheneni S.R., Morse A.P., Caminade C., Upadhyayula S.M. Dengue Burden in India: Recent Trends and Importance of Climatic Parameters. Emerg. Microbes Infect. 2017;6:1&#x2013;10. doi: 10.1038/emi.2017.57.</Citation><ArticleIdList><ArticleId IdType="doi">10.1038/emi.2017.57</ArticleId><ArticleId IdType="pmc">PMC5583666</ArticleId><ArticleId IdType="pubmed">28790459</ArticleId></ArticleIdList></Reference><Reference><Citation>Amaya-Larios I.Y., Mart&#xed;nez-Vega R.A., Diaz-Quijano F.A., Sarti E., Puentes-Rosas E., Chihu L., Ramos-Casta&#xf1;eda J. Risk of Dengue Virus Infection According to Serostatus in Individuals from Dengue Endemic Areas of Mexico. Sci. Rep. 2020;10:19017. doi: 10.1038/s41598-020-75891-z.</Citation><ArticleIdList><ArticleId IdType="doi">10.1038/s41598-020-75891-z</ArticleId><ArticleId IdType="pmc">PMC7642410</ArticleId><ArticleId IdType="pubmed">33149151</ArticleId></ArticleIdList></Reference><Reference><Citation>Dzul-Manzanilla F., Correa-Morales F., Che-Mendoza A., Palacio-Vargas J., S&#xe1;nchez-Tejeda G., Gonz&#xe1;lez-Roldan J.F., L&#xf3;pez-Gatell H., Flores-Su&#xe1;rez A.E., G&#xf3;mez-Dantes H., Coelho G.E., et al. Identifying Urban Hotspots of Dengue, Chikungunya, and Zika Transmission in Mexico to Support Risk Stratification Efforts: A Spatial Analysis. Lancet Planet. Health. 2021;5:e277&#x2013;e285. doi: 10.1016/S2542-5196(21)00030-9.</Citation><ArticleIdList><ArticleId IdType="doi">10.1016/S2542-5196(21)00030-9</ArticleId><ArticleId IdType="pmc">PMC8114339</ArticleId><ArticleId IdType="pubmed">33964237</ArticleId></ArticleIdList></Reference><Reference><Citation>Moore S.M. The Current Burden of Japanese Encephalitis and the Estimated Impacts of Vaccination: Combining Estimates of the Spatial Distribution and Transmission Intensity of a Zoonotic Pathogen. PLoS Negl. Trop. Dis. 2021;15:e0009385. doi: 10.1371/journal.pntd.0009385.</Citation><ArticleIdList><ArticleId IdType="doi">10.1371/journal.pntd.0009385</ArticleId><ArticleId IdType="pmc">PMC8544850</ArticleId><ArticleId IdType="pubmed">34644296</ArticleId></ArticleIdList></Reference><Reference><Citation>European Centre for Disease Prevention and Control  Historical Data by Year&#x2014;West Nile Virus Seasonal Surveillance.  [(accessed on 11 February 2023)].  Available online:  https://www.ecdc.europa.eu/en/west-nile-fever/surveillance-and-disease-data/historical.</Citation></Reference><Reference><Citation>Danis K., Papa A., Theocharopoulos G., Dougas G., Athanasiou M., Detsis M., Baka A., Lytras T., Mellou K., Bonovas S., et al. Outbreak of West Nile Virus Infection in Greece, 2010. Emerg. Infect. Dis. 2011;17:1868&#x2013;1872. doi: 10.3201/eid1710.110525.</Citation><ArticleIdList><ArticleId IdType="doi">10.3201/eid1710.110525</ArticleId><ArticleId IdType="pmc">PMC3310677</ArticleId><ArticleId IdType="pubmed">22000357</ArticleId></ArticleIdList></Reference><Reference><Citation>World Health Organization . Dengue Guidelines, for Diagnosis, Treatment, Prevention and Control. WHO; Geneva, Switzerland: 2009.</Citation><ArticleIdList><ArticleId IdType="pubmed">23762963</ArticleId></ArticleIdList></Reference><Reference><Citation>Panbio Diagnostics  DENGUE IgG INDIRECT ELISA.  [(accessed on 17 February 2023)].  Available online:  http://www.rootbio.com/admin/download/2009216131816609.pdf.</Citation></Reference><Reference><Citation>Euroimmun  Anti-Zika Virus ELISA (IgG)  [(accessed on 17 February 2023)].  Available online:  https://www.euroimmun.com/documents/Indications/Infections/Zika-virus/EI_2668_D_UK_A.pdf.</Citation></Reference><Reference><Citation>Medialdea-Carrera R., Levy F., Castanha P., Carvalho de Sequeira P., Brasil P., Lewis-Ximenez L.L., Turtle L., Solomon T., Bispo de Filippis A.M., Brown D.W., et al. A Systematic Evaluation of IgM and IgG Antibody Assay Accuracy in Diagnosing Acute Zika Virus Infection in Brazil: Lessons Relevant to Emerging Infections. J. Clin. Microbiol. 2021;59:e0289320. doi: 10.1128/JCM.02893-20.</Citation><ArticleIdList><ArticleId IdType="doi">10.1128/JCM.02893-20</ArticleId><ArticleId IdType="pmc">PMC8601218</ArticleId><ArticleId IdType="pubmed">34550810</ArticleId></ArticleIdList></Reference><Reference><Citation>Low S.L., Leo Y.S., Lai Y.L., Lam S., Tan H.H., Wong J.C.C., Tan L.K., Ng L.C. Evaluation of Eight Commercial Zika Virus IgM and IgG Serology Assays for Diagnostics and Research. PLoS ONE. 2021;16:e0244601. doi: 10.1371/journal.pone.0244601.</Citation><ArticleIdList><ArticleId IdType="doi">10.1371/journal.pone.0244601</ArticleId><ArticleId IdType="pmc">PMC7837473</ArticleId><ArticleId IdType="pubmed">33497414</ArticleId></ArticleIdList></Reference><Reference><Citation>Food and Drug Administration  510(k) Summary of Safety and Effectiveness: West Nile Virus ELISA IgG Catalog No. EL0300G.  [(accessed on 17 February 2023)]; Available online:  https://www.accessdata.fda.gov/cdrh_docs/pdf3/K031953.pdf.</Citation></Reference><Reference><Citation>G&#xf3;mez-Vicente E., Garcia R., Calatrava E., Olivares Duran M.J., Guti&#xe9;rrez-Bautista J.F., Rodriguez-Granger J., Cobo F., Navarro Mari J.M., Sampedro-Martinez A. Comparative Evaluation of Chemiluminescent Immunoassay and Enzyme-Linked Immunosorbent Assays for the Diagnosis of West Nile Virus Infections. APMIS. 2022;130:215&#x2013;220. doi: 10.1111/apm.13207.</Citation><ArticleIdList><ArticleId IdType="doi">10.1111/apm.13207</ArticleId><ArticleId IdType="pubmed">35060204</ArticleId></ArticleIdList></Reference><Reference><Citation>Amin M., Zaim M., Edalat H., Basseri H.R., Yaghoobi-Ershadi M.R., Rezaei F., Azizi K., Salehi-Vaziri M., Ghane M., Yousefi S., et al. Seroprevalence Study on West Nile Virus (WNV) Infection, a Hidden Viral Disease in Fars Province, Southern Iran. J. Arthropod. Borne Dis. 2020;14:173&#x2013;184. doi: 10.18502/jad.v14i2.3735.</Citation><ArticleIdList><ArticleId IdType="doi">10.18502/jad.v14i2.3735</ArticleId><ArticleId IdType="pmc">PMC7738928</ArticleId><ArticleId IdType="pubmed">33365345</ArticleId></ArticleIdList></Reference><Reference><Citation>Centers for Disease Control and Prevention  Diagnostic Testing|Japanese Encephalitis|CDC.  [(accessed on 17 February 2023)]; Available online:  https://www.cdc.gov/japaneseencephalitis/healthcareproviders/healthcareproviders-diagnostic.html.</Citation></Reference><Reference><Citation>Schroeder H.W., Cavacini L. Structure and Function of Immunoglobulins. J. Allergy Clin. Immunol. 2010;125:S41&#x2013;S52. doi: 10.1016/j.jaci.2009.09.046.</Citation><ArticleIdList><ArticleId IdType="doi">10.1016/j.jaci.2009.09.046</ArticleId><ArticleId IdType="pmc">PMC3670108</ArticleId><ArticleId IdType="pubmed">20176268</ArticleId></ArticleIdList></Reference><Reference><Citation>Sathe A., Cusick J.K. StatPearls. StatPearls Publishing; Treasure Island, FL, USA: 2022. Biochemistry, Immunoglobulin, M.</Citation></Reference><Reference><Citation>Chao D.-Y., Galula J.U., Shen W.-F., Davis B.S., Chang G.-J.J. Nonstructural Protein 1-Specific Immunoglobulin M and G Antibody Capture Enzyme-Linked Immunosorbent Assays in Diagnosis of Flaviviral Infections in Humans. J. Clin. Microbiol. 2015;53:557&#x2013;566. doi: 10.1128/JCM.02735-14.</Citation><ArticleIdList><ArticleId IdType="doi">10.1128/JCM.02735-14</ArticleId><ArticleId IdType="pmc">PMC4298564</ArticleId><ArticleId IdType="pubmed">25502522</ArticleId></ArticleIdList></Reference><Reference><Citation>Cuzzubbo A.J., Vaughn D.W., Nisalak A., Solomon T., Kalayanarooj S., Aaskov J., Dung N.M., Devine P.L. Comparison of PanBio Dengue Duo Enzyme-Linked Immunosorbent Assay (ELISA) and MRL Dengue Fever Virus Immunoglobulin M Capture ELISA for Diagnosis of Dengue Virus Infections in Southeast Asia. Clin. Diagn. Lab. Immunol. 1999;6:705&#x2013;712. doi: 10.1128/CDLI.6.5.705-712.1999.</Citation><ArticleIdList><ArticleId IdType="doi">10.1128/CDLI.6.5.705-712.1999</ArticleId><ArticleId IdType="pmc">PMC95759</ArticleId><ArticleId IdType="pubmed">10473522</ArticleId></ArticleIdList></Reference><Reference><Citation>Furuya A.K.M., Hunt D., George K.S., Dupuis A.P., Kramer L.D., Shi P.-Y., Wong S. Use of the Immunoglobulin G Avidity Assay to Differentiate between Recent Zika and Past Dengue Virus Infections. Clin. Sci. 2019;133:859&#x2013;867. doi: 10.1042/CS20180874.</Citation><ArticleIdList><ArticleId IdType="doi">10.1042/CS20180874</ArticleId><ArticleId IdType="pubmed">30902827</ArticleId></ArticleIdList></Reference><Reference><Citation>Roehrig J.T. Advances in Virus Research. Volume 59. Elsevier; Amsterdam, The Netherlands: 2003. Antigenic Structure of Flavivirus Proteins; pp. 141&#x2013;175.</Citation><ArticleIdList><ArticleId IdType="pubmed">14696329</ArticleId></ArticleIdList></Reference><Reference><Citation>Lindenbach B.D., Rice C.M. Advances in Virus Research. Volume 59. Elsevier; Amsterdam, The Netherlands: 2003. Molecular Biology of Flaviviruses; pp. 23&#x2013;61.</Citation><ArticleIdList><ArticleId IdType="pubmed">14696326</ArticleId></ArticleIdList></Reference><Reference><Citation>Endale A., Medhin G., Darfiro K., Kebede N., Legesse M. Magnitude of Antibody Cross-Reactivity in Medically Important Mosquito-Borne Flaviviruses: A Systematic Review. IDR. 2021;14:4291&#x2013;4299. doi: 10.2147/IDR.S336351.</Citation><ArticleIdList><ArticleId IdType="doi">10.2147/IDR.S336351</ArticleId><ArticleId IdType="pmc">PMC8541746</ArticleId><ArticleId IdType="pubmed">34703255</ArticleId></ArticleIdList></Reference><Reference><Citation>Hou B., Chen H., Gao N., An J. Cross-Reactive Immunity among Five Medically Important Mosquito-Borne Flaviviruses Related to Human Diseases. Viruses. 2022;14:1213. doi: 10.3390/v14061213.</Citation><ArticleIdList><ArticleId IdType="doi">10.3390/v14061213</ArticleId><ArticleId IdType="pmc">PMC9228836</ArticleId><ArticleId IdType="pubmed">35746683</ArticleId></ArticleIdList></Reference><Reference><Citation>Muller D.A., Young P.R. The Flavivirus NS1 Protein: Molecular and Structural Biology, Immunology, Role in Pathogenesis and Application as a Diagnostic Biomarker. Antivir. Res. 2013;98:192&#x2013;208. doi: 10.1016/j.antiviral.2013.03.008.</Citation><ArticleIdList><ArticleId IdType="doi">10.1016/j.antiviral.2013.03.008</ArticleId><ArticleId IdType="pubmed">23523765</ArticleId></ArticleIdList></Reference><Reference><Citation>Rothan H.A., Bidokhti M.R., Byrareddy S.N. Current Concerns and Perspectives on Zika Virus Co-Infection with Arboviruses and HIV. J. Autoimmun. 2018;89:11&#x2013;20. doi: 10.1016/j.jaut.2018.01.002.</Citation><ArticleIdList><ArticleId IdType="doi">10.1016/j.jaut.2018.01.002</ArticleId><ArticleId IdType="pmc">PMC5902419</ArticleId><ArticleId IdType="pubmed">29352633</ArticleId></ArticleIdList></Reference><Reference><Citation>Qu S., Wang X., Yang L., Lv J., Meng R., Dai W., Li Q., Liu H., Zhang B., Zhang D. Identification of a Neutralizing Monoclonal Antibody That Recognizes a Unique Epitope on Domain III of the Envelope Protein of Tembusu Virus. Viruses. 2020;12:647. doi: 10.3390/v12060647.</Citation><ArticleIdList><ArticleId IdType="doi">10.3390/v12060647</ArticleId><ArticleId IdType="pmc">PMC7354527</ArticleId><ArticleId IdType="pubmed">32549221</ArticleId></ArticleIdList></Reference><Reference><Citation>Zhang X., Jia R., Shen H., Wang M., Yin Z., Cheng A. Structures and Functions of the Envelope Glycoprotein in Flavivirus Infections. Viruses. 2017;9:338. doi: 10.3390/v9110338.</Citation><ArticleIdList><ArticleId IdType="doi">10.3390/v9110338</ArticleId><ArticleId IdType="pmc">PMC5707545</ArticleId><ArticleId IdType="pubmed">29137162</ArticleId></ArticleIdList></Reference><Reference><Citation>Groen J., Koraka P., Velzing J., Copra C., Osterhaus A.D.M.E. Evaluation of Six Immunoassays for Detection of Dengue Virus-Specific Immunoglobulin M and G Antibodies. Clin. Diagn. Lab. Immunol. 2000;7:867&#x2013;871. doi: 10.1128/CDLI.7.6.867-871.2000.</Citation><ArticleIdList><ArticleId IdType="doi">10.1128/CDLI.7.6.867-871.2000</ArticleId><ArticleId IdType="pmc">PMC95976</ArticleId><ArticleId IdType="pubmed">11063489</ArticleId></ArticleIdList></Reference></ReferenceList></PubmedData></PubmedArticle></PubmedArticleSet>