<?xml version="1.0" ?>
<!DOCTYPE PubmedArticleSet PUBLIC "-//NLM//DTD PubMedArticle, 1st January 2023//EN" "https://dtd.nlm.nih.gov/ncbi/pubmed/out/pubmed_230101.dtd">
<PubmedArticleSet>
<PubmedArticle><MedlineCitation Status="PubMed-not-MEDLINE" Owner="NLM" IndexingMethod="Automated"><PMID Version="1">37104363</PMID><DateRevised><Year>2023</Year><Month>05</Month><Day>01</Day></DateRevised><Article PubModel="Electronic"><Journal><ISSN IssnType="Electronic">2414-6366</ISSN><JournalIssue CitedMedium="Internet"><Volume>8</Volume><Issue>4</Issue><PubDate><Year>2023</Year><Month>Apr</Month><Day>20</Day></PubDate></JournalIssue><Title>Tropical medicine and infectious disease</Title><ISOAbbreviation>Trop Med Infect Dis</ISOAbbreviation></Journal><ArticleTitle>An Integrative Explainable Artificial Intelligence Approach to Analyze Fine-Scale Land-Cover and Land-Use Factors Associated with Spatial Distributions of Place of Residence of Reported Dengue Cases.</ArticleTitle><ELocationID EIdType="pii" ValidYN="Y">238</ELocationID><ELocationID EIdType="doi" ValidYN="Y">10.3390/tropicalmed8040238</ELocationID><Abstract><AbstractText>Dengue fever is a prevalent mosquito-borne disease that burdens communities in subtropical and tropical regions. Dengue transmission is ecologically complex; several environmental conditions are critical for the spatial and temporal distribution of dengue. Interannual variability and spatial distribution of dengue transmission are well-studied; however, the effects of land cover and use are yet to be investigated. Therefore, we applied an explainable artificial intelligence (AI) approach to integrate the EXtreme Gradient Boosting and Shapley Additive Explanation (SHAP) methods to evaluate spatial patterns of the residences of reported dengue cases based on various fine-scale land-cover land-use types, Shannon's diversity index, and household density in Kaohsiung City, Taiwan, between 2014 and 2015. We found that the proportions of general roads and residential areas play essential roles in dengue case residences with nonlinear patterns. Agriculture-related features were negatively associated with dengue incidence. Additionally, Shannon's diversity index showed a U-shaped relationship with dengue infection, and SHAP dependence plots showed different relationships between various land-use types and dengue incidence. Finally, landscape-based prediction maps were generated from the best-fit model and highlighted high-risk zones within the metropolitan region. The explainable AI approach delineated precise associations between spatial patterns of the residences of dengue cases and diverse land-use characteristics. This information is beneficial for resource allocation and control strategy modification.</AbstractText></Abstract><AuthorList CompleteYN="Y"><Author ValidYN="Y"><LastName>Yang</LastName><ForeName>Hsiu</ForeName><Initials>H</Initials><AffiliationInfo><Affiliation>Department of Molecular Parasitology and Tropical Diseases, School of Medicine, College of Medicine, Taipei Medical University, Taipei 110, Taiwan.</Affiliation></AffiliationInfo></Author><Author ValidYN="Y"><LastName>Nguyen</LastName><ForeName>Thi-Nhung</ForeName><Initials>TN</Initials><AffiliationInfo><Affiliation>International Ph.D. Program in Medicine, College of Medicine, Taipei Medical University, Taipei 110, Taiwan.</Affiliation></AffiliationInfo></Author><Author ValidYN="Y"><LastName>Chuang</LastName><ForeName>Ting-Wu</ForeName><Initials>TW</Initials><Identifier Source="ORCID">0000-0001-8359-8172</Identifier><AffiliationInfo><Affiliation>Department of Molecular Parasitology and Tropical Diseases, School of Medicine, College of Medicine, Taipei Medical University, Taipei 110, Taiwan.</Affiliation></AffiliationInfo></Author></AuthorList><Language>eng</Language><GrantList CompleteYN="Y"><Grant><GrantID>MOST 110-2621-M-038-001-MY2</GrantID><Agency>National Science and Technology Council</Agency><Country/></Grant></GrantList><PublicationTypeList><PublicationType UI="D016428">Journal Article</PublicationType></PublicationTypeList><ArticleDate DateType="Electronic"><Year>2023</Year><Month>04</Month><Day>20</Day></ArticleDate></Article><MedlineJournalInfo><Country>Switzerland</Country><MedlineTA>Trop Med Infect Dis</MedlineTA><NlmUniqueID>101709042</NlmUniqueID><ISSNLinking>2414-6366</ISSNLinking></MedlineJournalInfo><KeywordList Owner="NOTNLM"><Keyword MajorTopicYN="N">EXtreme Gradient Boosting (XGBoost)</Keyword><Keyword MajorTopicYN="N">Shapley Additive Explanation (SHAP)</Keyword><Keyword MajorTopicYN="N">artificial intelligence</Keyword><Keyword MajorTopicYN="N">dengue fever</Keyword><Keyword MajorTopicYN="N">land cover land-use</Keyword></KeywordList><CoiStatement>The authors declare no conflict of interest.</CoiStatement></MedlineCitation><PubmedData><History><PubMedPubDate PubStatus="received"><Year>2023</Year><Month>2</Month><Day>25</Day></PubMedPubDate><PubMedPubDate PubStatus="revised"><Year>2023</Year><Month>4</Month><Day>6</Day></PubMedPubDate><PubMedPubDate PubStatus="accepted"><Year>2023</Year><Month>4</Month><Day>18</Day></PubMedPubDate><PubMedPubDate PubStatus="medline"><Year>2023</Year><Month>4</Month><Day>27</Day><Hour>18</Hour><Minute>42</Minute></PubMedPubDate><PubMedPubDate PubStatus="pubmed"><Year>2023</Year><Month>4</Month><Day>27</Day><Hour>18</Hour><Minute>41</Minute></PubMedPubDate><PubMedPubDate PubStatus="entrez"><Year>2023</Year><Month>4</Month><Day>27</Day><Hour>13</Hour><Minute>35</Minute></PubMedPubDate></History><PublicationStatus>epublish</PublicationStatus><ArticleIdList><ArticleId IdType="pubmed">37104363</ArticleId><ArticleId IdType="pmc">PMC10142856</ArticleId><ArticleId IdType="doi">10.3390/tropicalmed8040238</ArticleId><ArticleId IdType="pii">tropicalmed8040238</ArticleId></ArticleIdList><ReferenceList><Reference><Citation>Ryan S.J., Carlson C.J., Mordecai E.A., Johnson L.R. Global expansion and redistribution of Aedes-borne virus transmission risk with climate change. PLoS Negl. Trop. Dis. 2019;13:e0007213. doi: 10.1371/journal.pntd.0007213.</Citation><ArticleIdList><ArticleId IdType="doi">10.1371/journal.pntd.0007213</ArticleId><ArticleId IdType="pmc">PMC6438455</ArticleId><ArticleId IdType="pubmed">30921321</ArticleId></ArticleIdList></Reference><Reference><Citation>Bhatt S., Gething P.W., Brady O.J., Messina J.P., Farlow A.W., Moyes C.L., Drake J.M., Brownstein J.S., Hoen A.G., Sankoh O., et al. The global distribution and burden of dengue. Nature. 2013;496:504&#x2013;507. doi: 10.1038/nature12060.</Citation><ArticleIdList><ArticleId IdType="doi">10.1038/nature12060</ArticleId><ArticleId IdType="pmc">PMC3651993</ArticleId><ArticleId IdType="pubmed">23563266</ArticleId></ArticleIdList></Reference><Reference><Citation>Brady O.J., Gething P.W., Bhatt S., Messina J.P., Brownstein J.S., Hoen A.G., Moyes C.L., Farlow A.W., Scott T.W., Hay S.I. Refining the global spatial limits of dengue virus transmission by evidence-based consensus. PLoS Negl. Trop. Dis. 2012;6:e1760. doi: 10.1371/journal.pntd.0001760.</Citation><ArticleIdList><ArticleId IdType="doi">10.1371/journal.pntd.0001760</ArticleId><ArticleId IdType="pmc">PMC3413714</ArticleId><ArticleId IdType="pubmed">22880140</ArticleId></ArticleIdList></Reference><Reference><Citation>World Health Organization . Dengue Guidelines for Diagnosis, Treatment, Prevention and Control, New Edition. WHO Press; Geneva, Switzerland: 2009.</Citation><ArticleIdList><ArticleId IdType="pubmed">23762963</ArticleId></ArticleIdList></Reference><Reference><Citation>Simmons C.P., Farrar J.J., Nguyen V., Wills B. Dengue. N. Engl. J. Med. 2012;366:1423&#x2013;1432. doi: 10.1056/NEJMra1110265.</Citation><ArticleIdList><ArticleId IdType="doi">10.1056/NEJMra1110265</ArticleId><ArticleId IdType="pubmed">22494122</ArticleId></ArticleIdList></Reference><Reference><Citation>Stanaway J.D., Shepard D.S., Undurraga E.A., Halasa Y.A., Coffeng L.E., Brady O.J., Hay S.I., Bedi N., Bensenor I.M., Castaneda-Orjuela C.A., et al. The global burden of dengue: An analysis from the Global Burden of Disease Study 2013. Lancet Infect. Dis. 2016;16:712&#x2013;723. doi: 10.1016/S1473-3099(16)00026-8.</Citation><ArticleIdList><ArticleId IdType="doi">10.1016/S1473-3099(16)00026-8</ArticleId><ArticleId IdType="pmc">PMC5012511</ArticleId><ArticleId IdType="pubmed">26874619</ArticleId></ArticleIdList></Reference><Reference><Citation>Paz-Bailey G., Adams L., Wong J.M., Poehling K.A., Chen W.H., McNally V., Atmar R.L., Waterman S.H. Dengue vaccine: Recommendations of the Advisory Committee on Immunization Practices, United States, 2021. MMWR Recomm. Rep. 2021;70:1&#x2013;16. doi: 10.15585/mmwr.rr7006a1.</Citation><ArticleIdList><ArticleId IdType="doi">10.15585/mmwr.rr7006a1</ArticleId><ArticleId IdType="pmc">PMC8694708</ArticleId><ArticleId IdType="pubmed">34978547</ArticleId></ArticleIdList></Reference><Reference><Citation>Thomson M.C., Stanberry L.R. Climate change and vectorborne diseases. N. Engl. J. Med. 2022;387:1969&#x2013;1978. doi: 10.1056/NEJMra2200092.</Citation><ArticleIdList><ArticleId IdType="doi">10.1056/NEJMra2200092</ArticleId><ArticleId IdType="pubmed">36416768</ArticleId></ArticleIdList></Reference><Reference><Citation>Dostal T., Meisner J., Munayco C., Garcia P.J., Carcamo C., Perez Lu J.E., Morin C., Frisbie L., Rabinowitz P.M. The effect of weather and climate on dengue outbreak risk in Peru, 2000&#x2013;2018: A time-series analysis. PLoS Negl. Trop. Dis. 2022;16:e0010479. doi: 10.1371/journal.pntd.0010479.</Citation><ArticleIdList><ArticleId IdType="doi">10.1371/journal.pntd.0010479</ArticleId><ArticleId IdType="pmc">PMC9278784</ArticleId><ArticleId IdType="pubmed">35771874</ArticleId></ArticleIdList></Reference><Reference><Citation>Nguyen V.H., Tuyet-Hanh T.T., Mulhall J., Minh H.V., Duong T.Q., Chien N.V., Nhung N.T.T., Lan V.H., Minh H.B., Cuong D., et al. Deep learning models for forecasting dengue fever based on climate data in Vietnam. PLoS Negl. Trop. Dis. 2022;16:e0010509. doi: 10.1371/journal.pntd.0010509.</Citation><ArticleIdList><ArticleId IdType="doi">10.1371/journal.pntd.0010509</ArticleId><ArticleId IdType="pmc">PMC9232166</ArticleId><ArticleId IdType="pubmed">35696432</ArticleId></ArticleIdList></Reference><Reference><Citation>Nguyen L.T., Le H.X., Nguyen D.T., Ho H.Q., Chuang T.W. Impact of climate variability and abundance of mosquitoes on dengue transmission in central Vietnam. Int. J. Environ Res. Public Health. 2020;17:2453. doi: 10.3390/ijerph17072453.</Citation><ArticleIdList><ArticleId IdType="doi">10.3390/ijerph17072453</ArticleId><ArticleId IdType="pmc">PMC7177405</ArticleId><ArticleId IdType="pubmed">32260252</ArticleId></ArticleIdList></Reference><Reference><Citation>Akter R., Hu W., Gatton M., Bambrick H., Naish S., Tong S. Different responses of dengue to weather variability across climate zones in Queensland, Australia. Environ Res. 2020;184:109222. doi: 10.1016/j.envres.2020.109222.</Citation><ArticleIdList><ArticleId IdType="doi">10.1016/j.envres.2020.109222</ArticleId><ArticleId IdType="pubmed">32114157</ArticleId></ArticleIdList></Reference><Reference><Citation>Lowe R., Coelho C.A., Barcellos C., Carvalho M.S., Catao Rde C., Coelho G.E., Ramalho W.M., Bailey T.C., Stephenson D.B., Rodo X. Evaluating probabilistic dengue risk forecasts from a prototype early warning system for Brazil. Elife. 2016;5:e11285. doi: 10.7554/eLife.11285.</Citation><ArticleIdList><ArticleId IdType="doi">10.7554/eLife.11285</ArticleId><ArticleId IdType="pmc">PMC4775211</ArticleId><ArticleId IdType="pubmed">26910315</ArticleId></ArticleIdList></Reference><Reference><Citation>Wang Y., Wei Y., Li K., Jiang X., Li C., Yue Q., Zee B.C., Chong K.C. Impact of extreme weather on dengue fever infection in four Asian countries: A modelling analysis. Environ Int. 2022;169:107518. doi: 10.1016/j.envint.2022.107518.</Citation><ArticleIdList><ArticleId IdType="doi">10.1016/j.envint.2022.107518</ArticleId><ArticleId IdType="pubmed">36155913</ArticleId></ArticleIdList></Reference><Reference><Citation>Carreto C., Gutierrez-Romero R., Rodriguez T. Climate-driven mosquito-borne viral suitability index: Measuring risk transmission of dengue, chikungunya and Zika in Mexico. Int. J. Health Geogr. 2022;21:15. doi: 10.1186/s12942-022-00317-0.</Citation><ArticleIdList><ArticleId IdType="doi">10.1186/s12942-022-00317-0</ArticleId><ArticleId IdType="pmc">PMC9610358</ArticleId><ArticleId IdType="pubmed">36303147</ArticleId></ArticleIdList></Reference><Reference><Citation>Xiao J., Liu T., Lin H., Zhu G., Zeng W., Li X., Zhang B., Song T., Deng A., Zhang M., et al. Weather variables and the El Nino Southern Oscillation may drive the epidemics of dengue in Guangdong Province, China. Sci. Total Environ. 2018;624:926&#x2013;934. doi: 10.1016/j.scitotenv.2017.12.200.</Citation><ArticleIdList><ArticleId IdType="doi">10.1016/j.scitotenv.2017.12.200</ArticleId><ArticleId IdType="pubmed">29275255</ArticleId></ArticleIdList></Reference><Reference><Citation>Chuang T.W., Chaves L.F., Chen P.J. Effects of local and regional climatic fluctuations on dengue outbreaks in southern Taiwan. PLoS ONE. 2017;12:e0178698. doi: 10.1371/journal.pone.0178698.</Citation><ArticleIdList><ArticleId IdType="doi">10.1371/journal.pone.0178698</ArticleId><ArticleId IdType="pmc">PMC5456348</ArticleId><ArticleId IdType="pubmed">28575035</ArticleId></ArticleIdList></Reference><Reference><Citation>Munoz E., Poveda G., Arbelaez M.P., Velez I.D. Spatiotemporal dynamics of dengue in Colombia in relation to the combined effects of local climate and ENSO. Acta Trop. 2021;224:106136. doi: 10.1016/j.actatropica.2021.106136.</Citation><ArticleIdList><ArticleId IdType="doi">10.1016/j.actatropica.2021.106136</ArticleId><ArticleId IdType="pubmed">34555353</ArticleId></ArticleIdList></Reference><Reference><Citation>Temenos A., Tzortzis I.N., Kaselimi M., Rallis I., Doulamis A., Doulamis N. Novel insights in spatial epidemiology utilizing explainable AI (XAI) and remote sensing. Remote Sens. 2022;14:3074. doi: 10.3390/rs14133074.</Citation><ArticleIdList><ArticleId IdType="doi">10.3390/rs14133074</ArticleId></ArticleIdList></Reference><Reference><Citation>Kopczewska K. Spatial machine learning: New opportunities for regional science. Ann. Reg. Sci. 2022;68:713&#x2013;755. doi: 10.1007/s00168-021-01101-x.</Citation><ArticleIdList><ArticleId IdType="doi">10.1007/s00168-021-01101-x</ArticleId></ArticleIdList></Reference><Reference><Citation>Shortliffe E.H., Sepulveda M.J. Clinical decision support in the era of artificial intelligence. JAMA. 2018;320:2199&#x2013;2200. doi: 10.1001/jama.2018.17163.</Citation><ArticleIdList><ArticleId IdType="doi">10.1001/jama.2018.17163</ArticleId><ArticleId IdType="pubmed">30398550</ArticleId></ArticleIdList></Reference><Reference><Citation>Xu J.S., Wang A., Schmidt N., Adams M., Hatzopoulou M. A gradient boost approach for predicting near-road ultrafine particle concentrations using detailed traffic characterization. Environ. Pollut. 2020;265:114777. doi: 10.1016/j.envpol.2020.114777.</Citation><ArticleIdList><ArticleId IdType="doi">10.1016/j.envpol.2020.114777</ArticleId><ArticleId IdType="pubmed">32540592</ArticleId></ArticleIdList></Reference><Reference><Citation>Wong K.C.Y., Xiang Y., Yin L.Y., So H.C. Uncovering clinical risk factors and predicting severe COVID-19 cases using UK biobank data: Machine learning approach. Jmir. Public Health Surveill. 2021;7:e29544. doi: 10.2196/29544.</Citation><ArticleIdList><ArticleId IdType="doi">10.2196/29544</ArticleId><ArticleId IdType="pmc">PMC8485986</ArticleId><ArticleId IdType="pubmed">34591027</ArticleId></ArticleIdList></Reference><Reference><Citation>Department of Household Registration, Ministry of the Interior (Taiwan)   [(accessed on 1 February 2023)]; Available online:  https://www.ris.gov.tw/app/portal.</Citation></Reference><Reference><Citation>Ng K.C., Chaves L.F., Tsai K.H., Chuang T.W. Increased adult Aedes aegypti and Culex quinquefasciatus (Diptera: Culicidae) Abundance in a dengue transmission hotspot, compared to a coldspot, within Kaohsiung City, Taiwan. Insects. 2018;9:98. doi: 10.3390/insects9030098.</Citation><ArticleIdList><ArticleId IdType="doi">10.3390/insects9030098</ArticleId><ArticleId IdType="pmc">PMC6164640</ArticleId><ArticleId IdType="pubmed">30104501</ArticleId></ArticleIdList></Reference><Reference><Citation>Chang K., Chen C.D., Shih C.M., Lee T.C., Wu M.T., Wu D.C., Chen Y.H., Hung C.H., Wu M.C., Huang C.C., et al. Time-lagging interplay effect and excess risk of meteorological/mosquito parameters and petrochemical gas explosion on dengue incidence. Sci. Rep. 2016;6:35028. doi: 10.1038/srep35028.</Citation><ArticleIdList><ArticleId IdType="doi">10.1038/srep35028</ArticleId><ArticleId IdType="pmc">PMC5062066</ArticleId><ArticleId IdType="pubmed">27733774</ArticleId></ArticleIdList></Reference><Reference><Citation>Chuang T.W., Ng K.C., Nguyen T.L., Chaves L.F. Epidemiological characteristics and space-time analysis of the 2015 dengue outbreak in the metropolitan region of Tainan City, Taiwan. Int. J. Environ Res. Public Health. 2018;15:396. doi: 10.3390/ijerph15030396.</Citation><ArticleIdList><ArticleId IdType="doi">10.3390/ijerph15030396</ArticleId><ArticleId IdType="pmc">PMC5876941</ArticleId><ArticleId IdType="pubmed">29495351</ArticleId></ArticleIdList></Reference><Reference><Citation>National Land Surveying and Mapping Center, Ministry of the Interior, R.O.C. (Taiwan)   [(accessed on 31 October 2021)]; Available online:  https://www.nlsc.gov.tw/en/cp.aspx?n=2101.</Citation></Reference><Reference><Citation>Spellerberg I.F., Fedor P.J. A tribute to Claude Shannon (1916-2001) and a plea for more rigorous use of species richness, species diversity and the Shannon-Wiener&#x2019; Index. Glob. Ecol. Biogeogr. 2003;12:177&#x2013;179. doi: 10.1046/j.1466-822X.2003.00015.x.</Citation><ArticleIdList><ArticleId IdType="doi">10.1046/j.1466-822X.2003.00015.x</ArticleId></ArticleIdList></Reference><Reference><Citation>Romero-Vega L.M., Piche-Ovares M., Soto-Garita C., Barantes Murillo D.F., Chaverri L.G., Alfaro-Alarcon A., Corrales-Aguilar E., Troyo A. Seasonal changes in the diversity, host preferences and infectivity of mosquitoes in two arbovirus-endemic regions of Costa Rica. Parasit. Vectors. 2023;16:34. doi: 10.1186/s13071-022-05579-y.</Citation><ArticleIdList><ArticleId IdType="doi">10.1186/s13071-022-05579-y</ArticleId><ArticleId IdType="pmc">PMC9881273</ArticleId><ArticleId IdType="pubmed">36703148</ArticleId></ArticleIdList></Reference><Reference><Citation>Friedman J.H. Greedy function approximation: A gradient boosting machine. Ann. Stat. 2001;29:1189&#x2013;1232. doi: 10.1214/aos/1013203451.</Citation><ArticleIdList><ArticleId IdType="doi">10.1214/aos/1013203451</ArticleId></ArticleIdList></Reference><Reference><Citation>Lundberg S.M., Erion G., Chen H., DeGrave A., Prutkin J.M., Nair B., Katz R., Himmelfarb J., Bansal N., Lee S.I. From local explanations to global understanding with explainable AI for trees. Nat. Mach. Intell. 2020;2:56&#x2013;67. doi: 10.1038/s42256-019-0138-9.</Citation><ArticleIdList><ArticleId IdType="doi">10.1038/s42256-019-0138-9</ArticleId><ArticleId IdType="pmc">PMC7326367</ArticleId><ArticleId IdType="pubmed">32607472</ArticleId></ArticleIdList></Reference><Reference><Citation>Lundberg S.M., Lee S.I. Consistent feature attribution for tree ensembles. arXiv. 20171706.06060</Citation></Reference><Reference><Citation>Lundberg S.M., Erion G.G., Lee S.I. Consistent individualized feature attribution for tree ensembles. arXiv. 20181802.03888</Citation></Reference><Reference><Citation>Lundberg S.M., Lee S.I. A unified approach to interpreting model predictions. arXiv. 20171705.07874</Citation></Reference><Reference><Citation>Li Z. Extracting spatial effects from machine learning model using local interpretation method: An example of SHAP and XGBoost. Comput. Environ. Urban Syst. 2022;96:101845. doi: 10.1016/j.compenvurbsys.2022.101845.</Citation><ArticleIdList><ArticleId IdType="doi">10.1016/j.compenvurbsys.2022.101845</ArticleId></ArticleIdList></Reference><Reference><Citation>Iban M.C. An explainable model for the mass appraisal of residences: The application of tree-based Machine Learning algorithms and interpretation of value determinants. Habitat Int. 2022;128:102660. doi: 10.1016/j.habitatint.2022.102660.</Citation><ArticleIdList><ArticleId IdType="doi">10.1016/j.habitatint.2022.102660</ArticleId></ArticleIdList></Reference><Reference><Citation>Barboza L.A., Chou-Chen S.W., Vasquez P., Garcia Y.E., Calvo J.G., Hidalgo H.G., Sanchez F. Assessing dengue fever risk in Costa Rica by using climate variables and machine learning techniques. PLoS Negl. Trop. Dis. 2023;17:e0011047. doi: 10.1371/journal.pntd.0011047.</Citation><ArticleIdList><ArticleId IdType="doi">10.1371/journal.pntd.0011047</ArticleId><ArticleId IdType="pmc">PMC9879398</ArticleId><ArticleId IdType="pubmed">36638136</ArticleId></ArticleIdList></Reference><Reference><Citation>You S.H., Chen S.C., Huang Y.H., Tsai H.C. Dengue meteorological determinants during epidemic and non-epidemic periods in Taiwan. Trop. Med. Infect. Dis. 2022;7:408. doi: 10.3390/tropicalmed7120408.</Citation><ArticleIdList><ArticleId IdType="doi">10.3390/tropicalmed7120408</ArticleId><ArticleId IdType="pmc">PMC9785930</ArticleId><ArticleId IdType="pubmed">36548663</ArticleId></ArticleIdList></Reference><Reference><Citation>Martin J.L., Lippi C.A., Stewart-Ibarra A.M., Ayala E.B., Mordecai E.A., Sippy R., Heras F.H., Blackburn J.K., Ryan S.J. Household and climate factors influence Aedes aegypti presence in the arid city of Huaquillas, Ecuador. PLoS Negl. Trop. Dis. 2021;15:e0009931. doi: 10.1371/journal.pntd.0009931.</Citation><ArticleIdList><ArticleId IdType="doi">10.1371/journal.pntd.0009931</ArticleId><ArticleId IdType="pmc">PMC8651121</ArticleId><ArticleId IdType="pubmed">34784348</ArticleId></ArticleIdList></Reference><Reference><Citation>Pless E., Saarman N.P., Powell J.R., Caccone A., Amatulli G. A machine-learning approach to map landscape connectivity in Aedes aegypti with genetic and environmental data. Proc. Natl. Acad. Sci. USA. 2021;118:e2003201118. doi: 10.1073/pnas.2003201118.</Citation><ArticleIdList><ArticleId IdType="doi">10.1073/pnas.2003201118</ArticleId><ArticleId IdType="pmc">PMC7936321</ArticleId><ArticleId IdType="pubmed">33619083</ArticleId></ArticleIdList></Reference><Reference><Citation>Benitez-Valladares D., Kroeger A., Tejeda G.S., Hussain-Alkhateeb L. Validation of the early warning and response system (EWARS) for dengue outbreaks: Evidence from the national vector control program in Mexico. PLoS Negl. Trop. Dis. 2021;15:e0009261. doi: 10.1371/journal.pntd.0009261.</Citation><ArticleIdList><ArticleId IdType="doi">10.1371/journal.pntd.0009261</ArticleId><ArticleId IdType="pmc">PMC8717980</ArticleId><ArticleId IdType="pubmed">34914703</ArticleId></ArticleIdList></Reference><Reference><Citation>Benedum C.M., Shea K.M., Jenkins H.E., Kim L.Y., Markuzon N. Weekly dengue forecasts in Iquitos, Peru; San Juan, Puerto Rico; and Singapore. PLoS Negl. Trop. Dis. 2020;14:e0008710. doi: 10.1371/journal.pntd.0008710.</Citation><ArticleIdList><ArticleId IdType="doi">10.1371/journal.pntd.0008710</ArticleId><ArticleId IdType="pmc">PMC7567393</ArticleId><ArticleId IdType="pubmed">33064770</ArticleId></ArticleIdList></Reference><Reference><Citation>Rahman M.S., Pientong C., Zafar S., Ekalaksananan T., Paul R.E., Haque U., Rocklov J., Overgaard H.J. Mapping the spatial distribution of the dengue vector Aedes aegypti and predicting its abundance in northeastern Thailand using machine-learning approach. One Health. 2021;13:100358. doi: 10.1016/j.onehlt.2021.100358.</Citation><ArticleIdList><ArticleId IdType="doi">10.1016/j.onehlt.2021.100358</ArticleId><ArticleId IdType="pmc">PMC8661047</ArticleId><ArticleId IdType="pubmed">34934797</ArticleId></ArticleIdList></Reference><Reference><Citation>Benitez E.M., Luduena-Almeida F., Frias-Cespedes M., Almiron W.R., Estallo E.L. Could land cover influence Aedes aegypti mosquito populations? Med. Vet. Entomol. 2020;34:138&#x2013;144. doi: 10.1111/mve.12422.</Citation><ArticleIdList><ArticleId IdType="doi">10.1111/mve.12422</ArticleId><ArticleId IdType="pubmed">31840284</ArticleId></ArticleIdList></Reference><Reference><Citation>Lorenz C., Chiaravalloti-Neto F., de Oliveira Lage M., Quintanilha J.A., Parra M.C., Dibo M.R., Favaro E.A., Guirado M.M., Nogueira M.L. Remote sensing for risk mapping of Aedes aegypti infestations: Is this a practical task? Acta Trop. 2020;205:105398. doi: 10.1016/j.actatropica.2020.105398.</Citation><ArticleIdList><ArticleId IdType="doi">10.1016/j.actatropica.2020.105398</ArticleId><ArticleId IdType="pubmed">32068030</ArticleId></ArticleIdList></Reference><Reference><Citation>Li Q., Ren H., Zheng L., Cao W., Zhang A., Zhuang D., Lu L., Jiang H. Ecological niche modeling identifies fine-scale areas at high risk of dengue fever in the Pearl River Delta, China. Int. J. Environ Res. Public Health. 2017;14:619. doi: 10.3390/ijerph14060619.</Citation><ArticleIdList><ArticleId IdType="doi">10.3390/ijerph14060619</ArticleId><ArticleId IdType="pmc">PMC5486305</ArticleId><ArticleId IdType="pubmed">28598355</ArticleId></ArticleIdList></Reference><Reference><Citation>Li Q., Cao W., Ren H., Ji Z., Jiang H. Spatiotemporal responses of dengue fever transmission to the road network in an urban area. Acta Trop. 2018;183:8&#x2013;13. doi: 10.1016/j.actatropica.2018.03.026.</Citation><ArticleIdList><ArticleId IdType="doi">10.1016/j.actatropica.2018.03.026</ArticleId><ArticleId IdType="pubmed">29608873</ArticleId></ArticleIdList></Reference><Reference><Citation>Chen T., Guestrin C. XGBoost: A scalable tree boosting system; Proceedings of the 22nd ACM SIGKDD International Conference on Knowledge Discovery and Data Mining; San Francisco, CA, USA. 13&#x2013;17 August 2016; pp. 785&#x2013;794.</Citation></Reference><Reference><Citation>Phang W.K., Hamid M.H.A., Jelip J., Mudin R.N., Chuang T.W., Lau Y.L., Fong M.Y. Predicting Plasmodium knowlesi transmission risk across Peninsular Malaysia using machine learning-based ecological niche modeling approaches. Front. Microbiol. 2023;14:357. doi: 10.3389/fmicb.2023.1126418.</Citation><ArticleIdList><ArticleId IdType="doi">10.3389/fmicb.2023.1126418</ArticleId><ArticleId IdType="pmc">PMC9977793</ArticleId><ArticleId IdType="pubmed">36876062</ArticleId></ArticleIdList></Reference><Reference><Citation>Lorenz C., Castro M.C., Trindade P.M.P., Nogueira M.L., de Oliveira Lage M., Quintanilha J.A., Parra M.C., Dibo M.R., Favaro E.A., Guirado M.M., et al. Predicting Aedes aegypti infestation using landscape and thermal features. Sci. Rep. 2020;10:21688. doi: 10.1038/s41598-020-78755-8.</Citation><ArticleIdList><ArticleId IdType="doi">10.1038/s41598-020-78755-8</ArticleId><ArticleId IdType="pmc">PMC7729962</ArticleId><ArticleId IdType="pubmed">33303912</ArticleId></ArticleIdList></Reference><Reference><Citation>Cromwell E.A., Stoddard S.T., Barker C.M., Van Rie A., Messer W.B., Meshnick S.R., Morrison A.C., Scott T.W. The relationship between entomological indicators of Aedes aegypti abundance and dengue virus infection. PLoS Negl. Trop. Dis. 2017;11:e0005429. doi: 10.1371/journal.pntd.0005429.</Citation><ArticleIdList><ArticleId IdType="doi">10.1371/journal.pntd.0005429</ArticleId><ArticleId IdType="pmc">PMC5363802</ArticleId><ArticleId IdType="pubmed">28333938</ArticleId></ArticleIdList></Reference><Reference><Citation>Wen T.H., Lin M.H., Fang C.T. Population Movement and Vector-Borne Disease Transmission: Differentiating Spatial&#x2013;Temporal Diffusion Patterns of Commuting and Noncommuting Dengue Cases. Ann. Assoc. Am. Geogr. 2012;102:1026&#x2013;1037. doi: 10.1080/00045608.2012.671130.</Citation><ArticleIdList><ArticleId IdType="doi">10.1080/00045608.2012.671130</ArticleId></ArticleIdList></Reference><Reference><Citation>Lim J.T., Dickens B.S.L., Chew L.Z.X., Choo E.L.W., Koo J.R., Aik J., Ng L.C., Cook A.R. Impact of sars-cov-2 interventions on dengue transmission. PLoS Negl. Trop. Dis. 2020;14:e0008719. doi: 10.1371/journal.pntd.0008719.</Citation><ArticleIdList><ArticleId IdType="doi">10.1371/journal.pntd.0008719</ArticleId><ArticleId IdType="pmc">PMC7595279</ArticleId><ArticleId IdType="pubmed">33119609</ArticleId></ArticleIdList></Reference><Reference><Citation>Lim J.T., Chew L.Z.X., Choo E.L.W., Dickens B.S.L., Ong J., Aik J., Ng L.C., Cook A.R. Increased dengue transmissions in Singapore attributable to SARS-CoV-2 social distancing measures. J. Infect. Dis. 2021;223:399&#x2013;402. doi: 10.1093/infdis/jiaa619.</Citation><ArticleIdList><ArticleId IdType="doi">10.1093/infdis/jiaa619</ArticleId><ArticleId IdType="pmc">PMC7543616</ArticleId><ArticleId IdType="pubmed">33000172</ArticleId></ArticleIdList></Reference><Reference><Citation>Mohammad M.H., Palmer Jos&#xe9; H., Mar&#xed;a A.R., Anusua S., Ana C.S.C., Mohammad Y.E. Concurrent epidemics of dengue and COVID-19 in Peru: Which way forward? Lancet Reg. Health Am. 2022;12:100277.</Citation><ArticleIdList><ArticleId IdType="pmc">PMC9903762</ArticleId><ArticleId IdType="pubmed">36776431</ArticleId></ArticleIdList></Reference><Reference><Citation>Chang S.F., Huang J.H., Shu P.Y. Characteristics of dengue epidemics in Taiwan. J. Formos. Med. Assoc. 2012;111:297&#x2013;299. doi: 10.1016/j.jfma.2011.12.001.</Citation><ArticleIdList><ArticleId IdType="doi">10.1016/j.jfma.2011.12.001</ArticleId><ArticleId IdType="pubmed">22748618</ArticleId></ArticleIdList></Reference></ReferenceList></PubmedData></PubmedArticle></PubmedArticleSet>