<?xml version="1.0" ?>
<!DOCTYPE PubmedArticleSet PUBLIC "-//NLM//DTD PubMedArticle, 1st January 2023//EN" "https://dtd.nlm.nih.gov/ncbi/pubmed/out/pubmed_230101.dtd">
<PubmedArticleSet>
<PubmedArticle><MedlineCitation Status="MEDLINE" Owner="NLM" IndexingMethod="Automated"><PMID Version="1">37112864</PMID><DateCompleted><Year>2023</Year><Month>05</Month><Day>01</Day></DateCompleted><DateRevised><Year>2023</Year><Month>05</Month><Day>01</Day></DateRevised><Article PubModel="Electronic"><Journal><ISSN IssnType="Electronic">1999-4915</ISSN><JournalIssue CitedMedium="Internet"><Volume>15</Volume><Issue>4</Issue><PubDate><Year>2023</Year><Month>Mar</Month><Day>30</Day></PubDate></JournalIssue><Title>Viruses</Title><ISOAbbreviation>Viruses</ISOAbbreviation></Journal><ArticleTitle>Grape Seed Proanthocyanidins Inhibit Replication of the Dengue Virus by Targeting NF-kB and MAPK-Mediated Cyclooxygenase-2 Expression.</ArticleTitle><ELocationID EIdType="pii" ValidYN="Y">884</ELocationID><ELocationID EIdType="doi" ValidYN="Y">10.3390/v15040884</ELocationID><Abstract><AbstractText>Dengue virus (DENV) infection is a serious global health issue as it causes severe dengue hemorrhagic fever and dengue shock syndrome. Since no approved therapies are available to treat DENV infection, it is necessary to develop new agents or supplements that can do this. In this study, grape seed proanthocyanidins extract (GSPE), which is widely consumed as a dietary supplement, dose-dependently suppressed the replication of four DENV serotypes. The inhibitory mechanism demonstrated that GSPE downregulated DENV-induced aberrant cyclooxygenase-2 (COX-2) expression, revealing that the inhibitory effect of the GSPE on DENV replication involved targeting DENV-induced COX-2 expression. Mechanistic studies on signaling regulation have demonstrated that GSPE significantly reduced COX-2 expression by inactivating NF-&#x3ba;B and ERK/P38 MAPK signaling activities. Administrating GSPE to DENV-infected suckling mice reduced virus replication, mortality, and monocyte infiltration of the brain. In addition, GSPE substantially reduced the expression of DENV-induced inflammatory cytokines associated with severe dengue disease, including tumor necrosis factor-&#x3b1;, nitric oxide synthase, interleukin (IL)-1, IL-6, and IL-8, suggesting that GSPE has potential as a dietary supplement to attenuate DENV infection and severe dengue.</AbstractText></Abstract><AuthorList CompleteYN="Y"><Author ValidYN="Y"><LastName>Chen</LastName><ForeName>Wei-Chun</ForeName><Initials>WC</Initials><AffiliationInfo><Affiliation>Department of Marine Biotechnology and Resources, College of Marine Sciences, National Sun Yat-sen University, Kaohsiung 80424, Taiwan.</Affiliation></AffiliationInfo><AffiliationInfo><Affiliation>Department of Biotechnology, College of Life Science, Kaohsiung Medical University, Kaohsiung 80708, Taiwan.</Affiliation></AffiliationInfo></Author><Author ValidYN="Y"><LastName>Hossen</LastName><ForeName>Monir</ForeName><Initials>M</Initials><AffiliationInfo><Affiliation>Graduate Institute of Medicine, College of Medicine, Kaohsiung Medical University, Kaohsiung 80708, Taiwan.</Affiliation></AffiliationInfo></Author><Author ValidYN="Y"><LastName>Liu</LastName><ForeName>Wangta</ForeName><Initials>W</Initials><AffiliationInfo><Affiliation>Department of Biotechnology, College of Life Science, Kaohsiung Medical University, Kaohsiung 80708, Taiwan.</Affiliation></AffiliationInfo></Author><Author ValidYN="Y"><LastName>Yen</LastName><ForeName>Chia-Hung</ForeName><Initials>CH</Initials><Identifier Source="ORCID">0000-0002-6939-5528</Identifier><AffiliationInfo><Affiliation>Graduate Institute of Natural Products, College of Pharmacy, Kaohsiung Medical University, Kaohsiung 80708, Taiwan.</Affiliation></AffiliationInfo></Author><Author ValidYN="Y"><LastName>Huang</LastName><ForeName>Chung-Hao</ForeName><Initials>CH</Initials><AffiliationInfo><Affiliation>Division of Infectious Diseases, Department of Internal Medicine, Kaohsiung Medical University Hospital, Kaohsiung Medical University, Kaohsiung 80708, Taiwan.</Affiliation></AffiliationInfo><AffiliationInfo><Affiliation>School of Medicine, Graduate Institute of Medicine, College of Medicine, Sepsis Research Center, Kaohsiung Medical University, Kaohsiung 80708, Taiwan.</Affiliation></AffiliationInfo><AffiliationInfo><Affiliation>Center for Tropical Medicine and Infectious Disease, Kaohsiung Medical University, Kaohsiung 80708, Taiwan.</Affiliation></AffiliationInfo></Author><Author ValidYN="Y"><LastName>Hsu</LastName><ForeName>Yao-Chin</ForeName><Initials>YC</Initials><AffiliationInfo><Affiliation>Department of Chinese Medicine, Chi Mei Medical Center, Tainan 71004, Taiwan.</Affiliation></AffiliationInfo></Author><Author ValidYN="Y"><LastName>Lee</LastName><ForeName>Jin-Ching</ForeName><Initials>JC</Initials><Identifier Source="ORCID">0000-0003-0729-9589</Identifier><AffiliationInfo><Affiliation>Department of Marine Biotechnology and Resources, College of Marine Sciences, National Sun Yat-sen University, Kaohsiung 80424, Taiwan.</Affiliation></AffiliationInfo><AffiliationInfo><Affiliation>Department of Biotechnology, College of Life Science, Kaohsiung Medical University, Kaohsiung 80708, Taiwan.</Affiliation></AffiliationInfo><AffiliationInfo><Affiliation>Graduate Institute of Natural Products, College of Pharmacy, Kaohsiung Medical University, Kaohsiung 80708, Taiwan.</Affiliation></AffiliationInfo></Author></AuthorList><Language>eng</Language><PublicationTypeList><PublicationType UI="D016428">Journal Article</PublicationType><PublicationType UI="D013485">Research Support, Non-U.S. Gov't</PublicationType></PublicationTypeList><ArticleDate DateType="Electronic"><Year>2023</Year><Month>03</Month><Day>30</Day></ArticleDate></Article><MedlineJournalInfo><Country>Switzerland</Country><MedlineTA>Viruses</MedlineTA><NlmUniqueID>101509722</NlmUniqueID><ISSNLinking>1999-4915</ISSNLinking></MedlineJournalInfo><ChemicalList><Chemical><RegistryNumber>0</RegistryNumber><NameOfSubstance UI="C511402">Grape Seed Proanthocyanidins</NameOfSubstance></Chemical><Chemical><RegistryNumber>0</RegistryNumber><NameOfSubstance UI="D016328">NF-kappa B</NameOfSubstance></Chemical><Chemical><RegistryNumber>EC 1.14.99.1</RegistryNumber><NameOfSubstance UI="D051546">Cyclooxygenase 2</NameOfSubstance></Chemical></ChemicalList><CitationSubset>IM</CitationSubset><MeshHeadingList><MeshHeading><DescriptorName UI="D051379" MajorTopicYN="N">Mice</DescriptorName></MeshHeading><MeshHeading><DescriptorName UI="D000818" MajorTopicYN="N">Animals</DescriptorName></MeshHeading><MeshHeading><DescriptorName UI="D016328" MajorTopicYN="N">NF-kappa B</DescriptorName><QualifierName UI="Q000378" MajorTopicYN="N">metabolism</QualifierName></MeshHeading><MeshHeading><DescriptorName UI="D051546" MajorTopicYN="N">Cyclooxygenase 2</DescriptorName><QualifierName UI="Q000235" MajorTopicYN="N">genetics</QualifierName></MeshHeading><MeshHeading><DescriptorName UI="D003716" MajorTopicYN="Y">Dengue Virus</DescriptorName><QualifierName UI="Q000502" MajorTopicYN="N">physiology</QualifierName></MeshHeading><MeshHeading><DescriptorName UI="D019595" MajorTopicYN="Y">Severe Dengue</DescriptorName><QualifierName UI="Q000188" MajorTopicYN="N">drug therapy</QualifierName></MeshHeading><MeshHeading><DescriptorName UI="D003715" MajorTopicYN="Y">Dengue</DescriptorName></MeshHeading><MeshHeading><DescriptorName UI="D014779" MajorTopicYN="N">Virus Replication</DescriptorName></MeshHeading></MeshHeadingList><KeywordList Owner="NOTNLM"><Keyword MajorTopicYN="N">cyclooxygenase</Keyword><Keyword MajorTopicYN="N">dengue virus</Keyword><Keyword MajorTopicYN="N">grape seed extract</Keyword><Keyword MajorTopicYN="N">inflammation</Keyword></KeywordList><CoiStatement>The authors declare no conflict of interest.</CoiStatement></MedlineCitation><PubmedData><History><PubMedPubDate PubStatus="received"><Year>2023</Year><Month>2</Month><Day>1</Day></PubMedPubDate><PubMedPubDate PubStatus="revised"><Year>2023</Year><Month>3</Month><Day>20</Day></PubMedPubDate><PubMedPubDate PubStatus="accepted"><Year>2023</Year><Month>3</Month><Day>28</Day></PubMedPubDate><PubMedPubDate PubStatus="medline"><Year>2023</Year><Month>5</Month><Day>1</Day><Hour>6</Hour><Minute>42</Minute></PubMedPubDate><PubMedPubDate PubStatus="pubmed"><Year>2023</Year><Month>4</Month><Day>28</Day><Hour>6</Hour><Minute>41</Minute></PubMedPubDate><PubMedPubDate PubStatus="entrez"><Year>2023</Year><Month>4</Month><Day>28</Day><Hour>1</Hour><Minute>54</Minute></PubMedPubDate></History><PublicationStatus>epublish</PublicationStatus><ArticleIdList><ArticleId IdType="pubmed">37112864</ArticleId><ArticleId IdType="pmc">PMC10140912</ArticleId><ArticleId IdType="doi">10.3390/v15040884</ArticleId><ArticleId IdType="pii">v15040884</ArticleId></ArticleIdList><ReferenceList><Reference><Citation>Guzman M.G., Kouri G. Dengue diagnosis, advances and challenges. Int. J. Infect. Dis. 2004;8:69&#x2013;80. doi: 10.1016/j.ijid.2003.03.003.</Citation><ArticleIdList><ArticleId IdType="doi">10.1016/j.ijid.2003.03.003</ArticleId><ArticleId IdType="pubmed">14732325</ArticleId></ArticleIdList></Reference><Reference><Citation>Mukhopadhyay S., Kuhn R.J., Rossmann M.G. A structural perspective of the flavivirus life cycle. Nat. Rev. Microbiol. 2005;3:13&#x2013;22. doi: 10.1038/nrmicro1067.</Citation><ArticleIdList><ArticleId IdType="doi">10.1038/nrmicro1067</ArticleId><ArticleId IdType="pubmed">15608696</ArticleId></ArticleIdList></Reference><Reference><Citation>Pong L.Y., Yew P.N., Lee W.L., Lim Y.Y., Sharifah S.H. Anti-dengue virus serotype 2 activity of tannins from porcupine dates. Chin. Med. 2020;15:49. doi: 10.1186/s13020-020-00329-7.</Citation><ArticleIdList><ArticleId IdType="doi">10.1186/s13020-020-00329-7</ArticleId><ArticleId IdType="pmc">PMC7238553</ArticleId><ArticleId IdType="pubmed">32467721</ArticleId></ArticleIdList></Reference><Reference><Citation>Gubler D.J. Dengue and dengue hemorrhagic fever. Clin. Microbiol. Rev. 1998;11:480&#x2013;496. doi: 10.1128/CMR.11.3.480.</Citation><ArticleIdList><ArticleId IdType="doi">10.1128/CMR.11.3.480</ArticleId><ArticleId IdType="pmc">PMC88892</ArticleId><ArticleId IdType="pubmed">9665979</ArticleId></ArticleIdList></Reference><Reference><Citation>Pang X., Zhang R., Cheng G. Progress towards understanding the pathogenesis of dengue hemorrhagic fever. Virol. Sin. 2017;32:16&#x2013;22. doi: 10.1007/s12250-016-3855-9.</Citation><ArticleIdList><ArticleId IdType="doi">10.1007/s12250-016-3855-9</ArticleId><ArticleId IdType="pmc">PMC6702245</ArticleId><ArticleId IdType="pubmed">27853992</ArticleId></ArticleIdList></Reference><Reference><Citation>Wan S.W., Wu-Hsieh B.A., Lin Y.S., Chen W.Y., Huang Y., Anderson R. The monocyte-macrophage-mast cell axis in dengue pathogenesis. J. Biomed. Sci. 2018;25:77. doi: 10.1186/s12929-018-0482-9.</Citation><ArticleIdList><ArticleId IdType="doi">10.1186/s12929-018-0482-9</ArticleId><ArticleId IdType="pmc">PMC6225659</ArticleId><ArticleId IdType="pubmed">30409217</ArticleId></ArticleIdList></Reference><Reference><Citation>Azizan A., Sweat J., Espino C., Gemmer J., Stark L., Kazanis D. Differential proinflammatory and angiogenesis-specific cytokine production in human pulmonary endothelial cells, HPMEC-ST1.6R infected with dengue-2 and dengue-3 virus. J. Virol. Methods. 2006;138:211&#x2013;217. doi: 10.1016/j.jviromet.2006.08.010.</Citation><ArticleIdList><ArticleId IdType="doi">10.1016/j.jviromet.2006.08.010</ArticleId><ArticleId IdType="pubmed">17034872</ArticleId></ArticleIdList></Reference><Reference><Citation>Lin C.K., Tseng C.K., Wu Y.H., Liaw C.C., Lin C.Y., Huang C.H., Chen Y.H., Lee J.C. Cyclooxygenase-2 facilitates dengue virus replication and serves as a potential target for developing antiviral agents. Sci. Rep. 2017;7:44701. doi: 10.1038/srep44701.</Citation><ArticleIdList><ArticleId IdType="doi">10.1038/srep44701</ArticleId><ArticleId IdType="pmc">PMC5357798</ArticleId><ArticleId IdType="pubmed">28317866</ArticleId></ArticleIdList></Reference><Reference><Citation>Zandi K., Teoh B.T., Sam S.S., Wong P.F., Mustafa M.R., Abubakar S. Antiviral activity of four types of bioflavonoid against dengue virus type-2. Virol. J. 2011;8:560. doi: 10.1186/1743-422X-8-560.</Citation><ArticleIdList><ArticleId IdType="doi">10.1186/1743-422X-8-560</ArticleId><ArticleId IdType="pmc">PMC3271998</ArticleId><ArticleId IdType="pubmed">22201648</ArticleId></ArticleIdList></Reference><Reference><Citation>Loe M.W.C., Hao E., Chen M., Li C., Lee R.C.H., Zhu I.X.Y., Teo Z.Y., Chin W.X., Hou X., Deng J., et al. Betulinic acid exhibits antiviral effects against dengue virus infection. Antivir. Res. 2020;184:104954. doi: 10.1016/j.antiviral.2020.104954.</Citation><ArticleIdList><ArticleId IdType="doi">10.1016/j.antiviral.2020.104954</ArticleId><ArticleId IdType="pubmed">33080251</ArticleId></ArticleIdList></Reference><Reference><Citation>Laavola M., Haavikko R., Hamalainen M., Leppanen T., Nieminen R., Alakurtti S., Moreira V.M., Yli-Kauhaluoma J., Moilanen E. Betulin Derivatives Effectively Suppress Inflammation in Vitro and in Vivo. J. Nat. Prod. 2016;79:274&#x2013;280. doi: 10.1021/acs.jnatprod.5b00709.</Citation><ArticleIdList><ArticleId IdType="doi">10.1021/acs.jnatprod.5b00709</ArticleId><ArticleId IdType="pubmed">26915998</ArticleId></ArticleIdList></Reference><Reference><Citation>Rodriguez-Perez C., Garcia-Villanova B., Guerra-Hernandez E., Verardo V. Grape Seeds Proanthocyanidins: An Overview of In Vivo Bioactivity in Animal Models. Nutrients. 2019;11:2435. doi: 10.3390/nu11102435.</Citation><ArticleIdList><ArticleId IdType="doi">10.3390/nu11102435</ArticleId><ArticleId IdType="pmc">PMC6835351</ArticleId><ArticleId IdType="pubmed">31614852</ArticleId></ArticleIdList></Reference><Reference><Citation>Cadiz-Gurrea M.L., Borras-Linares I., Lozano-Sanchez J., Joven J., Fernandez-Arroyo S., Segura-Carretero A. Cocoa and Grape Seed Byproducts as a Source of Antioxidant and Anti-Inflammatory Proanthocyanidins. Int. J. Mol. Sci. 2017;18:376. doi: 10.3390/ijms18020376.</Citation><ArticleIdList><ArticleId IdType="doi">10.3390/ijms18020376</ArticleId><ArticleId IdType="pmc">PMC5343911</ArticleId><ArticleId IdType="pubmed">28208630</ArticleId></ArticleIdList></Reference><Reference><Citation>Carullo G., Sciubba F., Governa P., Mazzotta S., Frattaruolo L., Grillo G., Cappello A.R., Cravotto G., Di Cocco M.E., Aiello F. Mantonico and Pecorello Grape Seed Extracts: Chemical Characterization and Evaluation of In Vitro Wound-Healing and Anti-Inflammatory Activities. Pharmaceuticals. 2020;13:97. doi: 10.3390/ph13050097.</Citation><ArticleIdList><ArticleId IdType="doi">10.3390/ph13050097</ArticleId><ArticleId IdType="pmc">PMC7281466</ArticleId><ArticleId IdType="pubmed">32423026</ArticleId></ArticleIdList></Reference><Reference><Citation>Sheng K., Zhang G., Sun M., He S., Kong X., Wang J., Zhu F., Zha X., Wang Y. Grape seed proanthocyanidin extract ameliorates dextran sulfate sodium-induced colitis through intestinal barrier improvement, oxidative stress reduction, and inflammatory cytokines and gut microbiota modulation. Food Funct. 2020;11:7817&#x2013;7829. doi: 10.1039/D0FO01418D.</Citation><ArticleIdList><ArticleId IdType="doi">10.1039/D0FO01418D</ArticleId><ArticleId IdType="pubmed">32808642</ArticleId></ArticleIdList></Reference><Reference><Citation>Wang C., Li J., Song G.L., Niu Q., Xu S.Z., Feng G.L., Wang H.X., Li Y., Li S.G., Li F. Grape Seed Procyanidin Extract Reduces Arsenic-Induced Renal Inflammatory Injury in Male Mice. Biomed. Environ. Sci. 2017;30:535&#x2013;539.</Citation><ArticleIdList><ArticleId IdType="pubmed">28756814</ArticleId></ArticleIdList></Reference><Reference><Citation>Ao X., Kim I.H. Effects of grape seed extract on performance, immunity, antioxidant capacity, and meat quality in Pekin ducks. Poult. Sci. 2020;99:2078&#x2013;2086. doi: 10.1016/j.psj.2019.12.014.</Citation><ArticleIdList><ArticleId IdType="doi">10.1016/j.psj.2019.12.014</ArticleId><ArticleId IdType="pmc">PMC7587615</ArticleId><ArticleId IdType="pubmed">32241493</ArticleId></ArticleIdList></Reference><Reference><Citation>Ignea C., Dorobantu C.M., Mintoff C.P., Branza-Nichita N., Ladomery M.R., Kefalas P., Chedea V.S. Modulation of the antioxidant/pro-oxidant balance, cytotoxicity and antiviral actions of grape seed extracts. Food Chem. 2013;141:3967&#x2013;3976. doi: 10.1016/j.foodchem.2013.06.094.</Citation><ArticleIdList><ArticleId IdType="doi">10.1016/j.foodchem.2013.06.094</ArticleId><ArticleId IdType="pubmed">23993573</ArticleId></ArticleIdList></Reference><Reference><Citation>Al-Habib A., Al-Saleh E., Safer A.M., Afzal M. Bactericidal effect of grape seed extract on methicillin-resistant Staphylococcus aureus (MRSA) J. Toxicol. Sci. 2010;35:357&#x2013;364. doi: 10.2131/jts.35.357.</Citation><ArticleIdList><ArticleId IdType="doi">10.2131/jts.35.357</ArticleId><ArticleId IdType="pubmed">20519844</ArticleId></ArticleIdList></Reference><Reference><Citation>Al-Mousawi A.H., Al-Kaabi S.J., Albaghdadi A.J.H., Almulla A.F., Raheem A., Algon A.A.A. Effect of Black Grape Seed Extract (Vitis vinifera) on Biofilm Formation of Methicillin-Resistant Staphylococcus aureus and Staphylococcus haemolyticus. Curr. Microbiol. 2020;77:238&#x2013;245. doi: 10.1007/s00284-019-01827-0.</Citation><ArticleIdList><ArticleId IdType="doi">10.1007/s00284-019-01827-0</ArticleId><ArticleId IdType="pubmed">31807847</ArticleId></ArticleIdList></Reference><Reference><Citation>Joshi S.S., Su X., D&#x2019;Souza D.H. Antiviral effects of grape seed extract against feline calicivirus, murine norovirus, and hepatitis A virus in model food systems and under gastric conditions. Food Microbiol. 2015;52:1&#x2013;10. doi: 10.1016/j.fm.2015.05.011.</Citation><ArticleIdList><ArticleId IdType="doi">10.1016/j.fm.2015.05.011</ArticleId><ArticleId IdType="pubmed">26338111</ArticleId></ArticleIdList></Reference><Reference><Citation>Nair M.P., Kandaswami C., Mahajan S., Nair H.N., Chawda R., Shanahan T., Schwartz S.A. Grape seed extract proanthocyanidins downregulate HIV-1 entry coreceptors, CCR2b, CCR3 and CCR5 gene expression by normal peripheral blood mononuclear cells. Biol. Res. 2002;35:421&#x2013;431. doi: 10.4067/S0716-97602002000300016.</Citation><ArticleIdList><ArticleId IdType="doi">10.4067/S0716-97602002000300016</ArticleId><ArticleId IdType="pubmed">12462994</ArticleId></ArticleIdList></Reference><Reference><Citation>Su X., D&#x2019;Souza D.H. Grape seed extract for foodborne virus reduction on produce. Food Microbiol. 2013;34:1&#x2013;6. doi: 10.1016/j.fm.2012.10.006.</Citation><ArticleIdList><ArticleId IdType="doi">10.1016/j.fm.2012.10.006</ArticleId><ArticleId IdType="pubmed">23498171</ArticleId></ArticleIdList></Reference><Reference><Citation>Chen W.C., Tseng C.K., Chen B.H., Lin C.K., Lee J.C. Grape Seed Extract Attenuates Hepatitis C Virus Replication and Virus-Induced Inflammation. Front. Pharmacol. 2016;7:490. doi: 10.3389/fphar.2016.00490.</Citation><ArticleIdList><ArticleId IdType="doi">10.3389/fphar.2016.00490</ArticleId><ArticleId IdType="pmc">PMC5174132</ArticleId><ArticleId IdType="pubmed">28066241</ArticleId></ArticleIdList></Reference><Reference><Citation>Lee J.C., Tseng C.K., Wu Y.H., Kaushik-Basu N., Lin C.K., Chen W.C., Wu H.N. Characterization of the activity of 2&#x2032;-C-methylcytidine against dengue virus replication. Antivir. Res. 2015;116:1&#x2013;9. doi: 10.1016/j.antiviral.2015.01.002.</Citation><ArticleIdList><ArticleId IdType="doi">10.1016/j.antiviral.2015.01.002</ArticleId><ArticleId IdType="pubmed">25614455</ArticleId></ArticleIdList></Reference><Reference><Citation>Shi J., Yu J., Pohorly J.E., Kakuda Y. Polyphenolics in grape seeds-biochemistry and functionality. J. Med. Food. 2003;6:291&#x2013;299. doi: 10.1089/109662003772519831.</Citation><ArticleIdList><ArticleId IdType="doi">10.1089/109662003772519831</ArticleId><ArticleId IdType="pubmed">14977436</ArticleId></ArticleIdList></Reference><Reference><Citation>Chen W.C., Tseng C.K., Lin C.K., Wang S.N., Wang W.H., Hsu S.H., Wu Y.H., Hung L.C., Chen Y.H., Lee J.C. Lucidone suppresses dengue viral replication through the induction of heme oxygenase-1. Virulence. 2018;9:588&#x2013;603. doi: 10.1080/21505594.2017.1421893.</Citation><ArticleIdList><ArticleId IdType="doi">10.1080/21505594.2017.1421893</ArticleId><ArticleId IdType="pmc">PMC5955471</ArticleId><ArticleId IdType="pubmed">29338543</ArticleId></ArticleIdList></Reference><Reference><Citation>Steer S.A., Corbett J.A. The role and regulation of COX-2 during viral infection. Viral. Immunol. 2003;16:447&#x2013;460. doi: 10.1089/088282403771926283.</Citation><ArticleIdList><ArticleId IdType="doi">10.1089/088282403771926283</ArticleId><ArticleId IdType="pubmed">14733733</ArticleId></ArticleIdList></Reference><Reference><Citation>Tsatsanis C., Androulidaki A., Venihaki M., Margioris A.N. Signalling networks regulating cyclooxygenase-2. Int. J. Biochem. Cell Biol. 2006;38:1654&#x2013;1661. doi: 10.1016/j.biocel.2006.03.021.</Citation><ArticleIdList><ArticleId IdType="doi">10.1016/j.biocel.2006.03.021</ArticleId><ArticleId IdType="pubmed">16713323</ArticleId></ArticleIdList></Reference><Reference><Citation>Sun H., Xu B., Inoue H., Chen Q.M. P38 MAPK mediates COX-2 gene expression by corticosterone in cardiomyocytes. Cell Signal. 2008;20:1952&#x2013;1959. doi: 10.1016/j.cellsig.2008.07.003.</Citation><ArticleIdList><ArticleId IdType="doi">10.1016/j.cellsig.2008.07.003</ArticleId><ArticleId IdType="pubmed">18657608</ArticleId></ArticleIdList></Reference><Reference><Citation>Carod-Artal F.J., Wichmann O., Farrar J., Gascon J. Neurological complications of dengue virus infection. Lancet Neurol. 2013;12:906&#x2013;919. doi: 10.1016/S1474-4422(13)70150-9.</Citation><ArticleIdList><ArticleId IdType="doi">10.1016/S1474-4422(13)70150-9</ArticleId><ArticleId IdType="pubmed">23948177</ArticleId></ArticleIdList></Reference><Reference><Citation>Liou J.T., Chen Z.Y., Ho L.J., Yang S.P., Chang D.M., Liang C.C., Lai J.H. Differential effects of triptolide and tetrandrine on activation of COX-2, NF-kappaB, and AP-1 and virus production in dengue virus-infected human lung cells. Eur. J. Pharmacol. 2008;589:288&#x2013;298. doi: 10.1016/j.ejphar.2008.04.056.</Citation><ArticleIdList><ArticleId IdType="doi">10.1016/j.ejphar.2008.04.056</ArticleId><ArticleId IdType="pmc">PMC7094504</ArticleId><ArticleId IdType="pubmed">18565510</ArticleId></ArticleIdList></Reference><Reference><Citation>Mao J.T., Smoake J., Park H.K., Lu Q.Y., Xue B. Grape Seed Procyanidin Extract Mediates Antineoplastic Effects against Lung Cancer via Modulations of Prostacyclin and 15-HETE Eicosanoid Pathways. Cancer Prev. Res. 2016;9:925&#x2013;932. doi: 10.1158/1940-6207.CAPR-16-0122.</Citation><ArticleIdList><ArticleId IdType="doi">10.1158/1940-6207.CAPR-16-0122</ArticleId><ArticleId IdType="pmc">PMC8086173</ArticleId><ArticleId IdType="pubmed">27658889</ArticleId></ArticleIdList></Reference><Reference><Citation>Velmurugan B., Singh R.P., Kaul N., Agarwal R., Agarwal C. Dietary feeding of grape seed extract prevents intestinal tumorigenesis in APCmin/+ mice. Neoplasia. 2010;12:95&#x2013;102. doi: 10.1593/neo.91718.</Citation><ArticleIdList><ArticleId IdType="doi">10.1593/neo.91718</ArticleId><ArticleId IdType="pmc">PMC2805888</ArticleId><ArticleId IdType="pubmed">20072658</ArticleId></ArticleIdList></Reference><Reference><Citation>Chu H., Tang Q., Huang H., Hao W., Wei X. Grape-seed proanthocyanidins inhibit the lipopolysaccharide-induced inflammatory mediator expression in RAW264.7 macrophages by suppressing MAPK and NF-kappab signal pathways. Environ. Toxicol. Pharmacol. 2016;41:159&#x2013;166. doi: 10.1016/j.etap.2015.11.018.</Citation><ArticleIdList><ArticleId IdType="doi">10.1016/j.etap.2015.11.018</ArticleId><ArticleId IdType="pubmed">26708200</ArticleId></ArticleIdList></Reference><Reference><Citation>Pillai A.B., Muthuraman K.R., Mariappan V., Belur S.S., Lokesh S., Rajendiran S. Oxidative stress response in the pathogenesis of dengue virus virulence, disease prognosis and therapeutics: An update. Arch. Virol. 2019;164:2895&#x2013;2908. doi: 10.1007/s00705-019-04406-7.</Citation><ArticleIdList><ArticleId IdType="doi">10.1007/s00705-019-04406-7</ArticleId><ArticleId IdType="pubmed">31531742</ArticleId></ArticleIdList></Reference><Reference><Citation>Ashhurst T.M., Vreden C., Munoz-Erazo L., Niewold P., Watabe K., Terry R.L., Deffrasnes C., Getts D.R., Cole King N.J. Antiviral macrophage responses in flavivirus encephalitis. Indian J. Med. Res. 2013;138:632&#x2013;647.</Citation><ArticleIdList><ArticleId IdType="pmc">PMC3928696</ArticleId><ArticleId IdType="pubmed">24434318</ArticleId></ArticleIdList></Reference><Reference><Citation>Tseng C.K., Lin C.K., Wu Y.H., Chen Y.H., Chen W.C., Young K.C., Lee J.C. Human heme oxygenase 1 is a potential host cell factor against dengue virus replication. Sci. Rep. 2016;6:32176. doi: 10.1038/srep32176.</Citation><ArticleIdList><ArticleId IdType="doi">10.1038/srep32176</ArticleId><ArticleId IdType="pmc">PMC4995454</ArticleId><ArticleId IdType="pubmed">27553177</ArticleId></ArticleIdList></Reference><Reference><Citation>Cardenas-Rodriguez N., Bandala C., Vanoye-Carlo A., Ignacio-Mejia I., Gomez-Manzo S., Hernandez-Cruz E.Y., Pedraza-Chaverri J., Carmona-Aparicio L., Hernandez-Ochoa B. Use of Antioxidants for the Neuro-Therapeutic Management of COVID-19. Antioxidants. 2021;10:971. doi: 10.3390/antiox10060971.</Citation><ArticleIdList><ArticleId IdType="doi">10.3390/antiox10060971</ArticleId><ArticleId IdType="pmc">PMC8235474</ArticleId><ArticleId IdType="pubmed">34204362</ArticleId></ArticleIdList></Reference><Reference><Citation>Figueroa-Espinoza M.C., Zafimahova A., Alvarado P.G., Dubreucq E., Poncet-Legrand C. Grape seed and apple tannins: Emulsifying and antioxidant properties. Food Chem. 2015;178:38&#x2013;44. doi: 10.1016/j.foodchem.2015.01.056.</Citation><ArticleIdList><ArticleId IdType="doi">10.1016/j.foodchem.2015.01.056</ArticleId><ArticleId IdType="pubmed">25704681</ArticleId></ArticleIdList></Reference><Reference><Citation>Gupta M., Dey S., Marbaniang D., Pal P., Ray S., Mazumder B. Grape seed extract: Having a potential health benefits. J. Food Sci. Technol. 2020;57:1205&#x2013;1215. doi: 10.1007/s13197-019-04113-w.</Citation><ArticleIdList><ArticleId IdType="doi">10.1007/s13197-019-04113-w</ArticleId><ArticleId IdType="pmc">PMC7054588</ArticleId><ArticleId IdType="pubmed">32180617</ArticleId></ArticleIdList></Reference><Reference><Citation>Li C., Wang W., Yu H., Li J., Yang R. Ultrasound-assisted subcritical water extraction of proanthocyanidins from defatted grape seed and its antioxidant activity. Zhongguo Zhong Yao Za Zhi. 2010;35:967&#x2013;972.</Citation><ArticleIdList><ArticleId IdType="pubmed">20617673</ArticleId></ArticleIdList></Reference><Reference><Citation>Bhatt P., Sabeena S.P., Varma M., Arunkumar G. Current Understanding of the Pathogenesis of Dengue Virus Infection. Curr. Microbiol. 2021;78:17&#x2013;32. doi: 10.1007/s00284-020-02284-w.</Citation><ArticleIdList><ArticleId IdType="doi">10.1007/s00284-020-02284-w</ArticleId><ArticleId IdType="pmc">PMC7815537</ArticleId><ArticleId IdType="pubmed">33231723</ArticleId></ArticleIdList></Reference><Reference><Citation>Cheng Y.L., Lin Y.S., Chen C.L., Wan S.W., Ou Y.D., Yu C.Y., Tsai T.T., Tseng P.C., Lin C.F. Dengue Virus Infection Causes the Activation of Distinct NF-kappaB Pathways for Inducible Nitric Oxide Synthase and TNF-alpha Expression in RAW264.7 Cells. Mediat. Inflamm. 2015;2015:274025. doi: 10.1155/2015/274025.</Citation><ArticleIdList><ArticleId IdType="doi">10.1155/2015/274025</ArticleId><ArticleId IdType="pmc">PMC4496656</ArticleId><ArticleId IdType="pubmed">26199460</ArticleId></ArticleIdList></Reference><Reference><Citation>Chen H.-C., Hofman F.M., Kung J.T., Lin Y.-D., Wu-Hsieh B.A. Both Virus and Tumor Necrosis Factor Alpha Are Critical for Endothelium Damage in a Mouse Model of Dengue Virus-Induced Hemorrhage. J. Virol. 2007;81:5518&#x2013;5526. doi: 10.1128/JVI.02575-06.</Citation><ArticleIdList><ArticleId IdType="doi">10.1128/JVI.02575-06</ArticleId><ArticleId IdType="pmc">PMC1900309</ArticleId><ArticleId IdType="pubmed">17360740</ArticleId></ArticleIdList></Reference><Reference><Citation>Yen Y.-T., Chen H.-C., Lin Y.-D., Shieh C.-C., Wu-Hsieh B.A. Enhancement by Tumor Necrosis Factor Alpha of Dengue Virus-Induced Endothelial Cell Production of Reactive Nitrogen and Oxygen Species Is Key to Hemorrhage Development. J. Virol. 2009;83:9616. doi: 10.1128/JVI.01375-09.</Citation><ArticleIdList><ArticleId IdType="doi">10.1128/JVI.01375-09</ArticleId><ArticleId IdType="pmc">PMC2593312</ArticleId><ArticleId IdType="pubmed">18842737</ArticleId></ArticleIdList></Reference><Reference><Citation>Jasso-Miranda C., Herrera-Camacho I., Flores-Mendoza L.K., Dominguez F., Vallejo-Ruiz V., Sanchez-Burgos G.G., Pando-Robles V., Santos-Lopez G., Reyes-Leyva J. Antiviral and immunomodulatory effects of polyphenols on macrophages infected with dengue virus serotypes 2 and 3 enhanced or not with antibodies. Infect. Drug Resist. 2019;12:1833&#x2013;1852. doi: 10.2147/IDR.S210890.</Citation><ArticleIdList><ArticleId IdType="doi">10.2147/IDR.S210890</ArticleId><ArticleId IdType="pmc">PMC6611719</ArticleId><ArticleId IdType="pubmed">31303775</ArticleId></ArticleIdList></Reference><Reference><Citation>Williams K.L., Zompi S., Beatty P.R., Harris E. A mouse model for studying dengue virus pathogenesis and immune response. Ann. N. Y. Acad. Sci. 2009;1171((Suppl. 1)):E12&#x2013;E23. doi: 10.1111/j.1749-6632.2009.05057.x.</Citation><ArticleIdList><ArticleId IdType="doi">10.1111/j.1749-6632.2009.05057.x</ArticleId><ArticleId IdType="pubmed">19751398</ArticleId></ArticleIdList></Reference><Reference><Citation>Perumalla A.V.S., Hettiarachchy N.S. Green tea and grape seed extracts&#x2014;Potential applications in food safety and quality. Food Res. Int. 2011;44:827&#x2013;839. doi: 10.1016/j.foodres.2011.01.022.</Citation><ArticleIdList><ArticleId IdType="doi">10.1016/j.foodres.2011.01.022</ArticleId></ArticleIdList></Reference><Reference><Citation>Cragg G.M., Newman D.J. Plants as a source of anti-cancer agents. J. Ethnopharmacol. 2005;100:72&#x2013;79. doi: 10.1016/j.jep.2005.05.011.</Citation><ArticleIdList><ArticleId IdType="doi">10.1016/j.jep.2005.05.011</ArticleId><ArticleId IdType="pubmed">16009521</ArticleId></ArticleIdList></Reference><Reference><Citation>Fatriansyah J.F., Rizqillah R.K., Yandi M.Y. Molecular Docking and Molecular Dynamics Simulation of Fisetin, Galangin, Hesperetin, Hesperidin, Myricetin, and Naringenin against Polymerase of Dengue Virus. J. Trop. Med. 2022;2022:7254990. doi: 10.1155/2022/7254990.</Citation><ArticleIdList><ArticleId IdType="doi">10.1155/2022/7254990</ArticleId><ArticleId IdType="pmc">PMC8958082</ArticleId><ArticleId IdType="pubmed">35356488</ArticleId></ArticleIdList></Reference><Reference><Citation>Alomair L., Almsned F., Ullah A., Jafri M.S. In Silico Prediction of the Phosphorylation of NS3 as an Essential Mechanism for Dengue Virus Replication and the Antiviral Activity of Quercetin. Biology. 2021;10:1067. doi: 10.3390/biology10101067.</Citation><ArticleIdList><ArticleId IdType="doi">10.3390/biology10101067</ArticleId><ArticleId IdType="pmc">PMC8570334</ArticleId><ArticleId IdType="pubmed">34681164</ArticleId></ArticleIdList></Reference><Reference><Citation>Zainal N., Chang C.P., Cheng Y.L., Wu Y.W., Anderson R., Wan S.W., Chen C.L., Ho T.S., AbuBakar S., Lin Y.S. Resveratrol treatment reveals a novel role for HMGB1 in regulation of the type 1 interferon response in dengue virus infection. Sci. Rep. 2017;7:42998. doi: 10.1038/srep42998.</Citation><ArticleIdList><ArticleId IdType="doi">10.1038/srep42998</ArticleId><ArticleId IdType="pmc">PMC5316936</ArticleId><ArticleId IdType="pubmed">28216632</ArticleId></ArticleIdList></Reference><Reference><Citation>Han Y.S., Penthala N.R., Oliveira M., Mesplede T., Xu H., Quan Y., Crooks P.A., Wainberg M.A. Identification of resveratrol analogs as potent anti-dengue agents using a cell-based assay. J. Med. Virol. 2017;89:397&#x2013;407. doi: 10.1002/jmv.24660.</Citation><ArticleIdList><ArticleId IdType="doi">10.1002/jmv.24660</ArticleId><ArticleId IdType="pubmed">27509184</ArticleId></ArticleIdList></Reference><Reference><Citation>Trujillo-Correa A.I., Quintero-Gil D.C., Diaz-Castillo F., Quinones W., Robledo S.M., Martinez-Gutierrez M. In vitro and in silico anti-dengue activity of compounds obtained from Psidium guajava through bioprospecting. BMC Complement. Altern. Med. 2019;19:298. doi: 10.1186/s12906-019-2695-1.</Citation><ArticleIdList><ArticleId IdType="doi">10.1186/s12906-019-2695-1</ArticleId><ArticleId IdType="pmc">PMC6836419</ArticleId><ArticleId IdType="pubmed">31694638</ArticleId></ArticleIdList></Reference></ReferenceList></PubmedData></PubmedArticle></PubmedArticleSet>