<?xml version="1.0" ?>
<!DOCTYPE PubmedArticleSet PUBLIC "-//NLM//DTD PubMedArticle, 1st January 2023//EN" "https://dtd.nlm.nih.gov/ncbi/pubmed/out/pubmed_230101.dtd">
<PubmedArticleSet>
<PubmedArticle><MedlineCitation Status="MEDLINE" VersionID="2" Owner="NLM" IndexingMethod="Automated"><PMID Version="2">37165438</PMID><DateCompleted><Year>2023</Year><Month>05</Month><Day>12</Day></DateCompleted><DateRevised><Year>2023</Year><Month>05</Month><Day>13</Day></DateRevised><Article PubModel="Electronic"><Journal><ISSN IssnType="Electronic">1756-3305</ISSN><JournalIssue CitedMedium="Internet"><Volume>16</Volume><Issue>1</Issue><PubDate><Year>2023</Year><Month>May</Month><Day>11</Day></PubDate></JournalIssue><Title>Parasites &amp; vectors</Title><ISOAbbreviation>Parasit Vectors</ISOAbbreviation></Journal><ArticleTitle>Co-infection of dengue and Zika viruses mutually enhances viral replication in the mosquito Aedes aegypti.</ArticleTitle><Pagination><StartPage>160</StartPage><MedlinePgn>160</MedlinePgn></Pagination><ELocationID EIdType="pii" ValidYN="Y">160</ELocationID><ELocationID EIdType="doi" ValidYN="Y">10.1186/s13071-023-05778-1</ELocationID><Abstract><AbstractText Label="BACKGROUND" NlmCategory="BACKGROUND">The mosquito Aedes aegypti transmits two of the most serious mosquito-borne viruses, dengue virus (DENV) and Zika virus (ZIKV), which results in significant human morbidity and mortality worldwide. The quickly shifting landscapes of DENV and ZIKV endemicity worldwide raise concerns that their co-circulation through the Ae. aegypti mosquito vector could greatly exacerbate the disease burden in humans. Recent reports have indicated an increase in the number of co-infection cases in expanding co-endemic regions; however, the impact of co-infection on viral infection and the detailed molecular mechanisms remain to be defined.</AbstractText><AbstractText Label="METHODS" NlmCategory="METHODS">C6/36 (Aedes albopictus) cells were cultured in Dulbecco's modified Eagle medium/Mitsuhashi and Maramorosch Insect Medium (DMEM/MM) (1:1) containing 2% heat-inactivated fetal bovine serum and 1&#xd7; penicillin/streptomycin solution. For virus propagation, the cells were infected with either DENV serotype 2 (DENV2) strain 16681&#x202f;or ZIKV isolate Thailand/1610acTw (MF692778.1). Mosquitoes (Ae. aegypti UGAL [University of Georgia Laboratory]/Rockefeller strain) were orally infected with DENV2 and ZIKV through infectious blood-feeding.</AbstractText><AbstractText Label="RESULTS" NlmCategory="RESULTS">We first examined viral replication activity in cells infected simultaneously, or sequentially, with DENV and ZIKV, and found interspecies binding of viral genomic transcripts to the non-structural protein 5 (NS5). When we challenged Ae. aegypti mosquitos with both DENV2 and ZIKV sequentially to probe similar interactions, virus production and vector susceptibility to infection were significantly enhanced.</AbstractText><AbstractText Label="CONCLUSIONS" NlmCategory="CONCLUSIONS">Our results suggest that DENV2 and ZIKV simultaneously establishing infection in the Ae. aegypti mosquito vector may augment one another during replication. The data also implicate the homologous NS5 protein as a key intersection between the flaviviruses in co-infection, highlighting it as a potential target for vector control.</AbstractText><CopyrightInformation>&#xa9; 2023. The Author(s).</CopyrightInformation></Abstract><AuthorList CompleteYN="Y"><Author ValidYN="Y" EqualContrib="Y"><LastName>Lin</LastName><ForeName>Daniel Chieh-Ding</ForeName><Initials>DC</Initials><AffiliationInfo><Affiliation>Department of Biochemical Science and Technology, College of Life Science, National Taiwan University, Taipei, Taiwan.</Affiliation></AffiliationInfo></Author><Author ValidYN="Y" EqualContrib="Y"><LastName>Weng</LastName><ForeName>Shih-Che</ForeName><Initials>SC</Initials><AffiliationInfo><Affiliation>Department of Tropical Medicine and Parasitology, College of Medicine, National Taiwan University, Taipei, Taiwan.</Affiliation></AffiliationInfo></Author><Author ValidYN="Y"><LastName>Tsao</LastName><ForeName>Po-Nien</ForeName><Initials>PN</Initials><AffiliationInfo><Affiliation>Department of Pediatrics, National Taiwan University Hospital, Taipei, Taiwan.</Affiliation></AffiliationInfo><AffiliationInfo><Affiliation>Research Center for Developmental Biology &amp; Regenerative Medicine, National Taiwan University, Taipei, Taiwan.</Affiliation></AffiliationInfo></Author><Author ValidYN="Y"><LastName>Chu</LastName><ForeName>Justin Jang Hann</ForeName><Initials>JJH</Initials><AffiliationInfo><Affiliation>Laboratory of Molecular RNA Virology and Antiviral Strategies, Department of Microbiology and Immunology, Yong Loo Lin School of Medicine, National University of Singapore, Singapore, Singapore.</Affiliation></AffiliationInfo></Author><Author ValidYN="Y"><LastName>Shiao</LastName><ForeName>Shin-Hong</ForeName><Initials>SH</Initials><AffiliationInfo><Affiliation>Department of Tropical Medicine and Parasitology, College of Medicine, National Taiwan University, Taipei, Taiwan. shshiao@ntu.edu.tw.</Affiliation></AffiliationInfo></Author></AuthorList><Language>eng</Language><GrantList CompleteYN="Y"><Grant><GrantID>UN109-018</GrantID><Agency>National Taiwan University Hospital</Agency><Country/></Grant><Grant><GrantID>MOST 109-2327-B-400-004</GrantID><Agency>Ministry of Science and Technology, Taiwan</Agency><Country/></Grant><Grant><GrantID>111L2033-09</GrantID><Agency>National Taiwan University</Agency><Country/></Grant></GrantList><PublicationTypeList><PublicationType UI="D016428">Journal Article</PublicationType></PublicationTypeList><ArticleDate DateType="Electronic"><Year>2023</Year><Month>05</Month><Day>11</Day></ArticleDate></Article><MedlineJournalInfo><Country>England</Country><MedlineTA>Parasit Vectors</MedlineTA><NlmUniqueID>101462774</NlmUniqueID><ISSNLinking>1756-3305</ISSNLinking></MedlineJournalInfo><CitationSubset>IM</CitationSubset><MeshHeadingList><MeshHeading><DescriptorName UI="D000818" MajorTopicYN="N">Animals</DescriptorName></MeshHeading><MeshHeading><DescriptorName UI="D006801" MajorTopicYN="N">Humans</DescriptorName></MeshHeading><MeshHeading><DescriptorName UI="D000071244" MajorTopicYN="Y">Zika Virus</DescriptorName><QualifierName UI="Q000235" MajorTopicYN="N">genetics</QualifierName></MeshHeading><MeshHeading><DescriptorName UI="D000330" MajorTopicYN="Y">Aedes</DescriptorName></MeshHeading><MeshHeading><DescriptorName UI="D000071243" MajorTopicYN="Y">Zika Virus Infection</DescriptorName></MeshHeading><MeshHeading><DescriptorName UI="D060085" MajorTopicYN="Y">Coinfection</DescriptorName></MeshHeading><MeshHeading><DescriptorName UI="D000072138" MajorTopicYN="N">Mosquito Vectors</DescriptorName></MeshHeading><MeshHeading><DescriptorName UI="D005416" MajorTopicYN="Y">Flavivirus</DescriptorName></MeshHeading><MeshHeading><DescriptorName UI="D014779" MajorTopicYN="N">Virus Replication</DescriptorName></MeshHeading><MeshHeading><DescriptorName UI="D003715" MajorTopicYN="Y">Dengue</DescriptorName></MeshHeading></MeshHeadingList><KeywordList Owner="NOTNLM"><Keyword MajorTopicYN="N">Aedes aegypti</Keyword><Keyword MajorTopicYN="N">Co-infection</Keyword><Keyword MajorTopicYN="N">Dengue virus</Keyword><Keyword MajorTopicYN="N">NS5 protein</Keyword><Keyword MajorTopicYN="N">Zika virus</Keyword></KeywordList><CoiStatement>The authors declare that they have no competing interests.</CoiStatement></MedlineCitation><PubmedData><History><PubMedPubDate PubStatus="received"><Year>2023</Year><Month>1</Month><Day>21</Day></PubMedPubDate><PubMedPubDate PubStatus="accepted"><Year>2023</Year><Month>4</Month><Day>16</Day></PubMedPubDate><PubMedPubDate PubStatus="medline"><Year>2023</Year><Month>5</Month><Day>12</Day><Hour>7</Hour><Minute>6</Minute></PubMedPubDate><PubMedPubDate PubStatus="pubmed"><Year>2023</Year><Month>5</Month><Day>11</Day><Hour>0</Hour><Minute>41</Minute></PubMedPubDate><PubMedPubDate PubStatus="entrez"><Year>2023</Year><Month>5</Month><Day>10</Day><Hour>23</Hour><Minute>40</Minute></PubMedPubDate></History><PublicationStatus>epublish</PublicationStatus><ArticleIdList><ArticleId IdType="pubmed">37165438</ArticleId><ArticleId IdType="pmc">PMC10172068</ArticleId><ArticleId IdType="doi">10.1186/s13071-023-05778-1</ArticleId><ArticleId IdType="pii">10.1186/s13071-023-05778-1</ArticleId></ArticleIdList><ReferenceList><Reference><Citation>Wilder-Smith A, Ooi EE, Horstick O, Wills B. Dengue. Lancet. 2019;393:350&#x2013;363. doi: 10.1016/S0140-6736(18)32560-1.</Citation><ArticleIdList><ArticleId IdType="doi">10.1016/S0140-6736(18)32560-1</ArticleId><ArticleId IdType="pubmed">30696575</ArticleId></ArticleIdList></Reference><Reference><Citation>Wellekens K, Betrains A, De Munter P, Peetermans W. Dengue: current state one year before WHO 2010&#x2013;2020 goals. Acta Clin Belg. 2020 doi: 10.1080/17843286.2020.1837576.</Citation><ArticleIdList><ArticleId IdType="doi">10.1080/17843286.2020.1837576</ArticleId><ArticleId IdType="pubmed">33090941</ArticleId></ArticleIdList></Reference><Reference><Citation>Wilson AL, Courtenay O, Kelly-Hope LA, Scott TW, Takken W, Torr SJ, et al. The importance of vector control for the control and elimination of vector-borne diseases. PLoS Negl Trop Dis. 2020;14:e0007831. doi: 10.1371/journal.pntd.0007831.</Citation><ArticleIdList><ArticleId IdType="doi">10.1371/journal.pntd.0007831</ArticleId><ArticleId IdType="pmc">PMC6964823</ArticleId><ArticleId IdType="pubmed">31945061</ArticleId></ArticleIdList></Reference><Reference><Citation>Wang WH, Urbina AN, Wu CC, Lin CY, Thitithanyanont A, Assavalapsakul W, et al. An epidemiological survey of the current status of Zika and the immune interaction between dengue and Zika infection in Southern Taiwan. Int J Infect Dis. 2020;93:151&#x2013;159. doi: 10.1016/j.ijid.2020.01.031.</Citation><ArticleIdList><ArticleId IdType="doi">10.1016/j.ijid.2020.01.031</ArticleId><ArticleId IdType="pubmed">31982624</ArticleId></ArticleIdList></Reference><Reference><Citation>Achee NL, Grieco JP, Vatandoost H, Seixas G, Pinto J, Ching-Ng L, et al. Alternative strategies for mosquito-borne arbovirus control. PLoS Negl Trop Dis. 2019;13:e0006822. doi: 10.1371/journal.pntd.0006822.</Citation><ArticleIdList><ArticleId IdType="doi">10.1371/journal.pntd.0006822</ArticleId><ArticleId IdType="pmc">PMC6317787</ArticleId><ArticleId IdType="pubmed">30605475</ArticleId></ArticleIdList></Reference><Reference><Citation>Shepard DS, Undurraga EA, Halasa YA, Stanaway JD. The global economic burden of dengue: a systematic analysis. Lancet Infect Dis. 2016;16:935&#x2013;941. doi: 10.1016/S1473-3099(16)00146-8.</Citation><ArticleIdList><ArticleId IdType="doi">10.1016/S1473-3099(16)00146-8</ArticleId><ArticleId IdType="pubmed">27091092</ArticleId></ArticleIdList></Reference><Reference><Citation>Hiscott J, Wilder-Smith A. Editorial overview: the challenge to defeat dengue. Curr Opin Virol. 2020;43:iii&#x2013;v. doi: 10.1016/j.coviro.2020.10.004.</Citation><ArticleIdList><ArticleId IdType="doi">10.1016/j.coviro.2020.10.004</ArticleId><ArticleId IdType="pubmed">33160602</ArticleId></ArticleIdList></Reference><Reference><Citation>Cattarino L, Rodriguez-Barraquer I, Imai N, Cummings DAT, Ferguson NM. Mapping global variation in dengue transmission intensity. Sci Transl Med. 2020;12:528. doi: 10.1126/scitranslmed.aax4144.</Citation><ArticleIdList><ArticleId IdType="doi">10.1126/scitranslmed.aax4144</ArticleId><ArticleId IdType="pubmed">31996463</ArticleId></ArticleIdList></Reference><Reference><Citation>Stanaway JD, Shepard DS, Undurraga EA, Halasa YA, Coffeng LE, Brady OJ, et al. The global burden of dengue: an analysis from the Global Burden of Disease Study 2013. Lancet Infect Dis. 2016;16:712&#x2013;723. doi: 10.1016/S1473-3099(16)00026-8.</Citation><ArticleIdList><ArticleId IdType="doi">10.1016/S1473-3099(16)00026-8</ArticleId><ArticleId IdType="pmc">PMC5012511</ArticleId><ArticleId IdType="pubmed">26874619</ArticleId></ArticleIdList></Reference><Reference><Citation>Brady OJ, Gething PW, Bhatt S, Messina JP, Brownstein JS, Hoen AG, et al. Refining the global spatial limits of dengue virus transmission by evidence-based consensus. PLoS Negl Trop Dis. 2012;6:e1760. doi: 10.1371/journal.pntd.0001760.</Citation><ArticleIdList><ArticleId IdType="doi">10.1371/journal.pntd.0001760</ArticleId><ArticleId IdType="pmc">PMC3413714</ArticleId><ArticleId IdType="pubmed">22880140</ArticleId></ArticleIdList></Reference><Reference><Citation>Attaway DF, Waters NM, Geraghty EM, Jacobsen KH. Zika virus: Endemic and epidemic ranges of Aedes mosquito transmission. J Infect Public Health. 2017;10:120&#x2013;123. doi: 10.1016/j.jiph.2016.09.008.</Citation><ArticleIdList><ArticleId IdType="doi">10.1016/j.jiph.2016.09.008</ArticleId><ArticleId IdType="pubmed">27707632</ArticleId></ArticleIdList></Reference><Reference><Citation>Ruckert C, Weger-Lucarelli J, Garcia-Luna SM, Young MC, Byas AD, Murrieta RA, et al. Impact of simultaneous exposure to arboviruses on infection and transmission by Aedes aegypti mosquitoes. Nat Commun. 2017;8:15412. doi: 10.1038/ncomms15412.</Citation><ArticleIdList><ArticleId IdType="doi">10.1038/ncomms15412</ArticleId><ArticleId IdType="pmc">PMC5454532</ArticleId><ArticleId IdType="pubmed">28524874</ArticleId></ArticleIdList></Reference><Reference><Citation>Sukhralia S, Verma M, Gopirajan S, Dhanaraj PS, Lal R, Mehla N, et al. From dengue to Zika: the wide spread of mosquito-borne arboviruses. Eur J Clin Microbiol Infect Dis. 2019;38:3&#x2013;14. doi: 10.1007/s10096-018-3375-7.</Citation><ArticleIdList><ArticleId IdType="doi">10.1007/s10096-018-3375-7</ArticleId><ArticleId IdType="pubmed">30267170</ArticleId></ArticleIdList></Reference><Reference><Citation>Pessoa R, Patriota JV, Lourdes de Souza M, Felix AC, Mamede N, Sanabani SS. Investigation into an outbreak of dengue-like illness in Pernambuco, Brazil, revealed a Cocirculation of Zika, Chikungunya, and Dengue virus type 1. Medicine (Baltimore) 2016;95:e3201. doi: 10.1097/MD.0000000000003201.</Citation><ArticleIdList><ArticleId IdType="doi">10.1097/MD.0000000000003201</ArticleId><ArticleId IdType="pmc">PMC4998417</ArticleId><ArticleId IdType="pubmed">27015222</ArticleId></ArticleIdList></Reference><Reference><Citation>Mercado-Reyes M, Acosta-Reyes J, Navarro-Lechuga E, Corchuelo S, Rico A, Parra E, et al. Dengue, chikungunya and zika virus coinfection: results of the national surveillance during the zika epidemic in Colombia. Epidemiol Infect. 2019;147:e77. doi: 10.1017/S095026881800359X.</Citation><ArticleIdList><ArticleId IdType="doi">10.1017/S095026881800359X</ArticleId><ArticleId IdType="pmc">PMC6518562</ArticleId><ArticleId IdType="pubmed">30869010</ArticleId></ArticleIdList></Reference><Reference><Citation>Estofolete CF, Terzian ACB, Colombo TE, de Freitas Guimaraes G, Ferraz HCJ, da Silva RA, et al. Co-infection between Zika and different Dengue serotypes during DENV outbreak in Brazil. J Infect Public Health. 2019;12:178&#x2013;181. doi: 10.1016/j.jiph.2018.09.007.</Citation><ArticleIdList><ArticleId IdType="doi">10.1016/j.jiph.2018.09.007</ArticleId><ArticleId IdType="pubmed">30301701</ArticleId></ArticleIdList></Reference><Reference><Citation>Eligio-Garcia L, Crisostomo-Vazquez MDP, Caballero-Garcia ML, Soria-Guerrero M, Mendez-Galvan JF, Lopez-Cancino SA, et al. Co-infection of Dengue, Zika and Chikungunya in a group of pregnant women from Tuxtla Gutierrez, Chiapas: preliminary data 2019. PLoS Negl Trop Dis. 2020;14:e0008880. doi: 10.1371/journal.pntd.0008880.</Citation><ArticleIdList><ArticleId IdType="doi">10.1371/journal.pntd.0008880</ArticleId><ArticleId IdType="pmc">PMC7785221</ArticleId><ArticleId IdType="pubmed">33347432</ArticleId></ArticleIdList></Reference><Reference><Citation>Sharp TM, Fischer M, Munoz-Jordan JL, Paz-Bailey G, Staples JE, Gregory CJ, et al. Dengue and Zika virus diagnostic testing for patients with a clinically compatible illness and risk for infection with both viruses. MMWR Recomm Rep. 2019;68:1&#x2013;10. doi: 10.15585/mmwr.rr6801a1.</Citation><ArticleIdList><ArticleId IdType="doi">10.15585/mmwr.rr6801a1</ArticleId><ArticleId IdType="pmc">PMC6581290</ArticleId><ArticleId IdType="pubmed">31194720</ArticleId></ArticleIdList></Reference><Reference><Citation>Paul LM, Carlin ER, Jenkins MM, Tan AL, Barcellona CM, Nicholson CO, et al. Dengue virus antibodies enhance Zika virus infection. Clin Transl Immunol. 2016;5:e117. doi: 10.1038/cti.2016.72.</Citation><ArticleIdList><ArticleId IdType="doi">10.1038/cti.2016.72</ArticleId><ArticleId IdType="pmc">PMC5192063</ArticleId><ArticleId IdType="pubmed">28090318</ArticleId></ArticleIdList></Reference><Reference><Citation>Castanha PMS, Nascimento EJM, Braga C, Cordeiro MT, de Carvalho OV, de Mendonca LR, et al. Dengue virus-specific antibodies enhance Brazilian Zika virus infection. J Infect Dis. 2017;215:781&#x2013;785. doi: 10.1093/infdis/jiw638.</Citation><ArticleIdList><ArticleId IdType="doi">10.1093/infdis/jiw638</ArticleId><ArticleId IdType="pmc">PMC5854042</ArticleId><ArticleId IdType="pubmed">28039355</ArticleId></ArticleIdList></Reference><Reference><Citation>Olawoyin O, Kribs C. Coinfection, altered vector infectivity, and antibody-dependent enhancement: the Dengue-Zika interplay. Bull Math Biol. 2020;82:13. doi: 10.1007/s11538-019-00681-2.</Citation><ArticleIdList><ArticleId IdType="doi">10.1007/s11538-019-00681-2</ArticleId><ArticleId IdType="pmc">PMC7223258</ArticleId><ArticleId IdType="pubmed">31933003</ArticleId></ArticleIdList></Reference><Reference><Citation>Tang B, Xiao Y, Sander B, Kulkarni MA, Radam-Lac Research T. Wu J. Modelling the impact of antibody-dependent enhancement on disease severity of Zika virus and dengue virus sequential and co-infection. R Soc Open Sci. 2020;7:191749. doi: 10.1098/rsos.191749.</Citation><ArticleIdList><ArticleId IdType="doi">10.1098/rsos.191749</ArticleId><ArticleId IdType="pmc">PMC7211844</ArticleId><ArticleId IdType="pubmed">32431874</ArticleId></ArticleIdList></Reference><Reference><Citation>Katzelnick LC, Narvaez C, Arguello S, Lopez Mercado B, Collado D, Ampie O, et al. Zika virus infection enhances future risk of severe dengue disease. Science. 2020;369:1123&#x2013;1128. doi: 10.1126/science.abb6143.</Citation><ArticleIdList><ArticleId IdType="doi">10.1126/science.abb6143</ArticleId><ArticleId IdType="pmc">PMC8274975</ArticleId><ArticleId IdType="pubmed">32855339</ArticleId></ArticleIdList></Reference><Reference><Citation>Chaves BA, Orfano AS, Nogueira PM, Rodrigues NB, Campolina TB, Nacif-Pimenta R, et al. Coinfection with Zika virus (ZIKV) and Dengue virus results in preferential ZIKV transmission by vector bite to vertebrate host. J Infect Dis. 2018;218:563&#x2013;571. doi: 10.1093/infdis/jiy196.</Citation><ArticleIdList><ArticleId IdType="doi">10.1093/infdis/jiy196</ArticleId><ArticleId IdType="pmc">PMC6047447</ArticleId><ArticleId IdType="pubmed">29659904</ArticleId></ArticleIdList></Reference><Reference><Citation>Weng SC, Shiao SH. Frizzled 2 is a key component in the regulation of TOR signaling-mediated egg production in the mosquito Aedes aegypti. Insect Biochem Mol Biol. 2015;61:17&#x2013;24. doi: 10.1016/j.ibmb.2015.03.010.</Citation><ArticleIdList><ArticleId IdType="doi">10.1016/j.ibmb.2015.03.010</ArticleId><ArticleId IdType="pubmed">25890109</ArticleId></ArticleIdList></Reference><Reference><Citation>Chang CH, Liu YT, Weng SC, Chen IY, Tsao PN, Shiao SH. The non-canonical Notch signaling is essential for the control of fertility in Aedes aegypti. PLoS Negl Trop Dis. 2018;12:e0006307. doi: 10.1371/journal.pntd.0006307.</Citation><ArticleIdList><ArticleId IdType="doi">10.1371/journal.pntd.0006307</ArticleId><ArticleId IdType="pmc">PMC5854436</ArticleId><ArticleId IdType="pubmed">29505577</ArticleId></ArticleIdList></Reference><Reference><Citation>Sri-In C, Weng SC, Chen WY, Wu-Hsieh BA, Tu WC, Shiao SH. A salivary protein of Aedes aegypti promotes dengue-2 virus replication and transmission. Insect Biochem Mol Biol. 2019;111:103181. doi: 10.1016/j.ibmb.2019.103181.</Citation><ArticleIdList><ArticleId IdType="doi">10.1016/j.ibmb.2019.103181</ArticleId><ArticleId IdType="pubmed">31265906</ArticleId></ArticleIdList></Reference><Reference><Citation>Chen TH, Lo YP, Yang CF, Chen WJ. Additive protection by antioxidant and apoptosis-inhibiting effects on mosquito cells with dengue 2 virus infection. PLoS Negl Trop Dis. 2012;6:e1613. doi: 10.1371/journal.pntd.0001613.</Citation><ArticleIdList><ArticleId IdType="doi">10.1371/journal.pntd.0001613</ArticleId><ArticleId IdType="pmc">PMC3328429</ArticleId><ArticleId IdType="pubmed">22530071</ArticleId></ArticleIdList></Reference><Reference><Citation>Chen TH, Tang P, Yang CF, Kao LH, Lo YP, Chuang CK, et al. Antioxidant defense is one of the mechanisms by which mosquito cells survive dengue 2 viral infection. Virology. 2011;410:410&#x2013;417. doi: 10.1016/j.virol.2010.12.013.</Citation><ArticleIdList><ArticleId IdType="doi">10.1016/j.virol.2010.12.013</ArticleId><ArticleId IdType="pubmed">21216424</ArticleId></ArticleIdList></Reference><Reference><Citation>Weng SC, Zhou YX, Shiao SH. A flavivirus-inducible gene expression system that modulates broad-spectrum antiviral activity against dengue and Zika viruses. Insect Biochem Mol Biol. 2022;142:103723. doi: 10.1016/j.ibmb.2022.103723.</Citation><ArticleIdList><ArticleId IdType="doi">10.1016/j.ibmb.2022.103723</ArticleId><ArticleId IdType="pubmed">35074522</ArticleId></ArticleIdList></Reference><Reference><Citation>Weng SC, Tsao PN, Shiao SH. Blood glucose promotes dengue virus infection in the mosquito Aedes aegypti. Parasit Vectors. 2021;14:376. doi: 10.1186/s13071-021-04877-1.</Citation><ArticleIdList><ArticleId IdType="doi">10.1186/s13071-021-04877-1</ArticleId><ArticleId IdType="pmc">PMC8314564</ArticleId><ArticleId IdType="pubmed">34311776</ArticleId></ArticleIdList></Reference><Reference><Citation>Sri-In C, Weng SC, Shiao SH, Tu WC. A simplified method for blood feeding, oral infection, and saliva collection of the dengue vector mosquitoes. PLoS ONE. 2020;15:e0233618. doi: 10.1371/journal.pone.0233618.</Citation><ArticleIdList><ArticleId IdType="doi">10.1371/journal.pone.0233618</ArticleId><ArticleId IdType="pmc">PMC7259494</ArticleId><ArticleId IdType="pubmed">32469954</ArticleId></ArticleIdList></Reference><Reference><Citation>Dong S, Balaraman V, Kantor AM, Lin J, Grant DG, Held NL, et al. Chikungunya virus dissemination from the midgut of Aedes aegypti is associated with temporal basal lamina degradation during bloodmeal digestion. PLoS Negl Trop Dis. 2017;11:e0005976. doi: 10.1371/journal.pntd.0005976.</Citation><ArticleIdList><ArticleId IdType="doi">10.1371/journal.pntd.0005976</ArticleId><ArticleId IdType="pmc">PMC5636170</ArticleId><ArticleId IdType="pubmed">28961239</ArticleId></ArticleIdList></Reference><Reference><Citation>Armstrong PM, Ehrlich HY, Magalhaes T, Miller MR, Conway PJ, Bransfield A, et al. Successive blood meals enhance virus dissemination within mosquitoes and increase transmission potential. Nat Microbiol. 2020;5:239&#x2013;247. doi: 10.1038/s41564-019-0619-y.</Citation><ArticleIdList><ArticleId IdType="doi">10.1038/s41564-019-0619-y</ArticleId><ArticleId IdType="pmc">PMC7199921</ArticleId><ArticleId IdType="pubmed">31819213</ArticleId></ArticleIdList></Reference><Reference><Citation>Vogels CBF, Ruckert C, Cavany SM, Perkins TA, Ebel GD, Grubaugh ND. Arbovirus coinfection and co-transmission: a neglected public health concern? PLoS Biol. 2019;17:e3000130. doi: 10.1371/journal.pbio.3000130.</Citation><ArticleIdList><ArticleId IdType="doi">10.1371/journal.pbio.3000130</ArticleId><ArticleId IdType="pmc">PMC6358106</ArticleId><ArticleId IdType="pubmed">30668574</ArticleId></ArticleIdList></Reference><Reference><Citation>Goertz GP, Vogels CBF, Geertsema C, Koenraadt CJM, Pijlman GP. Mosquito co-infection with Zika and chikungunya virus allows simultaneous transmission without affecting vector competence of Aedes aegypti. PLoS Negl Trop Dis. 2017;11:e0005654. doi: 10.1371/journal.pntd.0005654.</Citation><ArticleIdList><ArticleId IdType="doi">10.1371/journal.pntd.0005654</ArticleId><ArticleId IdType="pmc">PMC5469501</ArticleId><ArticleId IdType="pubmed">28570693</ArticleId></ArticleIdList></Reference><Reference><Citation>Magalhaes T, Robison A, Young MC, Black WC, Foy BD, Ebel GD, et al. Sequential infection of Aedes aegypti mosquitoes with Chikungunya virus and Zika virus enhances early Zika virus transmission. Insects. 2018;9:4. doi: 10.3390/insects9040177.</Citation><ArticleIdList><ArticleId IdType="doi">10.3390/insects9040177</ArticleId><ArticleId IdType="pmc">PMC6315929</ArticleId><ArticleId IdType="pubmed">30513725</ArticleId></ArticleIdList></Reference><Reference><Citation>Nuckols JT, Huang YJ, Higgs S, Miller AL, Pyles RB, Spratt HM, et al. Evaluation of simultaneous transmission of Chikungunya virus and Dengue virus type 2 in infected Aedes aegypti and Aedes albopictus (Diptera: Culicidae) J Med Entomol. 2015;52:447&#x2013;451. doi: 10.1093/jme/tjv017.</Citation><ArticleIdList><ArticleId IdType="doi">10.1093/jme/tjv017</ArticleId><ArticleId IdType="pmc">PMC4581484</ArticleId><ArticleId IdType="pubmed">26334820</ArticleId></ArticleIdList></Reference><Reference><Citation>Dejnirattisai W, Jumnainsong A, Onsirisakul N, Fitton P, Vasanawathana S, Limpitikul W, et al. Cross-reacting antibodies enhance dengue virus infection in humans. Science. 2010;328:745&#x2013;748. doi: 10.1126/science.1185181.</Citation><ArticleIdList><ArticleId IdType="doi">10.1126/science.1185181</ArticleId><ArticleId IdType="pmc">PMC3837288</ArticleId><ArticleId IdType="pubmed">20448183</ArticleId></ArticleIdList></Reference><Reference><Citation>Pantoja P, Perez-Guzman EX, Rodriguez IV, White LJ, Gonzalez O, Serrano C, et al. Zika virus pathogenesis in rhesus macaques is unaffected by pre-existing immunity to dengue virus. Nat Commun. 2017;8:15674. doi: 10.1038/ncomms15674.</Citation><ArticleIdList><ArticleId IdType="doi">10.1038/ncomms15674</ArticleId><ArticleId IdType="pmc">PMC5490051</ArticleId><ArticleId IdType="pubmed">28643775</ArticleId></ArticleIdList></Reference><Reference><Citation>Bardina SV, Bunduc P, Tripathi S, Duehr J, Frere JJ, Brown JA, et al. Enhancement of Zika virus pathogenesis by preexisting antiflavivirus immunity. Science. 2017;356:175&#x2013;180. doi: 10.1126/science.aal4365.</Citation><ArticleIdList><ArticleId IdType="doi">10.1126/science.aal4365</ArticleId><ArticleId IdType="pmc">PMC5714274</ArticleId><ArticleId IdType="pubmed">28360135</ArticleId></ArticleIdList></Reference><Reference><Citation>Senaratne UTN, Murugananthan K, Sirisena P, Carr JM, Noordeen F. Dengue virus co-infections with multiple serotypes do not result in a different clinical outcome compared to mono-infections. Epidemiol Infect. 2020;148:e119. doi: 10.1017/S0950268820000229.</Citation><ArticleIdList><ArticleId IdType="doi">10.1017/S0950268820000229</ArticleId><ArticleId IdType="pmc">PMC7325333</ArticleId><ArticleId IdType="pubmed">32594967</ArticleId></ArticleIdList></Reference><Reference><Citation>Li CJ, Huang PH, Chen HW, Chang SC. Development and characterization of mouse monoclonal antibodies targeting to distinct epitopes of Zika virus envelope protein for specific detection of Zika virus. Appl Microbiol Biotechnol. 2021;105:4663&#x2013;4673. doi: 10.1007/s00253-021-11364-1.</Citation><ArticleIdList><ArticleId IdType="doi">10.1007/s00253-021-11364-1</ArticleId><ArticleId IdType="pmc">PMC8156580</ArticleId><ArticleId IdType="pubmed">34043078</ArticleId></ArticleIdList></Reference><Reference><Citation>Bosch I, de Puig H, Hiley M, Carre-Camps M, Perdomo-Celis F, Narvaez CF, et al. Rapid antigen tests for dengue virus serotypes and Zika virus in patient serum. Sci Transl Med. 2017;9:409. doi: 10.1126/scitranslmed.aan1589.</Citation><ArticleIdList><ArticleId IdType="doi">10.1126/scitranslmed.aan1589</ArticleId><ArticleId IdType="pmc">PMC6612058</ArticleId><ArticleId IdType="pubmed">28954927</ArticleId></ArticleIdList></Reference><Reference><Citation>Rockstroh A, Moges B, Barzon L, Sinigaglia A, Palu G, Kumbukgolla W, et al. Specific detection of dengue and Zika virus antibodies using envelope proteins with mutations in the conserved fusion loop. Emerg Microbes Infect. 2017;6:e99. doi: 10.1038/emi.2017.87.</Citation><ArticleIdList><ArticleId IdType="doi">10.1038/emi.2017.87</ArticleId><ArticleId IdType="pmc">PMC5717088</ArticleId><ArticleId IdType="pubmed">29116222</ArticleId></ArticleIdList></Reference><Reference><Citation>Amraoui F, Failloux AB. Chikungunya: an unexpected emergence in Europe. Curr Opin Virol. 2016;21:146&#x2013;150. doi: 10.1016/j.coviro.2016.09.014.</Citation><ArticleIdList><ArticleId IdType="doi">10.1016/j.coviro.2016.09.014</ArticleId><ArticleId IdType="pubmed">27771517</ArticleId></ArticleIdList></Reference><Reference><Citation>Monteiro VVS, Navegantes-Lima KC, de Lemos AB, da Silva GL, de Souza GR, Reis JF, et al. Aedes-Chikungunya virus interaction: key role of vector midguts microbiota and its saliva in the host infection. Front Microbiol. 2019;10:492. doi: 10.3389/fmicb.2019.00492.</Citation><ArticleIdList><ArticleId IdType="doi">10.3389/fmicb.2019.00492</ArticleId><ArticleId IdType="pmc">PMC6467098</ArticleId><ArticleId IdType="pubmed">31024463</ArticleId></ArticleIdList></Reference><Reference><Citation>Caragata EP, Tikhe CV, Dimopoulos G. Curious entanglements: interactions between mosquitoes, their microbiota, and arboviruses. Curr Opin Virol. 2019;37:26&#x2013;36. doi: 10.1016/j.coviro.2019.05.005.</Citation><ArticleIdList><ArticleId IdType="doi">10.1016/j.coviro.2019.05.005</ArticleId><ArticleId IdType="pmc">PMC6768729</ArticleId><ArticleId IdType="pubmed">31176069</ArticleId></ArticleIdList></Reference><Reference><Citation>Campbell CL, Harrison T, Hess AM, Ebel GD. MicroRNA levels are modulated in Aedes aegypti after exposure to Dengue-2. Insect Mol Biol. 2014;23:132&#x2013;139. doi: 10.1111/imb.12070.</Citation><ArticleIdList><ArticleId IdType="doi">10.1111/imb.12070</ArticleId><ArticleId IdType="pmc">PMC4120961</ArticleId><ArticleId IdType="pubmed">24237456</ArticleId></ArticleIdList></Reference><Reference><Citation>Bryant B, Macdonald W, Raikhel AS. microRNA miR-275 is indispensable for blood digestion and egg development in the mosquito Aedes aegypti. Proc Natl Acad Sci USA. 2010;107:22391&#x2013;22398. doi: 10.1073/pnas.1016230107.</Citation><ArticleIdList><ArticleId IdType="doi">10.1073/pnas.1016230107</ArticleId><ArticleId IdType="pmc">PMC3012520</ArticleId><ArticleId IdType="pubmed">21115818</ArticleId></ArticleIdList></Reference><Reference><Citation>Eng MW, Clemons A, Hill C, Engel R, Severson DW, Behura SK. Multifaceted functional implications of an endogenously expressed tRNA fragment in the vector mosquito Aedes aegypti. PLoS Negl Trop Dis. 2018;12:e0006186. doi: 10.1371/journal.pntd.0006186.</Citation><ArticleIdList><ArticleId IdType="doi">10.1371/journal.pntd.0006186</ArticleId><ArticleId IdType="pmc">PMC5783352</ArticleId><ArticleId IdType="pubmed">29364883</ArticleId></ArticleIdList></Reference><Reference><Citation>Pompon J, Manuel M, Ng GK, Wong B, Shan C, Manokaran G, et al. Dengue subgenomic flaviviral RNA disrupts immunity in mosquito salivary glands to increase virus transmission. PLoS Pathog. 2017;13:e1006535. doi: 10.1371/journal.ppat.1006535.</Citation><ArticleIdList><ArticleId IdType="doi">10.1371/journal.ppat.1006535</ArticleId><ArticleId IdType="pmc">PMC5555716</ArticleId><ArticleId IdType="pubmed">28753642</ArticleId></ArticleIdList></Reference><Reference><Citation>Guzman MG, Halstead SB, Artsob H, Buchy P, Farrar J, Gubler DJ, et al. Dengue: a continuing global threat. Nat Rev Microbiol. 2010;8:S7&#x2013;16. doi: 10.1038/nrmicro2460.</Citation><ArticleIdList><ArticleId IdType="doi">10.1038/nrmicro2460</ArticleId><ArticleId IdType="pmc">PMC4333201</ArticleId><ArticleId IdType="pubmed">21079655</ArticleId></ArticleIdList></Reference><Reference><Citation>Cologna R, Armstrong PM, Rico-Hesse R. Selection for virulent dengue viruses occurs in humans and mosquitoes. J Virol. 2005;79:853&#x2013;859. doi: 10.1128/JVI.79.2.853-859.2005.</Citation><ArticleIdList><ArticleId IdType="doi">10.1128/JVI.79.2.853-859.2005</ArticleId><ArticleId IdType="pmc">PMC538581</ArticleId><ArticleId IdType="pubmed">15613313</ArticleId></ArticleIdList></Reference><Reference><Citation>King CC, Chao DY, Chien LJ, Chang GJ, Lin TH, Wu YC, et al. Comparative analysis of full genomic sequences among different genotypes of dengue virus type 3. Virol J. 2008;5:63. doi: 10.1186/1743-422X-5-63.</Citation><ArticleIdList><ArticleId IdType="doi">10.1186/1743-422X-5-63</ArticleId><ArticleId IdType="pmc">PMC2413216</ArticleId><ArticleId IdType="pubmed">18495043</ArticleId></ArticleIdList></Reference><Reference><Citation>Black WC, IV, Bennett KE, Gorroch&#xf3;tegui-Escalante N, et al. Flavivirus susceptibility in Aedes aegypti. Arch Med Res. 2002;33:379&#x2013;388. doi: 10.1016/s0188-4409(02)00373-9.</Citation><ArticleIdList><ArticleId IdType="doi">10.1016/s0188-4409(02)00373-9</ArticleId><ArticleId IdType="pubmed">12234528</ArticleId></ArticleIdList></Reference></ReferenceList></PubmedData></PubmedArticle></PubmedArticleSet>