<?xml version="1.0" ?>
<!DOCTYPE PubmedArticleSet PUBLIC "-//NLM//DTD PubMedArticle, 1st January 2023//EN" "https://dtd.nlm.nih.gov/ncbi/pubmed/out/pubmed_230101.dtd">
<PubmedArticleSet>
<PubmedArticle><MedlineCitation Status="MEDLINE" Owner="NLM" IndexingMethod="Automated"><PMID Version="1">37230157</PMID><DateCompleted><Year>2023</Year><Month>06</Month><Day>05</Day></DateCompleted><DateRevised><Year>2023</Year><Month>06</Month><Day>23</Day></DateRevised><Article PubModel="Print-Electronic"><Journal><ISSN IssnType="Electronic">1873-0442</ISSN><JournalIssue CitedMedium="Internet"><Volume>53</Volume><PubDate><Year>2023</Year><Season>May-Jun</Season></PubDate></JournalIssue><Title>Travel medicine and infectious disease</Title><ISOAbbreviation>Travel Med Infect Dis</ISOAbbreviation></Journal><ArticleTitle>Heart failure after dengue infection- a population-based self-controlled case-series study.</ArticleTitle><Pagination><StartPage>102589</StartPage><MedlinePgn>102589</MedlinePgn></Pagination><ELocationID EIdType="doi" ValidYN="Y">10.1016/j.tmaid.2023.102589</ELocationID><ELocationID EIdType="pii" ValidYN="Y">S1477-8939(23)00049-2</ELocationID><Abstract><AbstractText Label="BACKGROUND">Major cardiovascular events (MACEs) have been described with dengue infection. Among these MACEs, heart failure (HF) is the most common but has not been thoroughly assessed. This study aimed to evaluate the association between dengue and HF.</AbstractText><AbstractText Label="METHODS">Under the self-controlled case-series study design, we used the Notifiable Infectious Disease dataset linkage with the National Health Insurance claims data to obtain the study subjects. All laboratory-confirmed dengue cases who were hospitalized for HF after dengue infection within one year between 2009 and 2015 in Taiwan were included. We identified the first 7 and 14 days after dengue infection as the risk intervals. The incidence rate ratio (IRR) and 95% confidence interval (CI) for HF were estimated by conditional Poisson regression.</AbstractText><AbstractText Label="RESULTS">Among the 65,906 dengue patients, 230 had admission for HF after dengue infection within one year. The IRR of HF admission within the first week after dengue infection was 56.50 (95% C.I. 43.88-72.75). This risk was highest in &gt;60 years (IRR&#xa0;=&#xa0;59.32, 95% C.I. 45.43-77.43) and lower in 0-40 years (IRR&#xa0;=&#xa0;25.82, 95% C.I. 2.89-231.02). The risk was nearly nine times higher among admission (for dengue infection) than among nonadmission cases (IRR 75.35 vs. 8.61, p&#xa0;&lt;&#xa0;0.0001). The risks increased slightly in the second week 8.55 and became less obvious after the third and fourth week.</AbstractText><AbstractText Label="CONCLUSIONS">Patients with dengue infection have a risk of developing acute heart failure within one week, especially in &gt;60 years, men, and dengue admission subjects. The findings emphasize the awareness of diagnosis and further appropriate treatment of HF.</AbstractText><CopyrightInformation>Copyright &#xa9; 2023 The Authors. Published by Elsevier Ltd.. All rights reserved.</CopyrightInformation></Abstract><AuthorList CompleteYN="Y"><Author ValidYN="Y"><LastName>Wei</LastName><ForeName>Kai-Che</ForeName><Initials>KC</Initials><AffiliationInfo><Affiliation>Department of Dermatology, Kaohsiung Veterans General Hospital, Kaohsiung, Taiwan; School of Medicine, National Yang Ming Chiao Tung University, Taipei, Taiwan.</Affiliation></AffiliationInfo></Author><Author ValidYN="Y"><LastName>Wang</LastName><ForeName>Wen-Hwa</ForeName><Initials>WH</Initials><AffiliationInfo><Affiliation>Division of Cardiology, Department of Internal Medicine, Kaohsiung Veterans General Hospital, Kaohsiung, Taiwan; Healthcare &amp; Services Center, Kaohsiung Veterans General Hospital, Kaohsiung, Taiwan; Department of Cardiology, Harefield Hospital, Royal Brompton and Harefield NHS Foundation Trust, London, UK.</Affiliation></AffiliationInfo></Author><Author ValidYN="Y"><LastName>Wu</LastName><ForeName>Chia-Ling</ForeName><Initials>CL</Initials><AffiliationInfo><Affiliation>Center for Big Data Analytics and Statistics, Department of Medical Research and Development, Chang Gung Memorial Hospital Linkou Main Branch, Taoyuan, Taiwan.</Affiliation></AffiliationInfo></Author><Author ValidYN="Y"><LastName>Chang</LastName><ForeName>Shang-Hung</ForeName><Initials>SH</Initials><AffiliationInfo><Affiliation>Center for Big Data Analytics and Statistics, Department of Medical Research and Development, Chang Gung Memorial Hospital Linkou Main Branch, Taoyuan, Taiwan; Division of Cardiology, Department of Internal Medicine, Chang Gung Memorial Hospital Linkou Main Branch, Taoyuan, Taiwan; College of Medicine, Chang Gung University, Taoyuan, Taiwan. Electronic address: afen.chang@gmail.com.</Affiliation></AffiliationInfo></Author><Author ValidYN="Y"><LastName>Huang</LastName><ForeName>Yu-Tung</ForeName><Initials>YT</Initials><AffiliationInfo><Affiliation>Center for Big Data Analytics and Statistics, Department of Medical Research and Development, Chang Gung Memorial Hospital Linkou Main Branch, Taoyuan, Taiwan; Department of Health Care Management, Chang Gung University, Taoyuan, Taiwan. Electronic address: anton.huang@gmail.com.</Affiliation></AffiliationInfo></Author></AuthorList><Language>eng</Language><PublicationTypeList><PublicationType UI="D016428">Journal Article</PublicationType></PublicationTypeList><ArticleDate DateType="Electronic"><Year>2023</Year><Month>05</Month><Day>23</Day></ArticleDate></Article><MedlineJournalInfo><Country>Netherlands</Country><MedlineTA>Travel Med Infect Dis</MedlineTA><NlmUniqueID>101230758</NlmUniqueID><ISSNLinking>1477-8939</ISSNLinking></MedlineJournalInfo><CitationSubset>IM</CitationSubset><MeshHeadingList><MeshHeading><DescriptorName UI="D008297" MajorTopicYN="N">Male</DescriptorName></MeshHeading><MeshHeading><DescriptorName UI="D006801" MajorTopicYN="N">Humans</DescriptorName></MeshHeading><MeshHeading><DescriptorName UI="D006333" MajorTopicYN="Y">Heart Failure</DescriptorName><QualifierName UI="Q000453" MajorTopicYN="N">epidemiology</QualifierName><QualifierName UI="Q000209" MajorTopicYN="N">etiology</QualifierName></MeshHeading><MeshHeading><DescriptorName UI="D006760" MajorTopicYN="N">Hospitalization</DescriptorName></MeshHeading><MeshHeading><DescriptorName UI="D012106" MajorTopicYN="N">Research</DescriptorName></MeshHeading><MeshHeading><DescriptorName UI="D015994" MajorTopicYN="N">Incidence</DescriptorName></MeshHeading><MeshHeading><DescriptorName UI="D003715" MajorTopicYN="Y">Dengue</DescriptorName><QualifierName UI="Q000150" MajorTopicYN="N">complications</QualifierName><QualifierName UI="Q000453" MajorTopicYN="N">epidemiology</QualifierName></MeshHeading></MeshHeadingList><KeywordList Owner="NOTNLM"><Keyword MajorTopicYN="N">Dengue infection</Keyword><Keyword MajorTopicYN="N">Heart failure</Keyword><Keyword MajorTopicYN="N">Self-controlled case-series design</Keyword></KeywordList><CoiStatement>Declaration of competing interest All authors declare no conflicts of interest.</CoiStatement></MedlineCitation><PubmedData><History><PubMedPubDate PubStatus="received"><Year>2022</Year><Month>10</Month><Day>9</Day></PubMedPubDate><PubMedPubDate PubStatus="revised"><Year>2023</Year><Month>4</Month><Day>6</Day></PubMedPubDate><PubMedPubDate PubStatus="accepted"><Year>2023</Year><Month>5</Month><Day>11</Day></PubMedPubDate><PubMedPubDate PubStatus="medline"><Year>2023</Year><Month>6</Month><Day>5</Day><Hour>6</Hour><Minute>42</Minute></PubMedPubDate><PubMedPubDate PubStatus="pubmed"><Year>2023</Year><Month>5</Month><Day>26</Day><Hour>1</Hour><Minute>5</Minute></PubMedPubDate><PubMedPubDate PubStatus="entrez"><Year>2023</Year><Month>5</Month><Day>25</Day><Hour>19</Hour><Minute>23</Minute></PubMedPubDate></History><PublicationStatus>ppublish</PublicationStatus><ArticleIdList><ArticleId IdType="pubmed">37230157</ArticleId><ArticleId IdType="doi">10.1016/j.tmaid.2023.102589</ArticleId><ArticleId IdType="pii">S1477-8939(23)00049-2</ArticleId></ArticleIdList></PubmedData></PubmedArticle></PubmedArticleSet>