<?xml version="1.0" ?>
<!DOCTYPE PubmedArticleSet PUBLIC "-//NLM//DTD PubMedArticle, 1st January 2023//EN" "https://dtd.nlm.nih.gov/ncbi/pubmed/out/pubmed_230101.dtd">
<PubmedArticleSet>
<PubmedArticle><MedlineCitation Status="MEDLINE" VersionID="2" Owner="NLM" IndexingMethod="Automated"><PMID Version="2">37264307</PMID><DateCompleted><Year>2023</Year><Month>06</Month><Day>05</Day></DateCompleted><DateRevised><Year>2023</Year><Month>06</Month><Day>05</Day></DateRevised><Article PubModel="Electronic"><Journal><ISSN IssnType="Electronic">1471-2334</ISSN><JournalIssue CitedMedium="Internet"><Volume>23</Volume><Issue>1</Issue><PubDate><Year>2023</Year><Month>Jun</Month><Day>01</Day></PubDate></JournalIssue><Title>BMC infectious diseases</Title><ISOAbbreviation>BMC Infect Dis</ISOAbbreviation></Journal><ArticleTitle>Accuracy of Dengue, Chikungunya, and Zika diagnoses by primary healthcare physicians in Tegucigalpa, Honduras.</ArticleTitle><Pagination><StartPage>371</StartPage><MedlinePgn>371</MedlinePgn></Pagination><ELocationID EIdType="pii" ValidYN="Y">371</ELocationID><ELocationID EIdType="doi" ValidYN="Y">10.1186/s12879-023-08346-1</ELocationID><Abstract><AbstractText Label="BACKGROUND" NlmCategory="BACKGROUND">Dengue, Chikungunya, and Zika are co-endemic in Honduras and are often misdiagnosed due to similar clinical and epidemiological behavior. Most arboviral infections reported in primary care are based on clinical diagnoses without laboratory confirmation. Therefore, the accuracy of physicians' diagnoses and the factors that affect them needs to be evaluated.</AbstractText><AbstractText Label="METHODS" NlmCategory="METHODS">A cross-sectional study with convenience sampling at primary healthcare centers was conducted from June to September 2016 and 2017. Clinical data and dried blood spots on Whatman 903 filter paper from 415 arboviral cases and 248 non-arboviral febrile cases were collected. Viral RNA was extracted from a 6-mm DBS paper disc and confirmed by RT-qPCR and sequencing.</AbstractText><AbstractText Label="RESULTS" NlmCategory="RESULTS">Only 30.84% of diagnostic accuracy was observed in physicians in primary care when comparing arboviral clinical diagnosis with RT-qPCR detection. Moreover, in Dengue and Zika clinical cases, only 8.23% and 27.08% were RT-qPCR confirmed, respectively. No Chikungunya cases were confirmed. In 2017, 20.96% of febrile cases were RT-qPCR confirmed arboviral infections. The symptoms of 45.5% of arboviral cases can fit more than one case definition for arboviruses. The "symptom compliance" and "patient with suspected close contact" were the criteria most utilized by physicians for arboviral diagnosis. The pattern of the epidemiological curves of the arboviral clinical cases didn't match the one of the RT-qPCR confirmed cases.</AbstractText><AbstractText Label="CONCLUSIONS" NlmCategory="CONCLUSIONS">Low diagnostic accuracy for overall and individual arboviral infections was observed in physicians. Unspecific symptomatology, overlapping case definitions, and reported close contact to an arboviral patient might contribute to misdiagnosis. Without laboratory confirmation, surveillance data may not reflect the real behavior of these diseases and could impact health interventions.</AbstractText><CopyrightInformation>&#xa9; 2023. The Author(s).</CopyrightInformation></Abstract><AuthorList CompleteYN="Y"><Author ValidYN="Y"><LastName>Mej&#xed;a</LastName><ForeName>Mar&#xed;a Fernanda &#xc1;vila</ForeName><Initials>MF&#xc1;</Initials><AffiliationInfo><Affiliation>International Health Program, National Yang Ming Chiao Tung University, Taipei, Taiwan, R.O.C.</Affiliation></AffiliationInfo></Author><Author ValidYN="Y"><LastName>Shu</LastName><ForeName>Pei-Yun</ForeName><Initials>PY</Initials><AffiliationInfo><Affiliation>Center for Diagnostics and Vaccine Development, Taiwan Centers for Disease Control, Ministry of Health and Welfare, Taipei, Taiwan R.O.C.</Affiliation></AffiliationInfo></Author><Author ValidYN="Y"><LastName>Ji</LastName><ForeName>Dar-Der</ForeName><Initials>DD</Initials><Identifier Source="ORCID">0000-0001-7663-7575</Identifier><AffiliationInfo><Affiliation>International Health Program, National Yang Ming Chiao Tung University, Taipei, Taiwan, R.O.C.. darder.ji@gmail.com.</Affiliation></AffiliationInfo><AffiliationInfo><Affiliation>Department of Tropical Medicine, National Yang Ming Chiao Tung University, Taipei, Taiwan, R.O.C.. darder.ji@gmail.com.</Affiliation></AffiliationInfo></Author></AuthorList><Language>eng</Language><GrantList CompleteYN="Y"><Grant><GrantID>MOST 107-2320-B-010-009</GrantID><Agency>Ministry of Science and Technology, Taiwan</Agency><Country/></Grant></GrantList><PublicationTypeList><PublicationType UI="D016428">Journal Article</PublicationType></PublicationTypeList><ArticleDate DateType="Electronic"><Year>2023</Year><Month>06</Month><Day>01</Day></ArticleDate></Article><MedlineJournalInfo><Country>England</Country><MedlineTA>BMC Infect Dis</MedlineTA><NlmUniqueID>100968551</NlmUniqueID><ISSNLinking>1471-2334</ISSNLinking></MedlineJournalInfo><CitationSubset>IM</CitationSubset><MeshHeadingList><MeshHeading><DescriptorName UI="D006801" MajorTopicYN="N">Humans</DescriptorName></MeshHeading><MeshHeading><DescriptorName UI="D003715" MajorTopicYN="Y">Dengue</DescriptorName><QualifierName UI="Q000175" MajorTopicYN="N">diagnosis</QualifierName><QualifierName UI="Q000453" MajorTopicYN="N">epidemiology</QualifierName></MeshHeading><MeshHeading><DescriptorName UI="D006721" MajorTopicYN="N" Type="Geographic">Honduras</DescriptorName><QualifierName UI="Q000453" MajorTopicYN="N">epidemiology</QualifierName></MeshHeading><MeshHeading><DescriptorName UI="D003430" MajorTopicYN="N">Cross-Sectional Studies</DescriptorName></MeshHeading><MeshHeading><DescriptorName UI="D000071243" MajorTopicYN="Y">Zika Virus Infection</DescriptorName><QualifierName UI="Q000175" MajorTopicYN="N">diagnosis</QualifierName><QualifierName UI="Q000453" MajorTopicYN="N">epidemiology</QualifierName></MeshHeading><MeshHeading><DescriptorName UI="D065632" MajorTopicYN="Y">Chikungunya Fever</DescriptorName><QualifierName UI="Q000175" MajorTopicYN="N">diagnosis</QualifierName><QualifierName UI="Q000453" MajorTopicYN="N">epidemiology</QualifierName></MeshHeading><MeshHeading><DescriptorName UI="D000071244" MajorTopicYN="Y">Zika Virus</DescriptorName><QualifierName UI="Q000235" MajorTopicYN="N">genetics</QualifierName></MeshHeading><MeshHeading><DescriptorName UI="D001102" MajorTopicYN="Y">Arbovirus Infections</DescriptorName><QualifierName UI="Q000453" MajorTopicYN="N">epidemiology</QualifierName></MeshHeading><MeshHeading><DescriptorName UI="D001103" MajorTopicYN="Y">Arboviruses</DescriptorName></MeshHeading><MeshHeading><DescriptorName UI="D005334" MajorTopicYN="N">Fever</DescriptorName><QualifierName UI="Q000209" MajorTopicYN="N">etiology</QualifierName></MeshHeading><MeshHeading><DescriptorName UI="D011320" MajorTopicYN="N">Primary Health Care</DescriptorName></MeshHeading></MeshHeadingList><KeywordList Owner="NOTNLM"><Keyword MajorTopicYN="N">Accuracy</Keyword><Keyword MajorTopicYN="N">Chikungunya</Keyword><Keyword MajorTopicYN="N">Clinical diagnosis</Keyword><Keyword MajorTopicYN="N">DBS</Keyword><Keyword MajorTopicYN="N">Dengue</Keyword><Keyword MajorTopicYN="N">Zika</Keyword></KeywordList><CoiStatement>The authors declare that they have no competing interests.</CoiStatement></MedlineCitation><PubmedData><History><PubMedPubDate PubStatus="received"><Year>2022</Year><Month>11</Month><Day>9</Day></PubMedPubDate><PubMedPubDate PubStatus="accepted"><Year>2023</Year><Month>5</Month><Day>23</Day></PubMedPubDate><PubMedPubDate PubStatus="medline"><Year>2023</Year><Month>6</Month><Day>5</Day><Hour>6</Hour><Minute>42</Minute></PubMedPubDate><PubMedPubDate PubStatus="pubmed"><Year>2023</Year><Month>6</Month><Day>2</Day><Hour>1</Hour><Minute>7</Minute></PubMedPubDate><PubMedPubDate PubStatus="entrez"><Year>2023</Year><Month>6</Month><Day>1</Day><Hour>23</Hour><Minute>35</Minute></PubMedPubDate></History><PublicationStatus>epublish</PublicationStatus><ArticleIdList><ArticleId IdType="pubmed">37264307</ArticleId><ArticleId IdType="pmc">PMC10233517</ArticleId><ArticleId IdType="doi">10.1186/s12879-023-08346-1</ArticleId><ArticleId IdType="pii">10.1186/s12879-023-08346-1</ArticleId></ArticleIdList><ReferenceList><Reference><Citation>Gould E, Pettersson J, Higgs S, Charrel R, de Lamballerie X. Emerging arboviruses: why today? One Health. 2017;4:1&#x2013;13. doi: 10.1016/j.onehlt.2017.06.001.</Citation><ArticleIdList><ArticleId IdType="doi">10.1016/j.onehlt.2017.06.001</ArticleId><ArticleId IdType="pmc">PMC5501887</ArticleId><ArticleId IdType="pubmed">28785601</ArticleId></ArticleIdList></Reference><Reference><Citation>Zambrano LI, Sierra M, Lara B, Rodriguez-Nunez I, Medina MT, Lozada-Riascos CO, Rodriguez-Morales AJ. Estimating and mapping the incidence of dengue and chikungunya in Honduras during 2015 using Geographic Information Systems (GIS) J Infect Public Health. 2017;10(4):446&#x2013;456. doi: 10.1016/j.jiph.2016.08.003.</Citation><ArticleIdList><ArticleId IdType="doi">10.1016/j.jiph.2016.08.003</ArticleId><ArticleId IdType="pubmed">27562685</ArticleId></ArticleIdList></Reference><Reference><Citation>Zambrano LI, Rodriguez E, Espinoza-Salvado IA, Rodriguez-Morales AJ. Dengue in Honduras and the Americas: the epidemics are back! Travel Med Infect Dis. 2019;31:101456. doi: 10.1016/j.tmaid.2019.07.012.</Citation><ArticleIdList><ArticleId IdType="doi">10.1016/j.tmaid.2019.07.012</ArticleId><ArticleId IdType="pubmed">31326532</ArticleId></ArticleIdList></Reference><Reference><Citation>Silva JVJ, Jr, Ludwig-Begall LF, Oliveira-Filho EF, Oliveira RAS, Duraes-Carvalho R, Lopes TRR, Silva DEA, Gil L. A scoping review of Chikungunya virus infection: epidemiology, clinical characteristics, viral co-circulation complications, and control. Acta Trop. 2018;188:213&#x2013;224. doi: 10.1016/j.actatropica.2018.09.003.</Citation><ArticleIdList><ArticleId IdType="doi">10.1016/j.actatropica.2018.09.003</ArticleId><ArticleId IdType="pmc">PMC7092809</ArticleId><ArticleId IdType="pubmed">30195666</ArticleId></ArticleIdList></Reference><Reference><Citation>Samra JA, Hagood NL, Summer A, Medina MT, Holden KR. Clinical features and neurologic complications of children hospitalized with Chikungunya virus in Honduras. J Child Neurol. 2017;32(8):712&#x2013;716. doi: 10.1177/0883073817701879.</Citation><ArticleIdList><ArticleId IdType="doi">10.1177/0883073817701879</ArticleId><ArticleId IdType="pubmed">28459170</ArticleId></ArticleIdList></Reference><Reference><Citation>Wilder-Smith A, Gubler DJ, Weaver SC, Monath TP, Heymann DL, Scott TW. Epidemic arboviral diseases: priorities for research and public health. Lancet Infect Dis. 2017;17(3):e101&#x2013;e106. doi: 10.1016/S1473-3099(16)30518-7.</Citation><ArticleIdList><ArticleId IdType="doi">10.1016/S1473-3099(16)30518-7</ArticleId><ArticleId IdType="pubmed">28011234</ArticleId></ArticleIdList></Reference><Reference><Citation>Brooks T, Roy-Burman A, Tuholske C, Busch MP, Bakkour S, Stone M, Linnen JM, Gao K, Coleman J, Bloch EM. Real-Time Evolution of Zika Virus Disease Outbreak, Roatan. Honduras Emerg Infect Dis. 2017;23(8):1360&#x2013;1363. doi: 10.3201/eid2308.161944.</Citation><ArticleIdList><ArticleId IdType="doi">10.3201/eid2308.161944</ArticleId><ArticleId IdType="pmc">PMC5547805</ArticleId><ArticleId IdType="pubmed">28514227</ArticleId></ArticleIdList></Reference><Reference><Citation>Zambrano LI, Fuentes-Barahona IC, Soto-Fernandez RJ, Zuniga C, da Silva JC, Rodriguez-Morales AJ. Guillain-Barre syndrome associated with Zika virus infection in Honduras, 2016&#x2013;2017. Int J Infect Dis. 2019;84:136&#x2013;137. doi: 10.1016/j.ijid.2019.05.008.</Citation><ArticleIdList><ArticleId IdType="doi">10.1016/j.ijid.2019.05.008</ArticleId><ArticleId IdType="pubmed">31096053</ArticleId></ArticleIdList></Reference><Reference><Citation>Guti&#xe9;rrez, LA: PAHO/WHO Data - Arboviruses Annual Bulletin. Pan American Health Organization / World Health Organization, 2022. https://www3.paho.org/data/index.php/es/temas/indicadores-dengue/boletin-anual-arbovirosis-2022.html.</Citation></Reference><Reference><Citation>Sarti E, L&#x2019;Azou M, Mercado M, Kuri P, Siqueira JB, Jr, Solis E, Noriega F, Ochiai RL. A comparative study on active and passive epidemiological surveillance for dengue in five countries of Latin America. Int J Infect Dis. 2016;44:44&#x2013;49. doi: 10.1016/j.ijid.2016.01.015.</Citation><ArticleIdList><ArticleId IdType="doi">10.1016/j.ijid.2016.01.015</ArticleId><ArticleId IdType="pubmed">26836763</ArticleId></ArticleIdList></Reference><Reference><Citation>Honduran Ministry of Health . General guidelines for the management and referral of Zika suspected cases and its complications. 2016.</Citation></Reference><Reference><Citation>Zambrano LI, Vasquez-Bonilla WO, Fuentes-Barahona IC, Claudio da Silva J, Valle-Reconco JA, Medina MT, England JD, Sanchez-Duque JA, Rodriguez-Morales AJ. Spatial distribution of Zika in Honduras during 2016-2017 using geographic information systems (GIS) - Implications for public health and travel medicine. Travel Med Infect Dis. 2019;31:101382. doi: 10.1016/j.tmaid.2019.01.017.</Citation><ArticleIdList><ArticleId IdType="doi">10.1016/j.tmaid.2019.01.017</ArticleId><ArticleId IdType="pubmed">30721779</ArticleId></ArticleIdList></Reference><Reference><Citation>Zambrano LI, Rodriguez E, Espinoza-Salvado IA, Fuentes-Barahona IC, Lyra de Oliveira T, Luciano da Veiga G, Claudio da Silva J, Valle-Reconco JA, Rodriguez-Morales AJ. Spatial distribution of dengue in Honduras during 2016&#x2013;2019 using a geographic information systems (GIS)-Dengue epidemic implications for public health and travel medicine. Travel Med Infect Dis. 2019;32:101517. doi: 10.1016/j.tmaid.2019.101517.</Citation><ArticleIdList><ArticleId IdType="doi">10.1016/j.tmaid.2019.101517</ArticleId><ArticleId IdType="pubmed">31715270</ArticleId></ArticleIdList></Reference><Reference><Citation>Fernandez E, Smieja M, Walter SD, Loeb M. A predictive model to differentiate dengue from other febrile illness. BMC Infect Dis. 2016;16(1):694.15. doi: 10.1186/s12879-016-2024-y.</Citation><ArticleIdList><ArticleId IdType="doi">10.1186/s12879-016-2024-y</ArticleId><ArticleId IdType="pmc">PMC5120437</ArticleId><ArticleId IdType="pubmed">27876005</ArticleId></ArticleIdList></Reference><Reference><Citation>Raafat N, Loganathan S, Mukaka M, Blacksell SD, Maude RJ. Diagnostic accuracy of the WHO clinical definitions for dengue and implications for surveillance: a systematic review and meta-analysis. PLoS Negl Trop Dis. 2021;15(4):e0009359. doi: 10.1371/journal.pntd.0009359.</Citation><ArticleIdList><ArticleId IdType="doi">10.1371/journal.pntd.0009359</ArticleId><ArticleId IdType="pmc">PMC8102005</ArticleId><ArticleId IdType="pubmed">33901191</ArticleId></ArticleIdList></Reference><Reference><Citation>Braga JU, Bressan C, Dalvi APR, Calvet GA, Daumas RP, Rodrigues N, Wakimoto M, Nogueira RMR, Nielsen-Saines K, Brito C, et al. Accuracy of Zika virus disease case definition during simultaneous Dengue and Chikungunya epidemics. PLoS ONE. 2017;12(6):e0179725. doi: 10.1371/journal.pone.0179725.</Citation><ArticleIdList><ArticleId IdType="doi">10.1371/journal.pone.0179725</ArticleId><ArticleId IdType="pmc">PMC5484469</ArticleId><ArticleId IdType="pubmed">28650987</ArticleId></ArticleIdList></Reference><Reference><Citation>Shu PY, Chang SF, Kuo YC, Yueh YY, Chien LJ, Sue CL, Lin TH, Huang JH. Development of group- and serotype-specific one-step SYBR green I-based real-time reverse transcription-PCR assay for dengue virus. J Clin Microbiol. 2003;41(6):2408&#x2013;2416. doi: 10.1128/JCM.41.6.2408-2416.2003.</Citation><ArticleIdList><ArticleId IdType="doi">10.1128/JCM.41.6.2408-2416.2003</ArticleId><ArticleId IdType="pmc">PMC156548</ArticleId><ArticleId IdType="pubmed">12791857</ArticleId></ArticleIdList></Reference><Reference><Citation>Pastorino B, Bessaud M, Grandadam M, Murri S, Tolou HJ, Peyrefitte CN. Development of a TaqMan RT-PCR assay without RNA extraction step for the detection and quantification of African Chikungunya viruses. J Virol Methods. 2005;124(1&#x2013;2):65&#x2013;71. doi: 10.1016/j.jviromet.2004.11.002.</Citation><ArticleIdList><ArticleId IdType="doi">10.1016/j.jviromet.2004.11.002</ArticleId><ArticleId IdType="pubmed">15664052</ArticleId></ArticleIdList></Reference><Reference><Citation>Avila Mejia MF, Lin SH, Shu PY, Ping YH, Ji DD. One-step reverse transcription quantitative pcr assay for simultaneous detection of chikungunya, dengue and zika virus blood sample spotted on filter paper. Southeast Asian J Trop Med Public Health. 2020;51(6):886&#x2013;895.</Citation></Reference><Reference><Citation>Burger-Calderon R, Bustos Carrillo F, Gresh L, Ojeda S, Sanchez N, Plazaola M, Katzelnick L, Mercado BL, Monterrey JC, Elizondo D, et al. Age-dependent manifestations and case definitions of paediatric Zika: a prospective cohort study. Lancet Infect Dis. 2020;20(3):371&#x2013;380. doi: 10.1016/S1473-3099(19)30547-X.</Citation><ArticleIdList><ArticleId IdType="doi">10.1016/S1473-3099(19)30547-X</ArticleId><ArticleId IdType="pmc">PMC7085943</ArticleId><ArticleId IdType="pubmed">31870907</ArticleId></ArticleIdList></Reference><Reference><Citation>Martins MM, Prata-Barbosa A, Cunha A. Arboviral diseases in pediatrics. J Pediatr (Rio J) 2020;96(Suppl 1):2&#x2013;11. doi: 10.1016/j.jped.2019.08.005.</Citation><ArticleIdList><ArticleId IdType="doi">10.1016/j.jped.2019.08.005</ArticleId><ArticleId IdType="pmc">PMC9432121</ArticleId><ArticleId IdType="pubmed">31605670</ArticleId></ArticleIdList></Reference><Reference><Citation>Hadinegoro SR. The revised WHO dengue case classification: does the system need to be modified? Paediatr Int Child Health. 2012;32 Suppl 1(s1):33&#x2013;38. doi: 10.1179/2046904712Z.00000000052.</Citation><ArticleIdList><ArticleId IdType="doi">10.1179/2046904712Z.00000000052</ArticleId><ArticleId IdType="pmc">PMC3381438</ArticleId><ArticleId IdType="pubmed">22668448</ArticleId></ArticleIdList></Reference><Reference><Citation>Godaert L, Bartholet S, Kanagaratnam L, Fanon JL, Drame M. Predictive score of dengue vs. chikungunya virus infections: difficult use in elderly patients. Med Mal Infect. 2019;49(7):554&#x2013;555. doi: 10.1016/j.medmal.2019.05.002.</Citation><ArticleIdList><ArticleId IdType="doi">10.1016/j.medmal.2019.05.002</ArticleId><ArticleId IdType="pubmed">31174944</ArticleId></ArticleIdList></Reference><Reference><Citation>Santamaria R, Martinez E, Kratochwill S, Soria C, Tan LH, Nu&#xf1;ez A, Dimaano E, Villegas E, Bendez&#xfa; H, Kroeger A, et al. Comparison and critical appraisal of dengue clinical guidelines and their use in Asia and Latin America. Int Health. 2009;1(2):133&#x2013;140. doi: 10.1016/j.inhe.2009.08.006.</Citation><ArticleIdList><ArticleId IdType="doi">10.1016/j.inhe.2009.08.006</ArticleId><ArticleId IdType="pubmed">24036557</ArticleId></ArticleIdList></Reference><Reference><Citation>Yan G, Pang L, Cook AR, Ho HJ, Win MS, Khoo AL, Wong JGX, Lee CK, Yan B, Jureen R, et al. Distinguishing Zika and Dengue Viruses through Simple Clinical Assessment, Singapore. Emerg Infect Dis. 2018;24(8):1565&#x2013;1568. doi: 10.3201/eid2408.171883.</Citation><ArticleIdList><ArticleId IdType="doi">10.3201/eid2408.171883</ArticleId><ArticleId IdType="pmc">PMC6056111</ArticleId><ArticleId IdType="pubmed">30016242</ArticleId></ArticleIdList></Reference><Reference><Citation>Ho HJ, Wong JGX, Mar Kyaw W, Lye DC, Leo YS, Chow A. Diagnostic accuracy of parameters for Zika and Dengue Virus Infections. Singapore Emerg Infect Dis. 2017;23(12):2085&#x2013;2088. doi: 10.3201/eid2312.171224.</Citation><ArticleIdList><ArticleId IdType="doi">10.3201/eid2312.171224</ArticleId><ArticleId IdType="pmc">PMC5708236</ArticleId><ArticleId IdType="pubmed">29148371</ArticleId></ArticleIdList></Reference><Reference><Citation>Chow A, Ho H, Win M-K, Leo Y-S. assessing sensitivity and specificity of surveillance case definitions for Zika virus disease. Emerg Infect Dis. 2017;23(4):677&#x2013;679. doi: 10.3201/eid2304.161716.</Citation><ArticleIdList><ArticleId IdType="doi">10.3201/eid2304.161716</ArticleId><ArticleId IdType="pmc">PMC5367394</ArticleId><ArticleId IdType="pubmed">28117032</ArticleId></ArticleIdList></Reference><Reference><Citation>Lee LK, Thein TL, Kurukularatne C, Gan V, Lye DC, Leo YS. Dengue knowledge, attitudes, and practices among primary care physicians in Singapore. Ann Acad Med Singap. 2011;40(12):533&#x2013;538. doi: 10.47102/annals-acadmedsg.V40N12p533.</Citation><ArticleIdList><ArticleId IdType="doi">10.47102/annals-acadmedsg.V40N12p533</ArticleId><ArticleId IdType="pubmed">22294064</ArticleId></ArticleIdList></Reference><Reference><Citation>Bautista LE, Herrera VM. An assessment of public health surveillance of Zika virus infection and potentially associated outcomes in Latin America. BMC Public Health. 2018;18(1):656&#x2013;656. doi: 10.1186/s12889-018-5566-7.</Citation><ArticleIdList><ArticleId IdType="doi">10.1186/s12889-018-5566-7</ArticleId><ArticleId IdType="pmc">PMC5968501</ArticleId><ArticleId IdType="pubmed">29793453</ArticleId></ArticleIdList></Reference><Reference><Citation>Smit PW, Elliott I, Peeling RW, Mabey D, Newton PN. An overview of the clinical use of filter paper in the diagnosis of tropical diseases. Am J Trop Med Hyg. 2014;90(2):195&#x2013;210. doi: 10.4269/ajtmh.13-0463.</Citation><ArticleIdList><ArticleId IdType="doi">10.4269/ajtmh.13-0463</ArticleId><ArticleId IdType="pmc">PMC3919219</ArticleId><ArticleId IdType="pubmed">24366501</ArticleId></ArticleIdList></Reference><Reference><Citation>Raafat N, Blacksell SD, Maude RJ. A review of dengue diagnostics and implications for surveillance and control. Trans R Soc Trop Med Hyg. 2019;113(11):653&#x2013;660. doi: 10.1093/trstmh/trz068.</Citation><ArticleIdList><ArticleId IdType="doi">10.1093/trstmh/trz068</ArticleId><ArticleId IdType="pmc">PMC6836713</ArticleId><ArticleId IdType="pubmed">31365115</ArticleId></ArticleIdList></Reference></ReferenceList></PubmedData></PubmedArticle></PubmedArticleSet>