<?xml version="1.0" ?>
<!DOCTYPE PubmedArticleSet PUBLIC "-//NLM//DTD PubMedArticle, 1st January 2023//EN" "https://dtd.nlm.nih.gov/ncbi/pubmed/out/pubmed_230101.dtd">
<PubmedArticleSet>
<PubmedArticle><MedlineCitation Status="MEDLINE" Owner="NLM" IndexingMethod="Automated"><PMID Version="1">37266834</PMID><DateCompleted><Year>2023</Year><Month>07</Month><Day>31</Day></DateCompleted><DateRevised><Year>2023</Year><Month>07</Month><Day>31</Day></DateRevised><Article PubModel="Print-Electronic"><Journal><ISSN IssnType="Electronic">1432-1254</ISSN><JournalIssue CitedMedium="Internet"><Volume>67</Volume><Issue>8</Issue><PubDate><Year>2023</Year><Month>Aug</Month></PubDate></JournalIssue><Title>International journal of biometeorology</Title><ISOAbbreviation>Int J Biometeorol</ISOAbbreviation></Journal><ArticleTitle>Measuring the effects of typhoon trajectories on dengue outbreaks in tropical regions of Taiwan: 1998-2019.</ArticleTitle><Pagination><StartPage>1311</StartPage><EndPage>1322</EndPage><MedlinePgn>1311-1322</MedlinePgn></Pagination><ELocationID EIdType="doi" ValidYN="Y">10.1007/s00484-023-02498-0</ELocationID><Abstract><AbstractText>Dengue fever is a rapidly spreading mosquito-borne contagion. However, the effects of extreme rainfall events on dengue occurrences have not been widely evaluated. With their immense precipitation and high winds, typhoons may have distinct effects on dengue occurrence from those during other heavy rain events. Frequented by typhoons and situated in the tropical climate zone, southern Taiwan is an appropriate study area due to its isolated geographic environment. Each subject to distinct orographic effects on typhoon structure and typhoon-induced precipitation, 9 typhoon trajectories around Taiwan have not been observed until now. This study analyzes typhoon-induced precipitation and examines historical typhoon events by trajectory to determine the effects of typhoons on dengue occurrences in different urban contexts of Tainan and Kaohsiung in high-epidemic southern Taiwan. We employed data from 1998 to 2019 and developed logistic regression models for modeling dengue occurrence while taking 28-day lag effects into account. We considered factors including typhoon trajectory, occurrence, and typhoon-induced precipitation to dengue occurrences. Our results indicate that typhoon trajectories are a significant risk factor for dengue occurrence. Typhoons affect dengue occurrence differently by trajectory. One out of four northbound (along the Taiwan Strait) and four out of five westbound (across Taiwan) typhoons were found to be positively correlated with dengue occurrences in southern Taiwan. We observe that typhoon-induced precipitation is not associated with dengue occurrence in southern Taiwan, which suggests that wind destruction during typhoon events may serve as the primary cause for their positive effects by leaving debris suitable for mosquito habitats. Our findings provide insights into the impact of typhoons by trajectory on dengue occurrence, which can improve the accuracy of future dengue forecasts in neighboring regions with similar climatic contexts.</AbstractText><CopyrightInformation>&#xa9; 2023. The Author(s) under exclusive licence to International Society of Biometeorology.</CopyrightInformation></Abstract><AuthorList CompleteYN="Y"><Author ValidYN="Y"><LastName>Kao</LastName><ForeName>Brian</ForeName><Initials>B</Initials><AffiliationInfo><Affiliation>Department of Earth, Environmental, and Planetary Sciences, Brown University, Providence, RI, 02912, USA.</Affiliation></AffiliationInfo></Author><Author ValidYN="Y"><LastName>Lin</LastName><ForeName>Chia-Hsien</ForeName><Initials>CH</Initials><AffiliationInfo><Affiliation>Department of Health Promotion and Health Education, National Taiwan Normal University, Taipei City, Taiwan.</Affiliation></AffiliationInfo><AffiliationInfo><Affiliation>Department of Geography, National Taiwan University, Taipei City, Taiwan.</Affiliation></AffiliationInfo></Author><Author ValidYN="Y"><LastName>Wen</LastName><ForeName>Tzai-Hung</ForeName><Initials>TH</Initials><Identifier Source="ORCID">0000-0002-9151-8336</Identifier><AffiliationInfo><Affiliation>Department of Geography, National Taiwan University, Taipei City, Taiwan. wenthung@ntu.edu.tw.</Affiliation></AffiliationInfo></Author></AuthorList><Language>eng</Language><PublicationTypeList><PublicationType UI="D016428">Journal Article</PublicationType></PublicationTypeList><ArticleDate DateType="Electronic"><Year>2023</Year><Month>06</Month><Day>02</Day></ArticleDate></Article><MedlineJournalInfo><Country>United States</Country><MedlineTA>Int J Biometeorol</MedlineTA><NlmUniqueID>0374716</NlmUniqueID><ISSNLinking>0020-7128</ISSNLinking></MedlineJournalInfo><CitationSubset>IM</CitationSubset><MeshHeadingList><MeshHeading><DescriptorName UI="D000818" MajorTopicYN="N">Animals</DescriptorName></MeshHeading><MeshHeading><DescriptorName UI="D006801" MajorTopicYN="N">Humans</DescriptorName></MeshHeading><MeshHeading><DescriptorName UI="D055867" MajorTopicYN="Y">Cyclonic Storms</DescriptorName></MeshHeading><MeshHeading><DescriptorName UI="D003715" MajorTopicYN="Y">Dengue</DescriptorName><QualifierName UI="Q000453" MajorTopicYN="N">epidemiology</QualifierName></MeshHeading><MeshHeading><DescriptorName UI="D013624" MajorTopicYN="N" Type="Geographic">Taiwan</DescriptorName><QualifierName UI="Q000453" MajorTopicYN="N">epidemiology</QualifierName></MeshHeading><MeshHeading><DescriptorName UI="D004196" MajorTopicYN="N">Disease Outbreaks</DescriptorName></MeshHeading><MeshHeading><DescriptorName UI="D014329" MajorTopicYN="N">Tropical Climate</DescriptorName></MeshHeading></MeshHeadingList><KeywordList Owner="NOTNLM"><Keyword MajorTopicYN="N">Dengue fever</Keyword><Keyword MajorTopicYN="N">Logistic model</Keyword><Keyword MajorTopicYN="N">Taiwan</Keyword><Keyword MajorTopicYN="N">Typhoon trajectory</Keyword></KeywordList></MedlineCitation><PubmedData><History><PubMedPubDate PubStatus="received"><Year>2022</Year><Month>7</Month><Day>24</Day></PubMedPubDate><PubMedPubDate PubStatus="accepted"><Year>2023</Year><Month>5</Month><Day>21</Day></PubMedPubDate><PubMedPubDate PubStatus="revised"><Year>2023</Year><Month>5</Month><Day>7</Day></PubMedPubDate><PubMedPubDate PubStatus="medline"><Year>2023</Year><Month>7</Month><Day>31</Day><Hour>6</Hour><Minute>42</Minute></PubMedPubDate><PubMedPubDate PubStatus="pubmed"><Year>2023</Year><Month>6</Month><Day>2</Day><Hour>13</Hour><Minute>15</Minute></PubMedPubDate><PubMedPubDate PubStatus="entrez"><Year>2023</Year><Month>6</Month><Day>2</Day><Hour>11</Hour><Minute>15</Minute></PubMedPubDate></History><PublicationStatus>ppublish</PublicationStatus><ArticleIdList><ArticleId IdType="pubmed">37266834</ArticleId><ArticleId IdType="doi">10.1007/s00484-023-02498-0</ArticleId><ArticleId IdType="pii">10.1007/s00484-023-02498-0</ArticleId></ArticleIdList><ReferenceList><Title>References</Title><Reference><Citation>Arcari P, Tapper N, Pfueller S (2007) Regional variability in relationships between climate and dengue/DHF in Indonesia. Singap J Trop Geogr 28:251&#x2013;272. https://doi.org/10.1111/j.1467-9493.2007.00300.x</Citation><ArticleIdList><ArticleId IdType="doi">10.1111/j.1467-9493.2007.00300.x</ArticleId></ArticleIdList></Reference><Reference><Citation>Aumentado C, Cerro BR, Olobia L et al (2015) The prevention and control of dengue after typhoon haiyan. Western Pacific Surveillance and Response Journal 6:60&#x2013;65. https://doi.org/10.5365/wpsar.2015.6.3.hyn_018</Citation><ArticleIdList><ArticleId IdType="doi">10.5365/wpsar.2015.6.3.hyn_018</ArticleId></ArticleIdList></Reference><Reference><Citation>Barrera R, Amador M, MacKay AJ (2011) Population dynamics of aedes aegypti and dengue as influenced by weather and human behavior in San Juan, Puerto Rico. PLoS Negl Trop Dis. https://doi.org/10.1371/journal.pntd.0001378</Citation></Reference><Reference><Citation>Beebe NW, Cooper RD, Mottram P, Sweeney AW (2009) Australia&#x2019;s dengue risk driven by human adaptation to climate change. PLoS Negl Trop Dis. https://doi.org/10.1371/journal.pntd.0000429</Citation></Reference><Reference><Citation>Benedum CM, Seidahmed OM, Eltahir EA, Markuzon N (2018) Statistical modeling of the effect of rainfall flushing on dengue transmission in Singapore. PLoS Negl Trop Dis. https://doi.org/10.1371/journal.pntd.0006935</Citation></Reference><Reference><Citation>Bhatt S, Gething P, Brady O et al (2013) The global distribution and burden of dengue. Nature 496:504&#x2013;507. https://doi.org/10.1038/nature12060</Citation></Reference><Reference><Citation>Bostan N, Javed S, Nabgha-e-Amen, Eqani SAMAS, Tahir F, Bokhari H (2017) Dengue fever virus in Pakistan: effects of seasonal pattern and temperature change on distribution of vector and virus. Rev Med Virol 27:e1899. https://doi.org/10.1002/rmv.1899</Citation></Reference><Reference><Citation>Brady OJ, Gething PW, Bhatt S, Messina JP, Brownstein JS, Hoen AG et al (2012) Refining the global spatial limits of dengue virus transmission by evidence-based consensus. PLoS Negl Trop Dis 6(8):e1760</Citation></Reference><Reference><Citation>Central Weather Bureau (2021a) Typhoons. Central weather bureau. https://www.cwb.gov.tw/V8/C/K/Encyclopedia/typhoon/typhoon.pdf?v=20200330 . Accessed 17 Jan 2022</Citation></Reference><Reference><Citation>Central Weather Bureau (2021b) Taiwan&#x2019;s climate in 2021. Central weather bureau. https://www.cwb.gov.tw/Data/service/notice/download/Publish_20220628113633.pdf</Citation></Reference><Reference><Citation>Central Weather Bureau (2021c) Weather monthly averages. Central weather bureau. https://www.cwb.gov.tw/V8/C/C/Statistics/monthlymean.html . Accessed 28 May 2022</Citation></Reference><Reference><Citation>Chadwick D, Arch B, Wilder-Smith A, Paton N (2006) Distinguishing dengue fever from other infections on the basis of simple clinical and laboratory features: application of logistic regression analysis. J Clin Virol 35:147&#x2013;153. https://doi.org/10.1016/j.jcv.2005.06.002</Citation><ArticleIdList><ArticleId IdType="doi">10.1016/j.jcv.2005.06.002</ArticleId></ArticleIdList></Reference><Reference><Citation>Chang C-J, Chen CS, Tien C-J, Lu M-R (2018) Epidemiological, clinical and climatic characteristics of dengue fever in Kaohsiung City, Taiwan with implication for prevention and Control. PloS One. https://doi.org/10.1371/journal.pone.0190637</Citation></Reference><Reference><Citation>Chang F-S, Tseng Y-T, Hsu P-S et al (2015) Re-assess vector indices threshold as an early warning tool for predicting dengue epidemic in a dengue non-endemic country. PLoS Negl Trop Dis. https://doi.org/10.1371/journal.pntd.0004043</Citation></Reference><Reference><Citation>Chen J-M, Li T, Shih C-F (2010) Tropical cyclone&#x2013; and monsoon-induced rainfall variability in Taiwan. J Climate 23:4107&#x2013;4120. https://doi.org/10.1175/2010jcli3355.1</Citation><ArticleIdList><ArticleId IdType="doi">10.1175/2010jcli3355.1</ArticleId></ArticleIdList></Reference><Reference><Citation>Chen T-HK, Chen VY-J, Wen T-H (2018) Revisiting the role of rainfall variability and its interactive effects with the built environment in urban dengue outbreaks. Appl Geogr 101:14&#x2013;22. https://doi.org/10.1016/j.apgeog.2018.10.005</Citation><ArticleIdList><ArticleId IdType="doi">10.1016/j.apgeog.2018.10.005</ArticleId></ArticleIdList></Reference><Reference><Citation>Chen W-J, Harn M-R, Hwang K-P et al (1996) Silent transmission of the dengue virus in southern Taiwan. Am J Trop Med Hyg 55:12&#x2013;16. https://doi.org/10.4269/ajtmh.1996.55.12</Citation><ArticleIdList><ArticleId IdType="doi">10.4269/ajtmh.1996.55.12</ArticleId></ArticleIdList></Reference><Reference><Citation>Choi Y, Tang CS, McIver L et al (2016) Effects of weather factors on dengue fever incidence and implications for interventions in Cambodia. BMC Public Health. https://doi.org/10.1186/s12889-016-2923-2</Citation></Reference><Reference><Citation>Chu P-S, Chen D-J, Lin P-L (2013) Trends in precipitation extremes during the typhoon season in Taiwan over the last 60&#x2009;years. Atmos Sci Lett 15:37&#x2013;43. https://doi.org/10.1002/asl2.464</Citation><ArticleIdList><ArticleId IdType="doi">10.1002/asl2.464</ArticleId></ArticleIdList></Reference><Reference><Citation>Col&#xf3;n-Gonz&#xe1;lez FJ, Fezzi C, Lake IR, Hunter PR (2013) The effects of weather and climate change on dengue. PLoS Negl Trop Dis. https://doi.org/10.1371/journal.pntd.0002503</Citation></Reference><Reference><Citation>Dickin SK, Schuster-Wallace CJ, Elliott SJ (2013) Developing a vulnerability mapping methodology: applying the water-associated disease index to dengue in Malaysia. PloS One. https://doi.org/10.1371/journal.pone.0063584</Citation></Reference><Reference><Citation>Erlanger TE, Keiser J, Utzinger J (2008) Effect of dengue vector control interventions on entomological parameters in developing countries: a systematic review and meta-analysis. Med Vet Entomol 22:203&#x2013;221. https://doi.org/10.1111/j.1365-2915.2008.00740.x</Citation><ArticleIdList><ArticleId IdType="doi">10.1111/j.1365-2915.2008.00740.x</ArticleId></ArticleIdList></Reference><Reference><Citation>Fox F, Weisberg S (2019) An {R} companion to applied regression, 3rd edn. Sage, Thousand Oaks CA. https://socialsciences.mcmaster.ca/jfox/Books/Companion/</Citation></Reference><Reference><Citation>Gardner LM, Sarkar S (2015) Risk of dengue spread from the Philippines through International Air Travel. Transp Res Rec: Journal of the Transportation Research Board 2501:25&#x2013;30. https://doi.org/10.3141/2501-04</Citation><ArticleIdList><ArticleId IdType="doi">10.3141/2501-04</ArticleId></ArticleIdList></Reference><Reference><Citation>Gubler DJ, Reiter P, Ebi KL et al (2001) Climate variability and change in the United States: potential impacts on vector- and rodent-borne diseases. Environ Health Perspect 109:223. https://doi.org/10.2307/3435012</Citation><ArticleIdList><ArticleId IdType="doi">10.2307/3435012</ArticleId></ArticleIdList></Reference><Reference><Citation>Hales S, de Wet N, Maindonald J, Woodward A (2002) Potential effect of population and climate changes on global distribution of dengue fever: an empirical model. The Lancet 360:830&#x2013;834. https://doi.org/10.1016/s0140-6736(02)09964-6</Citation><ArticleIdList><ArticleId IdType="doi">10.1016/s0140-6736(02)09964-6</ArticleId></ArticleIdList></Reference><Reference><Citation>Hettiarachchige C, von Cavallar S, Lynar T et al (2018) Risk prediction system for dengue transmission based on high resolution weather data. PloS One. https://doi.org/10.1371/journal.pone.0208203</Citation></Reference><Reference><Citation>Hii YL, Rockl&#xf6;v J, Ng N et al (2009) Climate variability and increase in intensity and magnitude of dengue incidence in Singapore. Glob Health Action 2:2036. https://doi.org/10.3402/gha.v2i0.2036</Citation><ArticleIdList><ArticleId IdType="doi">10.3402/gha.v2i0.2036</ArticleId></ArticleIdList></Reference><Reference><Citation>Hii YL, Zhu H, Ng N et al (2012) Forecast of dengue incidence using temperature and rainfall. PLoS Negl Trop Dis. https://doi.org/10.1371/journal.pntd.0001908</Citation></Reference><Reference><Citation>Hsieh Y-H, Chen CW (2009) Turning points, reproduction number, and impact of climatological events for multi-wave dengue outbreaks. Trop Med Int Health 14:628&#x2013;638. https://doi.org/10.1111/j.1365-3156.2009.02277.x</Citation><ArticleIdList><ArticleId IdType="doi">10.1111/j.1365-3156.2009.02277.x</ArticleId></ArticleIdList></Reference><Reference><Citation>Hsu JC, Hsieh C-L, Lu CY (2017) Trend and geographic analysis of the prevalence of dengue in Taiwan, 2010&#x2013;2015. Int J Infect Dis 54:43&#x2013;49. https://doi.org/10.1016/j.ijid.2016.11.008</Citation><ArticleIdList><ArticleId IdType="doi">10.1016/j.ijid.2016.11.008</ArticleId></ArticleIdList></Reference><Reference><Citation>Hsueh Y-H, Lee J, Beltz L (2012) Spatio-temporal patterns of dengue fever cases in Kaoshiung City, Taiwan, 2003&#x2013;2008. Applied Geography 34:587&#x2013;594. https://doi.org/10.1016/j.apgeog.2012.03.003</Citation><ArticleIdList><ArticleId IdType="doi">10.1016/j.apgeog.2012.03.003</ArticleId></ArticleIdList></Reference><Reference><Citation>Ishijima S, Estoque M (1987) An observational study of orographic effects on westbound Typhoons Crossing Taiwan. Journal of the Meteorological Society of Japan Ser II 65:455&#x2013;467. https://doi.org/10.2151/jmsj1965.65.3_455</Citation><ArticleIdList><ArticleId IdType="doi">10.2151/jmsj1965.65.3_455</ArticleId></ArticleIdList></Reference><Reference><Citation>Johansson MA, Cummings DA, Glass GE (2009) Multiyear climate variability and dengue&#x2014;El Ni&#xf1;o Southern Oscillation, weather, and dengue incidence in Puerto Rico, Mexico, and Thailand: a longitudinal data analysis. PLoS Med. https://doi.org/10.1371/journal.pmed.1000168</Citation></Reference><Reference><Citation>Kutsuna S, Kato Y, Moi ML et al (2015) Autochthonous dengue fever, Tokyo, Japan, 2014. Emerg Infect Dis 21:517&#x2013;520. https://doi.org/10.3201/eid2103.141662</Citation><ArticleIdList><ArticleId IdType="doi">10.3201/eid2103.141662</ArticleId></ArticleIdList></Reference><Reference><Citation>Lai L-W (2011) Influence of environmental conditions on asynchronous outbreaks of dengue disease and increasing vector population in Kaohsiung. Int J Environ Health Res 21:133&#x2013;146. https://doi.org/10.1080/09603123.2010.515670</Citation><ArticleIdList><ArticleId IdType="doi">10.1080/09603123.2010.515670</ArticleId></ArticleIdList></Reference><Reference><Citation>Lai S, Huang Z, Zhou H et al (2015) The changing epidemiology of dengue in China, 1990-2014: a descriptive analysis of 25 years of nationwide surveillance data. BMC Med. https://doi.org/10.1186/s12916-015-0336-1</Citation></Reference><Reference><Citation>Lee C-S, Huang L-R, Shen H-S, Wang S-T (2006) A climatology model for forecasting typhoon rainfall in Taiwan. Nat Hazards 37:87&#x2013;105. https://doi.org/10.1007/s11069-005-4658-8</Citation><ArticleIdList><ArticleId IdType="doi">10.1007/s11069-005-4658-8</ArticleId></ArticleIdList></Reference><Reference><Citation>Li C, Zhao Q, Zhao Z et al (2021) The association between tropical cyclones and dengue fever in the Pearl River Delta, China during 2013-2018: a time-stratified case-crossover study. PLoS Negl Trop Dis. https://doi.org/10.1371/journal.pntd.0009776</Citation></Reference><Reference><Citation>Lin H, Liu T, Song T et al (2016) Community involvement in dengue outbreak control: an integrated rigorous intervention strategy. PLoS Negl Trop Dis. https://doi.org/10.1371/journal.pntd.0004919</Citation></Reference><Reference><Citation>Lowe R, Bailey TC, Stephenson DB et al (2011) Spatio-temporal modelling of climate-sensitive disease risk: towards an early warning system for dengue in Brazil. Comput Geosci 37:371&#x2013;381. https://doi.org/10.1016/j.cageo.2010.01.008</Citation><ArticleIdList><ArticleId IdType="doi">10.1016/j.cageo.2010.01.008</ArticleId></ArticleIdList></Reference><Reference><Citation>Messina JP, Brady OJ, Golding N et al (2019) The current and future global distribution and population at risk of dengue. Nat Microbiol 4:1508&#x2013;1515. https://doi.org/10.1038/s41564-019-0476-8</Citation><ArticleIdList><ArticleId IdType="doi">10.1038/s41564-019-0476-8</ArticleId></ArticleIdList></Reference><Reference><Citation>Morin CW, Comrie AC, Ernst K (2013) Climate and dengue transmission: evidence and implications. Environ Health Perspect 121:1264&#x2013;1272. https://doi.org/10.1289/ehp.1306556</Citation><ArticleIdList><ArticleId IdType="doi">10.1289/ehp.1306556</ArticleId></ArticleIdList></Reference><Reference><Citation>Naish S, Dale P, Mackenzie JS et al (2014) Climate change and dengue: a critical and systematic review of quantitative modelling approaches. BMC Infect Dis. https://doi.org/10.1186/1471-2334-14-167</Citation></Reference><Reference><Citation>Pan CJ, Krishna Reddy K, Lai HC et al (2010) Wind profiler observations on orographic effects of typhoon wind structure modification over Taiwan (120.38&#xb0; E, 22.6&#xb0; N). Ann Geophys 28:141&#x2013;147. https://doi.org/10.5194/angeo-28-141-2010</Citation><ArticleIdList><ArticleId IdType="doi">10.5194/angeo-28-141-2010</ArticleId></ArticleIdList></Reference><Reference><Citation>Qi X, Wang Y, Li Y et al (2015) The effects of socioeconomic and environmental factors on the incidence of dengue fever in the Pearl River Delta, China, 2013. PLoS Negl Trop Dis. https://doi.org/10.1371/journal.pntd.0004159</Citation></Reference><Reference><Citation>R Core Team (2021) R: a language and environment for statistical computing. R Foundation for Statistical Computing, Vienna. https://www.R-project.org/</Citation></Reference><Reference><Citation>Shang C-S, Fang C-T, Liu C-M et al (2010) The role of imported cases and favorable meteorological conditions in the onset of dengue epidemics. PLoS Negl Trop Dis. https://doi.org/10.1371/journal.pntd.0000775</Citation></Reference><Reference><Citation>Shi Y, Liu X, Kok S-Y et al (2016) Three-month real-time dengue forecast models: an early warning system for outbreak alerts and policy decision support in Singapore. Environ Health Perspect 124:1369&#x2013;1375. https://doi.org/10.1289/ehp.1509981</Citation><ArticleIdList><ArticleId IdType="doi">10.1289/ehp.1509981</ArticleId></ArticleIdList></Reference><Reference><Citation>Stewart Ibarra AM, Ryan SJ, Beltr&#xe1;n E et al (2013) Dengue vector dynamics (Aedes aegypti) influenced by climate and social factors in Ecuador: implications for targeted control. PloS One. https://doi.org/10.1371/journal.pone.0078263</Citation></Reference><Reference><Citation>Taiwan Centers for Disease Control (2019) Dengue fever. Taiwan Centers for Disease Control Accessed 17 Jan 2022, https://www.cdc.gov.tw/Disease/SubIndex/WYbKe3aE7LiY5gb-eA8PBw</Citation></Reference><Reference><Citation>Taiwan Centers for Disease Control (2020) Taiwan Centers for Disease Control, Taipei</Citation></Reference><Reference><Citation>Taiwan Centers for Disease Control (2022) Taiwan Centers for Disease Control, Taipei</Citation></Reference><Reference><Citation>Tran B-L, Tseng W-C, Chen C-C, Liao S-Y (2020) Estimating the threshold effects of climate on dengue: a case study of taiwan. Int J Environ Res Public Health 17:1392. https://doi.org/10.3390/ijerph17041392</Citation><ArticleIdList><ArticleId IdType="doi">10.3390/ijerph17041392</ArticleId></ArticleIdList></Reference><Reference><Citation>Wu C-C, Kuo Y-H (1999) Typhoons affecting Taiwan: current understanding and future challenges. Bull Am Meteorol Soc 80:67&#x2013;80. https://doi.org/10.1175/1520-0477(1999)080&lt;0067:tatcua&gt;2.0.co;2</Citation><ArticleIdList><ArticleId IdType="doi">10.1175/1520-0477(1999)080&lt;0067:tatcua&gt;2.0.co;2</ArticleId></ArticleIdList></Reference><Reference><Citation>Wu P-C, Lay J-G, Guo H-R et al (2009) Higher temperature and urbanization affect the spatial patterns of dengue fever transmission in subtropical Taiwan. Sci Total Environ 407:2224&#x2013;2233. https://doi.org/10.1016/j.scitotenv.2008.11.034</Citation><ArticleIdList><ArticleId IdType="doi">10.1016/j.scitotenv.2008.11.034</ArticleId></ArticleIdList></Reference><Reference><Citation>Xu L, Stige LC, Chan K-S et al (2017) Climate variation drives dengue dynamics. Proc Natl Acad Sci 114:113&#x2013;118. https://doi.org/10.1073/pnas.1618558114</Citation><ArticleIdList><ArticleId IdType="doi">10.1073/pnas.1618558114</ArticleId></ArticleIdList></Reference><Reference><Citation>Yang J, C-yao L, Liu H et al (2021) Effects of island topography on storm surge in Taiwan Strait during Typhoon Maria. J Waterw Port Coast Ocean Eng 147:04020057. https://doi.org/10.1061/(asce)ww.1943-5460.0000619</Citation><ArticleIdList><ArticleId IdType="doi">10.1061/(asce)ww.1943-5460.0000619</ArticleId></ArticleIdList></Reference><Reference><Citation>Yu C-K, Cheng L-W (2013) Distribution and mechanisms of orographic precipitation associated with Typhoon Morakot (2009). J Atmos Sci 70:2894&#x2013;2915. https://doi.org/10.1175/jas-d-12-0340.1</Citation><ArticleIdList><ArticleId IdType="doi">10.1175/jas-d-12-0340.1</ArticleId></ArticleIdList></Reference><Reference><Citation>Yuan H-Y, Wen T-H, Kung Y-H et al (2019) Prediction of annual dengue incidence by hydro-climatic extremes for southern Taiwan. Int J Biometeorol 63:259&#x2013;268. https://doi.org/10.1007/s00484-018-01659-w</Citation><ArticleIdList><ArticleId IdType="doi">10.1007/s00484-018-01659-w</ArticleId></ArticleIdList></Reference></ReferenceList></PubmedData></PubmedArticle></PubmedArticleSet>