<?xml version="1.0" ?>
<!DOCTYPE PubmedArticleSet PUBLIC "-//NLM//DTD PubMedArticle, 1st January 2023//EN" "https://dtd.nlm.nih.gov/ncbi/pubmed/out/pubmed_230101.dtd">
<PubmedArticleSet>
<PubmedArticle><MedlineCitation Status="MEDLINE" Owner="NLM" IndexingMethod="Automated"><PMID Version="1">37289665</PMID><DateCompleted><Year>2023</Year><Month>06</Month><Day>12</Day></DateCompleted><DateRevised><Year>2023</Year><Month>06</Month><Day>12</Day></DateRevised><Article PubModel="Electronic-eCollection"><Journal><ISSN IssnType="Electronic">1935-2735</ISSN><JournalIssue CitedMedium="Internet"><Volume>17</Volume><Issue>6</Issue><PubDate><Year>2023</Year><Month>Jun</Month></PubDate></JournalIssue><Title>PLoS neglected tropical diseases</Title><ISOAbbreviation>PLoS Negl Trop Dis</ISOAbbreviation></Journal><ArticleTitle>Use of unmanned ground vehicle systems in urbanized zones: A study of vector Mosquito surveillance in Kaohsiung.</ArticleTitle><Pagination><StartPage>e0011346</StartPage><MedlinePgn>e0011346</MedlinePgn></Pagination><ELocationID EIdType="pii" ValidYN="Y">e0011346</ELocationID><ELocationID EIdType="doi" ValidYN="Y">10.1371/journal.pntd.0011346</ELocationID><Abstract><AbstractText>Dengue fever is a vector-borne disease that has become a serious global public health problem over the past decade. An essential aspect of controlling and preventing mosquito-borne diseases is reduction of mosquito density. Through the process of urbanization, sewers (ditches) have become easy breeding sources of vector mosquitoes. In this study, we, for the first time, used unmanned ground vehicle systems (UGVs) to enter ditches in urban areas to observe vector mosquito ecology. We found traces of vector mosquitoes in ~20.7% of inspected ditches, suggesting that these constitute viable breeding sources of vector mosquitoes in urban areas. We also analyzed the average gravitrap catch of five administrative districts in Kaohsiung city from May to August 2018. The gravitrap indices of Nanzi and Fengshan districts were above the expected average (3.26), indicating that the vector mosquitoes density in these areas is high. Using the UGVs to detect positive ditches within the five districts followed by insecticide application generally yielded good control results. Further improving the high-resolution digital camera and spraying system of the UGVs may be able to effectively and instantly monitor vector mosquitoes and implement spraying controls. This approach may be suitable to solve the complex and difficult task of detecting mosquito breeding sources in urban ditches.</AbstractText><CopyrightInformation>Copyright: &#xa9; 2023 Chen et al. This is an open access article distributed under the terms of the Creative Commons Attribution License, which permits unrestricted use, distribution, and reproduction in any medium, provided the original author and source are credited.</CopyrightInformation></Abstract><AuthorList CompleteYN="Y"><Author ValidYN="Y"><LastName>Chen</LastName><ForeName>Yu-Xuan</ForeName><Initials>YX</Initials><AffiliationInfo><Affiliation>National Mosquito-Borne Diseases Control Research Center, National Health Research Institutes, Miaoli, Taiwan.</Affiliation></AffiliationInfo><AffiliationInfo><Affiliation>Department of Biotechnology and Bioindustry Sciences, National Cheng Kung University, Tainan, Taiwan.</Affiliation></AffiliationInfo></Author><Author ValidYN="Y"><LastName>Pan</LastName><ForeName>Chao-Ying</ForeName><Initials>CY</Initials><AffiliationInfo><Affiliation>Department of Health, Kaohsiung City Government, Kaohsiung, Taiwan.</Affiliation></AffiliationInfo><AffiliationInfo><Affiliation>Graduate Institute of Science Education &amp; Environmental Education, National Kaohsiung Normal University, Kaohsiung, Taiwan.</Affiliation></AffiliationInfo></Author><Author ValidYN="Y"><LastName>Chen</LastName><ForeName>Bo-Yu</ForeName><Initials>BY</Initials><AffiliationInfo><Affiliation>National Mosquito-Borne Diseases Control Research Center, National Health Research Institutes, Miaoli, Taiwan.</Affiliation></AffiliationInfo></Author><Author ValidYN="Y"><LastName>Jeng</LastName><ForeName>Shu-Wen</ForeName><Initials>SW</Initials><AffiliationInfo><Affiliation>National Mosquito-Borne Diseases Control Research Center, National Health Research Institutes, Miaoli, Taiwan.</Affiliation></AffiliationInfo></Author><Author ValidYN="Y"><LastName>Chen</LastName><ForeName>Chun-Hong</ForeName><Initials>CH</Initials><AffiliationInfo><Affiliation>National Mosquito-Borne Diseases Control Research Center, National Health Research Institutes, Miaoli, Taiwan.</Affiliation></AffiliationInfo><AffiliationInfo><Affiliation>National Institute of Infectious Diseases and Vaccinology, National Health Research Institutes, Miaoli, Taiwan.</Affiliation></AffiliationInfo><AffiliationInfo><Affiliation>Institute of Molecular Medicine, College of Medicine, National Taiwan University, Taipei, Taiwan.</Affiliation></AffiliationInfo></Author><Author ValidYN="Y"><LastName>Huang</LastName><ForeName>Joh-Jong</ForeName><Initials>JJ</Initials><AffiliationInfo><Affiliation>Department of Health, Kaohsiung City Government, Kaohsiung, Taiwan.</Affiliation></AffiliationInfo><AffiliationInfo><Affiliation>Department of Medical Humanity and Education, College of Medicine, Kaohsiung Medical University, Kaohsiung, Taiwan.</Affiliation></AffiliationInfo></Author><Author ValidYN="Y"><LastName>Chen</LastName><ForeName>Chaur-Dong</ForeName><Initials>CD</Initials><AffiliationInfo><Affiliation>Department of Health, Kaohsiung City Government, Kaohsiung, Taiwan.</Affiliation></AffiliationInfo><AffiliationInfo><Affiliation>Sanmin District Public Health Center, Department of Health, Kaohsiung City Government, Kaohsiung, Taiwan.</Affiliation></AffiliationInfo></Author><Author ValidYN="Y"><LastName>Liu</LastName><ForeName>Wei-Liang</ForeName><Initials>WL</Initials><Identifier Source="ORCID">0000-0002-1159-1286</Identifier><AffiliationInfo><Affiliation>National Mosquito-Borne Diseases Control Research Center, National Health Research Institutes, Miaoli, Taiwan.</Affiliation></AffiliationInfo></Author></AuthorList><Language>eng</Language><PublicationTypeList><PublicationType UI="D016428">Journal Article</PublicationType></PublicationTypeList><ArticleDate DateType="Electronic"><Year>2023</Year><Month>06</Month><Day>08</Day></ArticleDate></Article><MedlineJournalInfo><Country>United States</Country><MedlineTA>PLoS Negl Trop Dis</MedlineTA><NlmUniqueID>101291488</NlmUniqueID><ISSNLinking>1935-2727</ISSNLinking></MedlineJournalInfo><CitationSubset>IM</CitationSubset><MeshHeadingList><MeshHeading><DescriptorName UI="D000818" MajorTopicYN="N">Animals</DescriptorName></MeshHeading><MeshHeading><DescriptorName UI="D009033" MajorTopicYN="Y">Culicidae</DescriptorName></MeshHeading><MeshHeading><DescriptorName UI="D000072138" MajorTopicYN="N">Mosquito Vectors</DescriptorName></MeshHeading><MeshHeading><DescriptorName UI="D004463" MajorTopicYN="N">Ecology</DescriptorName></MeshHeading><MeshHeading><DescriptorName UI="D002947" MajorTopicYN="N">Cities</DescriptorName></MeshHeading><MeshHeading><DescriptorName UI="D014507" MajorTopicYN="N">Urbanization</DescriptorName></MeshHeading><MeshHeading><DescriptorName UI="D000330" MajorTopicYN="Y">Aedes</DescriptorName></MeshHeading><MeshHeading><DescriptorName UI="D009032" MajorTopicYN="N">Mosquito Control</DescriptorName><QualifierName UI="Q000379" MajorTopicYN="N">methods</QualifierName></MeshHeading><MeshHeading><DescriptorName UI="D003715" MajorTopicYN="Y">Dengue</DescriptorName><QualifierName UI="Q000453" MajorTopicYN="N">epidemiology</QualifierName></MeshHeading></MeshHeadingList><CoiStatement>The authors have declared that no competing interests exist.</CoiStatement></MedlineCitation><PubmedData><History><PubMedPubDate PubStatus="received"><Year>2022</Year><Month>9</Month><Day>5</Day></PubMedPubDate><PubMedPubDate PubStatus="accepted"><Year>2023</Year><Month>4</Month><Day>29</Day></PubMedPubDate><PubMedPubDate PubStatus="medline"><Year>2023</Year><Month>6</Month><Day>12</Day><Hour>6</Hour><Minute>42</Minute></PubMedPubDate><PubMedPubDate PubStatus="pubmed"><Year>2023</Year><Month>6</Month><Day>8</Day><Hour>19</Hour><Minute>14</Minute></PubMedPubDate><PubMedPubDate PubStatus="entrez"><Year>2023</Year><Month>6</Month><Day>8</Day><Hour>13</Hour><Minute>23</Minute></PubMedPubDate></History><PublicationStatus>epublish</PublicationStatus><ArticleIdList><ArticleId IdType="pubmed">37289665</ArticleId><ArticleId IdType="pmc">PMC10249801</ArticleId><ArticleId IdType="doi">10.1371/journal.pntd.0011346</ArticleId><ArticleId IdType="pii">PNTD-D-22-01145</ArticleId></ArticleIdList><ReferenceList><Reference><Citation>Bhatt S, Gething PW, Brady OJ, Messina JP, Farlow AW, Moyes CL et al.. The global distribution and burden of dengue. Nature. 2013;496: 504&#x2013;7. doi: 10.1038/nature12060</Citation><ArticleIdList><ArticleId IdType="doi">10.1038/nature12060</ArticleId><ArticleId IdType="pmc">PMC3651993</ArticleId><ArticleId IdType="pubmed">23563266</ArticleId></ArticleIdList></Reference><Reference><Citation>World Health Organization 2020. Available from: https://www.who.int/westernpacific/emergencies/surveillance/dengue.</Citation></Reference><Reference><Citation>World Health Organization. Dengue guidelines for diagnosis, treatment, prevention and control: new edition. World Health Organization; 
2009. Available from: https://apps.who.int/iris/handle/10665/44188.</Citation><ArticleIdList><ArticleId IdType="pubmed">23762963</ArticleId></ArticleIdList></Reference><Reference><Citation>Kraemer MU, Sinka ME, Duda KA, Mylne AQ, Shearer FM, Barker CM et al.. The global distribution of the arbovirus vectors Aedes aegypti and Aedes albopictus. ELife 2015; 4: e08347. doi: 10.7554/eLife.08347</Citation><ArticleIdList><ArticleId IdType="doi">10.7554/eLife.08347</ArticleId><ArticleId IdType="pmc">PMC4493616</ArticleId><ArticleId IdType="pubmed">26126267</ArticleId></ArticleIdList></Reference><Reference><Citation>Lin CC, Huang YH, Shu PY, Wu HS, Lin YS, Yeh TM et al.. Characteristic of dengue disease in Taiwan: 2002&#x2013;2007. Am J Trop Med Hyg. 2010;82: 731&#x2013;9. doi: 10.4269/ajtmh.2010.09-0549</Citation><ArticleIdList><ArticleId IdType="doi">10.4269/ajtmh.2010.09-0549</ArticleId><ArticleId IdType="pmc">PMC2844571</ArticleId><ArticleId IdType="pubmed">20348527</ArticleId></ArticleIdList></Reference><Reference><Citation>Pan CY, Liu WL, Su MP, Chang TP, Ho HP, Shu PY et al.. Epidemiological analysis of the Kaohsiung city strategy for dengue fever quarantine and epidemic prevention. BMC Infect Dis. 2020;20: 347. doi: 10.1186/s12879-020-4942-y</Citation><ArticleIdList><ArticleId IdType="doi">10.1186/s12879-020-4942-y</ArticleId><ArticleId IdType="pmc">PMC7226716</ArticleId><ArticleId IdType="pubmed">32414340</ArticleId></ArticleIdList></Reference><Reference><Citation>Annan E, Guo J, Angulo-Molina A, Yaacob WFW, Aghamohammadi N, C Guetterman T et al.. Community acceptability of dengue fever surveillance using unmanned aerial vehicles: A cross-sectional study in Malaysia, Mexico, and Turkey. Travel Med Infect Dis. 2022;49: 102360. doi: 10.1016/j.tmaid.2022.102360</Citation><ArticleIdList><ArticleId IdType="doi">10.1016/j.tmaid.2022.102360</ArticleId><ArticleId IdType="pubmed">35644475</ArticleId></ArticleIdList></Reference><Reference><Citation>Faraji A, Haas-Stapleton E, Sorensen B, Scholl M, Goodman G, Buettner J et al.. Toys or Tools? Utilization of unmanned aerial systems in mosquito and vector control programs. J Econ Entomol. 2021;114: 1896&#x2013;1909. doi: 10.1093/jee/toab107</Citation><ArticleIdList><ArticleId IdType="doi">10.1093/jee/toab107</ArticleId><ArticleId IdType="pubmed">34117758</ArticleId></ArticleIdList></Reference><Reference><Citation>Stanton MC, Kalonde P, Zembere K, Hoek Spaans R, Jones CM. The application of drones for mosquito larval habitat identification in rural environments: a practical approach for malaria control? Malar J. 2021;20: 244. doi: 10.1186/s12936-021-03759-2</Citation><ArticleIdList><ArticleId IdType="doi">10.1186/s12936-021-03759-2</ArticleId><ArticleId IdType="pmc">PMC8165685</ArticleId><ArticleId IdType="pubmed">34059053</ArticleId></ArticleIdList></Reference><Reference><Citation>Haddawy P, Wettayakorn P, Nonthaleerak B, Su Yin M, Wiratsudakul A, Sch&#xf6;ning J et al.. Large scale detailed mapping of dengue vector breeding sites using street view images. PLoS Negl Trop Dis. 2019;13: e0007555. doi: 10.1371/journal.pntd.0007555</Citation><ArticleIdList><ArticleId IdType="doi">10.1371/journal.pntd.0007555</ArticleId><ArticleId IdType="pmc">PMC6687207</ArticleId><ArticleId IdType="pubmed">31356617</ArticleId></ArticleIdList></Reference><Reference><Citation>Semwal A, Melvin LMJ, Mohan RE, Ramalingam B, Pathmakumar T. AI-Enabled Mosquito Surveillance and Population Mapping Using Dragonfly Robot. Sensors (Basel). 2022;22:4921. doi: 10.3390/s22134921</Citation><ArticleIdList><ArticleId IdType="doi">10.3390/s22134921</ArticleId><ArticleId IdType="pmc">PMC9269550</ArticleId><ArticleId IdType="pubmed">35808427</ArticleId></ArticleIdList></Reference><Reference><Citation>World Health Organization. Dengue and severe dengue. World Health Organization 2022. Available from: https://www.who.int/news-room/fact-sheets/detail/dengue-and-severe-dengue.</Citation></Reference><Reference><Citation>Kolimenakis A, Heinz S, Wilson ML, Winkler V, Yakob L, Michaelakis A et al.. The role of urbanization in the spread of Aedes mosquitoes and the diseases they transmit-A systematic review. PLoS Negl Trop Dis. 2021;15: e0009631. doi: 10.1371/journal.pntd.0009631</Citation><ArticleIdList><ArticleId IdType="doi">10.1371/journal.pntd.0009631</ArticleId><ArticleId IdType="pmc">PMC8428665</ArticleId><ArticleId IdType="pubmed">34499653</ArticleId></ArticleIdList></Reference><Reference><Citation>Wilke ABB, Vasquez C, Carvajal A, Moreno M, Fuller DO, Cardenas G et al.. Urbanization favors the proliferation of Aedes aegypti and Culex quinquefasciatus in urban areas of Miami-Dade County, Florida. Sci Rep. 2021;11: 22989. doi: 10.1038/s41598-021-02061-0</Citation><ArticleIdList><ArticleId IdType="doi">10.1038/s41598-021-02061-0</ArticleId><ArticleId IdType="pmc">PMC8626430</ArticleId><ArticleId IdType="pubmed">34836970</ArticleId></ArticleIdList></Reference><Reference><Citation>Goodman H, Egizi A, Fonseca DM, Leisnham PT and LaDeau SL. Primary blood-hosts of mosquitoes are influenced by social and ecological conditions in a complex urban landscape. Parasit Vectors. 2018;11: 218. doi: 10.1186/s13071-018-2779-7</Citation><ArticleIdList><ArticleId IdType="doi">10.1186/s13071-018-2779-7</ArticleId><ArticleId IdType="pmc">PMC5891940</ArticleId><ArticleId IdType="pubmed">29631602</ArticleId></ArticleIdList></Reference><Reference><Citation>Romeo-Aznar V, Paul R, Telle O and Pascual M. Mosquito-borne transmission in urban landscapes: the missing link between vector abundance and human density. Proc Biol Sci. 2018;285: 20180826. doi: 10.1098/rspb.2018.0826</Citation><ArticleIdList><ArticleId IdType="doi">10.1098/rspb.2018.0826</ArticleId><ArticleId IdType="pmc">PMC6111166</ArticleId><ArticleId IdType="pubmed">30111594</ArticleId></ArticleIdList></Reference><Reference><Citation>Ferede G, Tiruneh M, Abate E, Kassa WJ, Wondimeneh Y, Damtie D, Tessema B. Distribution and larval breeding habitats of Aedes mosquito species in residential areas of northwest Ethiopia. Epidemiol Health. 2018;40: e2018015. doi: 10.4178/epih.e2018015</Citation><ArticleIdList><ArticleId IdType="doi">10.4178/epih.e2018015</ArticleId><ArticleId IdType="pmc">PMC5968207</ArticleId><ArticleId IdType="pubmed">29748457</ArticleId></ArticleIdList></Reference><Reference><Citation>Montalvo T, Higueros A, Valsecchi A, Realp E, Vila C, Ortiz A, et al.. Effectiveness of the Modification of Sewers to Reduce the Reproduction of Culex pipiens and Aedes albopictus in Barcelona, Spain. Pathogens. 2022;11: 423. doi: 10.3390/pathogens11040423</Citation><ArticleIdList><ArticleId IdType="doi">10.3390/pathogens11040423</ArticleId><ArticleId IdType="pmc">PMC9025117</ArticleId><ArticleId IdType="pubmed">35456098</ArticleId></ArticleIdList></Reference><Reference><Citation>Kaohsiung Dengue News. 2019;48: 1&#x2013;4. Available from: https://orgws.kcg.gov.tw/001/KcgOrgUploadFiles/267/relfile/16925/132239/909ae6ac-aa75-41bb-98ee-bac931759548.pdf.</Citation></Reference><Reference><Citation>Pan CY, Cheng L, Liu WL, Su MP, Ho HP, Liao CH, et al.. Comparison of Fan-Traps and Gravitraps for Aedes Mosquito Surveillance in Taiwan. Front Public Health. 2022;10: 778736. doi: 10.3389/fpubh.2022.778736</Citation><ArticleIdList><ArticleId IdType="doi">10.3389/fpubh.2022.778736</ArticleId><ArticleId IdType="pmc">PMC8968103</ArticleId><ArticleId IdType="pubmed">35372249</ArticleId></ArticleIdList></Reference><Reference><Citation>Lee C, Vythilingam I, Chong CS, Abdul Razak MA, Tan CH, Liew C, et al.. Gravitraps for management of dengue clusters in Singapore. Am J Trop Med Hyg. 2013;88: 888&#x2013;892. doi: 10.4269/ajtmh.12-0329</Citation><ArticleIdList><ArticleId IdType="doi">10.4269/ajtmh.12-0329</ArticleId><ArticleId IdType="pmc">PMC3752753</ArticleId><ArticleId IdType="pubmed">23478581</ArticleId></ArticleIdList></Reference><Reference><Citation>Ong J, Chong CS, Yap G and Lee C. Abdul Razak MA, Chiang S, Ng LC. Gravitrap deployment for adult Aedes aegypti surveillance and its impact on dengue cases. PLoS Negl Trop Dis. 2020;14: e0008528. doi: 10.1371/journal.pntd.0008528</Citation><ArticleIdList><ArticleId IdType="doi">10.1371/journal.pntd.0008528</ArticleId><ArticleId IdType="pmc">PMC7439811</ArticleId><ArticleId IdType="pubmed">32764763</ArticleId></ArticleIdList></Reference><Reference><Citation>Case E, Shragai T, Harrington L, Ren Y, Morreale S, Erickson D. Evaluation of unmanned aerial vehicles and neural networks for integrated mosquito management of Aedes albopictus (Diptera: Culicidae). J Med Entomol. 2020;57: 1588&#x2013;1595. doi: 10.1093/jme/tjaa078</Citation><ArticleIdList><ArticleId IdType="doi">10.1093/jme/tjaa078</ArticleId><ArticleId IdType="pubmed">32474595</ArticleId></ArticleIdList></Reference><Reference><Citation>Haddawy P, Wettayakorn P, Nonthaleerak B, Su Yin M, Wiratsudakul A, Sch&#xf6;ning J, et al.. Large scale detailed mapping of dengue vector breeding sites using street view images. PLoS Negl Trop Dis;13: e0007555. doi: 10.1371/journal.pntd.0007555</Citation><ArticleIdList><ArticleId IdType="doi">10.1371/journal.pntd.0007555</ArticleId><ArticleId IdType="pmc">PMC6687207</ArticleId><ArticleId IdType="pubmed">31356617</ArticleId></ArticleIdList></Reference><Reference><Citation>Williams GM, Wang Y, Suman DS, Unlu I, Gaugler R. The development of autonomous unmanned aircraft systems for mosquito control. PLoS One. 2020;15: e0235548. doi: 10.1371/journal.pone.0235548</Citation><ArticleIdList><ArticleId IdType="doi">10.1371/journal.pone.0235548</ArticleId><ArticleId IdType="pmc">PMC7500627</ArticleId><ArticleId IdType="pubmed">32946475</ArticleId></ArticleIdList></Reference><Reference><Citation>Arag&#xe3;o FV, Cavicchioli Zola F, Nogueira Marinho LH, De Genaro Chiroli DM, Braghini Junior A, Colmenero JC. Choice of unmanned aerial vehicles for identification of mosquito breeding sites. Geospat Health. 2020;15. doi: 10.4081/gh.2020.810</Citation><ArticleIdList><ArticleId IdType="doi">10.4081/gh.2020.810</ArticleId><ArticleId IdType="pubmed">32575963</ArticleId></ArticleIdList></Reference><Reference><Citation>Li Y, Kamara F, Zhou G, Puthiyakunnon S, Li C, Liu Y, et al.. Urbanization increases Aedes albopictus larval habitats and accelerates mosquito development and survivorship. PLoS Negl Trop Dis 2014;8: e3301. doi: 10.1371/journal.pntd.0003301</Citation><ArticleIdList><ArticleId IdType="doi">10.1371/journal.pntd.0003301</ArticleId><ArticleId IdType="pmc">PMC4230920</ArticleId><ArticleId IdType="pubmed">25393814</ArticleId></ArticleIdList></Reference><Reference><Citation>D&#xe1;valos-Becerril E, Correa-Morales F, Gonz&#xe1;lez-Acosta C, Santos-Luna R, Peralta-Rodr&#xed;guez J, P&#xe9;rez-Renter&#xed;a C, et al.. Urban and semi-urban mosquitoes of Mexico City: A risk for endemic mosquito-borne disease transmission. PLoS ONE 2019;14: e0212987. doi: 10.1371/journal.pone.0212987</Citation><ArticleIdList><ArticleId IdType="doi">10.1371/journal.pone.0212987</ArticleId><ArticleId IdType="pmc">PMC6402764</ArticleId><ArticleId IdType="pubmed">30840661</ArticleId></ArticleIdList></Reference><Reference><Citation>Gubler DJ. Dengue, Urbanization and Globalization: The Unholy Trinity of the 21(st) Century. Trop Med Health. 2011;39(4 Suppl):3&#x2013;11. doi: 10.2149/tmh.2011-S05</Citation><ArticleIdList><ArticleId IdType="doi">10.2149/tmh.2011-S05</ArticleId><ArticleId IdType="pmc">PMC3317603</ArticleId><ArticleId IdType="pubmed">22500131</ArticleId></ArticleIdList></Reference><Reference><Citation>Eder M, Cortes F, Teixeira de Siqueira Filha N, Ara&#xfa;jo de Fran&#xe7;a GV, Degroote S, Braga C, et al. Scoping review on vector-borne diseases in urban areas: transmission dynamics, vectorial capacity and co-infection. Infect Dis Poverty. 2018;7: 90. doi: 10.1186/s40249-018-0475-7</Citation><ArticleIdList><ArticleId IdType="doi">10.1186/s40249-018-0475-7</ArticleId><ArticleId IdType="pmc">PMC6120094</ArticleId><ArticleId IdType="pubmed">30173661</ArticleId></ArticleIdList></Reference><Reference><Citation>Troyo A, Fuller DO, Calder&#xf3;n-Arguedas O, Solano ME, Beier JC. Urban structure and dengue fever in Puntarenas, Costa Rica. Singap J Trop Geogr. 2009;30: 265&#x2013;282. doi: 10.1111/j.1467-9493.2009.00367.x</Citation><ArticleIdList><ArticleId IdType="doi">10.1111/j.1467-9493.2009.00367.x</ArticleId><ArticleId IdType="pmc">PMC2743112</ArticleId><ArticleId IdType="pubmed">20161131</ArticleId></ArticleIdList></Reference><Reference><Citation>Pai HH and Hsu EL. The Establishment of Taiwan Environmental Vector and Pest Monitoring and Control Technology Plan 2018&#x2013;2020. Taiwan Executive Yuan Environmental Protection Agency 2020, project number: 109D003. https://www.tcsb.gov.tw/sp-research-cont-302-f33b3-1.html</Citation></Reference><Reference><Citation>Zheng X, Zhang D, Li Y, Yang C, Wu Y, Liang X, et al.. Incompatible and sterile insect techniques combined eliminate mosquitoes. Nature. 2019;572: 56&#x2013;61. doi: 10.1038/s41586-019-1407-9</Citation><ArticleIdList><ArticleId IdType="doi">10.1038/s41586-019-1407-9</ArticleId><ArticleId IdType="pubmed">31316207</ArticleId></ArticleIdList></Reference></ReferenceList></PubmedData></PubmedArticle></PubmedArticleSet>