<?xml version="1.0" ?>
<!DOCTYPE PubmedArticleSet PUBLIC "-//NLM//DTD PubMedArticle, 1st January 2023//EN" "https://dtd.nlm.nih.gov/ncbi/pubmed/out/pubmed_230101.dtd">
<PubmedArticleSet>
<PubmedArticle><MedlineCitation Status="PubMed-not-MEDLINE" Owner="NLM" IndexingMethod="Automated"><PMID Version="1">37300742</PMID><DateRevised><Year>2023</Year><Month>07</Month><Day>06</Day></DateRevised><Article PubModel="Print-Electronic"><Journal><ISSN IssnType="Print">2193-8229</ISSN><JournalIssue CitedMedium="Print"><Volume>12</Volume><Issue>6</Issue><PubDate><Year>2023</Year><Month>Jun</Month></PubDate></JournalIssue><Title>Infectious diseases and therapy</Title><ISOAbbreviation>Infect Dis Ther</ISOAbbreviation></Journal><ArticleTitle>Risks of Acute Cholecystitis, Acute Pancreatitis, and Acute Appendicitis in Patients with Dengue Fever: A Population-Based Cohort Study in Taiwan.</ArticleTitle><Pagination><StartPage>1677</StartPage><EndPage>1693</EndPage><MedlinePgn>1677-1693</MedlinePgn></Pagination><ELocationID EIdType="doi" ValidYN="Y">10.1007/s40121-023-00821-1</ELocationID><Abstract><AbstractText Label="INTRODUCTION" NlmCategory="BACKGROUND">Although cases of acute cholecystitis, acute pancreatitis, and acute appendicitis following dengue virus infections have been documented, very few large-scale studies have investigated the postdengue risk of these acute abdominal conditions.</AbstractText><AbstractText Label="METHODS" NlmCategory="METHODS">This retrospective population-based cohort study included all patients with laboratory-confirmed dengue from 2002 to 2015 in Taiwan and 1:4 nondengue individuals matched by age, sex, area of residence, and symptom onset time. Multivariate Cox proportional hazards regression models were used to investigate the short-term (&#x2264;&#x2009;30&#xa0;days), medium-term (31-365&#xa0;days), and long-term (&gt;&#x2009;1&#xa0;year) risks of acute cholecystitis, pancreatitis, and appendicitis after dengue infection, adjusted for age, sex, area of residence, urbanization level, monthly income level, and comorbidities. Bonferroni correction was used for multiple testing; E-values were used to assess the robustness of the results to unmeasured confounding.</AbstractText><AbstractText Label="RESULTS" NlmCategory="RESULTS">This study included 65,694 individuals with dengue and 262,776 individuals without dengue. Patients with dengue had a significantly increased risk of acute cholecystitis (adjusted hazard ratio (aHR) 60.21; 95%&#xa0;CI 29.11-124.54; P&#x2009;&lt;&#x2009;0.0001, E-value&#x2009;=&#x2009;119.92) and acute pancreatitis (aHR 17.13; 95%&#xa0;CI 7.66-38.29; P&#x2009;&lt;&#x2009;0.0001, E-value&#x2009;=&#x2009;33.75) within the first 30&#xa0;days postinfection compared to those without dengue, but this increased risk was not present after that. The incidence rates of acute cholecystitis and pancreatitis in the first 30&#xa0;days were 18.79 and 5.27 per 10,000, respectively. No increased risk of acute appendicitis was observed among patients with acute dengue infection.</AbstractText><AbstractText Label="CONCLUSION" NlmCategory="CONCLUSIONS">This study was the first large epidemiological study to show a significantly increased risk of acute cholecystitis and pancreatitis among patients with dengue during the acute phase of dengue infection, while no such association was observed for acute appendicitis. Early identification of acute cholecystitis and pancreatitis in patients with dengue is crucial for preventing fatal complications.</AbstractText><CopyrightInformation>&#xa9; 2023. The Author(s).</CopyrightInformation></Abstract><AuthorList CompleteYN="Y"><Author ValidYN="Y"><LastName>Shih</LastName><ForeName>Hsin-I</ForeName><Initials>HI</Initials><AffiliationInfo><Affiliation>Department of Emergency Medicine, College of Medicine, National Cheng Kung University Hospital, National Cheng Kung University, Tainan, Taiwan.</Affiliation></AffiliationInfo><AffiliationInfo><Affiliation>School of Medicine, College of Medicine, National Cheng Kung University, Tainan, Taiwan.</Affiliation></AffiliationInfo><AffiliationInfo><Affiliation>Department of Public Health, College of Medicine, National Cheng Kung University, No. 1, University Road, Tainan, 70101, Taiwan.</Affiliation></AffiliationInfo></Author><Author ValidYN="Y" EqualContrib="Y"><LastName>Chi</LastName><ForeName>Chia-Yu</ForeName><Initials>CY</Initials><AffiliationInfo><Affiliation>National Mosquito-Borne Diseases Control Research Center, National Health Research Institutes, Miaoli County, Taiwan.</Affiliation></AffiliationInfo><AffiliationInfo><Affiliation>Department of Microbiology and Immunology, College of Medicine, National Cheng Kung University, Tainan, Taiwan.</Affiliation></AffiliationInfo></Author><Author ValidYN="Y"><LastName>Wang</LastName><ForeName>Yu-Ping</ForeName><Initials>YP</Initials><AffiliationInfo><Affiliation>Department of Public Health, College of Medicine, National Cheng Kung University, No. 1, University Road, Tainan, 70101, Taiwan.</Affiliation></AffiliationInfo><AffiliationInfo><Affiliation>National Mosquito-Borne Diseases Control Research Center, National Health Research Institutes, Miaoli County, Taiwan.</Affiliation></AffiliationInfo></Author><Author ValidYN="Y"><LastName>Chien</LastName><ForeName>Yu-Wen</ForeName><Initials>YW</Initials><Identifier Source="ORCID">0000-0001-5662-8751</Identifier><AffiliationInfo><Affiliation>Department of Public Health, College of Medicine, National Cheng Kung University, No. 1, University Road, Tainan, 70101, Taiwan. yuwenchien@mail.ncku.edu.tw.</Affiliation></AffiliationInfo><AffiliationInfo><Affiliation>Department of Occupational and Environmental Medicine, College of Medicine, National Cheng Kung University Hospital, National Cheng Kung University, Tainan, Taiwan. yuwenchien@mail.ncku.edu.tw.</Affiliation></AffiliationInfo></Author></AuthorList><Language>eng</Language><GrantList CompleteYN="Y"><Grant><GrantID>MR-110-GP-03</GrantID><Agency>Ministry of Health and Welfare</Agency><Country/></Grant><Grant><GrantID>MR-111-GP-05</GrantID><Agency>Ministry of Health and Welfare</Agency><Country/></Grant></GrantList><PublicationTypeList><PublicationType UI="D016428">Journal Article</PublicationType></PublicationTypeList><ArticleDate DateType="Electronic"><Year>2023</Year><Month>06</Month><Day>10</Day></ArticleDate></Article><MedlineJournalInfo><Country>New Zealand</Country><MedlineTA>Infect Dis Ther</MedlineTA><NlmUniqueID>101634499</NlmUniqueID><ISSNLinking>2193-6382</ISSNLinking></MedlineJournalInfo><KeywordList Owner="NOTNLM"><Keyword MajorTopicYN="N">Acute abdomen</Keyword><Keyword MajorTopicYN="N">Acute appendicitis</Keyword><Keyword MajorTopicYN="N">Acute cholecystitis</Keyword><Keyword MajorTopicYN="N">Acute pancreatitis</Keyword><Keyword MajorTopicYN="N">Cohort study</Keyword><Keyword MajorTopicYN="N">Dengue</Keyword><Keyword MajorTopicYN="N">Dengue virus</Keyword><Keyword MajorTopicYN="N">Taiwan</Keyword></KeywordList><CoiStatement>Hsin-I Shih, Chia-Yu Chi, Yu-Ping Wang, and Yu-Wen Chien all confirm that they have no conflicts of interest to disclose.</CoiStatement></MedlineCitation><PubmedData><History><PubMedPubDate PubStatus="received"><Year>2023</Year><Month>2</Month><Day>16</Day></PubMedPubDate><PubMedPubDate PubStatus="accepted"><Year>2023</Year><Month>5</Month><Day>16</Day></PubMedPubDate><PubMedPubDate PubStatus="medline"><Year>2023</Year><Month>6</Month><Day>10</Day><Hour>23</Hour><Minute>43</Minute></PubMedPubDate><PubMedPubDate PubStatus="pubmed"><Year>2023</Year><Month>6</Month><Day>10</Day><Hour>23</Hour><Minute>42</Minute></PubMedPubDate><PubMedPubDate PubStatus="entrez"><Year>2023</Year><Month>6</Month><Day>10</Day><Hour>11</Hour><Minute>15</Minute></PubMedPubDate></History><PublicationStatus>ppublish</PublicationStatus><ArticleIdList><ArticleId IdType="pubmed">37300742</ArticleId><ArticleId IdType="pmc">PMC10281938</ArticleId><ArticleId IdType="doi">10.1007/s40121-023-00821-1</ArticleId><ArticleId IdType="pii">10.1007/s40121-023-00821-1</ArticleId></ArticleIdList><ReferenceList><Reference><Citation>Wilder-Smith A, Gubler DJ, Weaver SC, Monath TP, Heymann DL, Scott TW. Epidemic arboviral diseases: priorities for research and public health. Lancet Infect Dis. 2017;17(3):e101&#x2013;e106. doi: 10.1016/S1473-3099(16)30518-7.</Citation><ArticleIdList><ArticleId IdType="doi">10.1016/S1473-3099(16)30518-7</ArticleId><ArticleId IdType="pubmed">28011234</ArticleId></ArticleIdList></Reference><Reference><Citation>Kraemer MUG, Reiner RC, Jr, Brady OJ, et al. Past and future spread of the arbovirus vectors Aedes aegypti and Aedes albopictus. Nat Microbiol. 2019;4(5):854&#x2013;863. doi: 10.1038/s41564-019-0376-y.</Citation><ArticleIdList><ArticleId IdType="doi">10.1038/s41564-019-0376-y</ArticleId><ArticleId IdType="pmc">PMC6522366</ArticleId><ArticleId IdType="pubmed">30833735</ArticleId></ArticleIdList></Reference><Reference><Citation>World Health Organization. Dengue: guidelines for diagnosis, treatment, prevention and control: new edition. WHO, Geneva. 2009. https://www.ncbi.nlm.nih.gov/books/NBK143157/.</Citation><ArticleIdList><ArticleId IdType="pubmed">23762963</ArticleId></ArticleIdList></Reference><Reference><Citation>Bhatt S, Gething PW, Brady OJ, et al. The global distribution and burden of dengue. Nature. 2013;496(7446):504&#x2013;507. doi: 10.1038/nature12060.</Citation><ArticleIdList><ArticleId IdType="doi">10.1038/nature12060</ArticleId><ArticleId IdType="pmc">PMC3651993</ArticleId><ArticleId IdType="pubmed">23563266</ArticleId></ArticleIdList></Reference><Reference><Citation>Brady OJ, Gething PW, Bhatt S, et al. Refining the global spatial limits of dengue virus transmission by evidence-based consensus. PLoS Negl Trop Dis. 2012;6(8):e1760. doi: 10.1371/journal.pntd.0001760.</Citation><ArticleIdList><ArticleId IdType="doi">10.1371/journal.pntd.0001760</ArticleId><ArticleId IdType="pmc">PMC3413714</ArticleId><ArticleId IdType="pubmed">22880140</ArticleId></ArticleIdList></Reference><Reference><Citation>Wilder-Smith A, Ooi EE, Horstick O, Wills B. Dengue. Lancet. 2019;393(10169):350&#x2013;363. doi: 10.1016/S0140-6736(18)32560-1.</Citation><ArticleIdList><ArticleId IdType="doi">10.1016/S0140-6736(18)32560-1</ArticleId><ArticleId IdType="pubmed">30696575</ArticleId></ArticleIdList></Reference><Reference><Citation>Mendez A, Gonzalez G. [Dengue haemorrhagic fever in children: ten years of clinical experience]. Biomedica. 2003;23(2):180&#x2013;93. https://www.ncbi.nlm.nih.gov/pubmed/12872557.</Citation><ArticleIdList><ArticleId IdType="pubmed">12872557</ArticleId></ArticleIdList></Reference><Reference><Citation>Wang JY, Tseng CC, Lee CS, Cheng KP. Clinical and upper gastroendoscopic features of patients with dengue virus infection. J Gastroenterol Hepatol. 1990;5(6):664&#x2013;668. doi: 10.1111/j.1440-1746.1990.tb01122.x.</Citation><ArticleIdList><ArticleId IdType="doi">10.1111/j.1440-1746.1990.tb01122.x</ArticleId><ArticleId IdType="pubmed">2129837</ArticleId></ArticleIdList></Reference><Reference><Citation>Jayarajah U, de Silva PK, Jayawardana P, et al. Pattern of dengue virus infections in adult patients from Sri Lanka. Trans R Soc Trop Med Hyg. 2018;112(3):144&#x2013;153. doi: 10.1093/trstmh/try034.</Citation><ArticleIdList><ArticleId IdType="doi">10.1093/trstmh/try034</ArticleId><ArticleId IdType="pubmed">29726966</ArticleId></ArticleIdList></Reference><Reference><Citation>Shabbir B, Qadir H, Mahboob F. Acute abdominal pain in dengue fever. Pak J Med Health Sci. 2012;6:155&#x2013;158.</Citation></Reference><Reference><Citation>Khanna S, Vij JC, Singal D, Kumar, Tandon R (2005) Etiology of abdominal pain in dengue fever. WHO Regional Office for South-East Asia. https://apps.who.int/iris/handle/10665/164137.</Citation></Reference><Reference><Citation>Gupta B, Nehara H, Parmar S, Meena S, Gajraj S, Gupta J. Acute abdomen presentation in dengue fever during recent outbreak. J Acute Dis. 2017;6(5):198&#x2013;204. doi: 10.4103/2221-6189.219612.</Citation><ArticleIdList><ArticleId IdType="doi">10.4103/2221-6189.219612</ArticleId></ArticleIdList></Reference><Reference><Citation>Jayarajah U, Lahiru M, De Zoysa I, Seneviratne SL. Dengue infections and the surgical patient. Am J Trop Med Hyg. 2021;104(1):52&#x2013;59. doi: 10.4269/ajtmh.20-0983.</Citation><ArticleIdList><ArticleId IdType="doi">10.4269/ajtmh.20-0983</ArticleId><ArticleId IdType="pmc">PMC7790109</ArticleId><ArticleId IdType="pubmed">33200725</ArticleId></ArticleIdList></Reference><Reference><Citation>Jayasundara B, Perera L, de Silva A. Dengue fever may mislead the surgeons when it presents as an acute abdomen. Asian Pac J Trop Med. 2017;10(1):15&#x2013;19. doi: 10.1016/j.apjtm.2016.12.010.</Citation><ArticleIdList><ArticleId IdType="doi">10.1016/j.apjtm.2016.12.010</ArticleId><ArticleId IdType="pubmed">28107859</ArticleId></ArticleIdList></Reference><Reference><Citation>Lin LY, Warren-Gash C, Smeeth L, Chen PC. Data resource profile: the National Health Insurance Research Database (NHIRD) Epidemiol Health. 2018;40:e2018062. doi: 10.4178/epih.e2018062.</Citation><ArticleIdList><ArticleId IdType="doi">10.4178/epih.e2018062</ArticleId><ArticleId IdType="pmc">PMC6367203</ArticleId><ArticleId IdType="pubmed">30727703</ArticleId></ArticleIdList></Reference><Reference><Citation>Chang K, Lu PL, Ko WC, et al. Dengue fever scoring system: new strategy for the early detection of acute dengue virus infection in Taiwan. J Formos Med Assoc. 2009;108(11):879&#x2013;885. doi: 10.1016/s0929-6646(09)60420-4.</Citation><ArticleIdList><ArticleId IdType="doi">10.1016/s0929-6646(09)60420-4</ArticleId><ArticleId IdType="pubmed">19933032</ArticleId></ArticleIdList></Reference><Reference><Citation>Chien YW, Wang CC, Wang YP, Lee CY, Perng GC. Risk of leukemia after dengue virus infection: a population-based cohort study. Cancer Epidemiol Biomark Prev. 2020;29(3):558&#x2013;564. doi: 10.1158/1055-9965.epi-19-1214.</Citation><ArticleIdList><ArticleId IdType="doi">10.1158/1055-9965.epi-19-1214</ArticleId><ArticleId IdType="pubmed">32051189</ArticleId></ArticleIdList></Reference><Reference><Citation>Chien YW, Chuang HN, Wang YP, Perng GC, Chi CY, Shih HI. Short-term, medium-term, and long-term risks of nonvariceal upper gastrointestinal bleeding after dengue virus infection. PLoS Negl Trop Dis. 2022;16(1):e0010039. doi: 10.1371/journal.pntd.0010039.</Citation><ArticleIdList><ArticleId IdType="doi">10.1371/journal.pntd.0010039</ArticleId><ArticleId IdType="pmc">PMC8769317</ArticleId><ArticleId IdType="pubmed">35045094</ArticleId></ArticleIdList></Reference><Reference><Citation>Mamdani M, Sykora K, Li P, et al. Reader's guide to critical appraisal of cohort studies: 2. Assessing potential for confounding. BMJ. 2005;330(7497):960&#x2013;962. doi: 10.1136/bmj.330.7497.960.</Citation><ArticleIdList><ArticleId IdType="doi">10.1136/bmj.330.7497.960</ArticleId><ArticleId IdType="pmc">PMC556348</ArticleId><ArticleId IdType="pubmed">15845982</ArticleId></ArticleIdList></Reference><Reference><Citation>Austin PC, Lee DS, Fine JP. Introduction to the analysis of survival data in the presence of competing risks. Circulation. 2016;133(6):601&#x2013;609. doi: 10.1161/circulationaha.115.017719.</Citation><ArticleIdList><ArticleId IdType="doi">10.1161/circulationaha.115.017719</ArticleId><ArticleId IdType="pmc">PMC4741409</ArticleId><ArticleId IdType="pubmed">26858290</ArticleId></ArticleIdList></Reference><Reference><Citation>VanderWeele TJ, Ding P. Sensitivity analysis in observational research: introducing the E-value. Ann Intern Med. 2017;167(4):268&#x2013;274. doi: 10.7326/M16-2607.</Citation><ArticleIdList><ArticleId IdType="doi">10.7326/M16-2607</ArticleId><ArticleId IdType="pubmed">28693043</ArticleId></ArticleIdList></Reference><Reference><Citation>Haneuse S, VanderWeele TJ, Arterburn D. Using the E-value to assess the potential effect of unmeasured confounding in observational studies. JAMA. 2019;321(6):602&#x2013;603. doi: 10.1001/jama.2018.21554.</Citation><ArticleIdList><ArticleId IdType="doi">10.1001/jama.2018.21554</ArticleId><ArticleId IdType="pubmed">30676631</ArticleId></ArticleIdList></Reference><Reference><Citation>Mathur MB, Ding P, Riddell CA, VanderWeele TJ. Web site and R package for computing E-values. Epidemiology. 2018;29(5):e45&#x2013;e47. doi: 10.1097/EDE.0000000000000864.</Citation><ArticleIdList><ArticleId IdType="doi">10.1097/EDE.0000000000000864</ArticleId><ArticleId IdType="pmc">PMC6066405</ArticleId><ArticleId IdType="pubmed">29912013</ArticleId></ArticleIdList></Reference><Reference><Citation>Gurung S, Karki S, Khadka M, Gurung S, Dhakal S. Acute acalculous cholecystitis in a patient with dengue fever: a case report. Ann Med Surg (Lond) 2022;84:104960. doi: 10.1016/j.amsu.2022.104960.</Citation><ArticleIdList><ArticleId IdType="doi">10.1016/j.amsu.2022.104960</ArticleId><ArticleId IdType="pmc">PMC9793262</ArticleId><ArticleId IdType="pubmed">36582863</ArticleId></ArticleIdList></Reference><Reference><Citation>Setyawati AN, Tjahjono DK, Chionardes MA, Arkhaesi N. Acute acalculous cholecystitis in a pediatric dengue hemorrhagic fever patient: a case report, lesson learned from limited resource setting. Ann Med Surg (Lond) 2022;81:104437. doi: 10.1016/j.amsu.2022.104437.</Citation><ArticleIdList><ArticleId IdType="doi">10.1016/j.amsu.2022.104437</ArticleId><ArticleId IdType="pmc">PMC9486663</ArticleId><ArticleId IdType="pubmed">36147073</ArticleId></ArticleIdList></Reference><Reference><Citation>Nasim A. Dengue fever presenting as acute acalculous cholecystitis. J Coll Physicians Surg Pak. 2009;19(8):531&#x2013;3. https://www.ncbi.nlm.nih.gov/pubmed/19651022.</Citation><ArticleIdList><ArticleId IdType="pubmed">19651022</ArticleId></ArticleIdList></Reference><Reference><Citation>Jain V, Gupta O, Rao T, Rao S. Acute pancreatitis complicating severe dengue. J Glob Infect Dis. 2014;6(2):76&#x2013;78. doi: 10.4103/0974-777X.132050.</Citation><ArticleIdList><ArticleId IdType="doi">10.4103/0974-777X.132050</ArticleId><ArticleId IdType="pmc">PMC4049044</ArticleId><ArticleId IdType="pubmed">24926168</ArticleId></ArticleIdList></Reference><Reference><Citation>Wijekoon CN, Wijekoon PW. Dengue hemorrhagic fever presenting with acute pancreatitis. Southeast Asian J Trop Med Public Health. 2010;41(4):864&#x2013;6. https://www.ncbi.nlm.nih.gov/pubmed/21073060.</Citation><ArticleIdList><ArticleId IdType="pubmed">21073060</ArticleId></ArticleIdList></Reference><Reference><Citation>Weerakoon KGAD, Chandrasekaramb, S, Jayabahu, JPSNK, Gunasena S, Kularatne SAM. Acute abdominal pain in dengue haemorrhagic fever: a study in Sri Lanka. 2009. https://apps.who.int/iris/handle/10665/170944.</Citation></Reference><Reference><Citation>Wu KL, Changchien CS, Kuo CM, et al. Dengue fever with acute acalculous cholecystitis. Am J Trop Med Hyg. 2003;68(6):657&#x2013;60. https://www.ncbi.nlm.nih.gov/pubmed/12887023.</Citation><ArticleIdList><ArticleId IdType="pubmed">12887023</ArticleId></ArticleIdList></Reference><Reference><Citation>Khanna S, Vij JC, Kumar A, Singal D, Tandon R. Dengue fever is a differential diagnosis in patients with fever and abdominal pain in an endemic area. Ann Trop Med Parasitol. 2004;98(7):757&#x2013;760. doi: 10.1179/000349804X3153.</Citation><ArticleIdList><ArticleId IdType="doi">10.1179/000349804X3153</ArticleId><ArticleId IdType="pubmed">15509430</ArticleId></ArticleIdList></Reference><Reference><Citation>Sharma N, Mahi S, Bhalla A, Singh V, Varma S, Ratho R. Dengue fever related acalculous cholecystitis in a North Indian tertiary care hospital. J Gastroenterol Hepatol. 2006;21:664&#x2013;667. doi: 10.1111/j.1440-1746.2006.04295.x.</Citation><ArticleIdList><ArticleId IdType="doi">10.1111/j.1440-1746.2006.04295.x</ArticleId><ArticleId IdType="pubmed">16677150</ArticleId></ArticleIdList></Reference><Reference><Citation>Lee I, Khor B, Kee K, Yang K, Liu J. Hyperlipasemia/pancreatitis in adults with dengue hemorrhagic fever. Pancreas. 2007;35:381&#x2013;382. doi: 10.1097/01.mpa.0000297828.05678.7a.</Citation><ArticleIdList><ArticleId IdType="doi">10.1097/01.mpa.0000297828.05678.7a</ArticleId><ArticleId IdType="pubmed">18090250</ArticleId></ArticleIdList></Reference><Reference><Citation>Premaratna R, Bailey M, Ratnasena B, De Silva H. Dengue fever mimicking acute appendicitis. Trans R Soc Trop Med Hyg. 2007;101:683&#x2013;685. doi: 10.1016/j.trstmh.2007.02.006.</Citation><ArticleIdList><ArticleId IdType="doi">10.1016/j.trstmh.2007.02.006</ArticleId><ArticleId IdType="pubmed">17368695</ArticleId></ArticleIdList></Reference><Reference><Citation>Bhatty S, Shaikh N, Fatima M, Sumbhuani A. Acute acalculous cholecystitis in dengue fever. J Pak Med Assoc. 2009;59:519&#x2013;521.</Citation><ArticleIdList><ArticleId IdType="pubmed">19757695</ArticleId></ArticleIdList></Reference><Reference><Citation>Weerakoon K, Chandrasekaramb S, Jayabahu J, Gunasena S, Kularatne S. Acute abdominal pain in dengue haemorrhagic fever: a study in Sri Lanka. Dengue Bull. 2009;33:70&#x2013;74.</Citation></Reference><Reference><Citation>Laul A, Laul P, Merugumala V, Pathak R, Miglani U, Saxena P. Clinical profiles of dengue infection during an outbreak in northern India. J Trop Med. 2016;2016:5917934. doi: 10.1155/2016/5917934.</Citation><ArticleIdList><ArticleId IdType="doi">10.1155/2016/5917934</ArticleId><ArticleId IdType="pmc">PMC5153462</ArticleId><ArticleId IdType="pubmed">28025597</ArticleId></ArticleIdList></Reference><Reference><Citation>Jhamb R, Kumar A, Ranga G, Rathi N. Unusual manifestations in dengue outbreak 2009, Delhi, India. J Commun Dis. 2010;42:255&#x2013;261.</Citation><ArticleIdList><ArticleId IdType="pubmed">22471194</ArticleId></ArticleIdList></Reference><Reference><Citation>Shamim M. Frequency, pattern and management of acute abdomen in dengue fever in Karachi, Pakistan. Asian J Surg. 2010;33(3):107&#x2013;113. doi: 10.1016/S1015-9584(10)60019-X.</Citation><ArticleIdList><ArticleId IdType="doi">10.1016/S1015-9584(10)60019-X</ArticleId><ArticleId IdType="pubmed">21163407</ArticleId></ArticleIdList></Reference><Reference><Citation>Chakravarti A, Suresh K, Neha S, Malik S. Dengue outbreak in Delhi in 2009: study of laboratory and clinical parameters. J Commun Dis. 2009;44:163&#x2013;168.</Citation><ArticleIdList><ArticleId IdType="pubmed">25145064</ArticleId></ArticleIdList></Reference><Reference><Citation>Majumdar R, Jana C, Ghosh S, Biswas U. Clinical spectrum of dengue fever in a tertiary care centre with particular reference to atypical presentation in the 2012 outbreak in Kolkata. J Indian Med Assoc. 2012;110:904&#x2013;906.</Citation><ArticleIdList><ArticleId IdType="pubmed">23936956</ArticleId></ArticleIdList></Reference><Reference><Citation>Ahmad F, Nadeem A, Faisal M, Shaukat M, Siddique K. Management experience of surgical complications of dengue fever patients at hameed Latif hospital, Lahore. Ann King Edward Med Univ. 2013;19:49.</Citation></Reference><Reference><Citation>Chatterjee N, Mukhopadhyay M, Ghosh S, Mondol M, Das C, Patar K. An observational study of dengue fever in a tertiary care hospital of eastern India. J Assoc Physicians India. 2014;62(3):224&#x2013;7. https://www.ncbi.nlm.nih.gov/pubmed/25327063.</Citation><ArticleIdList><ArticleId IdType="pubmed">25327063</ArticleId></ArticleIdList></Reference><Reference><Citation>Sreeramulu P, Shashirekha C, Katti P. Incidence and management of acalculus cholecystitis in dengue fever&#x2014;a retrospective study. Int J Biomed Adv Res. 2014;5:422&#x2013;424. doi: 10.7439/ijbar.v5i9.855.</Citation><ArticleIdList><ArticleId IdType="doi">10.7439/ijbar.v5i9.855</ArticleId></ArticleIdList></Reference><Reference><Citation>Pothapregada S, Kamalakannan B, Thulasingam M. Clinical profile of atypical manifestations of dengue fever. Indian J Pediatr. 2016;83:493&#x2013;499. doi: 10.1007/s12098-015-1942-9.</Citation><ArticleIdList><ArticleId IdType="doi">10.1007/s12098-015-1942-9</ArticleId><ArticleId IdType="pmc">PMC7102293</ArticleId><ArticleId IdType="pubmed">26725457</ArticleId></ArticleIdList></Reference><Reference><Citation>Jayasundara B, Perera L, de Silva A. Dengue fever may mislead the surgeons when it presents as an acute abdomen. Asian Pac J Trop Med. 2016;10:15&#x2013;19. doi: 10.1016/j.apjtm.2016.12.010.</Citation><ArticleIdList><ArticleId IdType="doi">10.1016/j.apjtm.2016.12.010</ArticleId><ArticleId IdType="pubmed">28107859</ArticleId></ArticleIdList></Reference><Reference><Citation>Shashirekha C, Sreeramulu P, Ravikiran H. Surgical presentations with abdominal pain in dengue fever. Int Surg J. 2016;3:754&#x2013;756.</Citation></Reference><Reference><Citation>Chandey M, Kaur H, Kaur S. Acute acalculous cholecystitis in dengue fever patients. Int J Adv Med. 2017;4:375&#x2013;377. doi: 10.18203/2349-3933.ijam20170923.</Citation><ArticleIdList><ArticleId IdType="doi">10.18203/2349-3933.ijam20170923</ArticleId></ArticleIdList></Reference><Reference><Citation>Gupta B, Nehara H, Parmar S, Meena S, Gajraj S, Gupta J. Acute abdomen presentation in dengue fever during recent outbreak. J Acute Dis. 2017;6:198. doi: 10.4103/2221-6189.219612.</Citation><ArticleIdList><ArticleId IdType="doi">10.4103/2221-6189.219612</ArticleId></ArticleIdList></Reference><Reference><Citation>Khor BS, Liu JW, Lee IK, Yang KD. Dengue hemorrhagic fever patients with acute abdomen: clinical experience of 14 cases. Am J Trop Med Hyg. 2006;74(5):901&#x2013;904. doi: 10.4269/ajtmh.2006.74.901.</Citation><ArticleIdList><ArticleId IdType="doi">10.4269/ajtmh.2006.74.901</ArticleId><ArticleId IdType="pubmed">16687699</ArticleId></ArticleIdList></Reference><Reference><Citation>Naik S, Mahajan S, Talwar D, Jagtap G. Acute pancreatitis complicating a case of dengue fever: double trouble. Cureus. 2021;13(11):e19523. doi: 10.7759/cureus.19523.</Citation><ArticleIdList><ArticleId IdType="doi">10.7759/cureus.19523</ArticleId><ArticleId IdType="pmc">PMC8668047</ArticleId><ArticleId IdType="pubmed">34934545</ArticleId></ArticleIdList></Reference><Reference><Citation>Chen TC, Perng DS, Tsai JJ, Lu PL, Chen TP. Dengue hemorrhagic fever complicated with acute pancreatitis and seizure. J Formos Med Assoc. 2004;103(11):865&#x2013;8. https://www.ncbi.nlm.nih.gov/pubmed/15549156.</Citation><ArticleIdList><ArticleId IdType="pubmed">15549156</ArticleId></ArticleIdList></Reference><Reference><Citation>Seetharam P, Rodrigues G. Dengue Fever presenting as acute pancreatitis. Eurasian J Med. 2010;42(3):151&#x2013;152. doi: 10.5152/eajm.2010.41.</Citation><ArticleIdList><ArticleId IdType="doi">10.5152/eajm.2010.41</ArticleId><ArticleId IdType="pmc">PMC4299832</ArticleId><ArticleId IdType="pubmed">25610147</ArticleId></ArticleIdList></Reference><Reference><Citation>Lai YT, Kalimuddin S, Ng HJH, Tay GCA. Acute acalculous cholecystitis in dengue fever: a case series. Singapore Med J. 2021. 10.11622/smedj.2021168.</Citation><ArticleIdList><ArticleId IdType="pubmed">34688232</ArticleId></ArticleIdList></Reference><Reference><Citation>Schmidt-Chanasit J, Tenner-Racz K, Poppert D, et al. Fatal dengue hemorrhagic fever imported into Germany. Infection. 2012;40(4):441&#x2013;443. doi: 10.1007/s15010-011-0208-3.</Citation><ArticleIdList><ArticleId IdType="doi">10.1007/s15010-011-0208-3</ArticleId><ArticleId IdType="pubmed">22002736</ArticleId></ArticleIdList></Reference><Reference><Citation>Thadchanamoorthy V, Ganeshrajah A, Dayasiri K, Jayasekara NP. Acute appendicitis during the recovery phase of dengue hemorrhagic fever: two case reports. J Med Case Rep. 2022;16(1):219. doi: 10.1186/s13256-022-03443-2.</Citation><ArticleIdList><ArticleId IdType="doi">10.1186/s13256-022-03443-2</ArticleId><ArticleId IdType="pmc">PMC9167555</ArticleId><ArticleId IdType="pubmed">35659758</ArticleId></ArticleIdList></Reference><Reference><Citation>Premaratna R, Bailey MS, Ratnasena BG, de Silva HJ. Dengue fever mimicking acute appendicitis. Trans R Soc Trop Med Hyg. 2007;101(7):683&#x2013;685. doi: 10.1016/j.trstmh.2007.02.006.</Citation><ArticleIdList><ArticleId IdType="doi">10.1016/j.trstmh.2007.02.006</ArticleId><ArticleId IdType="pubmed">17368695</ArticleId></ArticleIdList></Reference><Reference><Citation>Kooij IA, Sahami S, Meijer SL, Buskens CJ, Te Velde AA. The immunology of the vermiform appendix: a review of the literature. Clin Exp Immunol. 2016;186(1):1&#x2013;9. doi: 10.1111/cei.12821.</Citation><ArticleIdList><ArticleId IdType="doi">10.1111/cei.12821</ArticleId><ArticleId IdType="pmc">PMC5011360</ArticleId><ArticleId IdType="pubmed">27271818</ArticleId></ArticleIdList></Reference><Reference><Citation>Alder AC, Fomby TB, Woodward WA, Haley RW, Sarosi G, Livingston EH. Association of viral infection and appendicitis. Arch Surg. 2010;145(1):63&#x2013;71. doi: 10.1001/archsurg.2009.250.</Citation><ArticleIdList><ArticleId IdType="doi">10.1001/archsurg.2009.250</ArticleId><ArticleId IdType="pubmed">20083756</ArticleId></ArticleIdList></Reference><Reference><Citation>Tobe T, Horikoshi Y, Hamada C, Hamashima Y. Virus infection as a trigger of appendicitis: experimental investigation of Coxsackie B5 virus infection in monkey intestine. Surgery. 1967;62(5):927&#x2013;34. https://www.ncbi.nlm.nih.gov/pubmed/4964128.</Citation><ArticleIdList><ArticleId IdType="pubmed">4964128</ArticleId></ArticleIdList></Reference><Reference><Citation>Andersson R, Hugander A, Thulin A, Nystrom PO, Olaison G. Clusters of acute appendicitis: further evidence for an infectious aetiology. Int J Epidemiol. 1995;24(4):829&#x2013;833. doi: 10.1093/ije/24.4.829.</Citation><ArticleIdList><ArticleId IdType="doi">10.1093/ije/24.4.829</ArticleId><ArticleId IdType="pubmed">8550282</ArticleId></ArticleIdList></Reference><Reference><Citation>Searle A, Owen WJ. Measles appendicitis. Br J Clin Pract. 1990;44(12):749. https://www.ncbi.nlm.nih.gov/pubmed/2102225.</Citation><ArticleIdList><ArticleId IdType="pubmed">2102225</ArticleId></ArticleIdList></Reference><Reference><Citation>Lin J, Bleiweiss IJ, Mendelson MH, Szabo S, Schwartz IS. Cytomegalovirus-associated appendicitis in a patient with the acquired immunodeficiency syndrome. Am J Med. 1990;89(3):377&#x2013;379. doi: 10.1016/0002-9343(90)90353-f.</Citation><ArticleIdList><ArticleId IdType="doi">10.1016/0002-9343(90)90353-f</ArticleId><ArticleId IdType="pubmed">2168127</ArticleId></ArticleIdList></Reference><Reference><Citation>Chien YW, Huang HM, Ho TC, et al. Seroepidemiology of dengue virus infection among adults during the ending phase of a severe dengue epidemic in southern Taiwan, 2015. BMC Infect Dis. 2019;19(1):338. doi: 10.1186/s12879-019-3946-y.</Citation><ArticleIdList><ArticleId IdType="doi">10.1186/s12879-019-3946-y</ArticleId><ArticleId IdType="pmc">PMC6480438</ArticleId><ArticleId IdType="pubmed">31014263</ArticleId></ArticleIdList></Reference><Reference><Citation>Lee YH, Hsieh YC, Chen CJ, Lin TY, Huang YC. Retrospective seroepidemiology study of dengue virus infection in Taiwan. BMC Infect Dis. 2021;21(1):96. doi: 10.1186/s12879-021-05809-1.</Citation><ArticleIdList><ArticleId IdType="doi">10.1186/s12879-021-05809-1</ArticleId><ArticleId IdType="pmc">PMC7818053</ArticleId><ArticleId IdType="pubmed">33478432</ArticleId></ArticleIdList></Reference></ReferenceList></PubmedData></PubmedArticle></PubmedArticleSet>