<?xml version="1.0" ?>
<!DOCTYPE PubmedArticleSet PUBLIC "-//NLM//DTD PubMedArticle, 1st January 2023//EN" "https://dtd.nlm.nih.gov/ncbi/pubmed/out/pubmed_230101.dtd">
<PubmedArticleSet>
<PubmedArticle><MedlineCitation Status="MEDLINE" Owner="NLM" IndexingMethod="Automated"><PMID Version="1">37316997</PMID><DateCompleted><Year>2023</Year><Month>08</Month><Day>21</Day></DateCompleted><DateRevised><Year>2023</Year><Month>09</Month><Day>13</Day></DateRevised><Article PubModel="Print-Electronic"><Journal><ISSN IssnType="Electronic">1097-0258</ISSN><JournalIssue CitedMedium="Internet"><Volume>42</Volume><Issue>20</Issue><PubDate><Year>2023</Year><Month>Sep</Month><Day>10</Day></PubDate></JournalIssue><Title>Statistics in medicine</Title><ISOAbbreviation>Stat Med</ISOAbbreviation></Journal><ArticleTitle>Disease mapping for spatially semi-continuous data by estimating equations with application to dengue control.</ArticleTitle><Pagination><StartPage>3636</StartPage><EndPage>3648</EndPage><MedlinePgn>3636-3648</MedlinePgn></Pagination><ELocationID EIdType="doi" ValidYN="Y">10.1002/sim.9822</ELocationID><Abstract><AbstractText>Disease mapping is a research field to estimate spatial pattern of disease risks so that areas with elevated risk levels can be identified. The motivation of this article is from a study of dengue fever infection, which causes seasonal epidemics in almost every summer in Taiwan. For analysis of zero-inflated data with spatial correlation and covariates, current methods would either cause a computational burden or miss associations between zero and non-zero responses. In this article, we develop estimating equations for a mixture regression model that accommodates spatial dependence and zero inflation for study of disease propagation. Asymptotic properties for the proposed estimates are established. A simulation study is conducted to evaluate performance of the mixture estimating equations; and a dengue dataset from southern Taiwan is used to illustrate the proposed method.</AbstractText><CopyrightInformation>&#xa9; 2023 John Wiley &amp; Sons Ltd.</CopyrightInformation></Abstract><AuthorList CompleteYN="Y"><Author ValidYN="Y"><LastName>Lin</LastName><ForeName>Pei-Sheng</ForeName><Initials>PS</Initials><Identifier Source="ORCID">0000-0002-3057-094X</Identifier><AffiliationInfo><Affiliation>Institute of Population Health Sciences, National Health Research Institutes, Zhunan, Taiwan.</Affiliation></AffiliationInfo><AffiliationInfo><Affiliation>Department of Mathematics, National Chung Cheng University, Minxiong, Taiwan.</Affiliation></AffiliationInfo></Author><Author ValidYN="Y"><LastName>Yu</LastName><ForeName>Yih-Jeng</ForeName><Initials>YJ</Initials><AffiliationInfo><Affiliation>Institute of Population Health Sciences, National Health Research Institutes, Zhunan, Taiwan.</Affiliation></AffiliationInfo></Author><Author ValidYN="Y"><LastName>Zhu</LastName><ForeName>Jun</ForeName><Initials>J</Initials><AffiliationInfo><Affiliation>Department of Statistics, University of Wisconsin-Madison, Madison, Wisconsin, USA.</Affiliation></AffiliationInfo></Author></AuthorList><Language>eng</Language><PublicationTypeList><PublicationType UI="D016428">Journal Article</PublicationType></PublicationTypeList><ArticleDate DateType="Electronic"><Year>2023</Year><Month>06</Month><Day>14</Day></ArticleDate></Article><MedlineJournalInfo><Country>England</Country><MedlineTA>Stat Med</MedlineTA><NlmUniqueID>8215016</NlmUniqueID><ISSNLinking>0277-6715</ISSNLinking></MedlineJournalInfo><CitationSubset>IM</CitationSubset><MeshHeadingList><MeshHeading><DescriptorName UI="D006801" MajorTopicYN="N">Humans</DescriptorName></MeshHeading><MeshHeading><DescriptorName UI="D003198" MajorTopicYN="N">Computer Simulation</DescriptorName></MeshHeading><MeshHeading><DescriptorName UI="D058872" MajorTopicYN="Y">Epidemics</DescriptorName></MeshHeading><MeshHeading><DescriptorName UI="D062206" MajorTopicYN="N">Spatial Analysis</DescriptorName></MeshHeading><MeshHeading><DescriptorName UI="D013624" MajorTopicYN="N" Type="Geographic">Taiwan</DescriptorName><QualifierName UI="Q000453" MajorTopicYN="N">epidemiology</QualifierName></MeshHeading><MeshHeading><DescriptorName UI="D003715" MajorTopicYN="Y">Dengue</DescriptorName><QualifierName UI="Q000453" MajorTopicYN="N">epidemiology</QualifierName><QualifierName UI="Q000517" MajorTopicYN="N">prevention &amp; control</QualifierName></MeshHeading><MeshHeading><DescriptorName UI="D015233" MajorTopicYN="N">Models, Statistical</DescriptorName></MeshHeading></MeshHeadingList><KeywordList Owner="NOTNLM"><Keyword MajorTopicYN="N">disease mapping model</Keyword><Keyword MajorTopicYN="N">estimating equations</Keyword><Keyword MajorTopicYN="N">semi-continuous data</Keyword><Keyword MajorTopicYN="N">spatial data</Keyword><Keyword MajorTopicYN="N">zero inflation</Keyword></KeywordList></MedlineCitation><PubmedData><History><PubMedPubDate PubStatus="revised"><Year>2023</Year><Month>3</Month><Day>16</Day></PubMedPubDate><PubMedPubDate PubStatus="received"><Year>2022</Year><Month>4</Month><Day>28</Day></PubMedPubDate><PubMedPubDate PubStatus="accepted"><Year>2023</Year><Month>5</Month><Day>31</Day></PubMedPubDate><PubMedPubDate PubStatus="medline"><Year>2023</Year><Month>8</Month><Day>21</Day><Hour>6</Hour><Minute>42</Minute></PubMedPubDate><PubMedPubDate PubStatus="pubmed"><Year>2023</Year><Month>6</Month><Day>15</Day><Hour>6</Hour><Minute>42</Minute></PubMedPubDate><PubMedPubDate PubStatus="entrez"><Year>2023</Year><Month>6</Month><Day>15</Day><Hour>0</Hour><Minute>3</Minute></PubMedPubDate></History><PublicationStatus>ppublish</PublicationStatus><ArticleIdList><ArticleId IdType="pubmed">37316997</ArticleId><ArticleId IdType="doi">10.1002/sim.9822</ArticleId></ArticleIdList><ReferenceList><Title>REFERENCES</Title><Reference><Citation>Waller L, Carlin B. Disease mapping. In: Gelfand A, Diggle P, Fuentes M, Guttorp P, eds. Handbook of Modern Statistical Methods. Boca Raton, FL: Chapman &amp; Hall/CRC; 2010:217-243.</Citation></Reference><Reference><Citation>Cressie N. Statistics for Spatial Data. revised ed. Hoboken, NJ: John Wiley &amp; Sons; 1993.</Citation></Reference><Reference><Citation>Lambert D. Zero-inflated Poisson regression, with an application to defects in manufacturing. Dent Tech. 1992;34(1):1-14.</Citation></Reference><Reference><Citation>Agarwal DK, Gelfand AE, Citron-Pousty S. Zero-inflated models with application to spatial count data. Environ Ecol Stat. 2002;9(4):341-355.</Citation></Reference><Reference><Citation>Feng J, Zhu Z. Semiparametric analysis of longitudinal zero-inflated count data. J Multivar Anal. 2011;102(1):61-72.</Citation></Reference><Reference><Citation>Olsen MK, Schafer JL. A two-part random-effects model for semicontinuous longitudinal data. J Am Stat Assoc. 2001;96(454):730-745.</Citation></Reference><Reference><Citation>LeSage J, Pace RK. Introduction to Spatial Econometrics. New York: Chapman &amp; Hall/CRC; 2009.</Citation></Reference><Reference><Citation>Wang X, Chen MH, Kuo RC, Dey DK. Bayesian spatial-temporal modeling of ecological zero-inflated count data. Stat Sin. 2015;25(1):189-204.</Citation></Reference><Reference><Citation>Corpas-Burgos F, Garc&#xed;a-Donato G, Martinez-Beneito MA. Some findings on zero-inflated and hurdle poisson models for disease mapping. Stat Med. 2018;37(23):3325-3337.</Citation></Reference><Reference><Citation>Quiroz ZC, Prates MO. Bayesian spatio-temporal modelling of anchovy abundance through the SPDE approach. Spat Stat. 2018;28:236-256.</Citation></Reference><Reference><Citation>Hall DB, Zhang Z. Marginal models for zero inflated clustered data. Stat Model. 2004;4(3):161-180.</Citation></Reference><Reference><Citation>Briz-Red&#xf3;n &#xc1;, Mateu J, Montes F. Modeling accident risk at the road level through zero-inflated negative binomial models: a case study of multiple road networks. Spat Stat. 2021;43:100503. doi:10.1016/j.spasta.2021.100503</Citation></Reference><Reference><Citation>Amaral P, Resende de Carvalho L, Hernandes Rocha TA, da Silva NC, Vissoci JRN. Geospatial modeling of microcephaly and zika virus spread patterns in Brazil. PLoS One. 2019;14(9):e0222668. doi:10.1371/journal.pone.0222668</Citation></Reference><Reference><Citation>Lin PS. Estimating equations for spatially correlated data in multi-dimensional space. Biometrika. 2008;95(4):847-858.</Citation></Reference></ReferenceList></PubmedData></PubmedArticle></PubmedArticleSet>