<?xml version="1.0" ?>
<!DOCTYPE PubmedArticleSet PUBLIC "-//NLM//DTD PubMedArticle, 1st January 2023//EN" "https://dtd.nlm.nih.gov/ncbi/pubmed/out/pubmed_230101.dtd">
<PubmedArticleSet>
<PubmedArticle><MedlineCitation Status="PubMed-not-MEDLINE" Owner="NLM" IndexingMethod="Automated"><PMID Version="1">37312023</PMID><DateRevised><Year>2023</Year><Month>06</Month><Day>16</Day></DateRevised><Article PubModel="Electronic"><Journal><ISSN IssnType="Electronic">1471-2334</ISSN><JournalIssue CitedMedium="Internet"><Volume>23</Volume><Issue>1</Issue><PubDate><Year>2023</Year><Month>Jun</Month><Day>13</Day></PubDate></JournalIssue><Title>BMC infectious diseases</Title><ISOAbbreviation>BMC Infect Dis</ISOAbbreviation></Journal><ArticleTitle>Correction to: Comparing the performance of dengue virus IgG and IgG-capture enzyme-linked immunosorbent assays in seroprevalence study.</ArticleTitle><Pagination><StartPage>401</StartPage><MedlinePgn>401</MedlinePgn></Pagination><ELocationID EIdType="pii" ValidYN="Y">401</ELocationID><ELocationID EIdType="doi" ValidYN="Y">10.1186/s12879-023-08360-3</ELocationID><AuthorList CompleteYN="Y"><Author ValidYN="Y"><LastName>Tsai</LastName><ForeName>Jih-Jin</ForeName><Initials>JJ</Initials><AffiliationInfo><Affiliation>Tropical Medicine Center, Kaohsiung Medical University Hospital, Kaohsiung, Taiwan.</Affiliation></AffiliationInfo><AffiliationInfo><Affiliation>Division of Infectious Diseases, Department of Internal Medicine, Kaohsiung Medical University Hospital, Kaohsiung, Taiwan.</Affiliation></AffiliationInfo><AffiliationInfo><Affiliation>School of Medicine, College of Medicine, Kaohsiung Medical University, Kaohsiung, Taiwan.</Affiliation></AffiliationInfo></Author><Author ValidYN="Y"><LastName>Tsai</LastName><ForeName>Ching-Yi</ForeName><Initials>CY</Initials><AffiliationInfo><Affiliation>Tropical Medicine Center, Kaohsiung Medical University Hospital, Kaohsiung, Taiwan.</Affiliation></AffiliationInfo></Author><Author ValidYN="Y"><LastName>Lin</LastName><ForeName>Ping-Chang</ForeName><Initials>PC</Initials><AffiliationInfo><Affiliation>Tropical Medicine Center, Kaohsiung Medical University Hospital, Kaohsiung, Taiwan.</Affiliation></AffiliationInfo></Author><Author ValidYN="Y"><LastName>Chen</LastName><ForeName>Chun-Hong</ForeName><Initials>CH</Initials><AffiliationInfo><Affiliation>National Mosquito-Borne Diseases Control Research Center, Zhunan, Taiwan.</Affiliation></AffiliationInfo><AffiliationInfo><Affiliation>National Institute of Infectious Diseases and Vaccinology, National Health Research Institutes, Zhunan, Taiwan.</Affiliation></AffiliationInfo></Author><Author ValidYN="Y"><LastName>Tsai</LastName><ForeName>Wen-Yang</ForeName><Initials>WY</Initials><AffiliationInfo><Affiliation>Department of Tropical Medicine, Medical Microbiology and Pharmacology, John A. Burns School of Medicine, University of Hawaii at Manoa, Honolulu, HI, USA.</Affiliation></AffiliationInfo></Author><Author ValidYN="Y"><LastName>Dai</LastName><ForeName>Yu-Ching</ForeName><Initials>YC</Initials><AffiliationInfo><Affiliation>Department of Tropical Medicine, Medical Microbiology and Pharmacology, John A. Burns School of Medicine, University of Hawaii at Manoa, Honolulu, HI, USA.</Affiliation></AffiliationInfo></Author><Author ValidYN="Y"><LastName>Lin</LastName><ForeName>Yen-Chia</ForeName><Initials>YC</Initials><AffiliationInfo><Affiliation>Department of Tropical Medicine, Medical Microbiology and Pharmacology, John A. Burns School of Medicine, University of Hawaii at Manoa, Honolulu, HI, USA.</Affiliation></AffiliationInfo></Author><Author ValidYN="Y"><LastName>Pedroso</LastName><ForeName>Celia</ForeName><Initials>C</Initials><AffiliationInfo><Affiliation>LAPI-Laborat&#xf3;rio de Pesquisa em Infectologia-School of Medicine, Federal University of Bahia, Salvador, Brazil.</Affiliation></AffiliationInfo></Author><Author ValidYN="Y"><LastName>Brites</LastName><ForeName>Carlos</ForeName><Initials>C</Initials><AffiliationInfo><Affiliation>LAPI-Laborat&#xf3;rio de Pesquisa em Infectologia-School of Medicine, Federal University of Bahia, Salvador, Brazil.</Affiliation></AffiliationInfo></Author><Author ValidYN="Y"><LastName>Wang</LastName><ForeName>Wei-Kung</ForeName><Initials>WK</Initials><AffiliationInfo><Affiliation>Department of Tropical Medicine, Medical Microbiology and Pharmacology, John A. Burns School of Medicine, University of Hawaii at Manoa, Honolulu, HI, USA. wangwk@hawaii.edu.</Affiliation></AffiliationInfo></Author></AuthorList><Language>eng</Language><PublicationTypeList><PublicationType UI="D016425">Published Erratum</PublicationType></PublicationTypeList><ArticleDate DateType="Electronic"><Year>2023</Year><Month>06</Month><Day>13</Day></ArticleDate></Article><MedlineJournalInfo><Country>England</Country><MedlineTA>BMC Infect Dis</MedlineTA><NlmUniqueID>100968551</NlmUniqueID><ISSNLinking>1471-2334</ISSNLinking></MedlineJournalInfo><CitationSubset>IM</CitationSubset><CommentsCorrectionsList><CommentsCorrections RefType="ErratumFor"><RefSource>BMC Infect Dis. 2023 May 8;23(1):301</RefSource><PMID Version="1">37158835</PMID></CommentsCorrections></CommentsCorrectionsList></MedlineCitation><PubmedData><History><PubMedPubDate PubStatus="medline"><Year>2023</Year><Month>6</Month><Day>14</Day><Hour>1</Hour><Minute>11</Minute></PubMedPubDate><PubMedPubDate PubStatus="pubmed"><Year>2023</Year><Month>6</Month><Day>14</Day><Hour>1</Hour><Minute>10</Minute></PubMedPubDate><PubMedPubDate PubStatus="entrez"><Year>2023</Year><Month>6</Month><Day>13</Day><Hour>23</Hour><Minute>34</Minute></PubMedPubDate></History><PublicationStatus>epublish</PublicationStatus><ArticleIdList><ArticleId IdType="pubmed">37312023</ArticleId><ArticleId IdType="pmc">PMC10262445</ArticleId><ArticleId IdType="doi">10.1186/s12879-023-08360-3</ArticleId><ArticleId IdType="pii">10.1186/s12879-023-08360-3</ArticleId></ArticleIdList></PubmedData></PubmedArticle></PubmedArticleSet>