<?xml version="1.0" ?>
<!DOCTYPE PubmedArticleSet PUBLIC "-//NLM//DTD PubMedArticle, 1st January 2023//EN" "https://dtd.nlm.nih.gov/ncbi/pubmed/out/pubmed_230101.dtd">
<PubmedArticleSet>
<PubmedArticle><MedlineCitation Status="MEDLINE" Owner="NLM" IndexingMethod="Automated"><PMID Version="1">37366985</PMID><DateCompleted><Year>2023</Year><Month>06</Month><Day>29</Day></DateCompleted><DateRevised><Year>2023</Year><Month>07</Month><Day>01</Day></DateRevised><Article PubModel="Electronic"><Journal><ISSN IssnType="Electronic">2079-6374</ISSN><JournalIssue CitedMedium="Internet"><Volume>13</Volume><Issue>6</Issue><PubDate><Year>2023</Year><Month>Jun</Month><Day>05</Day></PubDate></JournalIssue><Title>Biosensors</Title><ISOAbbreviation>Biosensors (Basel)</ISOAbbreviation></Journal><ArticleTitle>Molecularly Imprinted Polymer-Based Electrochemical Sensors for the Diagnosis of Infectious Diseases.</ArticleTitle><ELocationID EIdType="pii" ValidYN="Y">620</ELocationID><ELocationID EIdType="doi" ValidYN="Y">10.3390/bios13060620</ELocationID><Abstract><AbstractText>The appearance of biological molecules, so-called biomarkers in body fluids at abnormal concentrations, is considered a good tool for detecting disease. Biomarkers are usually looked for in the most common body fluids, such as blood, nasopharyngeal fluids, urine, tears, sweat, etc. Even with significant advances in diagnostic technology, many patients with suspected infections receive empiric antimicrobial therapy rather than appropriate treatment, which is driven by rapid identification of the infectious agent, leading to increased antimicrobial resistance. To positively impact healthcare, new tests are needed that are pathogen-specific, easy to use, and produce results quickly. Molecularly imprinted polymer (MIP)-based biosensors can achieve these general goals and have enormous potential for disease detection. This article aimed to overview recent articles dedicated to electrochemical sensors modified with MIP to detect protein-based biomarkers of certain infectious diseases in human beings, particularly the biomarkers of infectious diseases, such as HIV-1, COVID-19, Dengue virus, and others. Some biomarkers, such as C-reactive protein (CRP) found in blood tests, are not specific for a particular disease but are used to identify any inflammation process in the body and are also under consideration in this review. Other biomarkers are specific to a particular disease, e.g., SARS-CoV-2-S spike glycoprotein. This article analyzes the development of electrochemical sensors using molecular imprinting technology and the used materials' influence. The research methods, the application of different electrodes, the influence of the polymers, and the established detection limits are reviewed and compared.</AbstractText></Abstract><AuthorList CompleteYN="Y"><Author ValidYN="Y"><LastName>Pilvenyte</LastName><ForeName>Greta</ForeName><Initials>G</Initials><Identifier Source="ORCID">0000-0002-1895-0130</Identifier><AffiliationInfo><Affiliation>Department of Nanotechnology, State Research Institute Center for Physical Sciences and Technology (FTMC), Saul&#x117;tekio Av. 3, LT-10257 Vilnius, Lithuania.</Affiliation></AffiliationInfo><AffiliationInfo><Affiliation>Department of Physical Chemistry, Institute of Chemistry, Faculty of Chemistry and Geosciences, Vilnius University (VU), Naugarduko Str. 24, LT-03225 Vilnius, Lithuania.</Affiliation></AffiliationInfo></Author><Author ValidYN="Y"><LastName>Ratautaite</LastName><ForeName>Vilma</ForeName><Initials>V</Initials><Identifier Source="ORCID">0000-0002-9931-4397</Identifier><AffiliationInfo><Affiliation>Department of Nanotechnology, State Research Institute Center for Physical Sciences and Technology (FTMC), Saul&#x117;tekio Av. 3, LT-10257 Vilnius, Lithuania.</Affiliation></AffiliationInfo><AffiliationInfo><Affiliation>Department of Physical Chemistry, Institute of Chemistry, Faculty of Chemistry and Geosciences, Vilnius University (VU), Naugarduko Str. 24, LT-03225 Vilnius, Lithuania.</Affiliation></AffiliationInfo></Author><Author ValidYN="Y"><LastName>Boguzaite</LastName><ForeName>Raimonda</ForeName><Initials>R</Initials><Identifier Source="ORCID">0000-0002-5178-5907</Identifier><AffiliationInfo><Affiliation>Department of Nanotechnology, State Research Institute Center for Physical Sciences and Technology (FTMC), Saul&#x117;tekio Av. 3, LT-10257 Vilnius, Lithuania.</Affiliation></AffiliationInfo><AffiliationInfo><Affiliation>Department of Physical Chemistry, Institute of Chemistry, Faculty of Chemistry and Geosciences, Vilnius University (VU), Naugarduko Str. 24, LT-03225 Vilnius, Lithuania.</Affiliation></AffiliationInfo></Author><Author ValidYN="Y"><LastName>Ramanavicius</LastName><ForeName>Simonas</ForeName><Initials>S</Initials><AffiliationInfo><Affiliation>Department of Electrochemical Material Science, State Research Institute Center for Physical Sciences and Technology (FTMC), Saul&#x117;tekio Av. 3, LT-10257 Vilnius, Lithuania.</Affiliation></AffiliationInfo></Author><Author ValidYN="Y"><LastName>Chen</LastName><ForeName>Chien-Fu</ForeName><Initials>CF</Initials><AffiliationInfo><Affiliation>Institute of Applied Mechanics, National Taiwan University, Taipei City 106, Taiwan.</Affiliation></AffiliationInfo></Author><Author ValidYN="Y"><LastName>Viter</LastName><ForeName>Roman</ForeName><Initials>R</Initials><AffiliationInfo><Affiliation>Institute of Atomic Physics and Spectroscopy, University of Latvia, 19 Raina Blvd., LV-1586 Riga, Latvia.</Affiliation></AffiliationInfo><AffiliationInfo><Affiliation>Center for Collective Use of Scientific Equipment, Sumy State University, 31, Sanatornaya st., 40018 Sumy, Ukraine.</Affiliation></AffiliationInfo></Author><Author ValidYN="Y"><LastName>Ramanavicius</LastName><ForeName>Arunas</ForeName><Initials>A</Initials><Identifier Source="ORCID">0000-0002-0885-3556</Identifier><AffiliationInfo><Affiliation>Department of Nanotechnology, State Research Institute Center for Physical Sciences and Technology (FTMC), Saul&#x117;tekio Av. 3, LT-10257 Vilnius, Lithuania.</Affiliation></AffiliationInfo><AffiliationInfo><Affiliation>Department of Physical Chemistry, Institute of Chemistry, Faculty of Chemistry and Geosciences, Vilnius University (VU), Naugarduko Str. 24, LT-03225 Vilnius, Lithuania.</Affiliation></AffiliationInfo></Author></AuthorList><Language>eng</Language><GrantList CompleteYN="Y"><Grant><GrantID>No S-LLT-21-3</GrantID><Agency>Lietuvos Mokslo Taryba</Agency><Country/></Grant></GrantList><PublicationTypeList><PublicationType UI="D016428">Journal Article</PublicationType><PublicationType UI="D016454">Review</PublicationType></PublicationTypeList><ArticleDate DateType="Electronic"><Year>2023</Year><Month>06</Month><Day>05</Day></ArticleDate></Article><MedlineJournalInfo><Country>Switzerland</Country><MedlineTA>Biosensors (Basel)</MedlineTA><NlmUniqueID>101609191</NlmUniqueID><ISSNLinking>2079-6374</ISSNLinking></MedlineJournalInfo><ChemicalList><Chemical><RegistryNumber>0</RegistryNumber><NameOfSubstance UI="D000082582">Molecularly Imprinted Polymers</NameOfSubstance></Chemical><Chemical><RegistryNumber>0</RegistryNumber><NameOfSubstance UI="D015415">Biomarkers</NameOfSubstance></Chemical><Chemical><RegistryNumber>9007-41-4</RegistryNumber><NameOfSubstance UI="D002097">C-Reactive Protein</NameOfSubstance></Chemical><Chemical><RegistryNumber>0</RegistryNumber><NameOfSubstance UI="D000890">Anti-Infective Agents</NameOfSubstance></Chemical></ChemicalList><CitationSubset>IM</CitationSubset><MeshHeadingList><MeshHeading><DescriptorName UI="D006801" MajorTopicYN="N">Humans</DescriptorName></MeshHeading><MeshHeading><DescriptorName UI="D000082582" MajorTopicYN="N">Molecularly Imprinted Polymers</DescriptorName></MeshHeading><MeshHeading><DescriptorName UI="D055664" MajorTopicYN="N">Electrochemical Techniques</DescriptorName><QualifierName UI="Q000379" MajorTopicYN="N">methods</QualifierName></MeshHeading><MeshHeading><DescriptorName UI="D000086382" MajorTopicYN="Y">COVID-19</DescriptorName></MeshHeading><MeshHeading><DescriptorName UI="D000086402" MajorTopicYN="N">SARS-CoV-2</DescriptorName></MeshHeading><MeshHeading><DescriptorName UI="D003141" MajorTopicYN="Y">Communicable Diseases</DescriptorName><QualifierName UI="Q000175" MajorTopicYN="N">diagnosis</QualifierName></MeshHeading><MeshHeading><DescriptorName UI="D054802" MajorTopicYN="Y">Molecular Imprinting</DescriptorName><QualifierName UI="Q000379" MajorTopicYN="N">methods</QualifierName></MeshHeading><MeshHeading><DescriptorName UI="D015415" MajorTopicYN="N">Biomarkers</DescriptorName></MeshHeading><MeshHeading><DescriptorName UI="D002097" MajorTopicYN="N">C-Reactive Protein</DescriptorName></MeshHeading><MeshHeading><DescriptorName UI="D004566" MajorTopicYN="N">Electrodes</DescriptorName></MeshHeading><MeshHeading><DescriptorName UI="D000890" MajorTopicYN="Y">Anti-Infective Agents</DescriptorName></MeshHeading><MeshHeading><DescriptorName UI="D057230" MajorTopicYN="N">Limit of Detection</DescriptorName></MeshHeading><MeshHeading><DescriptorName UI="D000086742" MajorTopicYN="N">COVID-19 Testing</DescriptorName></MeshHeading></MeshHeadingList><KeywordList Owner="NOTNLM"><Keyword MajorTopicYN="N">electrochemical sensor</Keyword><Keyword MajorTopicYN="N">infectious disease biomarker</Keyword><Keyword MajorTopicYN="N">molecularly imprinted polymer (MIP)</Keyword></KeywordList><CoiStatement>The authors declare no conflict of interest.</CoiStatement></MedlineCitation><PubmedData><History><PubMedPubDate PubStatus="received"><Year>2023</Year><Month>4</Month><Day>4</Day></PubMedPubDate><PubMedPubDate PubStatus="revised"><Year>2023</Year><Month>5</Month><Day>28</Day></PubMedPubDate><PubMedPubDate PubStatus="accepted"><Year>2023</Year><Month>5</Month><Day>31</Day></PubMedPubDate><PubMedPubDate PubStatus="medline"><Year>2023</Year><Month>6</Month><Day>29</Day><Hour>6</Hour><Minute>43</Minute></PubMedPubDate><PubMedPubDate PubStatus="pubmed"><Year>2023</Year><Month>6</Month><Day>27</Day><Hour>13</Hour><Minute>11</Minute></PubMedPubDate><PubMedPubDate PubStatus="entrez"><Year>2023</Year><Month>6</Month><Day>27</Day><Hour>9</Hour><Minute>36</Minute></PubMedPubDate></History><PublicationStatus>epublish</PublicationStatus><ArticleIdList><ArticleId IdType="pubmed">37366985</ArticleId><ArticleId IdType="pmc">PMC10296657</ArticleId><ArticleId IdType="doi">10.3390/bios13060620</ArticleId><ArticleId IdType="pii">bios13060620</ArticleId></ArticleIdList><ReferenceList><Reference><Citation>Naseri M., Fotouhi L., Ehsani A. Recent progress in the development of conducting polymer-based nanocomposites for electrochemical biosensors applications: A mini-review. Chem. Rec. 2018;18:599&#x2013;618. doi: 10.1002/tcr.201700101.</Citation><ArticleIdList><ArticleId IdType="doi">10.1002/tcr.201700101</ArticleId><ArticleId IdType="pubmed">29460399</ArticleId></ArticleIdList></Reference><Reference><Citation>Ramanavicius S., Jagminas A., Ramanavicius A. Advances in molecularly imprinted polymers based affinity sensors (review) Polymers. 2021;13:974. doi: 10.3390/polym13060974.</Citation><ArticleIdList><ArticleId IdType="doi">10.3390/polym13060974</ArticleId><ArticleId IdType="pmc">PMC8004762</ArticleId><ArticleId IdType="pubmed">33810074</ArticleId></ArticleIdList></Reference><Reference><Citation>Chen L., Xu S., Li J. Recent advances in molecular imprinting technology: Current status, challenges and highlighted applications. Chem. Soc. Rev. 2011;40:2922&#x2013;2942. doi: 10.1039/c0cs00084a.</Citation><ArticleIdList><ArticleId IdType="doi">10.1039/c0cs00084a</ArticleId><ArticleId IdType="pubmed">21359355</ArticleId></ArticleIdList></Reference><Reference><Citation>Lakard B. Electrochemical biosensors based on conducting polymers: A review. Appl. Sci. 2020;10:6614. doi: 10.3390/app10186614.</Citation><ArticleIdList><ArticleId IdType="doi">10.3390/app10186614</ArticleId></ArticleIdList></Reference><Reference><Citation>Li J., Sun D. Molecularly imprinted ratiometric fluorescence nanosensors. Langmuir. 2022;38:13305&#x2013;13312. doi: 10.1021/acs.langmuir.2c01925.</Citation><ArticleIdList><ArticleId IdType="doi">10.1021/acs.langmuir.2c01925</ArticleId><ArticleId IdType="pubmed">36278924</ArticleId></ArticleIdList></Reference><Reference><Citation>Emir G., Dilgin Y., Ramanaviciene A., Ramanavicius A. Amperometric nonenzymatic glucose biosensor based on graphite rod electrode modified by Ni-nanoparticle/polypyrrole composite. Microchem. J. 2021;161:105751. doi: 10.1016/j.microc.2020.105751.</Citation><ArticleIdList><ArticleId IdType="doi">10.1016/j.microc.2020.105751</ArticleId></ArticleIdList></Reference><Reference><Citation>Ratautaite V., Plausinaitis D., Baleviciute I., Mikoliunaite L., Ramanaviciene A., Ramanavicius A. Characterization of caffeine-imprinted polypyrrole by a quartz crystal microbalance and electrochemical impedance spectroscopy. Sens. Actuator B-Chem. 2015;212:63&#x2013;71. doi: 10.1016/j.snb.2015.01.109.</Citation><ArticleIdList><ArticleId IdType="doi">10.1016/j.snb.2015.01.109</ArticleId></ArticleIdList></Reference><Reference><Citation>Holgu&#xed;n M., Rojas &#xc1;lvarez O.E., Arizabaleta C.A., Torres W. Molecular dynamics of the interaction of l-tryptophan with polypyrrole oligomers. Comput. Theor. Chem. 2019;1147:29&#x2013;34. doi: 10.1016/j.comptc.2018.11.012.</Citation><ArticleIdList><ArticleId IdType="doi">10.1016/j.comptc.2018.11.012</ArticleId></ArticleIdList></Reference><Reference><Citation>Kumar V., Mirzaei A., Bonyani M., Kim K.-H., Kim H.W., Kim S.S. Advances in electrospun nanofiber fabrication for polyaniline (PANI)-based chemoresistive sensors for gaseous ammonia. TRAC-Trends Anal. Chem. 2020;129:115938. doi: 10.1016/j.trac.2020.115938.</Citation><ArticleIdList><ArticleId IdType="doi">10.1016/j.trac.2020.115938</ArticleId></ArticleIdList></Reference><Reference><Citation>Tekba&#x15f;o&#x11f;lu T.Y., Soganci T., Ak M., Koca A., &#x15e;ener M.K. Enhancing biosensor properties of conducting polymers via copolymerization: Synthesis of EDOT-substituted bis(2-pyridylimino)isoindolato-palladium complex and electrochemical sensing of glucose by its copolymerized film. Biosens. Bioelectron. 2017;87:81&#x2013;88. doi: 10.1016/j.bios.2016.08.020.</Citation><ArticleIdList><ArticleId IdType="doi">10.1016/j.bios.2016.08.020</ArticleId><ArticleId IdType="pubmed">27522481</ArticleId></ArticleIdList></Reference><Reference><Citation>Pontes K., Indrusiak T., Soares B.G. Poly(vinylidene fluoride-co-hexafluorpropylene)/polyaniline conductive blends: Effect of the mixing procedure on the electrical properties and electromagnetic interference shielding effectiveness. J. Appl. Polym. Sci. 2021;138:49705. doi: 10.1002/app.49705.</Citation><ArticleIdList><ArticleId IdType="doi">10.1002/app.49705</ArticleId></ArticleIdList></Reference><Reference><Citation>Samukaite-Bubniene U., Vali&#x16b;nien&#x117; A., Bucinskas V., Genys P., Ratautaite V., Ramanaviciene A., Aksun E., Tereshchenko A., Zeybek B., Ramanavicius A. Towards supercapacitors: Cyclic voltammetry and fast Fourier transform electrochemical impedance spectroscopy based evaluation of polypyrrole electrochemically deposited on the pencil graphite electrode. Colloid Surf. A. 2021;610:125750. doi: 10.1016/j.colsurfa.2020.125750.</Citation><ArticleIdList><ArticleId IdType="doi">10.1016/j.colsurfa.2020.125750</ArticleId></ArticleIdList></Reference><Reference><Citation>Zhao Z., Yu T., Miao Y., Zhao X. Chloride ion-doped polyaniline/carbon nanotube nanocomposite materials as new cathodes for chloride ion battery. Electrochim. Acta. 2018;270:30&#x2013;36. doi: 10.1016/j.electacta.2018.03.077.</Citation><ArticleIdList><ArticleId IdType="doi">10.1016/j.electacta.2018.03.077</ArticleId></ArticleIdList></Reference><Reference><Citation>Wang Y., Chen Y., Liu Y., Liu W., Zhao P., Li Y., Dong Y., Wang H., Yang J. Urchin-like Ni1/3Co2/3(CO3)0.5OH&#xb7;0.11H2O anchoring on polypyrrole nanotubes for supercapacitor electrodes. Electrochim. Acta. 2019;295:989&#x2013;996. doi: 10.1016/j.electacta.2018.11.116.</Citation><ArticleIdList><ArticleId IdType="doi">10.1016/j.electacta.2018.11.116</ArticleId></ArticleIdList></Reference><Reference><Citation>Ratautaite V., Ramanaviciene A., Oztekin Y., Voronovic J., Balevicius Z., Mikoliunaite L., Ramanavicius A. Electrochemical stability and repulsion of polypyrrole film. Colloid Surf. A. 2013;418:16&#x2013;21. doi: 10.1016/j.colsurfa.2012.10.052.</Citation><ArticleIdList><ArticleId IdType="doi">10.1016/j.colsurfa.2012.10.052</ArticleId></ArticleIdList></Reference><Reference><Citation>Iroh J.O., Su W. Corrosion performance of polypyrrole coating applied to low carbon steel by an electrochemical process. Electrochim. Acta. 2000;46:15&#x2013;24. doi: 10.1016/S0013-4686(00)00519-3.</Citation><ArticleIdList><ArticleId IdType="doi">10.1016/S0013-4686(00)00519-3</ArticleId></ArticleIdList></Reference><Reference><Citation>Leonavicius K., Ramanaviciene A., Ramanavicius A. Polymerization model for hydrogen peroxide initiated synthesis of polypyrrole nanoparticles. Langmuir. 2011;27:10970&#x2013;10976. doi: 10.1021/la201962a.</Citation><ArticleIdList><ArticleId IdType="doi">10.1021/la201962a</ArticleId><ArticleId IdType="pubmed">21744833</ArticleId></ArticleIdList></Reference><Reference><Citation>Felix F.S., Angnes L. Electrochemical immunosensors&#x2014;A powerful tool for analytical applications. Biosens. Bioelectron. 2018;102:470&#x2013;478. doi: 10.1016/j.bios.2017.11.029.</Citation><ArticleIdList><ArticleId IdType="doi">10.1016/j.bios.2017.11.029</ArticleId><ArticleId IdType="pubmed">29182930</ArticleId></ArticleIdList></Reference><Reference><Citation>Ramanavicius A., Andriukonis E., Stirke A., Mikoliunaite L., Balevicius Z., Ramanaviciene A. Synthesis of polypyrrole within the cell wall of yeast by redox-cycling of [Fe(CN)6]3&#x2212;/[Fe(CN)6]4&#x2212;. Enzym. Microb. Technol. 2016;83:40&#x2013;47. doi: 10.1016/j.enzmictec.2015.11.009.</Citation><ArticleIdList><ArticleId IdType="doi">10.1016/j.enzmictec.2015.11.009</ArticleId><ArticleId IdType="pubmed">26777249</ArticleId></ArticleIdList></Reference><Reference><Citation>Apetrei R.-M., Carac G., Bahrim G., Ramanaviciene A., Ramanavicius A. Modification of Aspergillus niger by conducting polymer, Polypyrrole, and the evaluation of electrochemical properties of modified cells. Bioelectrochemistry. 2018;121:46&#x2013;55. doi: 10.1016/j.bioelechem.2018.01.001.</Citation><ArticleIdList><ArticleId IdType="doi">10.1016/j.bioelechem.2018.01.001</ArticleId><ArticleId IdType="pubmed">29353096</ArticleId></ArticleIdList></Reference><Reference><Citation>Apetrei R.-M., Carac G., Ramanaviciene A., Bahrim G., Tanase C., Ramanavicius A. Cell-assisted synthesis of conducting polymer-polypyrrole-for the improvement of electric charge transfer through fungal cell wall. Colloids Surf. B Biointerfaces. 2019;175:671&#x2013;679. doi: 10.1016/j.colsurfb.2018.12.024.</Citation><ArticleIdList><ArticleId IdType="doi">10.1016/j.colsurfb.2018.12.024</ArticleId><ArticleId IdType="pubmed">30590328</ArticleId></ArticleIdList></Reference><Reference><Citation>Ramanavicius A., Kausaite A., Ramanaviciene A. Self-encapsulation of oxidases as a basic approach to tune the upper detection limit of amperometric biosensors. Analyst. 2008;133:1083&#x2013;1089. doi: 10.1039/b801501e.</Citation><ArticleIdList><ArticleId IdType="doi">10.1039/b801501e</ArticleId><ArticleId IdType="pubmed">18645651</ArticleId></ArticleIdList></Reference><Reference><Citation>Lakard B., Magnin D., Deschaume O., Vanlancker G., Glinel K., Demoustier-Champagne S., Nysten B., Jonas A.M., Bertrand P., Yunus S. Urea potentiometric enzymatic biosensor based on charged biopolymers and electrodeposited polyaniline. Biosens. Bioelectron. 2011;26:4139&#x2013;4145. doi: 10.1016/j.bios.2011.04.009.</Citation><ArticleIdList><ArticleId IdType="doi">10.1016/j.bios.2011.04.009</ArticleId><ArticleId IdType="pubmed">21536421</ArticleId></ArticleIdList></Reference><Reference><Citation>German N., Ramanavicius A., Voronovic J., Ramanaviciene A. Glucose biosensor based on glucose oxidase and gold nanoparticles of different sizes covered by polypyrrole layer. Colloid Surf. A. 2012;413:224&#x2013;230. doi: 10.1016/j.colsurfa.2012.02.012.</Citation><ArticleIdList><ArticleId IdType="doi">10.1016/j.colsurfa.2012.02.012</ArticleId></ArticleIdList></Reference><Reference><Citation>Ramanavicius A., Oztekin Y., Ramanaviciene A. Electrochemical formation of polypyrrole-based layer for immunosensor design. Sens. Actuator B-Chem. 2014;197:237&#x2013;243. doi: 10.1016/j.snb.2014.02.072.</Citation><ArticleIdList><ArticleId IdType="doi">10.1016/j.snb.2014.02.072</ArticleId></ArticleIdList></Reference><Reference><Citation>Ramanaviciene A., Ramanavicius A. Pulsed amperometric detection of DNA with an ssDNA/polypyrrole-modified electrode. Anal. Bioanal. Chem. 2004;379:287&#x2013;293. doi: 10.1007/s00216-004-2573-6.</Citation><ArticleIdList><ArticleId IdType="doi">10.1007/s00216-004-2573-6</ArticleId><ArticleId IdType="pubmed">15042269</ArticleId></ArticleIdList></Reference><Reference><Citation>Plikusiene I., Balevicius Z., Ramanaviciene A., Talbot J., Mickiene G., Balevicius S., Stirke A., Tereshchenko A., Tamosaitis L., Zvirblis G., et al. Evaluation of affinity sensor response kinetics towards dimeric ligands linked with spacers of different rigidity: Immobilized recombinant granulocyte colony-stimulating factor based synthetic receptor binding with genetically engineered dimeric analyte derivatives. Biosens. Bioelectron. 2020;156:112112. doi: 10.1016/j.bios.2020.112112.</Citation><ArticleIdList><ArticleId IdType="doi">10.1016/j.bios.2020.112112</ArticleId><ArticleId IdType="pubmed">32174551</ArticleId></ArticleIdList></Reference><Reference><Citation>Baleviciute I., Ratautaite V., Ramanaviciene A., Balevicius Z., Broeders J., Croux D., McDonald M., Vahidpour F., Thoelen R., Ceuninck W.D., et al. Evaluation of theophylline imprinted polypyrrole film. Synth. Met. 2015;209:206&#x2013;211. doi: 10.1016/j.synthmet.2015.07.021.</Citation><ArticleIdList><ArticleId IdType="doi">10.1016/j.synthmet.2015.07.021</ArticleId></ArticleIdList></Reference><Reference><Citation>Kryscio D.R., Peppas N.A. Critical review and perspective of macromolecularly imprinted polymers. Acta Biomater. 2012;8:461&#x2013;473. doi: 10.1016/j.actbio.2011.11.005.</Citation><ArticleIdList><ArticleId IdType="doi">10.1016/j.actbio.2011.11.005</ArticleId><ArticleId IdType="pubmed">22100344</ArticleId></ArticleIdList></Reference><Reference><Citation>Zhang Y., Zhao G., Han K., Sun D., Zhou N., Song Z., Liu H., Li J., Li G. Applications of molecular imprinting technology in the study of traditional Chinese medicine. Molecules. 2023;28:301. doi: 10.3390/molecules28010301.</Citation><ArticleIdList><ArticleId IdType="doi">10.3390/molecules28010301</ArticleId><ArticleId IdType="pmc">PMC9822276</ArticleId><ArticleId IdType="pubmed">36615491</ArticleId></ArticleIdList></Reference><Reference><Citation>Lowdon J.W., Dili&#xeb;n H., Singla P., Peeters M., Cleij T.J., van Grinsven B., Eersels K. MIPs for commercial application in low-cost sensors and assays&#x2014;An overview of the current status quo. Sens. Actuator B-Chem. 2020;325:128973. doi: 10.1016/j.snb.2020.128973.</Citation><ArticleIdList><ArticleId IdType="doi">10.1016/j.snb.2020.128973</ArticleId><ArticleId IdType="pmc">PMC7525251</ArticleId><ArticleId IdType="pubmed">33012991</ArticleId></ArticleIdList></Reference><Reference><Citation>Mustafa Y.L., Keirouz A., Leese H.S. Molecularly imprinted polymers in diagnostics: Accessing analytes in biofluids. J. Mater. Chem. B. 2022;10:7418&#x2013;7449. doi: 10.1039/D2TB00703G.</Citation><ArticleIdList><ArticleId IdType="doi">10.1039/D2TB00703G</ArticleId><ArticleId IdType="pubmed">35822255</ArticleId></ArticleIdList></Reference><Reference><Citation>Sangiorgi N., Sangiorgi A., Tarterini F., Sanson A. Molecularly imprinted polypyrrole counter electrode for gel-state dye-sensitized solar cells. Electrochim. Acta. 2019;305:322&#x2013;328. doi: 10.1016/j.electacta.2019.03.059.</Citation><ArticleIdList><ArticleId IdType="doi">10.1016/j.electacta.2019.03.059</ArticleId></ArticleIdList></Reference><Reference><Citation>Syritski V., Reut J., &#xd6;pik A., Idla K. Environmental QCM sensors coated with polypyrrole. Synth. Met. 1999;102:1326&#x2013;1327. doi: 10.1016/S0379-6779(98)01047-9.</Citation><ArticleIdList><ArticleId IdType="doi">10.1016/S0379-6779(98)01047-9</ArticleId></ArticleIdList></Reference><Reference><Citation>Rebelo P., Costa-Rama E., Seguro I., Pacheco J.G., Nouws H.P.A., Cordeiro M.N.D.S., Delerue-Matos C. Molecularly imprinted polymer-based electrochemical sensors for environmental analysis. Biosens. Bioelectron. 2021;172:112719. doi: 10.1016/j.bios.2020.112719.</Citation><ArticleIdList><ArticleId IdType="doi">10.1016/j.bios.2020.112719</ArticleId><ArticleId IdType="pubmed">33166805</ArticleId></ArticleIdList></Reference><Reference><Citation>Ke&#xe7;ili R., Y&#x131;lmaz E., Ers&#xf6;z A., Say R. Chapter 12-imprinted materials: From green chemistry to sustainable engineering. In: Szekely G., Livingston A., editors. Sustainable Nanoscale Engineering. Elsevier; Amsterdam, The Netherlands: 2020. pp. 317&#x2013;350.</Citation></Reference><Reference><Citation>Cui F., Zhou Z., Zhou H.S. Molecularly imprinted polymers and surface imprinted polymers based electrochemical biosensor for infectious diseases. Sensors. 2020;20:996. doi: 10.3390/s20040996.</Citation><ArticleIdList><ArticleId IdType="doi">10.3390/s20040996</ArticleId><ArticleId IdType="pmc">PMC7071405</ArticleId><ArticleId IdType="pubmed">32069788</ArticleId></ArticleIdList></Reference><Reference><Citation>Crapnell R.D., Dempsey-Hibbert N.C., Peeters M., Tridente A., Banks C.E. Molecularly imprinted polymer based electrochemical biosensors: Overcoming the challenges of detecting vital biomarkers and speeding up diagnosis. Talanta Open. 2020;2:100018. doi: 10.1016/j.talo.2020.100018.</Citation><ArticleIdList><ArticleId IdType="doi">10.1016/j.talo.2020.100018</ArticleId></ArticleIdList></Reference><Reference><Citation>Crapnell R.D., Hudson A., Foster C.W., Eersels K., Grinsven B.v., Cleij T.J., Banks C.E., Peeters M. Recent advances in electrosynthesized molecularly imprinted polymer sensing platforms for bioanalyte detection. Sensors. 2019;19:1204. doi: 10.3390/s19051204.</Citation><ArticleIdList><ArticleId IdType="doi">10.3390/s19051204</ArticleId><ArticleId IdType="pmc">PMC6427210</ArticleId><ArticleId IdType="pubmed">30857285</ArticleId></ArticleIdList></Reference><Reference><Citation>Khan H.A., Ahmad A., Mehboob R. Nosocomial infections and their control strategies. Asian Pac. J. Trop. Biomed. 2015;5:509&#x2013;514. doi: 10.1016/j.apjtb.2015.05.001.</Citation><ArticleIdList><ArticleId IdType="doi">10.1016/j.apjtb.2015.05.001</ArticleId></ArticleIdList></Reference><Reference><Citation>Chuang Y.-C., Sheng W.-H., Li S.-Y., Lin Y.-C., Wang J.-T., Chen Y.-C., Chang S.-C. Influence of genospecies of Acinetobacter baumannii complex on clinical outcomes of patients with Acinetobacter bacteremia. Clin. Infect. Dis. 2011;52:352&#x2013;360. doi: 10.1093/cid/ciq154.</Citation><ArticleIdList><ArticleId IdType="doi">10.1093/cid/ciq154</ArticleId><ArticleId IdType="pubmed">21193494</ArticleId></ArticleIdList></Reference><Reference><Citation>McElrath M.J., Haynes B.F. Induction of immunity to human immunodeficiency virus type-1 by vaccination. Immunity. 2010;33:542&#x2013;554. doi: 10.1016/j.immuni.2010.09.011.</Citation><ArticleIdList><ArticleId IdType="doi">10.1016/j.immuni.2010.09.011</ArticleId><ArticleId IdType="pmc">PMC3031162</ArticleId><ArticleId IdType="pubmed">21029964</ArticleId></ArticleIdList></Reference><Reference><Citation>Manns M.P., Buti M., Gane E., Pawlotsky J.-M., Razavi H., Terrault N., Younossi Z. Hepatitis C virus infection. Nat. Rev. Dis. Prim. 2017;3:17006. doi: 10.1038/nrdp.2017.6.</Citation><ArticleIdList><ArticleId IdType="doi">10.1038/nrdp.2017.6</ArticleId><ArticleId IdType="pubmed">28252637</ArticleId></ArticleIdList></Reference><Reference><Citation>Falzone L., Gattuso G., Tsatsakis A., Spandidos D.A., Libra M., Falzone L., Gattuso G., Tsatsakis A., Spandidos D.A., Libra M., et al. Current and innovative methods for the diagnosis of COVID-19 infection (Review) Int. J. Mol. Med. 2021;47:100. doi: 10.3892/ijmm.2021.4933.</Citation><ArticleIdList><ArticleId IdType="doi">10.3892/ijmm.2021.4933</ArticleId><ArticleId IdType="pmc">PMC8043662</ArticleId><ArticleId IdType="pubmed">33846767</ArticleId></ArticleIdList></Reference><Reference><Citation>Ratautaite V., Topkaya S.N., Mikoliunaite L., Ozsoz M., Oztekin Y., Ramanaviciene A., Ramanavicius A. Molecularly imprinted polypyrrole for DNA determination. Electroanalysis. 2013;25:1169&#x2013;1177. doi: 10.1002/elan.201300063.</Citation><ArticleIdList><ArticleId IdType="doi">10.1002/elan.201300063</ArticleId></ArticleIdList></Reference><Reference><Citation>Ratautaite V., Brazys E., Ramanaviciene A., Ramanavicius A. Electrochemical sensors based on L-tryptophan molecularly imprinted polypyrrole and polyaniline. J. Electroanal. Chem. 2022;917:116389. doi: 10.1016/j.jelechem.2022.116389.</Citation><ArticleIdList><ArticleId IdType="doi">10.1016/j.jelechem.2022.116389</ArticleId></ArticleIdList></Reference><Reference><Citation>Ratautaite V., Janssens S.D., Haenen K., Nesl&#xe1;dek M., Ramanaviciene A., Baleviciute I., Ramanavicius A. Molecularly imprinted polypyrrole based impedimetric sensor for theophylline determination. Electrochim. Acta. 2014;130:361&#x2013;367. doi: 10.1016/j.electacta.2014.03.035.</Citation><ArticleIdList><ArticleId IdType="doi">10.1016/j.electacta.2014.03.035</ArticleId></ArticleIdList></Reference><Reference><Citation>Ratautaite V., Nesladek M., Ramanaviciene A., Baleviciute I., Ramanavicius A. Evaluation of histamine imprinted polypyrrole deposited on boron doped nanocrystalline diamond. Electroanalysis. 2014;26:2458&#x2013;2464. doi: 10.1002/elan.201400294.</Citation><ArticleIdList><ArticleId IdType="doi">10.1002/elan.201400294</ArticleId></ArticleIdList></Reference><Reference><Citation>Ratautaite V., Boguzaite R., Brazys E., Ramanaviciene A., Ciplys E., Juozapaitis M., Slibinskas R., Bechelany M., Ramanavicius A. Molecularly imprinted polypyrrole based sensor for the detection of SARS-CoV-2 spike glycoprotein. Electrochim. Acta. 2022;403:139581. doi: 10.1016/j.electacta.2021.139581.</Citation><ArticleIdList><ArticleId IdType="doi">10.1016/j.electacta.2021.139581</ArticleId><ArticleId IdType="pmc">PMC8643074</ArticleId><ArticleId IdType="pubmed">34898691</ArticleId></ArticleIdList></Reference><Reference><Citation>Ratautaite V., Boguzaite R., Brazys E., Plausinaitis D., Ramanavicius S., Samukaite-Bubniene U., Bechelany M., Ramanavicius A. Evaluation of the interaction between SARS-CoV-2 spike glycoproteins and the molecularly imprinted polypyrrole. Talanta. 2023;253:123981. doi: 10.1016/j.talanta.2022.123981.</Citation><ArticleIdList><ArticleId IdType="doi">10.1016/j.talanta.2022.123981</ArticleId></ArticleIdList></Reference><Reference><Citation>Plausinaitis D., Ratautaite V., Mikoliunaite L., Sinkevicius L., Ramanaviciene A., Ramanavicius A. Quartz crystal microbalance-based evaluation of the electrochemical formation of an aggregated polypyrrole particle-based layer. Langmuir. 2015;31:3186&#x2013;3193. doi: 10.1021/la504340u.</Citation><ArticleIdList><ArticleId IdType="doi">10.1021/la504340u</ArticleId><ArticleId IdType="pubmed">25706444</ArticleId></ArticleIdList></Reference><Reference><Citation>Plausinaitis D., Sinkevicius L., Samukaite-Bubniene U., Ratautaite V., Ramanavicius A. Evaluation of electrochemical quartz crystal microbalance based sensor modified by uric acid-imprinted polypyrrole. Talanta. 2020;220:121414. doi: 10.1016/j.talanta.2020.121414.</Citation><ArticleIdList><ArticleId IdType="doi">10.1016/j.talanta.2020.121414</ArticleId><ArticleId IdType="pubmed">32928426</ArticleId></ArticleIdList></Reference><Reference><Citation>Balciunas D., Plausinaitis D., Ratautaite V., Ramanaviciene A., Ramanavicius A. Towards electrochemical surface plasmon resonance sensor based on the molecularly imprinted polypyrrole for glyphosate sensing. Talanta. 2022;241:123252. doi: 10.1016/j.talanta.2022.123252.</Citation><ArticleIdList><ArticleId IdType="doi">10.1016/j.talanta.2022.123252</ArticleId><ArticleId IdType="pubmed">35121544</ArticleId></ArticleIdList></Reference><Reference><Citation>Ratautaite V., Samukaite-Bubniene U., Plausinaitis D., Boguzaite R., Balciunas D., Ramanaviciene A., Neunert G., Ramanavicius A. Molecular imprinting technology for determination of uric acid. Int. J. Mol. Sci. 2021;22:5032. doi: 10.3390/ijms22095032.</Citation><ArticleIdList><ArticleId IdType="doi">10.3390/ijms22095032</ArticleId><ArticleId IdType="pmc">PMC8126139</ArticleId><ArticleId IdType="pubmed">34068596</ArticleId></ArticleIdList></Reference><Reference><Citation>Ramanaviciene A., Ramanavicius A. Molecularly imprinted polypyrrole-based synthetic receptor for direct detection of bovine leukemia virus glycoproteins. Biosens. Bioelectron. 2004;20:1076&#x2013;1082. doi: 10.1016/j.bios.2004.05.014.</Citation><ArticleIdList><ArticleId IdType="doi">10.1016/j.bios.2004.05.014</ArticleId><ArticleId IdType="pubmed">15556351</ArticleId></ArticleIdList></Reference><Reference><Citation>El Sharif H.F., Dennison S.R., Tully M., Crossley S., Mwangi W., Bailey D., Graham S.P., Reddy S.M. Evaluation of electropolymerized molecularly imprinted polymers (E-MIPs) on disposable electrodes for detection of SARS-CoV-2 in saliva. Anal. Chim. Acta. 2022;1206:339777. doi: 10.1016/j.aca.2022.339777.</Citation><ArticleIdList><ArticleId IdType="doi">10.1016/j.aca.2022.339777</ArticleId><ArticleId IdType="pmc">PMC8974637</ArticleId><ArticleId IdType="pubmed">35473858</ArticleId></ArticleIdList></Reference><Reference><Citation>Pintavirooj C., Vongmanee N., Sukjee W., Sangma C., Visitsattapongse S. Biosensors for Klebsiella pneumoniae with molecularly imprinted polymer (MIP) technique. Sensors. 2022;22:4638. doi: 10.3390/s22124638.</Citation><ArticleIdList><ArticleId IdType="doi">10.3390/s22124638</ArticleId><ArticleId IdType="pmc">PMC9227291</ArticleId><ArticleId IdType="pubmed">35746419</ArticleId></ArticleIdList></Reference><Reference><Citation>Dabrowski M., Lach P., Cieplak M., Kutner W. Nanostructured molecularly imprinted polymers for protein chemosensing. Biosens. Bioelectron. 2018;102:17&#x2013;26. doi: 10.1016/j.bios.2017.10.045.</Citation><ArticleIdList><ArticleId IdType="doi">10.1016/j.bios.2017.10.045</ArticleId><ArticleId IdType="pubmed">29101784</ArticleId></ArticleIdList></Reference><Reference><Citation>Ansari S., Masoum S. Molecularly imprinted polymers for capturing and sensing proteins: Current progress and future implications. TRAC-Trends Anal. Chem. 2019;114:29&#x2013;47. doi: 10.1016/j.trac.2019.02.008.</Citation><ArticleIdList><ArticleId IdType="doi">10.1016/j.trac.2019.02.008</ArticleId></ArticleIdList></Reference><Reference><Citation>Stojanovic Z., Erd&#x151;ssy J., Keltai K., Scheller F.W., Gyurcs&#xe1;nyi R.E. Electrosynthesized molecularly imprinted polyscopoletin nanofilms for human serum albumin detection. Anal. Chim. Acta. 2017;977:1&#x2013;9. doi: 10.1016/j.aca.2017.04.043.</Citation><ArticleIdList><ArticleId IdType="doi">10.1016/j.aca.2017.04.043</ArticleId><ArticleId IdType="pubmed">28577592</ArticleId></ArticleIdList></Reference><Reference><Citation>Ayankojo A.G., Boroznjak R., Reut J., &#xd6;pik A., Syritski V. Molecularly imprinted polymer based electrochemical sensor for quantitative detection of SARS-CoV-2 spike protein. Sens. Actuator B-Chem. 2022;353:131160. doi: 10.1016/j.snb.2021.131160.</Citation><ArticleIdList><ArticleId IdType="doi">10.1016/j.snb.2021.131160</ArticleId><ArticleId IdType="pmc">PMC8626155</ArticleId><ArticleId IdType="pubmed">34866797</ArticleId></ArticleIdList></Reference><Reference><Citation>Land K.J., Boeras D.I., Chen X.-S., Ramsay A.R., Peeling R.W. REASSURED diagnostics to inform disease control strategies, strengthen health systems and improve patient outcomes. Nat. Microbiol. 2019;4:46&#x2013;54. doi: 10.1038/s41564-018-0295-3.</Citation><ArticleIdList><ArticleId IdType="doi">10.1038/s41564-018-0295-3</ArticleId><ArticleId IdType="pmc">PMC7097043</ArticleId><ArticleId IdType="pubmed">30546093</ArticleId></ArticleIdList></Reference><Reference><Citation>Medina-Plaza C., Garc&#xed;a-Hern&#xe1;ndez C., de Saja J.A., Fern&#xe1;ndez-Escudero J.A., Barajas E., Medrano G., Garc&#xed;a-Cabez&#xf3;n C., Martin-Pedrosa F., Rodriguez-Mendez M.L. The advantages of disposable screen-printed biosensors in a bioelectronic tongue for the analysis of grapes. LWT-Food Sci. Technol. 2015;62:940&#x2013;947. doi: 10.1016/j.lwt.2015.02.027.</Citation><ArticleIdList><ArticleId IdType="doi">10.1016/j.lwt.2015.02.027</ArticleId></ArticleIdList></Reference><Reference><Citation>Wynn J.L., Wong H.R., Shanley T.P., Bizzarro M.J., Saiman L., Polin R.A. Time for a neonatal-specific consensus definition for sepsis. Pediatr. Crit. Care Med. 2014;15:523&#x2013;528. doi: 10.1097/PCC.0000000000000157.</Citation><ArticleIdList><ArticleId IdType="doi">10.1097/PCC.0000000000000157</ArticleId><ArticleId IdType="pmc">PMC4087075</ArticleId><ArticleId IdType="pubmed">24751791</ArticleId></ArticleIdList></Reference><Reference><Citation>Kumar D., Prasad B.B. Multiwalled carbon nanotubes embedded molecularly imprinted polymer-modified screen printed carbon electrode for the quantitative analysis of C-reactive protein. Sens. Actuator B-Chem. 2012;171&#x2013;172:1141&#x2013;1150. doi: 10.1016/j.snb.2012.06.053.</Citation><ArticleIdList><ArticleId IdType="doi">10.1016/j.snb.2012.06.053</ArticleId></ArticleIdList></Reference><Reference><Citation>Balayan S., Chauhan N., Chandra R., Jain U. Molecular imprinting based electrochemical biosensor for identification of serum amyloid A (SAA), a neonatal sepsis biomarker. Int. J. Biol. Macromol. 2022;195:589&#x2013;597. doi: 10.1016/j.ijbiomac.2021.12.045.</Citation><ArticleIdList><ArticleId IdType="doi">10.1016/j.ijbiomac.2021.12.045</ArticleId><ArticleId IdType="pubmed">34920065</ArticleId></ArticleIdList></Reference><Reference><Citation>Balayan S., Chauhan N., Kumar P., Chandra R., Jain U. Fabrication of a sensing platform for identification of tumor necrosis factor-alpha: A biomarker for neonatal sepsis. 3 Biotech. 2022;12:37. doi: 10.1007/s13205-021-03083-1.</Citation><ArticleIdList><ArticleId IdType="doi">10.1007/s13205-021-03083-1</ArticleId><ArticleId IdType="pmc">PMC8733138</ArticleId><ArticleId IdType="pubmed">35070627</ArticleId></ArticleIdList></Reference><Reference><Citation>Sener G., Ozgur E., Rad A.Y., Uzun L., Say R., Denizli A. Rapid real-time detection of procalcitonin using a microcontact imprinted surface plasmon resonance biosensor. Analyst. 2013;138:6422&#x2013;6428. doi: 10.1039/c3an00958k.</Citation><ArticleIdList><ArticleId IdType="doi">10.1039/c3an00958k</ArticleId><ArticleId IdType="pubmed">24005005</ArticleId></ArticleIdList></Reference><Reference><Citation>Gon&#xe7;alves M.d.L., Truta L.A.N., Sales M.G.F., Moreira F.T.C. Electrochemical point-of care (PoC) determination of interleukin-6 (IL-6) using a pyrrole (Py) molecularly imprinted polymer (MIP) on a carbon-screen printed electrode (C-SPE) Anal. Lett. 2021;54:2611&#x2013;2623. doi: 10.1080/00032719.2021.1879108.</Citation><ArticleIdList><ArticleId IdType="doi">10.1080/00032719.2021.1879108</ArticleId></ArticleIdList></Reference><Reference><Citation>Cardoso A.R., de S&#xe1; M.H., Sales M.G.F. An impedimetric molecularly-imprinted biosensor for Interleukin-1&#x3b2; determination, prepared by in-situ electropolymerization on carbon screen-printed electrodes. Bioelectrochemistry. 2019;130:107287. doi: 10.1016/j.bioelechem.2019.04.017.</Citation><ArticleIdList><ArticleId IdType="doi">10.1016/j.bioelechem.2019.04.017</ArticleId><ArticleId IdType="pubmed">31400567</ArticleId></ArticleIdList></Reference><Reference><Citation>ABIM (American Board of Internal Medicine) Laboratory Test Reference Ranges&#x2014;January 2022.  [(accessed on 21 December 2022)].  Available online:  https://www.abim.org/Media/bfijryql/laboratory-reference-ranges.pdf.</Citation></Reference><Reference><Citation>Fujii T., Tokuda S., Nakazawa Y., Kurozumi S., Obayashi S., Yajima R., Shirabe K. Implications of low serum albumin as a prognostic factor of long-term outcomes in patients with breast cancer. Vivo. 2020;34:2033&#x2013;2036. doi: 10.21873/invivo.12003.</Citation><ArticleIdList><ArticleId IdType="doi">10.21873/invivo.12003</ArticleId><ArticleId IdType="pmc">PMC7439858</ArticleId><ArticleId IdType="pubmed">32606178</ArticleId></ArticleIdList></Reference><Reference><Citation>Yin M., Si L., Qin W., Li C., Zhang J., Yang H., Han H., Zhang F., Ding S., Zhou M., et al. Predictive value of serum albumin level for the prognosis of severe sepsis without exogenous human albumin administration: A prospective cohort study. J. Intensive Care Med. 2018;33:687&#x2013;694. doi: 10.1177/0885066616685300.</Citation><ArticleIdList><ArticleId IdType="doi">10.1177/0885066616685300</ArticleId><ArticleId IdType="pubmed">28013574</ArticleId></ArticleIdList></Reference><Reference><Citation>Zhang G., Yu Y., Guo M., Lin B., Zhang L. A sensitive determination of albumin in urine by molecularly imprinted electrochemical biosensor based on dual-signal strategy. Sens. Actuator B-Chem. 2019;288:564&#x2013;570. doi: 10.1016/j.snb.2019.03.042.</Citation><ArticleIdList><ArticleId IdType="doi">10.1016/j.snb.2019.03.042</ArticleId></ArticleIdList></Reference><Reference><Citation>Cieplak M., Szwabinska K., Sosnowska M., Chandra B.K.C., Borowicz P., Noworyta K., D&#x2019;Souza F., Kutner W. Selective electrochemical sensing of human serum albumin by semi-covalent molecular imprinting. Biosens. Bioelectron. 2015;74:960&#x2013;966. doi: 10.1016/j.bios.2015.07.061.</Citation><ArticleIdList><ArticleId IdType="doi">10.1016/j.bios.2015.07.061</ArticleId><ArticleId IdType="pubmed">26258876</ArticleId></ArticleIdList></Reference><Reference><Citation>Brenner D.R., Scherer D., Muir K., Schildkraut J., Boffetta P., Spitz M.R., Le Marchand L., Chan A.T., Goode E.L., Ulrich C.M., et al. A review of the application of inflammatory biomarkers in epidemiologic cancer research. Cancer Epidemiol. Biomark. Prev. 2014;23:1729&#x2013;1751. doi: 10.1158/1055-9965.EPI-14-0064.</Citation><ArticleIdList><ArticleId IdType="doi">10.1158/1055-9965.EPI-14-0064</ArticleId><ArticleId IdType="pmc">PMC4155060</ArticleId><ArticleId IdType="pubmed">24962838</ArticleId></ArticleIdList></Reference><Reference><Citation>Anush M.M., Ashok V.K., Sarma R.I., Pillai S.K. Role of C-reactive protein as an indicator for determining the outcome of sepsis. Indian J. Crit. Care Med. 2019;23:11&#x2013;14. doi: 10.5005/jp-journals-10071-23105.</Citation><ArticleIdList><ArticleId IdType="doi">10.5005/jp-journals-10071-23105</ArticleId><ArticleId IdType="pmc">PMC6481256</ArticleId><ArticleId IdType="pubmed">31065202</ArticleId></ArticleIdList></Reference><Reference><Citation>Balayan S., Chauhan N., Rosario W., Jain U. Biosensor development for C-reactive protein detection: A review. Appl. Surf. Sci. Adv. 2022;12:100343. doi: 10.1016/j.apsadv.2022.100343.</Citation><ArticleIdList><ArticleId IdType="doi">10.1016/j.apsadv.2022.100343</ArticleId></ArticleIdList></Reference><Reference><Citation>Balayan S., Chauhan N., Chandra R., Jain U. Electrochemical based C-reactive protein (CRP) sensing through molecularly imprinted polymer (MIP) pore structure coupled with bi-metallic tuned screen-printed electrode. Biointerface Res. Appl. Chem. 2022;12:7697&#x2013;7714. doi: 10.33263/BRIAC126.76977714.</Citation><ArticleIdList><ArticleId IdType="doi">10.33263/BRIAC126.76977714</ArticleId></ArticleIdList></Reference><Reference><Citation>Lee M.-H., Liu K.-H., Thomas J.L., Chen C.-Y., Chen C.-Y., Yang C.-H., Lin H.-Y. Doping of MXenes enhances the electrochemical response of peptide-imprinted conductive polymers for the recognition of C-Reactive protein. Biosens. Bioelectron. 2022;200:113930. doi: 10.1016/j.bios.2021.113930.</Citation><ArticleIdList><ArticleId IdType="doi">10.1016/j.bios.2021.113930</ArticleId><ArticleId IdType="pubmed">34979348</ArticleId></ArticleIdList></Reference><Reference><Citation>Cui M., Che Z., Gong Y., Li T., Hu W., Wang S. A graphdiyne-based protein molecularly imprinted biosensor for highly sensitive human C-reactive protein detection in human serum. Chem. Eng. J. 2022;431:133455. doi: 10.1016/j.cej.2021.133455.</Citation><ArticleIdList><ArticleId IdType="doi">10.1016/j.cej.2021.133455</ArticleId></ArticleIdList></Reference><Reference><Citation>Zhang Z., Chen S., Ren J., Han F., Yu X., Tang F., Xue F., Chen W., Yang J., Jiang Y., et al. Facile construction of a molecularly imprinted polymer&#x2013;based electrochemical sensor for the detection of milk amyloid A. Microchim. Acta. 2020;187:642. doi: 10.1007/s00604-020-04619-7.</Citation><ArticleIdList><ArticleId IdType="doi">10.1007/s00604-020-04619-7</ArticleId><ArticleId IdType="pubmed">33155077</ArticleId></ArticleIdList></Reference><Reference><Citation>Lv Y.B., Wang F.F., Li N., Wu R.L., Li J.J., Shen H.B., Li L.S., Guo F. Development of dual quantum dots-based fluorescence-linked immunosorbent assay for simultaneous detection on inflammation biomarkers. Sens. Actuator B-Chem. 2019;301:127118. doi: 10.1016/j.snb.2019.127118.</Citation><ArticleIdList><ArticleId IdType="doi">10.1016/j.snb.2019.127118</ArticleId></ArticleIdList></Reference><Reference><Citation>Liu X., Yang X., Li K., Liu H., Xiao R., Wang W., Wang C., Wang S. Fe3O4@Au SERS tags-based lateral flow assay for simultaneous detection of serum amyloid A and C-reactive protein in unprocessed blood sample. Sens. Actuator B-Chem. 2020;320:128350. doi: 10.1016/j.snb.2020.128350.</Citation><ArticleIdList><ArticleId IdType="doi">10.1016/j.snb.2020.128350</ArticleId></ArticleIdList></Reference><Reference><Citation>Xia C., Li Y., Yuan G., Guo Y., Yu C. Immunoassay for serum amyloid A using a glassy carbon electrode modified with carboxy-polypyrrole, multiwalled carbon nanotubes, ionic liquid and chitosan. Microchim. Acta. 2015;182:1395&#x2013;1402. doi: 10.1007/s00604-015-1465-0.</Citation><ArticleIdList><ArticleId IdType="doi">10.1007/s00604-015-1465-0</ArticleId></ArticleIdList></Reference><Reference><Citation>Mercogliano M.F., Bruni S., Elizalde P.V., Schillaci R. Tumor necrosis factor &#x3b1; blockade: An opportunity to tackle breast cancer. Front. Oncol. 2020;10:584. doi: 10.3389/fonc.2020.00584.</Citation><ArticleIdList><ArticleId IdType="doi">10.3389/fonc.2020.00584</ArticleId><ArticleId IdType="pmc">PMC7189060</ArticleId><ArticleId IdType="pubmed">32391269</ArticleId></ArticleIdList></Reference><Reference><Citation>Tanaka T., Narazaki M., Kishimoto T. IL-6 in Inflammation, Immunity, and Disease. Cold Spring Harb. Perspect. Biol. 2014;6:a016295. doi: 10.1101/cshperspect.a016295.</Citation><ArticleIdList><ArticleId IdType="doi">10.1101/cshperspect.a016295</ArticleId><ArticleId IdType="pmc">PMC4176007</ArticleId><ArticleId IdType="pubmed">25190079</ArticleId></ArticleIdList></Reference><Reference><Citation>Ma L., Zhang H., Yin Y.L., Guo W.Z., Ma Y.Q., Wang Y.B., Shu C., Dong L.Q. Role of interleukin-6 to differentiate sepsis from non-infectious systemic inflammatory response syndrome. Cytokine. 2016;88:126&#x2013;135. doi: 10.1016/j.cyto.2016.08.033.</Citation><ArticleIdList><ArticleId IdType="doi">10.1016/j.cyto.2016.08.033</ArticleId><ArticleId IdType="pubmed">27599258</ArticleId></ArticleIdList></Reference><Reference><Citation>Shahkar L., Keshtkar A., Mirfazeli A., Ahani A., Roshandel G. The role of IL-6 for predicting neonatal sepsis: A systematic review and meta-analysis. Iran. J. Pediatr. 2011;21:411.</Citation><ArticleIdList><ArticleId IdType="pmc">PMC3446138</ArticleId><ArticleId IdType="pubmed">23056824</ArticleId></ArticleIdList></Reference><Reference><Citation>Guirao J.J., Cabrera C.M., Jim&#xe9;nez N., Rinc&#xf3;n L., Urra J.M. High serum IL-6 values increase the risk of mortality and the severity of pneumonia in patients diagnosed with COVID-19. Mol. Immunol. 2020;128:64&#x2013;68. doi: 10.1016/j.molimm.2020.10.006.</Citation><ArticleIdList><ArticleId IdType="doi">10.1016/j.molimm.2020.10.006</ArticleId><ArticleId IdType="pmc">PMC7556792</ArticleId><ArticleId IdType="pubmed">33075636</ArticleId></ArticleIdList></Reference><Reference><Citation>Santa Cruz A., Mendes-Frias A., Oliveira A.I., Dias L., Matos A.R., Carvalho A., Capela C., Pedrosa J., Castro A.G., Silvestre R. Interleukin-6 is a biomarker for the development of fatal severe acute respiratory syndrome coronavirus 2 pneumonia. Front. Immunol. 2021;12:613422. doi: 10.3389/fimmu.2021.613422.</Citation><ArticleIdList><ArticleId IdType="doi">10.3389/fimmu.2021.613422</ArticleId><ArticleId IdType="pmc">PMC7930905</ArticleId><ArticleId IdType="pubmed">33679753</ArticleId></ArticleIdList></Reference><Reference><Citation>Oliveira D., Correia B.P., Sharma S., Moreira F.T.C. Molecular imprinted polymers on microneedle arrays for Point of Care transdermal sampling and sensing of inflammatory biomarkers. ACS Omega. 2022;7:39039&#x2013;39044. doi: 10.1021/acsomega.2c04789.</Citation><ArticleIdList><ArticleId IdType="doi">10.1021/acsomega.2c04789</ArticleId><ArticleId IdType="pmc">PMC9631719</ArticleId><ArticleId IdType="pubmed">36340138</ArticleId></ArticleIdList></Reference><Reference><Citation>Lopez-Castejon G., Brough D. Understanding the mechanism of IL-1&#x3b2; secretion. Cytokine Growth Factor Rev. 2011;22:189&#x2013;195. doi: 10.1016/j.cytogfr.2011.10.001.</Citation><ArticleIdList><ArticleId IdType="doi">10.1016/j.cytogfr.2011.10.001</ArticleId><ArticleId IdType="pmc">PMC3714593</ArticleId><ArticleId IdType="pubmed">22019906</ArticleId></ArticleIdList></Reference><Reference><Citation>Choi D.Y., Yang J.C., Hong S.W., Park J. Molecularly imprinted polymer-based electrochemical impedimetric sensors on screen-printed carbon electrodes for the detection of trace cytokine IL-1&#x3b2;. Biosens. Bioelectron. 2022;204:114073. doi: 10.1016/j.bios.2022.114073.</Citation><ArticleIdList><ArticleId IdType="doi">10.1016/j.bios.2022.114073</ArticleId><ArticleId IdType="pubmed">35144170</ArticleId></ArticleIdList></Reference><Reference><Citation>Piloto A.M.L., Ribeiro D.S.M., Rodrigues S.S.M., Santos J.L.M., Ferreira Sales M.G. Label-free quantum dot conjugates for human protein IL-2 based on molecularly imprinted polymers. Sens. Actuator B-Chem. 2020;304:127343. doi: 10.1016/j.snb.2019.127343.</Citation><ArticleIdList><ArticleId IdType="doi">10.1016/j.snb.2019.127343</ArticleId></ArticleIdList></Reference><Reference><Citation>Jamalipour Soufi G., Iravani S., Varma R.S. Molecularly imprinted polymers for the detection of viruses: Challenges and opportunities. Analyst. 2021;146:3087&#x2013;3100. doi: 10.1039/D1AN00149C.</Citation><ArticleIdList><ArticleId IdType="doi">10.1039/D1AN00149C</ArticleId><ArticleId IdType="pubmed">33999044</ArticleId></ArticleIdList></Reference><Reference><Citation>He K., Chen C., Liang C., Liu C., Yang B., Chen X., Cai C. Highly selective recognition and fluorescent detection of JEV via virus-imprinted magnetic silicon microspheres. Sens. Actuator B-Chem. 2016;233:607&#x2013;614. doi: 10.1016/j.snb.2016.04.127.</Citation><ArticleIdList><ArticleId IdType="doi">10.1016/j.snb.2016.04.127</ArticleId></ArticleIdList></Reference><Reference><Citation>Yang B., Gong H., Chen C., Chen X., Cai C. A virus resonance light scattering sensor based on mussel-inspired molecularly imprinted polymers for high sensitive and high selective detection of Hepatitis A Virus. Biosens. Bioelectron. 2017;87:679&#x2013;685. doi: 10.1016/j.bios.2016.08.087.</Citation><ArticleIdList><ArticleId IdType="doi">10.1016/j.bios.2016.08.087</ArticleId><ArticleId IdType="pubmed">27631682</ArticleId></ArticleIdList></Reference><Reference><Citation>Babamiri B., Salimi A., Hallaj R. A molecularly imprinted electrochemiluminescence sensor for ultrasensitive HIV-1 gene detection using EuS nanocrystals as luminophore. Biosens. Bioelectron. 2018;117:332&#x2013;339. doi: 10.1016/j.bios.2018.06.003.</Citation><ArticleIdList><ArticleId IdType="doi">10.1016/j.bios.2018.06.003</ArticleId><ArticleId IdType="pubmed">29933224</ArticleId></ArticleIdList></Reference><Reference><Citation>Arshad R., Rhouati A., Hayat A., Nawaz M.H., Yameen M.A., Mujahid A., Latif U. MIP-based impedimetric sensor for detecting Dengue fever biomarker. Appl. Biochem. Biotechnol. 2020;191:1384&#x2013;1394. doi: 10.1007/s12010-020-03285-y.</Citation><ArticleIdList><ArticleId IdType="doi">10.1007/s12010-020-03285-y</ArticleId><ArticleId IdType="pubmed">32100233</ArticleId></ArticleIdList></Reference><Reference><Citation>Ma Y., Shen X.-L., Zeng Q., Wang H.-S., Wang L.-S. A multi-walled carbon nanotubes based molecularly imprinted polymers electrochemical sensor for the sensitive determination of HIV-p24. Talanta. 2017;164:121&#x2013;127. doi: 10.1016/j.talanta.2016.11.043.</Citation><ArticleIdList><ArticleId IdType="doi">10.1016/j.talanta.2016.11.043</ArticleId><ArticleId IdType="pubmed">28107905</ArticleId></ArticleIdList></Reference><Reference><Citation>Lu C.-H., Zhang Y., Tang S.-F., Fang Z.-B., Yang H.-H., Chen X., Chen G.-N. Sensing HIV related protein using epitope imprinted hydrophilic polymer coated quartz crystal microbalance. Biosens. Bioelectron. 2012;31:439&#x2013;444. doi: 10.1016/j.bios.2011.11.008.</Citation><ArticleIdList><ArticleId IdType="doi">10.1016/j.bios.2011.11.008</ArticleId><ArticleId IdType="pubmed">22143073</ArticleId></ArticleIdList></Reference><Reference><Citation>Liu H., Su X., Si L., Lu L., Jiang S. The development of HIV vaccines targeting gp41 membrane-proximal external region (MPER): Challenges and prospects. Protein Cell. 2018;9:596&#x2013;615. doi: 10.1007/s13238-018-0534-7.</Citation><ArticleIdList><ArticleId IdType="doi">10.1007/s13238-018-0534-7</ArticleId><ArticleId IdType="pmc">PMC6019655</ArticleId><ArticleId IdType="pubmed">29667004</ArticleId></ArticleIdList></Reference><Reference><Citation>Nandi S., Mondal A., Roberts A., Gandhi S. Chapter one-Biosensor platforms for rapid HIV detection. In: Makowski G.S., editor. Advances in Clinical Chemistry. Volume 98. Elsevier; Amsterdam, The Netherlands: 2020. pp. 1&#x2013;34.</Citation><ArticleIdList><ArticleId IdType="pubmed">32564784</ArticleId></ArticleIdList></Reference><Reference><Citation>Yang K., Li S., Liu L., Chen Y., Zhou W., Pei J., Liang Z., Zhang L., Zhang Y. Epitope imprinting technology: Progress, applications, and perspectives toward artificial antibodies. Adv. Mater. 2019;31:1902048. doi: 10.1002/adma.201902048.</Citation><ArticleIdList><ArticleId IdType="doi">10.1002/adma.201902048</ArticleId><ArticleId IdType="pubmed">31423663</ArticleId></ArticleIdList></Reference><Reference><Citation>Ma Y., Liu C., Wang M., Wang L.-S. Sensitive electrochemical detection of gp120 based on the combination of NBD-556 and gp120. Talanta. 2019;196:486&#x2013;492. doi: 10.1016/j.talanta.2018.12.062.</Citation><ArticleIdList><ArticleId IdType="doi">10.1016/j.talanta.2018.12.062</ArticleId><ArticleId IdType="pubmed">30683395</ArticleId></ArticleIdList></Reference><Reference><Citation>Ou X., Liu Y., Lei X., Li P., Mi D., Ren L., Guo L., Guo R., Chen T., Hu J., et al. Author correction: Characterization of spike glycoprotein of SARS-CoV-2 on virus entry and its immune cross-reactivity with SARS-CoV. Nat. Commun. 2021;12:2144. doi: 10.1038/s41467-021-22614-1.</Citation><ArticleIdList><ArticleId IdType="doi">10.1038/s41467-021-22614-1</ArticleId><ArticleId IdType="pmc">PMC8016153</ArticleId><ArticleId IdType="pubmed">33795662</ArticleId></ArticleIdList></Reference><Reference><Citation>Hasseb A.A., Abdel Ghani N.d.T., Shehab O.R., El Nashar R.M. Application of molecularly imprinted polymers for electrochemical detection of some important biomedical markers and pathogens. Curr. Opin. Electrochem. 2022;31:100848. doi: 10.1016/j.coelec.2021.100848.</Citation><ArticleIdList><ArticleId IdType="doi">10.1016/j.coelec.2021.100848</ArticleId></ArticleIdList></Reference><Reference><Citation>Zeng W., Liu G., Ma H., Zhao D., Yang Y., Liu M., Mohammed A., Zhao C., Yang Y., Xie J., et al. Biochemical characterization of SARS-CoV-2 nucleocapsid protein. Biochem. Biophys. Res. Commun. 2020;527:618&#x2013;623. doi: 10.1016/j.bbrc.2020.04.136.</Citation><ArticleIdList><ArticleId IdType="doi">10.1016/j.bbrc.2020.04.136</ArticleId><ArticleId IdType="pmc">PMC7190499</ArticleId><ArticleId IdType="pubmed">32416961</ArticleId></ArticleIdList></Reference><Reference><Citation>Raziq A., Kidakova A., Boroznjak R., Reut J., &#xd6;pik A., Syritski V. Development of a portable MIP-based electrochemical sensor for detection of SARS-CoV-2 antigen. Biosens. Bioelectron. 2021;178:113029. doi: 10.1016/j.bios.2021.113029.</Citation><ArticleIdList><ArticleId IdType="doi">10.1016/j.bios.2021.113029</ArticleId><ArticleId IdType="pmc">PMC7826012</ArticleId><ArticleId IdType="pubmed">33515985</ArticleId></ArticleIdList></Reference><Reference><Citation>Hashemi S.A., Bahrani S., Mousavi S.M., Omidifar N., Behbahan N.G.G., Arjmand M., Ramakrishna S., Lankarani K.B., Moghadami M., Firoozsani M. Graphene-based femtogram-level sensitive molecularly imprinted polymer of SARS-CoV-2. Adv. Mater. Interfaces. 2021;8:2101466. doi: 10.1002/admi.202101466.</Citation><ArticleIdList><ArticleId IdType="doi">10.1002/admi.202101466</ArticleId><ArticleId IdType="pmc">PMC8646612</ArticleId><ArticleId IdType="pubmed">34900518</ArticleId></ArticleIdList></Reference><Reference><Citation>Nikitina V.N., Zaryanov N.V., Kochetkov I.R., Karyakina E.E., Yatsimirsky A.K., Karyakin A.A. Molecular imprinting of boronate functionalized polyaniline for enzyme-free selective detection of saccharides and hydroxy acids. Sens. Actuator B-Chem. 2017;246:428&#x2013;433. doi: 10.1016/j.snb.2017.02.073.</Citation><ArticleIdList><ArticleId IdType="doi">10.1016/j.snb.2017.02.073</ArticleId></ArticleIdList></Reference><Reference><Citation>Zhang T., Sun L., Zhang Y. Highly sensitive electrochemical determination of the SARS-COV-2 antigen based on a gold/graphene imprinted poly-arginine sensor. Anal. Methods. 2021;13:5772&#x2013;5776. doi: 10.1039/D1AY01478A.</Citation><ArticleIdList><ArticleId IdType="doi">10.1039/D1AY01478A</ArticleId><ArticleId IdType="pubmed">34821885</ArticleId></ArticleIdList></Reference><Reference><Citation>Hussein H.A., Kandeil A., Gomaa M., Mohamed El Nashar R., El-Sherbiny I.M., Hassan R.Y.A. SARS-CoV-2-impedimetric biosensor: Virus-imprinted chips for early and rapid diagnosis. ACS Sens. 2021;6:4098&#x2013;4107. doi: 10.1021/acssensors.1c01614.</Citation><ArticleIdList><ArticleId IdType="doi">10.1021/acssensors.1c01614</ArticleId><ArticleId IdType="pubmed">34757734</ArticleId></ArticleIdList></Reference><Reference><Citation>Tabrizi M.A., Fern&#xe1;ndez-Bl&#xe1;zquez J.P., Medina D.M., Acedo P. An ultrasensitive molecularly imprinted polymer-based electrochemical sensor for the determination of SARS-CoV-2-RBD by using macroporous gold screen-printed electrode. Biosens. Bioelectron. 2021;196:113729. doi: 10.1016/j.bios.2021.113729.</Citation><ArticleIdList><ArticleId IdType="doi">10.1016/j.bios.2021.113729</ArticleId><ArticleId IdType="pmc">PMC8547854</ArticleId><ArticleId IdType="pubmed">34736101</ArticleId></ArticleIdList></Reference><Reference><Citation>Drobysh M., Liustrovaite V., Baradoke A., Rucinskiene A., Ramanaviciene A., Ratautaite V., Viter R., Chen C.-F., Plikusiene I., Samukaite-Bubniene U., et al. Electrochemical determination of interaction between SARS-CoV-2 spike protein and specific antibodies. Int. J. Mol. Sci. 2022;23:6768. doi: 10.3390/ijms23126768.</Citation><ArticleIdList><ArticleId IdType="doi">10.3390/ijms23126768</ArticleId><ArticleId IdType="pmc">PMC9223850</ArticleId><ArticleId IdType="pubmed">35743208</ArticleId></ArticleIdList></Reference><Reference><Citation>Liustrovaite V., Drobysh M., Rucinskiene A., Baradoke A., Ramanaviciene A., Plikusiene I., Samukaite-Bubniene U., Viter R., Chen C.-F., Ramanavicius A. Towards an electrochemical immunosensor for the detection of antibodies against SARS-CoV-2 spike protein. J. Electrochem. Soc. 2022;169:037523. doi: 10.1149/1945-7111/ac5d91.</Citation><ArticleIdList><ArticleId IdType="doi">10.1149/1945-7111/ac5d91</ArticleId></ArticleIdList></Reference><Reference><Citation>Rastogi M., Sharma N., Singh S.K. Flavivirus NS1: A multifaceted enigmatic viral protein. Virol. J. 2016;13:131. doi: 10.1186/s12985-016-0590-7.</Citation><ArticleIdList><ArticleId IdType="doi">10.1186/s12985-016-0590-7</ArticleId><ArticleId IdType="pmc">PMC4966872</ArticleId><ArticleId IdType="pubmed">27473856</ArticleId></ArticleIdList></Reference><Reference><Citation>Buensuceso C.E., Tiu B.D.B., Lee L.P., Sabido P.M.G., Nuesca G.M., Caldona E.B., del Mundo F.R., Advincula R.C. Electropolymerized-molecularly imprinted polymers (E-MIPS) as sensing elements for the detection of dengue infection. Anal. Bioanal. Chem. 2022;414:1347&#x2013;1357. doi: 10.1007/s00216-021-03757-y.</Citation><ArticleIdList><ArticleId IdType="doi">10.1007/s00216-021-03757-y</ArticleId><ArticleId IdType="pubmed">34750643</ArticleId></ArticleIdList></Reference><Reference><Citation>Tai D.-F., Lin C.-Y., Wu T.-Z., Huang J.-H., Shu P.-Y. Artificial receptors in serologic tests for the early diagnosis of Dengue virus infection. Clin. Chem. 2006;52:1486&#x2013;1491. doi: 10.1373/clinchem.2005.064501.</Citation><ArticleIdList><ArticleId IdType="doi">10.1373/clinchem.2005.064501</ArticleId><ArticleId IdType="pubmed">16777919</ArticleId></ArticleIdList></Reference><Reference><Citation>Tai D.-F., Lin C.-Y., Wu T.-Z., Chen L.-K. Recognition of Dengue virus protein using epitope-mediated molecularly imprinted film. Anal. Chem. 2005;77:5140&#x2013;5143. doi: 10.1021/ac0504060.</Citation><ArticleIdList><ArticleId IdType="doi">10.1021/ac0504060</ArticleId><ArticleId IdType="pubmed">16097751</ArticleId></ArticleIdList></Reference><Reference><Citation>Siqueira Silva M., Moreira Tavares A.P., Leomil Coelho L.F., Morganti Ferreira Dias L.E., Chura-Chambi R.M., Guimar&#xe3;es da Fonseca F., Ferreira Sales M.G., Costa Figueiredo E. Rational selection of hidden epitopes for a molecularly imprinted electrochemical sensor in the recognition of heat-denatured dengue NS1 protein. Biosens. Bioelectron. 2021;191:113419. doi: 10.1016/j.bios.2021.113419.</Citation><ArticleIdList><ArticleId IdType="doi">10.1016/j.bios.2021.113419</ArticleId><ArticleId IdType="pubmed">34144470</ArticleId></ArticleIdList></Reference><Reference><Citation>Antipchik M., Reut J., Ayankojo A.G., &#xd6;pik A., Syritski V. MIP-based electrochemical sensor for direct detection of hepatitis C virus via E2 envelope protein. Talanta. 2022;250:123737. doi: 10.1016/j.talanta.2022.123737.</Citation><ArticleIdList><ArticleId IdType="doi">10.1016/j.talanta.2022.123737</ArticleId><ArticleId IdType="pubmed">35850055</ArticleId></ArticleIdList></Reference><Reference><Citation>Ert&#xfc;rk G., Mattiasson B. Molecular imprinting techniques used for the preparation of biosensors. Sensors. 2017;17:288. doi: 10.3390/s17020288.</Citation><ArticleIdList><ArticleId IdType="doi">10.3390/s17020288</ArticleId><ArticleId IdType="pmc">PMC5335940</ArticleId><ArticleId IdType="pubmed">28165419</ArticleId></ArticleIdList></Reference><Reference><Citation>Ghanbari K., Roushani M. A nanohybrid probe based on double recognition of an aptamer MIP grafted onto a MWCNTs-Chit nanocomposite for sensing hepatitis C virus core antigen. Sens. Actuator B-Chem. 2018;258:1066&#x2013;1071. doi: 10.1016/j.snb.2017.11.145.</Citation><ArticleIdList><ArticleId IdType="doi">10.1016/j.snb.2017.11.145</ArticleId></ArticleIdList></Reference><Reference><Citation>Liu Y., Dykstra G. Recent progress on electrochemical (bio)sensors based on aptamer-molecularly imprinted polymer dual recognition. Sens. Actuators Rep. 2022;4:100112. doi: 10.1016/j.snr.2022.100112.</Citation><ArticleIdList><ArticleId IdType="doi">10.1016/j.snr.2022.100112</ArticleId></ArticleIdList></Reference><Reference><Citation>Ma C., Xie G., Zhang W., Liang M., Liu B., Xiang H. Label-free sandwich type of immunosensor for hepatitis C virus core antigen based on the use of gold nanoparticles on a nanostructured metal oxide surface. Microchim. Acta. 2012;178:331&#x2013;340. doi: 10.1007/s00604-012-0842-1.</Citation><ArticleIdList><ArticleId IdType="doi">10.1007/s00604-012-0842-1</ArticleId></ArticleIdList></Reference><Reference><Citation>Ma C., Liang M., Wang L., Xiang H., Jiang Y., Li Y., Xie G. MultisHRP-DNA-coated CMWNTs as signal labels for an ultrasensitive hepatitis C virus core antigen electrochemical immunosensor. Biosens. Bioelectron. 2013;47:467&#x2013;474. doi: 10.1016/j.bios.2013.03.058.</Citation><ArticleIdList><ArticleId IdType="doi">10.1016/j.bios.2013.03.058</ArticleId><ArticleId IdType="pubmed">23624015</ArticleId></ArticleIdList></Reference><Reference><Citation>Johnsen B.O., Lingaas E., Torfoss D., Str&#xf8;m E.H., Nord&#xf8;y I. A large outbreak of Listeria monocytogenes infection with short incubation period in a tertiary care hospital. J. Infect. 2010;61:465&#x2013;470. doi: 10.1016/j.jinf.2010.08.007.</Citation><ArticleIdList><ArticleId IdType="doi">10.1016/j.jinf.2010.08.007</ArticleId><ArticleId IdType="pubmed">20813130</ArticleId></ArticleIdList></Reference><Reference><Citation>Li X.-P., Wang S.-F., Hou P.-B., Liu J., Du P., Bai L., Fanning S., Zhang H.-N., Chen Y.-Z., Zhang Y.-K., et al. Nosocomial cross-infection of hypervirulent Listeria monocytogenes sequence type 87 in China. Ann. Transl. Med. 2020;8:603. doi: 10.21037/atm-19-2743.</Citation><ArticleIdList><ArticleId IdType="doi">10.21037/atm-19-2743</ArticleId><ArticleId IdType="pmc">PMC7290528</ArticleId><ArticleId IdType="pubmed">32566629</ArticleId></ArticleIdList></Reference><Reference><Citation>Sharma R., Lakshmi G.B.V.S., Kumar A., Solanki P. Polypyrrole based molecularly imprinted polymer platform for Klebsiella pneumonia detection. ECS Sens. Plus. 2022;1:010603. doi: 10.1149/2754-2726/ac612c.</Citation><ArticleIdList><ArticleId IdType="doi">10.1149/2754-2726/ac612c</ArticleId></ArticleIdList></Reference><Reference><Citation>Sarabaegi M., Roushani M. Rapid and sensitive determination of Pseudomonas aeruginosa by using a glassy carbon electrode modified with gold nanoparticles and aptamer-imprinted polydopamine. Microchem. J. 2021;168:106388. doi: 10.1016/j.microc.2021.106388.</Citation><ArticleIdList><ArticleId IdType="doi">10.1016/j.microc.2021.106388</ArticleId></ArticleIdList></Reference><Reference><Citation>Tokonami S., Nakadoi Y., Takahashi M., Ikemizu M., Kadoma T., Saimatsu K., Dung L.Q., Shiigi H., Nagaoka T. Label-free and selective bacteria detection using a film with transferred bacterial configuration. Anal. Chem. 2013;85:4925&#x2013;4929. doi: 10.1021/ac3034618.</Citation><ArticleIdList><ArticleId IdType="doi">10.1021/ac3034618</ArticleId><ArticleId IdType="pubmed">23577783</ArticleId></ArticleIdList></Reference><Reference><Citation>Liustrovaite V., Pogorielov M., Boguzaite R., Ratautaite V., Ramanaviciene A., Pilvenyte G., Holubnycha V., Korniienko V., Diedkova K., Viter R., et al. Towards electrochemical sensor based on molecularly imprinted polypyrrole for the detection of bacteria-Listeria monocytogenes. Polymers. 2023;15:1597. doi: 10.3390/polym15071597.</Citation><ArticleIdList><ArticleId IdType="doi">10.3390/polym15071597</ArticleId><ArticleId IdType="pmc">PMC10097406</ArticleId><ArticleId IdType="pubmed">37050211</ArticleId></ArticleIdList></Reference><Reference><Citation>Li Q., Guo Z., Qiu X., Lu W., Yang W., Wang Q., Wu Q. Simple electrochemical detection of Listeria monocytogenes based on a surface-imprinted polymer-modified electrode. Anal. Methods. 2021;13:4864&#x2013;4870. doi: 10.1039/D1AY00902H.</Citation><ArticleIdList><ArticleId IdType="doi">10.1039/D1AY00902H</ArticleId><ArticleId IdType="pubmed">34586109</ArticleId></ArticleIdList></Reference><Reference><Citation>Jiang X., Lv Z., Ding W., Zhang Y., Lin F. Pathogen-imprinted polymer film integrated probe/Ti3C2Tx MXenes electrochemical sensor for highly sensitive determination of Listeria monocytogenes. J. Electrochem. Sci. Technol. 2022;13:431&#x2013;437. doi: 10.33961/jecst.2022.00269.</Citation><ArticleIdList><ArticleId IdType="doi">10.33961/jecst.2022.00269</ArticleId></ArticleIdList></Reference><Reference><Citation>Roushani M., Sarabaegi M., Rostamzad A. Novel electrochemical sensor based on polydopamine molecularly imprinted polymer for sensitive and selective detection of Acinetobacter baumannii. J. Iran. Chem. Soc. 2020;17:2407&#x2013;2413. doi: 10.1007/s13738-020-01936-9.</Citation><ArticleIdList><ArticleId IdType="doi">10.1007/s13738-020-01936-9</ArticleId></ArticleIdList></Reference></ReferenceList></PubmedData></PubmedArticle></PubmedArticleSet>