<?xml version="1.0" ?>
<!DOCTYPE PubmedArticleSet PUBLIC "-//NLM//DTD PubMedArticle, 1st January 2023//EN" "https://dtd.nlm.nih.gov/ncbi/pubmed/out/pubmed_230101.dtd">
<PubmedArticleSet>
<PubmedArticle><MedlineCitation Status="PubMed-not-MEDLINE" Owner="NLM" IndexingMethod="Automated"><PMID Version="1">37363263</PMID><DateRevised><Year>2023</Year><Month>07</Month><Day>01</Day></DateRevised><Article PubModel="Electronic-eCollection"><Journal><ISSN IssnType="Print">2352-7714</ISSN><JournalIssue CitedMedium="Print"><Volume>16</Volume><PubDate><Year>2023</Year><Month>Jun</Month></PubDate></JournalIssue><Title>One health (Amsterdam, Netherlands)</Title><ISOAbbreviation>One Health</ISOAbbreviation></Journal><ArticleTitle><i>Aedes aegypti</i> and <i>Aedes albopictus</i> (Diptera: Culicidae) ecology, biology, behaviour, and implications on arbovirus transmission in Thailand: Review.</ArticleTitle><Pagination><StartPage>100555</StartPage><MedlinePgn>100555</MedlinePgn></Pagination><ELocationID EIdType="pii" ValidYN="Y">100555</ELocationID><ELocationID EIdType="doi" ValidYN="Y">10.1016/j.onehlt.2023.100555</ELocationID><Abstract><AbstractText><i>Aedes aegypti</i> and <i>Aedes albopictus</i> (<i>Aedes</i>) transmit highly pathogenic viruses such as dengue, chikungunya, yellow fever, and Zika which can cause life-threatening diseases in humans. They are the most important vectors of arboviruses in Thailand. Their vectorial capacity (VC) is highly complex mainly due to the interplay between biotic and abiotic factors that vary in time and space. A literature survey was conducted to collate and discuss recent research regarding the influence of <i>Aedes</i> vector biology, behaviour, and ecology on arbovirus transmission in Thailand. The survey followed guidelines of preferred reporting items of systematic reviews and meta-analyses (PRISMA). All fields, keyword search was conducted in the Web of Science database for the period of 2000-2021. The search yielded 821 records on <i>Ae. aegypti</i> and 293 records on <i>Aedes albopictus,</i> of which 77 were selected for discussion. Genomic studies showed that there is a high genetic variation in <i>Aedes albopictus</i> whereas <i>Ae. aegypti</i> generally shows low genetic variation. Along with genetically unstable arboviruses, the interaction between <i>Aedes</i> and arboviruses is largely regulated by genomic events such as genetic mutations and immune response protein factors. Temperature and precipitation are the major climatic events driving arbovirus transmission. Human exposure risk factors are mainly due to multiple feeding patterns, including endophagy by <i>Aedes albopictus</i> and zoophagic behaviour of <i>Ae. aegypti</i> as well as diverse human-associated breeding sites. Integration of the One Health approach in control interventions is a priority with a rigorous focus on <i>Aedes</i>-arbovirus surveillance as a complementary strategy.</AbstractText><CopyrightInformation>&#xa9; 2023 The Authors.</CopyrightInformation></Abstract><AuthorList CompleteYN="Y"><Author ValidYN="Y"><LastName>Ahebwa</LastName><ForeName>Alex</ForeName><Initials>A</Initials><AffiliationInfo><Affiliation>Department of Entomology, Faculty of Agriculture, Kasetsart University, Bangkok 10900, Thailand.</Affiliation></AffiliationInfo></Author><Author ValidYN="Y"><LastName>Hii</LastName><ForeName>Jeffrey</ForeName><Initials>J</Initials><AffiliationInfo><Affiliation>Department of Entomology, Faculty of Agriculture, Kasetsart University, Bangkok 10900, Thailand.</Affiliation></AffiliationInfo><AffiliationInfo><Affiliation>College of Public Health, Medical and Veterinary Sciences, James Cook University, North Queensland, QLD 4810, Australia.</Affiliation></AffiliationInfo></Author><Author ValidYN="Y"><LastName>Neoh</LastName><ForeName>Kok-Boon</ForeName><Initials>KB</Initials><AffiliationInfo><Affiliation>Department of Entomology, National Chung Hsing University, Taichung, Taiwan.</Affiliation></AffiliationInfo></Author><Author ValidYN="Y"><LastName>Chareonviriyaphap</LastName><ForeName>Theeraphap</ForeName><Initials>T</Initials><AffiliationInfo><Affiliation>Department of Entomology, Faculty of Agriculture, Kasetsart University, Bangkok 10900, Thailand.</Affiliation></AffiliationInfo><AffiliationInfo><Affiliation>Royal Society of Thailand, Bangkok 10900, Thailand.</Affiliation></AffiliationInfo></Author></AuthorList><Language>eng</Language><PublicationTypeList><PublicationType UI="D016428">Journal Article</PublicationType><PublicationType UI="D016454">Review</PublicationType></PublicationTypeList><ArticleDate DateType="Electronic"><Year>2023</Year><Month>04</Month><Day>30</Day></ArticleDate></Article><MedlineJournalInfo><Country>Netherlands</Country><MedlineTA>One Health</MedlineTA><NlmUniqueID>101660501</NlmUniqueID><ISSNLinking>2352-7714</ISSNLinking></MedlineJournalInfo><KeywordList Owner="NOTNLM"><Keyword MajorTopicYN="N">Arbovirus transmission</Keyword><Keyword MajorTopicYN="N">Climate</Keyword><Keyword MajorTopicYN="N">Feeding patterns</Keyword><Keyword MajorTopicYN="N">Genetic variation</Keyword><Keyword MajorTopicYN="N">Vectorial capacity</Keyword></KeywordList><CoiStatement>The authors declare that they have no known competing financial interests or personal relationships that could have appeared to influence the work reported in this paper.</CoiStatement></MedlineCitation><PubmedData><History><PubMedPubDate PubStatus="received"><Year>2023</Year><Month>1</Month><Day>11</Day></PubMedPubDate><PubMedPubDate PubStatus="revised"><Year>2023</Year><Month>4</Month><Day>28</Day></PubMedPubDate><PubMedPubDate PubStatus="accepted"><Year>2023</Year><Month>4</Month><Day>28</Day></PubMedPubDate><PubMedPubDate PubStatus="medline"><Year>2023</Year><Month>6</Month><Day>26</Day><Hour>19</Hour><Minute>8</Minute></PubMedPubDate><PubMedPubDate PubStatus="pubmed"><Year>2023</Year><Month>6</Month><Day>26</Day><Hour>19</Hour><Minute>7</Minute></PubMedPubDate><PubMedPubDate PubStatus="entrez"><Year>2023</Year><Month>6</Month><Day>26</Day><Hour>13</Hour><Minute>15</Minute></PubMedPubDate></History><PublicationStatus>epublish</PublicationStatus><ArticleIdList><ArticleId IdType="pubmed">37363263</ArticleId><ArticleId IdType="pmc">PMC10288100</ArticleId><ArticleId IdType="doi">10.1016/j.onehlt.2023.100555</ArticleId><ArticleId IdType="pii">S2352-7714(23)00075-7</ArticleId></ArticleIdList><ReferenceList><Reference><Citation>World Health Organisation Dengue and Severe Dengue. 2022. https://www.who.int/news-room/fact-sheets/detail/dengue-and-severe-dengue (accessed 15 March 2022)</Citation></Reference><Reference><Citation>Raksakoon C., Potiwat R. Current Arboviral threats and their potential vectors in Thailand. Pathogens. 2021;10(1):80.</Citation><ArticleIdList><ArticleId IdType="pmc">PMC7831943</ArticleId><ArticleId IdType="pubmed">33477699</ArticleId></ArticleIdList></Reference><Reference><Citation>Pongsiri P., Themboonlers A., Poovorawan Y. Changing pattern of dengue virus serotypes in Thailand between 2004 and 2010. J. Health Popul. Nutr. 2012;30(3):366&#x2013;370.</Citation><ArticleIdList><ArticleId IdType="pmc">PMC3489952</ArticleId><ArticleId IdType="pubmed">23082638</ArticleId></ArticleIdList></Reference><Reference><Citation>Sheppard P., Macdonald W., Tonn R., Grab B. The dynamics of an adult population of Aedes aegypti in relation to dengue haemorrhagic fever in Bangkok. J. Anim. Ecol. 1969:661&#x2013;702.</Citation></Reference><Reference><Citation>Gratz N.G. Lessons of Aedes aegypti control in Thailand. Med. Vet. Entomol. 1993;7(1):1&#x2013;10.</Citation><ArticleIdList><ArticleId IdType="pubmed">8435481</ArticleId></ArticleIdList></Reference><Reference><Citation>Khongwichit S., Chansaenroj J., Thongmee T., Benjamanukul S., Wanlapakorn N., Chirathaworn C., et al. Large-scale outbreak of chikungunya virus infection in Thailand, 2018-2019. PLoS One. 2021;16(3)</Citation><ArticleIdList><ArticleId IdType="pmc">PMC7946318</ArticleId><ArticleId IdType="pubmed">33690657</ArticleId></ArticleIdList></Reference><Reference><Citation>Le B.C.T., Ekalaksananan T., Thaewnongiew K., Phanthanawiboon S., Aromseree S., Phanitchat T., et al. Interepidemic detection of chikungunya virus infection and transmission in northeastern Thailand. Am. J. Trop. Med. Hyg. 2020;103(4):1660.</Citation><ArticleIdList><ArticleId IdType="pmc">PMC7543817</ArticleId><ArticleId IdType="pubmed">32700661</ArticleId></ArticleIdList></Reference><Reference><Citation>Buathong R., Hermann L., Thaisomboonsuk B., Rutvisuttinunt W., Klungthong C., Chinnawirotpisan P., et al. Detection of Zika virus infection in Thailand, 2012-2014. Am. J. Trop. Med. Hyg. 2015;93(2):380&#x2013;383.</Citation><ArticleIdList><ArticleId IdType="pmc">PMC4530765</ArticleId><ArticleId IdType="pubmed">26101272</ArticleId></ArticleIdList></Reference><Reference><Citation>Khongwichit S., Wikan N., Auewarakul P., Smith D.R. Zika virus in Thailand. Microbes Infect. 2018;20(11&#x2212;12):670&#x2013;675.</Citation><ArticleIdList><ArticleId IdType="pubmed">29477878</ArticleId></ArticleIdList></Reference><Reference><Citation>Ruchusatsawat K., Wongjaroen P., Posanacharoen A., Rodriguez-Barraquer I., Sangkitporn S., Cummings D.A., et al. Long-term circulation of Zika virus in Thailand: an observational study. Lancet Infect. Dis. 2019;19(4):439&#x2013;446.</Citation><ArticleIdList><ArticleId IdType="pmc">PMC6511259</ArticleId><ArticleId IdType="pubmed">30826189</ArticleId></ArticleIdList></Reference><Reference><Citation>Thai Ministry of Public Health National Disease Surveillance (Report 506) 2021. http://doe.moph.go.th/surdata/index.php (accessed 17 December 2021)</Citation></Reference><Reference><Citation>Scott T.W., Morrison A. Aedes aegypti density and the risk of dengue-virus transmission. Frontis. 2004:187&#x2013;206.</Citation></Reference><Reference><Citation>Fustec B., Phanitchat T., Hoq M.I., Aromseree S., Pientong C., Thaewnongiew K., et al. Complex relationships between Aedes vectors, socio-economics and dengue transmission&#x2014;lessons learned from a case-control study in northeastern Thailand. PLoS Negl. Trop. Dis. 2020;14(10)</Citation><ArticleIdList><ArticleId IdType="pmc">PMC7553337</ArticleId><ArticleId IdType="pubmed">33001972</ArticleId></ArticleIdList></Reference><Reference><Citation>Bowman L.R., Runge-Ranzinger S., McCall P. Assessing the relationship between vector indices and dengue transmission: a systematic review of the evidence. PLoS Negl. Trop. Dis. 2014;8(5)</Citation><ArticleIdList><ArticleId IdType="pmc">PMC4014441</ArticleId><ArticleId IdType="pubmed">24810901</ArticleId></ArticleIdList></Reference><Reference><Citation>Azar S.R., Weaver S.C. Vector competence: what has Zika virus taught us? Viruses. 2019;11(9):867.</Citation><ArticleIdList><ArticleId IdType="pmc">PMC6784050</ArticleId><ArticleId IdType="pubmed">31533267</ArticleId></ArticleIdList></Reference><Reference><Citation>Manni M., Guglielmino C.R., Scolari F., Vega-R&#xfa;a A., Failloux A.-B., Somboon P., et al. Genetic evidence for a worldwide chaotic dispersion pattern of the arbovirus vector, Aedes albopictus. PLoS Negl. Trop. Dis. 2017;11(1)</Citation><ArticleIdList><ArticleId IdType="pmc">PMC5300280</ArticleId><ArticleId IdType="pubmed">28135274</ArticleId></ArticleIdList></Reference><Reference><Citation>Gubler D.J. Dengue, urbanization and globalization: the unholy trinity of the 21st century. Trop. Med. Health. 2011;39(4SUPPLEMENT):S3&#x2013;S11.</Citation><ArticleIdList><ArticleId IdType="pmc">PMC3317603</ArticleId><ArticleId IdType="pubmed">22500131</ArticleId></ArticleIdList></Reference><Reference><Citation>Page M.J., Moher D., Bossuyt P.M., Boutron I., Hoffmann T.C., Mulrow C.D., et al. PRISMA 2020 explanation and elaboration: updated guidance and exemplars for reporting systematic reviews. BMJ. 2021;372</Citation><ArticleIdList><ArticleId IdType="pmc">PMC8005925</ArticleId><ArticleId IdType="pubmed">33781993</ArticleId></ArticleIdList></Reference><Reference><Citation>Ho Y.-S., Siu E., Chuang K.-Y. A bibliometric analysis of dengue-related publications in the science citation index expanded. Futur. Virol. 2016;11(9):631&#x2013;648.</Citation></Reference><Reference><Citation>Chansaenroj J., Wanlapakorn N., Ngamsaithong C., Thongmee T., Na Nakorn N., Siriyasatien P., et al. Genome sequences of chikungunya virus isolates from an outbreak in Southwest Bangkok in 2018. Arch. Virol. 2020;165(2):445&#x2013;450.</Citation><ArticleIdList><ArticleId IdType="pubmed">31834526</ArticleId></ArticleIdList></Reference><Reference><Citation>Wasinpiyamongkol L., Miss&#xe9; D., Luplertlop N. Induction of defensin response to dengue infection in Aedes aegypti. Entomol. Sci. 2015;18(2):199&#x2013;206.</Citation></Reference><Reference><Citation>Thiemmeca S., Tamdet C., Punyadee N., Prommool T., Songjaeng A., Noisakran S., et al. Secreted NS1 protects dengue virus from mannose-binding lectin&#x2013;mediated neutralization. J. Immunol. 2016;197(10):4053&#x2013;4065.</Citation><ArticleIdList><ArticleId IdType="pmc">PMC5123808</ArticleId><ArticleId IdType="pubmed">27798151</ArticleId></ArticleIdList></Reference><Reference><Citation>Bosio C.F., Harrington L.C., Jones J.W., Sithiprasasna R., Norris D.E., Scott T.W. Genetic structure of Aedes aegypti populations in Thailand using mitochondrial DNA. Am. J. Trop. Med. Hyg. 2005;72(4):434&#x2013;442.</Citation><ArticleIdList><ArticleId IdType="pubmed">15827282</ArticleId></ArticleIdList></Reference><Reference><Citation>Chareonviriyaphap T., Lerdthusnee K. Genetic differentiation of Aedes aegypti mainland and island populations from southern Thailand. J. Am. Mosq. Control Assoc. 2002;18(3):173&#x2013;177.</Citation><ArticleIdList><ArticleId IdType="pubmed">12322938</ArticleId></ArticleIdList></Reference><Reference><Citation>Parimittr P., Chareonviriyaphap T., Bangs M.J., Arunyawat U. Genetic variation of Aedes aegypti mosquitoes across Thailand based on nuclear DNA sequences. Agric. Nat. Resour. 2018;52(6):596&#x2013;602.</Citation></Reference><Reference><Citation>Hlaing T., Tun-Lin W., Somboon P., Socheat D., Setha T., Min S., et al. Spatial genetic structure of Aedes aegypti mosquitoes in mainland Southeast Asia. Evol. Appl. 2010;3(4):319&#x2013;339.</Citation><ArticleIdList><ArticleId IdType="pmc">PMC3352470</ArticleId><ArticleId IdType="pubmed">25567928</ArticleId></ArticleIdList></Reference><Reference><Citation>Olanratmanee P., Kittayapong P., Chansang C., Hoffmann A.A., Weeks A.R., Endersby N.M. Population genetic structure of Aedes (Stegomyia) aegypti (L.) at a Micro-spatial scale in Thailand: implications for a dengue suppression strategy. PLoS Negl. Trop. Dis. 2013;7(1)</Citation><ArticleIdList><ArticleId IdType="pmc">PMC3542184</ArticleId><ArticleId IdType="pubmed">23326609</ArticleId></ArticleIdList></Reference><Reference><Citation>Chareonviriyaphap T., Akratanakul P., Huntamai S., Nettanomsak S., Prabaripai A. Allozyme patterns of Aedes albopictus, a vector of dengue in Thailand. J. Med. Entomol. 2004;41(4):657&#x2013;663.</Citation><ArticleIdList><ArticleId IdType="pubmed">15311457</ArticleId></ArticleIdList></Reference><Reference><Citation>Manni M., Gomulski L.M., Aketarawong N., Tait G., Scolari F., Somboon P., et al. Molecular markers for analyses of intraspecific genetic diversity in the Asian Tiger mosquito, Aedes albopictus. Parasit. Vectors. 2015;8(1):1&#x2013;11.</Citation><ArticleIdList><ArticleId IdType="pmc">PMC4404008</ArticleId><ArticleId IdType="pubmed">25890257</ArticleId></ArticleIdList></Reference><Reference><Citation>Mousson L., Dauga C., Garrigues T., Schaffner F., Vazeille M., Failloux A.-B. Phylogeography of Aedes (Stegomyia) aegypti (L.) and Aedes (Stegomyia) albopictus (Skuse)(Diptera: Culicidae) based on mitochondrial DNA variations. Genet. Res. 2005;86(1):1&#x2013;11.</Citation><ArticleIdList><ArticleId IdType="pubmed">16181519</ArticleId></ArticleIdList></Reference><Reference><Citation>Lambrechts L., Chevillon C., Albright R.G., Thaisomboonsuk B., Richardson J.H., Jarman R.G., et al. Genetic specificity and potential for local adaptation between dengue viruses and mosquito vectors. BMC Evol. Biol. 2009;9(1):1&#x2013;11.</Citation><ArticleIdList><ArticleId IdType="pmc">PMC2714696</ArticleId><ArticleId IdType="pubmed">19589156</ArticleId></ArticleIdList></Reference><Reference><Citation>Mousson L., Vazeille M., Chawprom S., Prajakwong S., Rodhain F., Failloux A.B. Genetic structure of Aedes aegypti populations in Chiang Mai (Thailand) and relation with dengue transmission. Tropical Med. Int. Health. 2002;7(10):865&#x2013;872.</Citation><ArticleIdList><ArticleId IdType="pubmed">12358622</ArticleId></ArticleIdList></Reference><Reference><Citation>Fansiri T., Fontaine A., Diancourt L., Caro V., Thaisomboonsuk B., Richardson J.H., et al. Genetic mapping of specific interactions between Aedes aegypti mosquitoes and dengue viruses. PLoS Genet. 2013;9(8)</Citation><ArticleIdList><ArticleId IdType="pmc">PMC3731226</ArticleId><ArticleId IdType="pubmed">23935524</ArticleId></ArticleIdList></Reference><Reference><Citation>Lambrechts L., Quillery E., No&#xeb;l V., Richardson J.H., Jarman R.G., Scott T.W., et al. Specificity of resistance to dengue virus isolates is associated with genotypes of the mosquito antiviral gene Dicer-2. Proc. Biol. Sci. 2013;280(1751)</Citation><ArticleIdList><ArticleId IdType="pmc">PMC3574411</ArticleId><ArticleId IdType="pubmed">23193131</ArticleId></ArticleIdList></Reference><Reference><Citation>Lequime S., Fontaine A., Ar Gouilh M., Moltini-Conclois I., Lambrechts L. Genetic drift, purifying selection and vector genotype shape dengue virus intra-host genetic diversity in mosquitoes. PLoS Genet. 2016;12(6)</Citation><ArticleIdList><ArticleId IdType="pmc">PMC4909269</ArticleId><ArticleId IdType="pubmed">27304978</ArticleId></ArticleIdList></Reference><Reference><Citation>Patramool S., Surasombatpattana P., Luplertlop N., S&#xe9;v&#xe9;no M., Choumet V., Thomas F., et al. Proteomic analysis of an Aedes albopictus cell line infected with dengue serotypes 1 and 3 viruses. Parasit. Vectors. 2011;4(1):1&#x2013;9.</Citation><ArticleIdList><ArticleId IdType="pmc">PMC3151224</ArticleId><ArticleId IdType="pubmed">21767351</ArticleId></ArticleIdList></Reference><Reference><Citation>Luplertlop N., Surasombatpattana P., Patramool S., Dumas E., Wasinpiyamongkol L., Saune L., et al. Induction of a peptide with activity against a broad spectrum of pathogens in the Aedes aegypti salivary gland, following infection with dengue virus. PLoS Pathog. 2011;7(1)</Citation><ArticleIdList><ArticleId IdType="pmc">PMC3020927</ArticleId><ArticleId IdType="pubmed">21249175</ArticleId></ArticleIdList></Reference><Reference><Citation>Surasombatpattana P., Patramool S., Luplertlop N., Yssel H., Miss&#xe9; D. Aedes aegypti saliva enhances dengue virus infection of human keratinocytes by suppressing innate immune responses. J. Invest. Dermatol. 2012;132(8):2103.</Citation><ArticleIdList><ArticleId IdType="pubmed">22475758</ArticleId></ArticleIdList></Reference><Reference><Citation>Kuadkitkan A., Wikan N., Fongsaran C., Smith D.R. Identification and characterization of prohibitin as a receptor protein mediating DENV-2 entry into insect cells. Virology. 2010;406(1):149&#x2013;161.</Citation><ArticleIdList><ArticleId IdType="pubmed">20674955</ArticleId></ArticleIdList></Reference><Reference><Citation>Kuadkitkan A., Smith D.R., Berry C. Investigation of the Cry4B-prohibitin interaction in Aedes aegypti cells. Curr. Microbiol. 2012;65(4):446&#x2013;454.</Citation><ArticleIdList><ArticleId IdType="pubmed">22767320</ArticleId></ArticleIdList></Reference><Reference><Citation>Sakoonwatanyoo P., Boonsanay V., Smith D.R. Growth and production of the dengue virus in C6/36 cells and identification of a laminin-binding protein as a candidate serotype 3 and 4 receptor protein. Intervirology. 2006;49(3):161&#x2013;172.</Citation><ArticleIdList><ArticleId IdType="pubmed">16428892</ArticleId></ArticleIdList></Reference><Reference><Citation>Merkling S.H., Raquin V., Dabo S., Henrion-Lacritick A., Blanc H., Moltini-Conclois I., et al. Tudor-SN promotes early replication of dengue virus in the Aedes aegypti midgut. Iscience. 2020;23(2)</Citation><ArticleIdList><ArticleId IdType="pmc">PMC7054812</ArticleId><ArticleId IdType="pubmed">32059176</ArticleId></ArticleIdList></Reference><Reference><Citation>Raquin V., Merkling S.H., Gausson V., Moltini-Conclois I., Frangeul L., Varet H., et al. Individual co-variation between viral RNA load and gene expression reveals novel host factors during early dengue virus infection of the Aedes aegypti midgut. PLoS Negl. Trop. Dis. 2017;11(12)</Citation><ArticleIdList><ArticleId IdType="pmc">PMC5752042</ArticleId><ArticleId IdType="pubmed">29261661</ArticleId></ArticleIdList></Reference><Reference><Citation>Phadungsombat J., Lin M.Y.-C., Srimark N., Yamanaka A., Nakayama E.E., Moolasart V., et al. Emergence of genotype cosmopolitan of dengue virus type 2 and genotype III of dengue virus type 3 in Thailand. PLoS One. 2018;13(11)</Citation><ArticleIdList><ArticleId IdType="pmc">PMC6231660</ArticleId><ArticleId IdType="pubmed">30419004</ArticleId></ArticleIdList></Reference><Reference><Citation>Nisalak A., Endy T.P., Nimmannitya S., Kalayanarooj S., Scott R.M., Burke D.S., et al. Serotype-specific dengue virus circulation and dengue disease in Bangkok, Thailand from 1973 to 1999. Am. J. Trop. Med. Hyg. 2003;68(2):191&#x2013;202.</Citation><ArticleIdList><ArticleId IdType="pubmed">12641411</ArticleId></ArticleIdList></Reference><Reference><Citation>Nonyong P., Ekalaksananan T., Phanthanawiboon S., Aromseree S., Phadungsombat J., Nakayama E.E., et al. Dengue virus in humans and mosquitoes and their molecular characteristics in northeastern Thailand 2016-2018. PLoS One. 2021;16(9)</Citation><ArticleIdList><ArticleId IdType="pmc">PMC8439490</ArticleId><ArticleId IdType="pubmed">34520486</ArticleId></ArticleIdList></Reference><Reference><Citation>Pitaksajjakul P., Benjathummarak S., Son H.N., Thongrungkiat S., Ramasoota P. Genomic studies of envelope gene sequences from mosquito and human samples from Bangkok, Thailand. SpringerPlus. 2016;5(1):1&#x2013;10.</Citation><ArticleIdList><ArticleId IdType="pmc">PMC5106416</ArticleId><ArticleId IdType="pubmed">27917342</ArticleId></ArticleIdList></Reference><Reference><Citation>Lambrechts L., Fansiri T., Pongsiri A., Thaisomboonsuk B., Klungthong C., Richardson J.H., et al. Dengue-1 virus clade replacement in Thailand associated with enhanced mosquito transmission. J. Virol. 2012;86(3):1853&#x2013;1861.</Citation><ArticleIdList><ArticleId IdType="pmc">PMC3264336</ArticleId><ArticleId IdType="pubmed">22130539</ArticleId></ArticleIdList></Reference><Reference><Citation>Fansiri T., Pongsiri A., Klungthong C., Ponlawat A., Thaisomboonsuk B., Jarman R.G., et al. No evidence for local adaptation of dengue viruses to mosquito vector populations in Thailand. Evol. Appl. 2016;9(4):608&#x2013;618.</Citation><ArticleIdList><ArticleId IdType="pmc">PMC4831462</ArticleId><ArticleId IdType="pubmed">27099625</ArticleId></ArticleIdList></Reference><Reference><Citation>Intayot P., Phumee A., Kraivichian K., Sor-suwan S., Boonserm R., Siriyasatien P. Genetic characterization of chikungunya virus isolates from Aedes aegypti mosquitoes collected during a recent outbreak in Bangkok, Thailand. Arch. Virol. 2021;166(12):3387&#x2013;3398.</Citation><ArticleIdList><ArticleId IdType="pubmed">34623503</ArticleId></ArticleIdList></Reference><Reference><Citation>Tsetsarkin K.A., Vanlandingham D.L., McGee C.E., Higgs S. A single mutation in chikungunya virus affects vector specificity and epidemic potential. PLoS Pathog. 2007;3(12)</Citation><ArticleIdList><ArticleId IdType="pmc">PMC2134949</ArticleId><ArticleId IdType="pubmed">18069894</ArticleId></ArticleIdList></Reference><Reference><Citation>Wanlapakorn N., Thongmee T., Linsuwanon P., Chattakul P., Vongpunsawad S., Payungporn S., et al. Chikungunya outbreak in Bueng Kan Province, Thailand, 2013. Emerg. Infect. Dis. 2014;20(8):1404&#x2013;1406.</Citation><ArticleIdList><ArticleId IdType="pmc">PMC4111161</ArticleId><ArticleId IdType="pubmed">25061989</ArticleId></ArticleIdList></Reference><Reference><Citation>Agarwal A., Sharma A.K., Sukumaran D., Parida M., Dash P.K. Two novel epistatic mutations (E1: K211E and E2: V264A) in structural proteins of chikungunya virus enhance fitness in Aedes aegypti. Virology. 2016;497:59&#x2013;68.</Citation><ArticleIdList><ArticleId IdType="pubmed">27423270</ArticleId></ArticleIdList></Reference><Reference><Citation>Intayot P., Phumee A., Boonserm R., Sor-Suwan S., Wacharapluesadee S., Brownell N., et al. Genetic characterization of chikungunya virus in field-caught Aedes aegypti mosquitoes collected during the recent outbreaks in 2019, Thailand. Pathogens. 2019;8(3):121.</Citation><ArticleIdList><ArticleId IdType="pmc">PMC6789480</ArticleId><ArticleId IdType="pubmed">31382507</ArticleId></ArticleIdList></Reference><Reference><Citation>Phumee A., Buathong R., Boonserm R., Intayot P., Aungsananta N., Jittmittraphap A., et al. Molecular epidemiology and genetic diversity of Zika virus from field-caught mosquitoes in various regions of Thailand. Pathogens. 2019;8(1):30.</Citation><ArticleIdList><ArticleId IdType="pmc">PMC6470891</ArticleId><ArticleId IdType="pubmed">30845707</ArticleId></ArticleIdList></Reference><Reference><Citation>Regla-Nava J.A., Wang Y.T., Fontes-Garfias C.R., Liu Y., Syed T., Susantono M., et al. A Zika virus mutation enhances transmission potential and confers escape from protective dengue virus immunity. Cell Rep. 2022;39(2)</Citation><ArticleIdList><ArticleId IdType="pmc">PMC9093040</ArticleId><ArticleId IdType="pubmed">35417697</ArticleId></ArticleIdList></Reference><Reference><Citation>S&#xe1;nchez-Vargas I., Scott J.C., Poole-Smith B.K., Franz A.W., Barbosa-Solomieu V., Wilusz J., et al. Dengue virus type 2 infections of Aedes aegypti are modulated by the mosquito&#x2019;s RNA interference pathway. PLoS Pathog. 2009;5(2)</Citation><ArticleIdList><ArticleId IdType="pmc">PMC2633610</ArticleId><ArticleId IdType="pubmed">19214215</ArticleId></ArticleIdList></Reference><Reference><Citation>Agboli E., Leggewie M., Altinli M., Schnettler E. Mosquito-specific viruses&#x2014;transmission and interaction. Viruses. 2019;11(9):873.</Citation><ArticleIdList><ArticleId IdType="pmc">PMC6784079</ArticleId><ArticleId IdType="pubmed">31533367</ArticleId></ArticleIdList></Reference><Reference><Citation>Boonnak K., Suttitheptumrong A., Jotekratok U., Pattanakitsakul S.-n. Phylogenetic analysis reveals genetic variations of densovirus isolated from field mosquitoes in Bangkok and surrounding regions. Southeast Asian J. Trop. Med. Publ. Health. 2015;46(2):207&#x2013;214.</Citation><ArticleIdList><ArticleId IdType="pubmed">26513923</ArticleId></ArticleIdList></Reference><Reference><Citation>Jotekratok U., Boonnak K., Suttitheptumrong A., Pattanakitsakul S.-n. Application of post-PCR methods for analysis of mosquito densovirus. Southeast Asian J. Trop. Med. Publ. Health. 2014;45(4):801&#x2013;807.</Citation><ArticleIdList><ArticleId IdType="pubmed">25427347</ArticleId></ArticleIdList></Reference><Reference><Citation>Kittayapong P., Baisley K.J., O&#x2019;Neill S.L. A mosquito densovirus infecting Aedes aegypti and Aedes albopictus from Thailand. Am. J. Trop. Med. Hyg. 2001;61(4):612&#x2013;617.</Citation><ArticleIdList><ArticleId IdType="pubmed">10548296</ArticleId></ArticleIdList></Reference><Reference><Citation>Roekring S., Flegel T.W., Malasit P., Kittayapong P. Challenging successive mosquito generations with a densonucleosis virus yields progressive survival improvement but persistent, innocuous infections. Dev. Comp. Immunol. 2006;30(10):878&#x2013;892.</Citation><ArticleIdList><ArticleId IdType="pubmed">16439017</ArticleId></ArticleIdList></Reference><Reference><Citation>Zakrzewski M., Ra&#x161;i&#x107; G., Darbro J., Krause L., Poo Y.S., Filipovi&#x107; I., et al. Mapping the virome in wild-caught Aedes aegypti from Cairns and Bangkok. Sci. Rep. 2018;8(1):1&#x2013;12.</Citation><ArticleIdList><ArticleId IdType="pmc">PMC5856816</ArticleId><ArticleId IdType="pubmed">29549363</ArticleId></ArticleIdList></Reference><Reference><Citation>Baidaliuk A., Miot E.F., Lequime S., Moltini-Conclois I., Delaigue F., Dabo S., et al. Cell-fusing agent virus reduces arbovirus dissemination in Aedes aegypti mosquitoes in vivo. J. Virol. 2019;93(18):e00705&#x2013;e00719.</Citation><ArticleIdList><ArticleId IdType="pmc">PMC6714787</ArticleId><ArticleId IdType="pubmed">31243123</ArticleId></ArticleIdList></Reference><Reference><Citation>Schultz M.J., Frydman H.M., Connor J.H. Dual insect specific virus infection limits arbovirus replication in Aedes mosquito cells. Virology. 2018;518:406&#x2013;413.</Citation><ArticleIdList><ArticleId IdType="pmc">PMC8005325</ArticleId><ArticleId IdType="pubmed">29625404</ArticleId></ArticleIdList></Reference><Reference><Citation>Harrington L.C., Fleisher A., Ruiz-Moreno D., Vermeylen F., Wa C.V., Poulson R.L., et al. Heterogeneous feeding patterns of the dengue vector, Aedes aegypti, on individual human hosts in rural Thailand. PLoS Negl. Trop. Dis. 2014;8(8)</Citation><ArticleIdList><ArticleId IdType="pmc">PMC4125296</ArticleId><ArticleId IdType="pubmed">25102306</ArticleId></ArticleIdList></Reference><Reference><Citation>Pongsiri A., Ponlawat A., Thaisomboonsuk B., Jarman R.G., Scott T.W., Lambrechts L. Differential susceptibility of two field Aedes aegypti populations to a low infectious dose of dengue virus. PLoS One. 2014;9(3)</Citation><ArticleIdList><ArticleId IdType="pmc">PMC3963970</ArticleId><ArticleId IdType="pubmed">24664142</ArticleId></ArticleIdList></Reference><Reference><Citation>Thavara U., Tawatsin A., Chansang C., Kong-ngamsuk W., Paosriwong S., Boon-Long J., et al. Larval occurrence, oviposition behavior and biting activity of potential mosquito vectors of dengue on Samui Island, Thailand. J. Vector Ecol. 2001;26:172&#x2013;180.</Citation><ArticleIdList><ArticleId IdType="pubmed">11813654</ArticleId></ArticleIdList></Reference><Reference><Citation>Thammapalo S., Wonghiranrat W., Moonmek S., Sriplong W. Biting time of Aedes albopictus in the rubber plantation and the orchard, the southernmost of Thailand. J. Vector Borne Dis. 2009;6:1&#x2013;6.</Citation></Reference><Reference><Citation>Chompoosri J., Thavara U., Tawatsin A., Anantapreecha S., Siriyasatien P. Seasonal monitoring of dengue infection in Aedes aegypti and serological feature of patients with suspected dengue in 4 central provinces of Thailand. Thai. J. Vet. Med. 2012;42(2):185.</Citation></Reference><Reference><Citation>Tongthainan D., Mongkol N., Jiamsomboon K., Suthisawat S., Sanyathitiseree P., Sukmak M., et al. Seroprevalence of dengue, Zika, and chikungunya viruses in wild monkeys in Thailand. Am. J. Trop. Med. Hyg. 2020;103(3):1228.</Citation><ArticleIdList><ArticleId IdType="pmc">PMC7470562</ArticleId><ArticleId IdType="pubmed">32588813</ArticleId></ArticleIdList></Reference><Reference><Citation>Ponlawat A., Harrington L.C. Blood feeding patterns of Aedes aegypti and Aedes albopictus in Thailand. J. Med. Entomol. 2005;42(5):844&#x2013;849.</Citation><ArticleIdList><ArticleId IdType="pubmed">16363170</ArticleId></ArticleIdList></Reference><Reference><Citation>Khaklang S., Kittayapong P. Species composition and blood meal analysis of mosquitoes collected from a tourist island, Koh Chang, Thailand. J. Vector Ecol. 2014;39(2):448&#x2013;452.</Citation><ArticleIdList><ArticleId IdType="pubmed">25424275</ArticleId></ArticleIdList></Reference><Reference><Citation>Waewwab P., Sungvornyothin S., Okanurak K., Soonthornworasiri N., Potiwat R., Raksakoon C. Characteristics of water containers influencing the presence of Aedes immatures in an ecotourism area of Bang Kachao Riverbend, Thailand. J. Health Res. 2019;33(5):398&#x2013;407.</Citation></Reference><Reference><Citation>Harrington L., Ponlawat A., Edman J., Scott T., Vermeylen F. Influence of container size, location, and time of day on oviposition patterns of the dengue vector, Aedes aegypti, in Thailand. Vector-Borne Zoonotic Dis. 2008;8(3):415&#x2013;424.</Citation><ArticleIdList><ArticleId IdType="pmc">PMC2978047</ArticleId><ArticleId IdType="pubmed">18279006</ArticleId></ArticleIdList></Reference><Reference><Citation>Strickman D., Kittayapong P. Dengue and its vectors in Thailand: introduction to the study and seasonal distribution of Aedes larvae. Am. J. Trop. Med. Hyg. 2002;67(3):247&#x2013;259.</Citation><ArticleIdList><ArticleId IdType="pubmed">12408663</ArticleId></ArticleIdList></Reference><Reference><Citation>Rahman M., Ekalaksananan T., Zafar S., Poolphol P., Shipin O., Haque U., et al. Ecological, social, and other environmental determinants of dengue vector abundance in urban and rural areas of northeastern Thailand. Int. J. Environ. Res. Public Health. 2021;18(11):5971.</Citation><ArticleIdList><ArticleId IdType="pmc">PMC8199701</ArticleId><ArticleId IdType="pubmed">34199508</ArticleId></ArticleIdList></Reference><Reference><Citation>Vannavong N., Seidu R., Stenstr&#xf6;m T.-A., Dada N., Overgaard H.J. Effects of socio-demographic characteristics and household water management on Aedes aegypti production in suburban and rural villages in Laos and Thailand. Parasit. Vectors. 2017;10(1):1&#x2013;14.</Citation><ArticleIdList><ArticleId IdType="pmc">PMC5381031</ArticleId><ArticleId IdType="pubmed">28376893</ArticleId></ArticleIdList></Reference><Reference><Citation>Preechaporn W., Jaroensutasinee M., Jaroensutasinee K. Seasonal prevalence of Aedes aegypti and Ae. albopictus in three topographical areas of southern Thailand. World Acad. Sci. Eng. Technol. 2007;36:23&#x2013;27.</Citation></Reference><Reference><Citation>Thongsripong P., Green A., Kittayapong P., Kapan D., Wilcox B., Bennett S. Mosquito vector diversity across habitats in Central Thailand endemic for dengue and other arthropod-borne diseases. PLoS Negl. Trop. Dis. 2013;7(10)</Citation><ArticleIdList><ArticleId IdType="pmc">PMC3814347</ArticleId><ArticleId IdType="pubmed">24205420</ArticleId></ArticleIdList></Reference><Reference><Citation>Vanwambeke S.O., Lambin E.F., Eichhorn M.P., Flasse S.P., Harbach R.E., Oskam L., et al. Impact of land-use change on dengue and malaria in northern Thailand. EcoHealth. 2007;4(1):37&#x2013;51.</Citation></Reference><Reference><Citation>Ratanawong P., Kittayapong P., Olanratmanee P., Wilder-Smith A., Byass P., Tozan Y., et al. Spatial variations in dengue transmission in schools in Thailand. PLoS One. 2016;11(9)</Citation><ArticleIdList><ArticleId IdType="pmc">PMC5036884</ArticleId><ArticleId IdType="pubmed">27669170</ArticleId></ArticleIdList></Reference><Reference><Citation>Thammapalo S., Nagao Y., Sakamoto W., Saengtharatip S., Tsujitani M., Nakamura Y., et al. Relationship between transmission intensity and incidence of dengue hemorrhagic fever in Thailand. PLoS Negl. Trop. Dis. 2008;2(7)</Citation><ArticleIdList><ArticleId IdType="pmc">PMC2442222</ArticleId><ArticleId IdType="pubmed">18628986</ArticleId></ArticleIdList></Reference><Reference><Citation>Sommanustweechai A., Iamsirithaworn S., Patcharanarumol W., Kalpravidh W., Tangcharoensathien V. Adoption of one health in Thailand&#x2019;s national strategic plan for emerging infectious diseases. J. Public Health Policy. 2017;38(1):121&#x2013;136.</Citation><ArticleIdList><ArticleId IdType="pubmed">28275255</ArticleId></ArticleIdList></Reference><Reference><Citation>Carrington L.B., Seifert S.N., Willits N.H., Lambrechts L., Scott T.W. Large diurnal temperature fluctuations negatively influence Aedes aegypti (Diptera: Culicidae) life-history traits. J. Med. Entomol. 2013;50(1):43&#x2013;51.</Citation><ArticleIdList><ArticleId IdType="pubmed">23427651</ArticleId></ArticleIdList></Reference><Reference><Citation>Koenraadt C., Harrington L. Flushing effect of rain on container-inhabiting mosquitoes Aedes aegypti and Culex pipiens (Diptera: Culicidae) J. Med. Entomol. 2008;45(1):28&#x2013;35.</Citation><ArticleIdList><ArticleId IdType="pubmed">18283939</ArticleId></ArticleIdList></Reference><Reference><Citation>Kittichai V., Montriwat P., Chompoosri J., Bhakdeenuan P., Pengsakul T., Tawatsin A., et al. Relationships between dengue virus infection in mosquito vector, (Aedes aegypti), dengue cases and weather conditions in Samut Sakhon Province, Thailand. Chula Med. J. 2015;59(4):347&#x2013;363.</Citation></Reference><Reference><Citation>Lambrechts L., Paaijmans K.P., Fansiri T., Carrington L.B., Kramer L.D., Thomas M.B., et al. Impact of daily temperature fluctuations on dengue virus transmission by Aedes aegypti. Proc. Natl. Acad. Sci. U. S. A. 2011;108(18):7460&#x2013;7465.</Citation><ArticleIdList><ArticleId IdType="pmc">PMC3088608</ArticleId><ArticleId IdType="pubmed">21502510</ArticleId></ArticleIdList></Reference><Reference><Citation>Harrington L.C., Buonaccorsi J.P., Edman J.D., Costero A., Kittayapong P., Clark G.G., et al. Analysis of survival of young and old Aedes aegypti (Diptera: Culicidae) from Puerto Rico and Thailand. J. Med. Entomol. 2001;38(4):537&#x2013;547.</Citation><ArticleIdList><ArticleId IdType="pubmed">11476334</ArticleId></ArticleIdList></Reference><Reference><Citation>Chaves L.F., Morrison A.C., Kitron U.D., Scott T.W. Nonlinear impacts of climatic variability on the density-dependent regulation of an insect vector of disease. Glob. Chang. Biol. 2012;18(2):457&#x2013;468.</Citation></Reference><Reference><Citation>Chaves L.F., Scott T.W., Morrison A.C., Takada T. Hot temperatures can force delayed mosquito outbreaks via sequential changes in Aedes aegypti demographic parameters in autocorrelated environments. Acta Trop. 2014;129:15&#x2013;24.</Citation><ArticleIdList><ArticleId IdType="pubmed">23537497</ArticleId></ArticleIdList></Reference><Reference><Citation>Harrington L.C., Fran&#xe7;oisevermeylen N., Jones J.J., Kitthawee S., Sithiprasasna R., Edman J.D., et al. Age-dependent survival of the dengue vector Aedes aegypti (Diptera: Culicidae) demonstrated by simultaneous release&#x2013;recapture of different age cohorts. J. Med. Entomol. 2014;45(2):307&#x2013;313.</Citation><ArticleIdList><ArticleId IdType="pubmed">18402147</ArticleId></ArticleIdList></Reference><Reference><Citation>Saita S., Maeakhian S., Silawan T. Temporal variations and spatial clusters of dengue in Thailand: longitudinal study before and during the coronavirus disease (COVID-19) pandemic. Trop. Med. Infect. Dis. 2022;7(8):171.</Citation><ArticleIdList><ArticleId IdType="pmc">PMC9414305</ArticleId><ArticleId IdType="pubmed">36006263</ArticleId></ArticleIdList></Reference><Reference><Citation>Auksornkitti V., Pongsiri P., Theamboonlers A., Rianthavorn P., Poovorawan Y., Manujum K., et al. Whole-genome characterisation of chikungunya virus from Aedes albopictus collected in Thailand. Ann. Trop. Med. Parasitol. 2010;104(3):265&#x2013;269.</Citation><ArticleIdList><ArticleId IdType="pubmed">20507700</ArticleId></ArticleIdList></Reference><Reference><Citation>Tawatsin A., Phumee A., Thavara U., Sirisopa P., Ritthison W., Thammakosol K., et al. High infection rate of Zika virus in mosquitoes collected from an area of active Zika virus transmission in eastern Thailand. Thai. J. Vet. Med. 2018;48(4):551&#x2013;558.</Citation></Reference><Reference><Citation>Kosoltanapiwat N., Tongshoob J., Singkhaimuk P., Nitatsukprasert C., Davidson S.A., Ponlawat A. Entomological surveillance for Zika and dengue virus in Aedes mosquitoes: implications for vector control in Thailand. Pathogens. 2020;9(6):442.</Citation><ArticleIdList><ArticleId IdType="pmc">PMC7350330</ArticleId><ArticleId IdType="pubmed">32512828</ArticleId></ArticleIdList></Reference><Reference><Citation>Hutamai S., Suwonkerd W., Suwannchote N., Somboon P., Prapanthadara L.-a. A survey of dengue viral infection in Aedes aegypti and Aedes albopictus from re-epidemic areas in the north of Thailand using nucleic acid sequence based amplification assay. Southeast Asian J. Trop. Med. Publ. Health. 2007;38(3):448.</Citation><ArticleIdList><ArticleId IdType="pubmed">17877218</ArticleId></ArticleIdList></Reference><Reference><Citation>Mammen M.P., Jr., Pimgate C., Koenraadt C.J.M., Rothman A.L., Aldstadt J., Nisalak A., et al. Spatial and temporal clustering of dengue virus transmission in Thai villages. PLoS Med. 2008;5(11)</Citation><ArticleIdList><ArticleId IdType="pmc">PMC2577695</ArticleId><ArticleId IdType="pubmed">18986209</ArticleId></ArticleIdList></Reference><Reference><Citation>Sithiprasasna R., Patpoparn S., Attatippaholkun W., Suvannadabba S., Srisuphanunt M. The geographic information system as an epidemiological tool in the surveillance of dengue virus-infected Aedes mosquitos. Southeast Asian J. Trop. Med. Publ. Health. 2004;35(4):918&#x2013;926.</Citation><ArticleIdList><ArticleId IdType="pubmed">15916091</ArticleId></ArticleIdList></Reference><Reference><Citation>Srisuphanunt M., Sithiprasasna R., Patpoparn S., Attatippaholkun W., Wiwanitkit V. ELISA as an alternative tool for epidemiological surveillance for dengue in mosquitoes: a report from Thailand. J. Vector Borne Dis. 2007;44(4):272.</Citation><ArticleIdList><ArticleId IdType="pubmed">18092535</ArticleId></ArticleIdList></Reference><Reference><Citation>Teerasut C., Petphuwadee U., Thammapalo S., Jampangern W., Limkittikul K. Identification of dengue virus in Aedes mosquitoes and patients&#x2019; sera from Si Sa Ket Province, Thailand. Southeast Asian J. Trop. Med. Publ. Health. 2012;43(3):641&#x2013;645.</Citation><ArticleIdList><ArticleId IdType="pubmed">23077843</ArticleId></ArticleIdList></Reference><Reference><Citation>Thavara U., Siriyasatien P., Tawatsin A., Asavadachanukorn P., Anantapreecha S., Wongwanich R., et al. Double infection of heteroserotypes of dengue viruses in field populations of Aedes aegypti and Aedes albopictus (Diptera: Culicidae) and serological features of dengue viruses found in patients in southern Thailand. Southeast Asian J. Trop. Med. Publ. Health. 2006;37(3):468.</Citation><ArticleIdList><ArticleId IdType="pubmed">17120966</ArticleId></ArticleIdList></Reference><Reference><Citation>Thomas S.J., Aldstadt J., Jarman R.G., Buddhari D., Yoon I.-K., Richardson J.H., et al. Improving dengue virus capture rates in humans and vectors in Kamphaeng Phet Province, Thailand, using an enhanced spatiotemporal surveillance strategy. Am. J. Trop. Med. Hyg. 2015;93(1):24.</Citation><ArticleIdList><ArticleId IdType="pmc">PMC4497898</ArticleId><ArticleId IdType="pubmed">25986580</ArticleId></ArticleIdList></Reference><Reference><Citation>Thongrungkiat S., Maneekan P., Wasinpiyamongkol L., Prummongkol S. Prospective field study of transovarial dengue-virus transmission by two different forms of Aedes aegypti in an urban area of Bangkok, Thailand. J. Vector Ecol. 2011;36(1):147&#x2013;152.</Citation><ArticleIdList><ArticleId IdType="pubmed">21635652</ArticleId></ArticleIdList></Reference><Reference><Citation>Thongrungkiat S., Wasinpiyamongkol L., Maneekan P., Prummongkol S., Samung Y. Natural transovarial dengue virus infection rate in both sexes of dark and pale forms of Aedes aegypti from an urban area of Bangkok, Thailand. Southeast Asian J. Trop. Med. Publ. Health. 2012;43(5):1146&#x2013;1152.</Citation><ArticleIdList><ArticleId IdType="pubmed">23431820</ArticleId></ArticleIdList></Reference><Reference><Citation>Sittivicharpinyo T., Wonnapinij P., Surat W. Phylogenetic analyses of DENV-3 isolated from field-caught mosquitoes in Thailand. Virus Res. 2018;244:27&#x2013;35.</Citation><ArticleIdList><ArticleId IdType="pubmed">29126872</ArticleId></ArticleIdList></Reference><Reference><Citation>American Veterinary Medical Association . One Health Initiative Task Force: Final Report. 2008. One health: a new professional imperative; p. 15.</Citation></Reference><Reference><Citation>Nakgoi K., Nitatpattana N., Wajjwalku W., Pongsopawijit P., Kaewchot S., Yoksan S., Siripolwat V., Souris M., Gonzalez J.P. Dengue, Japanese encephalitis and chikungunya virus antibody prevalence among captive monkey (Macaca nemestrina) colonies of northern Thailand. Am. J. Primatol. 2014;76(1):97&#x2013;102.</Citation><ArticleIdList><ArticleId IdType="pubmed">24105916</ArticleId></ArticleIdList></Reference></ReferenceList></PubmedData></PubmedArticle></PubmedArticleSet>