<?xml version="1.0" ?>
<!DOCTYPE PubmedArticleSet PUBLIC "-//NLM//DTD PubMedArticle, 1st January 2023//EN" "https://dtd.nlm.nih.gov/ncbi/pubmed/out/pubmed_230101.dtd">
<PubmedArticleSet>
<PubmedArticle><MedlineCitation Status="MEDLINE" Owner="NLM" IndexingMethod="Automated"><PMID Version="1">37386042</PMID><DateCompleted><Year>2023</Year><Month>07</Month><Day>03</Day></DateCompleted><DateRevised><Year>2023</Year><Month>07</Month><Day>04</Day></DateRevised><Article PubModel="Electronic"><Journal><ISSN IssnType="Electronic">2045-2322</ISSN><JournalIssue CitedMedium="Internet"><Volume>13</Volume><Issue>1</Issue><PubDate><Year>2023</Year><Month>Jun</Month><Day>29</Day></PubDate></JournalIssue><Title>Scientific reports</Title><ISOAbbreviation>Sci Rep</ISOAbbreviation></Journal><ArticleTitle>The CD133 and CD34 cell types in human umbilical cord blood have the capacity to produce infectious dengue virus particles.</ArticleTitle><Pagination><StartPage>10513</StartPage><MedlinePgn>10513</MedlinePgn></Pagination><ELocationID EIdType="pii" ValidYN="Y">10513</ELocationID><ELocationID EIdType="doi" ValidYN="Y">10.1038/s41598-023-37707-8</ELocationID><Abstract><AbstractText>Although dengue virus (DENV) can establish infections in hematopoietic stem progenitor cells (HSPCs), there is little information on dengue virus persistent infection in CD34+ and CD133+ cell surface glycoproteins of hematopoietic stem cells (HSCs). CD34 and CD133 also function as cell-cell adhesion factors, which are present in umbilical cord blood (UCB). In this study, we sought to establish a persistent infection model of DENV infection in UCB using a prolonged period of infection lasting 30&#xa0;days. Post-infection, the results exhibited a productive and non-productive phase of DENV production. Using a plaque assay, Western blot, and confocal microscopy, we demonstrated that CD133 and CD34 cells are target cells for DENV infection. Moreover, we showed that DENV particles can be recovered from the non-productive phase of DENV-infected CD34 and CD133 cells after co-incubation with Vero cells. We concluded that CD133 and CD34 retain their capacity to produce the infectious virus due to proliferation and their ability to repopulate, as deduced from a BrdU proliferation assay and flow cytometry analysis using t-distributed stochastic neighbor embedding. In summary, the platform to co-culture infected primitive HSCs from their non-productive phase onto Vero cells will give new insights into understanding the DENV dynamics in cell-to-cell transmission and reactivation of the virus.</AbstractText><CopyrightInformation>&#xa9; 2023. The Author(s).</CopyrightInformation></Abstract><AuthorList CompleteYN="Y"><Author ValidYN="Y"><LastName>Vats</LastName><ForeName>Amrita</ForeName><Initials>A</Initials><AffiliationInfo><Affiliation>Institute of Basic Medical Sciences, College of Medicine, National Cheng Kung University, Tainan, 701401, Taiwan.</Affiliation></AffiliationInfo></Author><Author ValidYN="Y"><LastName>Ho</LastName><ForeName>Tzu-Chuan</ForeName><Initials>TC</Initials><AffiliationInfo><Affiliation>Institute of Basic Medical Sciences, College of Medicine, National Cheng Kung University, Tainan, 701401, Taiwan.</Affiliation></AffiliationInfo></Author><Author ValidYN="Y"><LastName>Puc</LastName><ForeName>Irwin</ForeName><Initials>I</Initials><AffiliationInfo><Affiliation>Institute of Basic Medical Sciences, College of Medicine, National Cheng Kung University, Tainan, 701401, Taiwan.</Affiliation></AffiliationInfo></Author><Author ValidYN="Y"><LastName>Chang</LastName><ForeName>Chiung-Hsin</ForeName><Initials>CH</Initials><AffiliationInfo><Affiliation>Department of Obstetrics and Gynecology, College of Medicine, National Cheng Kung University, Tainan, 701401, Taiwan.</Affiliation></AffiliationInfo></Author><Author ValidYN="Y"><LastName>Perng</LastName><ForeName>Guey-Chuen</ForeName><Initials>GC</Initials><AffiliationInfo><Affiliation>Institute of Basic Medical Sciences, College of Medicine, National Cheng Kung University, Tainan, 701401, Taiwan.</Affiliation></AffiliationInfo><AffiliationInfo><Affiliation>Department of Microbiology and Immunology, College of Medicine, National Cheng Kung University, Tainan, 701401, Taiwan.</Affiliation></AffiliationInfo></Author><Author ValidYN="Y"><LastName>Chen</LastName><ForeName>Po-Lin</ForeName><Initials>PL</Initials><AffiliationInfo><Affiliation>Department of Internal Medicine, National Cheng Kung University Hospital, Tainan, 70428, Taiwan. cplin@mail.ncku.edu.tw.</Affiliation></AffiliationInfo></Author></AuthorList><Language>eng</Language><PublicationTypeList><PublicationType UI="D016428">Journal Article</PublicationType></PublicationTypeList><ArticleDate DateType="Electronic"><Year>2023</Year><Month>06</Month><Day>29</Day></ArticleDate></Article><MedlineJournalInfo><Country>England</Country><MedlineTA>Sci Rep</MedlineTA><NlmUniqueID>101563288</NlmUniqueID><ISSNLinking>2045-2322</ISSNLinking></MedlineJournalInfo><ChemicalList><Chemical><RegistryNumber>0</RegistryNumber><NameOfSubstance UI="D018952">Antigens, CD34</NameOfSubstance></Chemical></ChemicalList><CitationSubset>IM</CitationSubset><MeshHeadingList><MeshHeading><DescriptorName UI="D002522" MajorTopicYN="N">Chlorocebus aethiops</DescriptorName></MeshHeading><MeshHeading><DescriptorName UI="D000818" MajorTopicYN="N">Animals</DescriptorName></MeshHeading><MeshHeading><DescriptorName UI="D006801" MajorTopicYN="N">Humans</DescriptorName></MeshHeading><MeshHeading><DescriptorName UI="D005312" MajorTopicYN="Y">Fetal Blood</DescriptorName></MeshHeading><MeshHeading><DescriptorName UI="D000088562" MajorTopicYN="N">Persistent Infection</DescriptorName></MeshHeading><MeshHeading><DescriptorName UI="D014709" MajorTopicYN="N">Vero Cells</DescriptorName></MeshHeading><MeshHeading><DescriptorName UI="D018952" MajorTopicYN="N">Antigens, CD34</DescriptorName></MeshHeading><MeshHeading><DescriptorName UI="D014771" MajorTopicYN="N">Virion</DescriptorName></MeshHeading><MeshHeading><DescriptorName UI="D003715" MajorTopicYN="Y">Dengue</DescriptorName></MeshHeading></MeshHeadingList><CoiStatement>The authors declare no competing interests.</CoiStatement></MedlineCitation><PubmedData><History><PubMedPubDate PubStatus="received"><Year>2023</Year><Month>2</Month><Day>15</Day></PubMedPubDate><PubMedPubDate PubStatus="accepted"><Year>2023</Year><Month>6</Month><Day>26</Day></PubMedPubDate><PubMedPubDate PubStatus="medline"><Year>2023</Year><Month>7</Month><Day>3</Day><Hour>6</Hour><Minute>41</Minute></PubMedPubDate><PubMedPubDate PubStatus="pubmed"><Year>2023</Year><Month>6</Month><Day>30</Day><Hour>1</Hour><Minute>6</Minute></PubMedPubDate><PubMedPubDate PubStatus="entrez"><Year>2023</Year><Month>6</Month><Day>29</Day><Hour>23</Hour><Minute>18</Minute></PubMedPubDate></History><PublicationStatus>epublish</PublicationStatus><ArticleIdList><ArticleId IdType="pubmed">37386042</ArticleId><ArticleId IdType="pmc">PMC10310799</ArticleId><ArticleId IdType="doi">10.1038/s41598-023-37707-8</ArticleId><ArticleId IdType="pii">10.1038/s41598-023-37707-8</ArticleId></ArticleIdList><ReferenceList><Reference><Citation>Ross TM. Dengue virus. Clin. Lab. Med. 2010;30(1):149&#x2013;160. doi: 10.1016/j.cll.2009.10.007.</Citation><ArticleIdList><ArticleId IdType="doi">10.1016/j.cll.2009.10.007</ArticleId><ArticleId IdType="pmc">PMC7115719</ArticleId><ArticleId IdType="pubmed">20513545</ArticleId></ArticleIdList></Reference><Reference><Citation>Leitmeyer KC, et al. Dengue virus structural differences that correlate with pathogenesis. J. Virol. 1999;73(6):4738. doi: 10.1128/JVI.73.6.4738-4747.1999.</Citation><ArticleIdList><ArticleId IdType="doi">10.1128/JVI.73.6.4738-4747.1999</ArticleId><ArticleId IdType="pmc">PMC112516</ArticleId><ArticleId IdType="pubmed">10233934</ArticleId></ArticleIdList></Reference><Reference><Citation>Dengue Guidelines for Diagnosis, Treatment, Prevention and Control. (World Health organization, 2020).</Citation><ArticleIdList><ArticleId IdType="pubmed">23762963</ArticleId></ArticleIdList></Reference><Reference><Citation>Chatchen S, Sabchareon A, Sirivichayakul C. Serodiagnosis of asymptomatic dengue infection. Asian Pac. J. Trop. Med. 2017;10(1):11&#x2013;14. doi: 10.1016/j.apjtm.2016.12.002.</Citation><ArticleIdList><ArticleId IdType="doi">10.1016/j.apjtm.2016.12.002</ArticleId><ArticleId IdType="pubmed">28107858</ArticleId></ArticleIdList></Reference><Reference><Citation>Duong V, et al. Asymptomatic humans transmit dengue virus to mosquitoes. Proc. Natl. Acad. Sci. 2015;112(47):14688. doi: 10.1073/pnas.1508114112.</Citation><ArticleIdList><ArticleId IdType="doi">10.1073/pnas.1508114112</ArticleId><ArticleId IdType="pmc">PMC4664300</ArticleId><ArticleId IdType="pubmed">26553981</ArticleId></ArticleIdList></Reference><Reference><Citation>Wheatland R. Viral carrier status is instilled by viral regulatory particles. Med. Hypotheses. 2010;74(4):688&#x2013;691. doi: 10.1016/j.mehy.2009.10.046.</Citation><ArticleIdList><ArticleId IdType="doi">10.1016/j.mehy.2009.10.046</ArticleId><ArticleId IdType="pubmed">19948378</ArticleId></ArticleIdList></Reference><Reference><Citation>Castillo JA, Naranjo JS, Rojas M, Castano D, Velilla P. A role of monocytes in the pathogenesis of dengue. Arch. Immunol. Ther. Exp. (Warsz) 2019;67(1):27&#x2013;40. doi: 10.1007/s00005-018-0525-7.</Citation><ArticleIdList><ArticleId IdType="doi">10.1007/s00005-018-0525-7</ArticleId><ArticleId IdType="pubmed">30238127</ArticleId></ArticleIdList></Reference><Reference><Citation>Hsu AY, et al. Identification and characterization of permissive cells to dengue virus infection in human hematopoietic stem and progenitor cells. Transfusion. 2019;59(9):2938&#x2013;2951. doi: 10.1111/trf.15416.</Citation><ArticleIdList><ArticleId IdType="doi">10.1111/trf.15416</ArticleId><ArticleId IdType="pubmed">31251408</ArticleId></ArticleIdList></Reference><Reference><Citation>Nakao S, Lai CJ, Young NS. Dengue virus, a flavivirus, propagates in human bone marrow progenitors and hematopoietic cell lines. Blood. 1989;74(4):1235&#x2013;1240. doi: 10.1182/blood.V74.4.1235.bloodjournal7441235.</Citation><ArticleIdList><ArticleId IdType="doi">10.1182/blood.V74.4.1235.bloodjournal7441235</ArticleId><ArticleId IdType="pubmed">2765663</ArticleId></ArticleIdList></Reference><Reference><Citation>Tsai J-J, et al. The importance of hematopoietic progenitor cells in dengue. Ther. Adv. Hem. 2012;3(1):59&#x2013;71. doi: 10.1177/2040620711417660.</Citation><ArticleIdList><ArticleId IdType="doi">10.1177/2040620711417660</ArticleId><ArticleId IdType="pmc">PMC3573426</ArticleId><ArticleId IdType="pubmed">23556112</ArticleId></ArticleIdList></Reference><Reference><Citation>Young NS. Flaviviruses and bone marrow failure. Case Rep. JAMA. 1990;263(22):3065&#x2013;3068.</Citation><ArticleIdList><ArticleId IdType="pubmed">2160551</ArticleId></ArticleIdList></Reference><Reference><Citation>Thomson BJ. Viruses and apoptosis. Int. J. Exp. Pathol. 2001;82(2):65&#x2013;76. doi: 10.1111/j.1365-2613.2001.iep195.x.</Citation><ArticleIdList><ArticleId IdType="doi">10.1111/j.1365-2613.2001.iep195.x</ArticleId><ArticleId IdType="pmc">PMC2517702</ArticleId><ArticleId IdType="pubmed">11454099</ArticleId></ArticleIdList></Reference><Reference><Citation>Cheng C-C, et al. Cell-to-cell spread of dengue viral RNA in mosquito cells. BioMed Res. Int. 2020;2020:2452409. doi: 10.1155/2020/2452409.</Citation><ArticleIdList><ArticleId IdType="doi">10.1155/2020/2452409</ArticleId><ArticleId IdType="pmc">PMC7335394</ArticleId><ArticleId IdType="pubmed">32685452</ArticleId></ArticleIdList></Reference><Reference><Citation>Lo Y-L, Liou G-G, Lyu JH, Hsiao M, Hsu T-L, Wong C-H. Dengue virus infection is through a cooperative interaction between a mannose receptor and CLEC5A on macrophage as a multivalent hetero-complex. PLoS ONE. 2016;11(11):e0166474. doi: 10.1371/journal.pone.0166474.</Citation><ArticleIdList><ArticleId IdType="doi">10.1371/journal.pone.0166474</ArticleId><ArticleId IdType="pmc">PMC5104462</ArticleId><ArticleId IdType="pubmed">27832191</ArticleId></ArticleIdList></Reference><Reference><Citation>Acosta EG, Castilla V, Damonte EB. Alternative infectious entry pathways for dengue virus serotypes into mammalian cells. Cell Microbiol. 2009;11(10):1533&#x2013;1549. doi: 10.1111/j.1462-5822.2009.01345.x.</Citation><ArticleIdList><ArticleId IdType="doi">10.1111/j.1462-5822.2009.01345.x</ArticleId><ArticleId IdType="pmc">PMC7162254</ArticleId><ArticleId IdType="pubmed">19523154</ArticleId></ArticleIdList></Reference><Reference><Citation>Sattentau Q. Avoiding the void: Cell-to-cell spread of human viruses. Nat. Rev. Microbiol. 2008;6(11):815&#x2013;826. doi: 10.1038/nrmicro1972.</Citation><ArticleIdList><ArticleId IdType="doi">10.1038/nrmicro1972</ArticleId><ArticleId IdType="pubmed">18923409</ArticleId></ArticleIdList></Reference><Reference><Citation>Lin CC, et al. A novel tetraspanin C189 upregulated in C6/36 mosquito cells following dengue 2 virus infection. Virus Res. 2007;124(1&#x2013;2):176&#x2013;183. doi: 10.1016/j.virusres.2006.11.002.</Citation><ArticleIdList><ArticleId IdType="doi">10.1016/j.virusres.2006.11.002</ArticleId><ArticleId IdType="pubmed">17156880</ArticleId></ArticleIdList></Reference><Reference><Citation>Mothes W, Sherer NM, Jin J, Zhing P. Virus cell-to-cell transmission. J. Virol. 2010;84(17):8360&#x2013;8368. doi: 10.1128/JVI.00443-10.</Citation><ArticleIdList><ArticleId IdType="doi">10.1128/JVI.00443-10</ArticleId><ArticleId IdType="pmc">PMC2918988</ArticleId><ArticleId IdType="pubmed">20375157</ArticleId></ArticleIdList></Reference><Reference><Citation>Menezo YJ, Guerin JF, Czyba JC. Improvement of human early embryo development in vitro by coculture on monolayers of Vero cells. Biol. Reprod. 1990;42(2):301&#x2013;306. doi: 10.1095/biolreprod42.2.301.</Citation><ArticleIdList><ArticleId IdType="doi">10.1095/biolreprod42.2.301</ArticleId><ArticleId IdType="pubmed">2337628</ArticleId></ArticleIdList></Reference><Reference><Citation>Genzel Y. Designing cell lines for viral vaccine production: Where do we stand? Biotechnol. J. 2015;10:728&#x2013;740. doi: 10.1002/biot.201400388.</Citation><ArticleIdList><ArticleId IdType="doi">10.1002/biot.201400388</ArticleId><ArticleId IdType="pubmed">25903999</ArticleId></ArticleIdList></Reference><Reference><Citation>Turner K, Lenton EA. The influence of Vero cell culture on human embryo development and chorionic gonadotrophin production in vitro. Hum. Reprod. 1996;11(9):1966&#x2013;1974. doi: 10.1093/oxfordjournals.humrep.a019526.</Citation><ArticleIdList><ArticleId IdType="doi">10.1093/oxfordjournals.humrep.a019526</ArticleId><ArticleId IdType="pubmed">8921073</ArticleId></ArticleIdList></Reference><Reference><Citation>Kaliwantoro N, et al. Effect of dengue virus infection on the permeability of vero cells line. AIP Conf. Proc. 2016;1755:030003. doi: 10.1063/1.4958474.</Citation><ArticleIdList><ArticleId IdType="doi">10.1063/1.4958474</ArticleId></ArticleIdList></Reference><Reference><Citation>Haas S, Trumpp A. An intrinsic interferon program protects stem cells from viral infection. Dev. Cell. 2018;44(3):279&#x2013;280. doi: 10.1016/j.devcel.2018.01.013.</Citation><ArticleIdList><ArticleId IdType="doi">10.1016/j.devcel.2018.01.013</ArticleId><ArticleId IdType="pubmed">29408233</ArticleId></ArticleIdList></Reference><Reference><Citation>Kolb-M&#xe4;urer A, Goebel W. Susceptibility of hematopoietic stem cells to pathogens: Role in virus/bacteria tropism and pathogenesis. FEMS Microbiol. Lett. 2003;226(2):203&#x2013;207. doi: 10.1016/S0378-1097(03)00643-8.</Citation><ArticleIdList><ArticleId IdType="doi">10.1016/S0378-1097(03)00643-8</ArticleId><ArticleId IdType="pubmed">14553912</ArticleId></ArticleIdList></Reference><Reference><Citation>Sansonno D, et al. Hepatitis C virus infection involves CD34(+) hematopoietic progenitor cells in hepatitis C virus chronic carriers. Blood. 1998;92(9):3328&#x2013;3337. doi: 10.1182/blood.V92.9.3328.421k04_3328_3337.</Citation><ArticleIdList><ArticleId IdType="doi">10.1182/blood.V92.9.3328.421k04_3328_3337</ArticleId><ArticleId IdType="pubmed">9787170</ArticleId></ArticleIdList></Reference><Reference><Citation>Manchester M, Smith KA, Eto DS, Perkin HB, Torbett BE. Targeting and hematopoietic suppression of human CD34 cells by measles virus. J. Virol. 2002;76(13):6636. doi: 10.1128/JVI.76.13.6636-6642.2002.</Citation><ArticleIdList><ArticleId IdType="doi">10.1128/JVI.76.13.6636-6642.2002</ArticleId><ArticleId IdType="pmc">PMC136250</ArticleId><ArticleId IdType="pubmed">12050376</ArticleId></ArticleIdList></Reference><Reference><Citation>Tassaneetrithep B, et al. DC-SIGN (CD209) mediates dengue virus infection of human dendritic cells. J. Exp. Med. 2003;197(7):823&#x2013;829. doi: 10.1084/jem.20021840.</Citation><ArticleIdList><ArticleId IdType="doi">10.1084/jem.20021840</ArticleId><ArticleId IdType="pmc">PMC2193896</ArticleId><ArticleId IdType="pubmed">12682107</ArticleId></ArticleIdList></Reference><Reference><Citation>Seema, Jain, S. K. Molecular mechanism of pathogenesis of dengue virus: Entry and fusion with target cell. Indian J. ClinBiochem. 20(2), 92&#x2013;103 (2005).</Citation><ArticleIdList><ArticleId IdType="pmc">PMC3453834</ArticleId><ArticleId IdType="pubmed">23105540</ArticleId></ArticleIdList></Reference><Reference><Citation>Alvarez, M., Roch, R.-R., Bernardo, L., Morier, L., Guzman, M. G. Improved dengue virus plaque formation on BHK21 and LLCMK2 cells: Evaluation of some factors. Dengue Bull. 29 (2005).</Citation></Reference><Reference><Citation>Noisakran S, et al. Detection of dengue virus in platelets isolated from dengue patients. The Southeast Asian J. Trop. Med. Public Health. 2009;40:253&#x2013;262.</Citation><ArticleIdList><ArticleId IdType="pubmed">19323010</ArticleId></ArticleIdList></Reference><Reference><Citation>Souza AI, Ferreira ALCG, Arraes MA, Mours BM, Braga MC, et al. Dengue as a cause of fever during pregnancy: A report of two cases. Rev. Soc. Bras. Med. Trop. 2016;49(3):380&#x2013;382. doi: 10.1590/0037-8682-0306-2015.</Citation><ArticleIdList><ArticleId IdType="doi">10.1590/0037-8682-0306-2015</ArticleId><ArticleId IdType="pubmed">27384840</ArticleId></ArticleIdList></Reference><Reference><Citation>Kita K, Lee JO, Finnerty CC, Herndon DN, et al. Cord blood-derived hematopoietic stem/progenitor cells: Current challenges in engraftment, infection, and ex vivo expansion. Stem Cells Int. 2011;2011:276193&#x2013;276193. doi: 10.4061/2011/276193.</Citation><ArticleIdList><ArticleId IdType="doi">10.4061/2011/276193</ArticleId><ArticleId IdType="pmc">PMC3096303</ArticleId><ArticleId IdType="pubmed">21603139</ArticleId></ArticleIdList></Reference><Reference><Citation>Ali N-A, Kheirandish M. Human cord blood-derived viral pathogens as the potential threats to the hematopoietic stem cell transplantation safety: A mini review. World J. Stem Cells. 2019;11(2):73&#x2013;83. doi: 10.4252/wjsc.v11.i2.73.</Citation><ArticleIdList><ArticleId IdType="doi">10.4252/wjsc.v11.i2.73</ArticleId><ArticleId IdType="pmc">PMC6397803</ArticleId><ArticleId IdType="pubmed">30842806</ArticleId></ArticleIdList></Reference><Reference><Citation>Palacios G, et al. Severe acute respiratory syndrome coronavirus persistence in Vero cells. Chin. Med. J. (Engl.) 2005;118(6):451&#x2013;459.</Citation><ArticleIdList><ArticleId IdType="pubmed">15788125</ArticleId></ArticleIdList></Reference><Reference><Citation>Albrecht, T., Fons, M., Boldogh, I., Robson, A. S. Effects on cells. In Medical Microbiology (ed. Editor, B. S.). (University of Texas Medical Branch at Galveston, 1996).</Citation><ArticleIdList><ArticleId IdType="pubmed">21413282</ArticleId></ArticleIdList></Reference><Reference><Citation>Cherrier MV, et al. Structural basis for the preferential recognition of immature flaviviruses by a fusion-loop antibody. EMBO J. 2009;28(20):3269&#x2013;3276. doi: 10.1038/emboj.2009.245.</Citation><ArticleIdList><ArticleId IdType="doi">10.1038/emboj.2009.245</ArticleId><ArticleId IdType="pmc">PMC2771083</ArticleId><ArticleId IdType="pubmed">19713934</ArticleId></ArticleIdList></Reference><Reference><Citation>Byk LA, Gamarnik AV. Properties and functions of the dengue virus capsid protein. Annu. Rev. Virol. 2016;3(1):263&#x2013;281. doi: 10.1146/annurev-virology-110615-042334.</Citation><ArticleIdList><ArticleId IdType="doi">10.1146/annurev-virology-110615-042334</ArticleId><ArticleId IdType="pmc">PMC5417333</ArticleId><ArticleId IdType="pubmed">27501261</ArticleId></ArticleIdList></Reference><Reference><Citation>Samsa MM, et al. Dengue virus capsid protein usurps lipid droplets for viral particle formation. PLoS Pathog. 2009;5(10):e1000632. doi: 10.1371/journal.ppat.1000632.</Citation><ArticleIdList><ArticleId IdType="doi">10.1371/journal.ppat.1000632</ArticleId><ArticleId IdType="pmc">PMC2760139</ArticleId><ArticleId IdType="pubmed">19851456</ArticleId></ArticleIdList></Reference><Reference><Citation>Vats A, et al. Evidence that hematopoietic stem cells in human umbilical cord blood are infectable by dengue virus: Proposing a vertical transmission candidate. Heliyon. 2021;7(4):e06785. doi: 10.1016/j.heliyon.2021.e06785.</Citation><ArticleIdList><ArticleId IdType="doi">10.1016/j.heliyon.2021.e06785</ArticleId><ArticleId IdType="pmc">PMC8082560</ArticleId><ArticleId IdType="pubmed">33981874</ArticleId></ArticleIdList></Reference><Reference><Citation>Handgretinger, R., Kuci, S. CD133-Positive Hematopoietic Stem Cells: From Biology to Medicine. In Prominin-1 (CD133): New Insights on Stem &amp; Cancer Stem Cell Biology (ed. Corbeil, D.) 99&#x2013;111 (Springer, 2012) (Denis Corbeil: Biotechnological Centre (BIOTEC)Dresden University of Technology).</Citation><ArticleIdList><ArticleId IdType="pubmed">23161078</ArticleId></ArticleIdList></Reference><Reference><Citation>Karbanov&#xe1; J, et al. The stem cell marker CD133 (Prominin-1) is expressed in various human glandular epithelia. J. Histochem. Cytochem. 2008;56(11):977&#x2013;993. doi: 10.1369/jhc.2008.951897.</Citation><ArticleIdList><ArticleId IdType="doi">10.1369/jhc.2008.951897</ArticleId><ArticleId IdType="pmc">PMC2569896</ArticleId><ArticleId IdType="pubmed">18645205</ArticleId></ArticleIdList></Reference><Reference><Citation>Matatall KA, et al. Chronic infection depletes hematopoietic stem cells through stress-induced terminal differentiation. Cell Rep. 2016;17(10):2584&#x2013;2595. doi: 10.1016/j.celrep.2016.11.031.</Citation><ArticleIdList><ArticleId IdType="doi">10.1016/j.celrep.2016.11.031</ArticleId><ArticleId IdType="pmc">PMC5161248</ArticleId><ArticleId IdType="pubmed">27926863</ArticleId></ArticleIdList></Reference><Reference><Citation>Corrales-Aguilar E, Hun-Opfer L. New perspectives on dengue pathogenesis. Acta M&#xe9;dica Costarricense. 2012;54:75&#x2013;85.</Citation></Reference></ReferenceList></PubmedData></PubmedArticle></PubmedArticleSet>