<?xml version="1.0" ?>
<!DOCTYPE PubmedArticleSet PUBLIC "-//NLM//DTD PubMedArticle, 1st January 2023//EN" "https://dtd.nlm.nih.gov/ncbi/pubmed/out/pubmed_230101.dtd">
<PubmedArticleSet>
<PubmedArticle><MedlineCitation Status="Publisher" Owner="NLM" IndexingMethod="Automated"><PMID Version="1">37384574</PMID><DateRevised><Year>2023</Year><Month>07</Month><Day>14</Day></DateRevised><Article PubModel="Print-Electronic"><Journal><ISSN IssnType="Electronic">1526-4998</ISSN><JournalIssue CitedMedium="Internet"><PubDate><Year>2023</Year><Month>Jun</Month><Day>29</Day></PubDate></JournalIssue><Title>Pest management science</Title><ISOAbbreviation>Pest Manag Sci</ISOAbbreviation></Journal><ArticleTitle>Joint influence of architectural and spatiotemporal factors on the presence of Aedes aegypti in urban environments.</ArticleTitle><ELocationID EIdType="doi" ValidYN="Y">10.1002/ps.7634</ELocationID><Abstract><AbstractText Label="BACKGROUND" NlmCategory="BACKGROUND">Urbanization has led to the proliferation of high-rise buildings, which have substantially influenced the distribution of dengue vectors, such as Aedes aegypti (L.). However, knowledge gaps exist regarding the individual and combined effects of architectural and spatiotemporal factors on dengue vector. This study investigated the interrelationship between Ae. aegypti presence, building architectural features, and spatiotemporal factors in urban environments.</AbstractText><AbstractText Label="RESULTS" NlmCategory="RESULTS">The mosquito Ae. aegypti presence varied by location and seasons, being higher in outdoor environments than in indoor environments. Lingya (Kaohsiung City, Taiwan) had the highest mosquito numbers, particularly in basement and first floor areas. Ae. aegypti was found on multiple floors within buildings, and their presence was greater in summer and autumn. The XGBoost model revealed that height within a building, temperature, humidity, resident density, and rainfall were key factors influencing mosquito presence, whereas openness had a relatively minor impact.</AbstractText><AbstractText Label="CONCLUSION" NlmCategory="CONCLUSIONS">To effectively address the problems caused by urbanization, the three-dimensional distribution of Ae. aegypti, including their spatial distribution across heights and areas within the urban environment, must be considered. By incorporating these multiple factors, this approach provides valuable insights for those responsible for urban planning and disease management strategies. Understanding the interplay between architectural features, environmental conditions, and the presence of Ae. aegypti is essential for developing targeted interventions and mitigating the adverse impacts of urbanization on public health. &#xa9; 2023 Society of Chemical Industry.</AbstractText><CopyrightInformation>&#xa9; 2023 Society of Chemical Industry.</CopyrightInformation></Abstract><AuthorList CompleteYN="Y"><Author ValidYN="Y"><LastName>Liao</LastName><ForeName>Jhih-Rong</ForeName><Initials>JR</Initials><Identifier Source="ORCID">0000-0003-1234-2350</Identifier><AffiliationInfo><Affiliation>Department of Entomology, National Chung Hsing University, Taichung City, Taiwan.</Affiliation></AffiliationInfo><AffiliationInfo><Affiliation>Systematic Zoology Laboratory, Department of Biological Sciences, Tokyo Metropolitan University, Hachioji City, Tokyo, Japan.</Affiliation></AffiliationInfo></Author><Author ValidYN="Y"><LastName>Tu</LastName><ForeName>Wu-Chun</ForeName><Initials>WC</Initials><Identifier Source="ORCID">0000-0002-9882-9778</Identifier><AffiliationInfo><Affiliation>Department of Entomology, National Chung Hsing University, Taichung City, Taiwan.</Affiliation></AffiliationInfo><AffiliationInfo><Affiliation>School of Life Sciences and Technology, Institut Teknologi Bandung, Bandung, West Java, Indonesia.</Affiliation></AffiliationInfo></Author><Author ValidYN="Y"><LastName>Chiu</LastName><ForeName>Ming-Chih</ForeName><Initials>MC</Initials><Identifier Source="ORCID">0000-0003-2793-4981</Identifier><AffiliationInfo><Affiliation>Department of Entomology, National Chung Hsing University, Taichung City, Taiwan.</Affiliation></AffiliationInfo><AffiliationInfo><Affiliation>Center for Marine Environmental Studies (CMES), Ehime University, Matsuyama City, Ehime, Japan.</Affiliation></AffiliationInfo></Author><Author ValidYN="Y"><LastName>Kuo</LastName><ForeName>Mei-Hwa</ForeName><Initials>MH</Initials><AffiliationInfo><Affiliation>Department of Entomology, National Chung Hsing University, Taichung City, Taiwan.</Affiliation></AffiliationInfo></Author><Author ValidYN="Y"><LastName>Cheng</LastName><ForeName>Hui-Ching</ForeName><Initials>HC</Initials><AffiliationInfo><Affiliation>National Mosquito-Borne Diseases Control Research Center, National Health Research Institutes, Kaohsiung City, Taiwan.</Affiliation></AffiliationInfo></Author><Author ValidYN="Y"><LastName>Chan</LastName><ForeName>Chia-Chun</ForeName><Initials>CC</Initials><AffiliationInfo><Affiliation>Department of Entomology, National Chung Hsing University, Taichung City, Taiwan.</Affiliation></AffiliationInfo></Author><Author ValidYN="Y"><LastName>Dai</LastName><ForeName>Shu-Mei</ForeName><Initials>SM</Initials><Identifier Source="ORCID">0000-0002-6546-2631</Identifier><AffiliationInfo><Affiliation>Department of Entomology, National Chung Hsing University, Taichung City, Taiwan.</Affiliation></AffiliationInfo><AffiliationInfo><Affiliation>Center for Dengue Fever Control and Research, Kaohsiung Medical University, Kaohsiung City, Taiwan.</Affiliation></AffiliationInfo></Author></AuthorList><Language>eng</Language><GrantList CompleteYN="Y"><Grant><GrantID>MOHW104-CDC-C-114-114901</GrantID><Agency>Center for Dengue Fever Control and Research, Kaohsiung Medical University</Agency><Country/></Grant><Grant><GrantID>H105012</GrantID><Agency>Taiwan Centers for Disease Control, Ministry of Health and Welfare</Agency><Country/></Grant><Grant><GrantID>n&#xb0;22P22380</GrantID><Agency>YF2022 Japan Society for the Promotion of Science Postdoctoral Fellowships</Agency><Country/></Grant></GrantList><PublicationTypeList><PublicationType UI="D016428">Journal Article</PublicationType></PublicationTypeList><ArticleDate DateType="Electronic"><Year>2023</Year><Month>06</Month><Day>29</Day></ArticleDate></Article><MedlineJournalInfo><Country>England</Country><MedlineTA>Pest Manag Sci</MedlineTA><NlmUniqueID>100898744</NlmUniqueID><ISSNLinking>1526-498X</ISSNLinking></MedlineJournalInfo><CitationSubset>IM</CitationSubset><KeywordList Owner="NOTNLM"><Keyword MajorTopicYN="N">Aedes aegypti</Keyword><Keyword MajorTopicYN="N">building architecture</Keyword><Keyword MajorTopicYN="N">dengue</Keyword><Keyword MajorTopicYN="N">three-dimensional distribution</Keyword><Keyword MajorTopicYN="N">urbanization</Keyword></KeywordList></MedlineCitation><PubmedData><History><PubMedPubDate PubStatus="revised"><Year>2023</Year><Month>6</Month><Day>22</Day></PubMedPubDate><PubMedPubDate PubStatus="received"><Year>2023</Year><Month>4</Month><Day>6</Day></PubMedPubDate><PubMedPubDate PubStatus="accepted"><Year>2023</Year><Month>6</Month><Day>29</Day></PubMedPubDate><PubMedPubDate PubStatus="pubmed"><Year>2023</Year><Month>6</Month><Day>29</Day><Hour>19</Hour><Minute>12</Minute></PubMedPubDate><PubMedPubDate PubStatus="medline"><Year>2023</Year><Month>6</Month><Day>29</Day><Hour>19</Hour><Minute>12</Minute></PubMedPubDate><PubMedPubDate PubStatus="entrez"><Year>2023</Year><Month>6</Month><Day>29</Day><Hour>13</Hour><Minute>13</Minute></PubMedPubDate></History><PublicationStatus>aheadofprint</PublicationStatus><ArticleIdList><ArticleId IdType="pubmed">37384574</ArticleId><ArticleId IdType="doi">10.1002/ps.7634</ArticleId></ArticleIdList><ReferenceList><Title>REFERENCES</Title><Reference><Citation>Grinnell J, The niche-relationships of the California thrasher. Auk 34:427-433 (1917).</Citation></Reference><Reference><Citation>Hutchinson GE, Concluding remarks. Population studies: animal ecology and demography. Cold Spring Harb Symposium Quant Biol 22:415-457 (1957).</Citation></Reference><Reference><Citation>Lawton JH, Are there general laws in ecology? Oikos 84:177-192 (1999).</Citation></Reference><Reference><Citation>Leibold MA, Holyoak M, Mouquet N, Amarasekare P, Chase JM, Hoopes MF et al., The metacommunity concept: a framework for multi-scale community ecology. Ecol Lett 7:601-613 (2004).</Citation></Reference><Reference><Citation>Wisz MS, Pottier J, Kissling WD, Pellissier L, Lenoir J, Damgaard CF et al., The role of biotic interactions in shaping distributions and realised assemblages of species: implications for species distribution modelling. Biol Rev Biol Proc Camb Philos Soc 88:15-30 (2013).</Citation></Reference><Reference><Citation>Elo M, Jyrk&#xe4;nkallio-Mikkola J, Ovaskainen O, Soininen J, Tolonen KT and Heino J, Does trait-based joint species distribution modelling reveal the signature of competition in stream macroinvertebrate communities? J Anim Ecol 90:1276-1287 (2021).</Citation></Reference><Reference><Citation>Lowe EC, Latty T, Webb CE, Whitehouse MEA and Sauders M, Engaging urban stakeholders in the sustainable management of arthropod pests. J Pest Sci 92:987-1002 (2019).</Citation></Reference><Reference><Citation>McKinney ML, Urbanisation as a major cause of biotic homogenisation. Biol Conserv 127:247-260 (2006).</Citation></Reference><Reference><Citation>Gubler DJ, Dengue, urbanisation and globalisation: the unholy trinity of the 21st century. Trop Med Health 39:3-11 (2011).</Citation></Reference><Reference><Citation>Johnson MTJ and Munshi-South J, Evolution of life in urban environments. Science 358:eaam8327 (2017).</Citation></Reference><Reference><Citation>Wilke ABB, Caban-Martinez AJ, Ajelli M, Vasquez C, Petrie W and Beier JC, Mosquito adaptation to the extreme habitats of urban construction sites. Trends Parasitol 35:607-614 (2019a).</Citation></Reference><Reference><Citation>Rose NH, Sylla M, Badolo A, Lutomiah J, Ayala D, Aribodor OB et al., Climate and urbanization drive mosquito preference for humans. Curr Biol 30:3570-3579 (2020).</Citation></Reference><Reference><Citation>Barr AE, van Dijk LJA, Hylander K and Tack AJM, Local habitat factors and spatial connectivity jointly shape an urban insect community. Landsc Urban Plan 214:104177 (2021).</Citation></Reference><Reference><Citation>Brady OJ and Hay SI, The global expansion of dengue: how Aedes aegypti mosquitoes enabled the first pandemic arbovirus. Annu Rev Entomol 65:191-208 (2020).</Citation></Reference><Reference><Citation>Parham PE, Waldock J, Christophides GK, Hemming D, Agusto F, Evans KJ et al., Climate, environmental and socio-economic change: weighing up the balance in vector-borne disease transmission. Philos Trans R Soc Lond B Biol Sci 370:20130551 (2015).</Citation></Reference><Reference><Citation>Madre F, Vergnes A, Machon N and Clergeau P, A comparison of 3 types of green roof as habitat for arthropods. Ecol Eng 57:109117 (2013).</Citation></Reference><Reference><Citation>MacIvor JS, Building height matters: nesting activity of bees and wasps on vegetated roofs. Isr J Ecol Evol 62:88-96 (2015).</Citation></Reference><Reference><Citation>Dromgold JR, Threlfall CG, Norton BA and Williams NS, Green roof and ground-level invertebrate communities are similar and are driven by building height and landscape context. J Urban Econ 6:1-9 (2020).</Citation></Reference><Reference><Citation>Carrasco-Tenezaca M, Jawara M, Abdi MY, Bradley J, Brittain OS, Ceesay S et al., The relationship between house height and mosquito house entry: an experimental study in rural Gambia. J R Soc Interface 18:20210256 (2021).</Citation></Reference><Reference><Citation>Lindsay SW, Wilson A, Golding N, Scott TW and Takken W, Improving the built environment in urban areas to control Aedes aegypti-borne diseases. Bull World Health Organ 95:607-608 (2017).</Citation></Reference><Reference><Citation>Hon&#xf3;rio NA, Code&#xe7;o CT, Alves FC, Magalh&#xe3;es MAFM and Louren&#xe7;o-de-Oliveira R, Temporal distribution of Aedes aegypti in different districts of Rio de Janeiro, Brazil, measured by two types of traps. J Med Entomol 46:1001-1014 (2009).</Citation></Reference><Reference><Citation>Lozano-Fuentes S, Hayden MH, Welsh-Rodriguez C, Ochoa-Martinez C, Tapia-Santos B, Kobylinski KC et al., The dengue virus mosquito vector Aedes aegypti at high elevation in Mexico. Am J Trop Med Hyg 87:902-909 (2012).</Citation></Reference><Reference><Citation>Brady OJ, Golding N, Pigott DM, Kraemer MUG, Messina JP, Reiner RC Jr et al., Global temperature constraints on Aedes aegypti and Ae. albopictus persistence and competence for dengue virus transmission. Parasites Vectors 7:338 (2014).</Citation></Reference><Reference><Citation>Moreno-Madri&#xf1;&#xe1;n MJ, Crosson WL, Eisen L, Estes SM, Estes MG Jr, Hayden M et al., Correlating remote sensing data with the abundance of pupae of the dengue virus mosquito vector, Aedes aegypti, in Central Mexico. ISPRS Int J Geo-Inf 3:732-749 (2014).</Citation></Reference><Reference><Citation>Ng K-C, Chaves LF, Tsai K-H and Chuang T-W, Increased adult Aedes aegypti and Culex quinquefasciatus (Diptera: Culicidae) abundance in a dengue transmission hotspot, compared to a coldspot, within Kaohsiung City, Taiwan. Insects 9:98 (2018).</Citation></Reference><Reference><Citation>Tsai PJ, Lin TH, Teng HJ and Yeh HC, Critical low temperature for the survival of Aedes aegypti in Taiwan. Parasites Vectors 11:22 (2018).</Citation></Reference><Reference><Citation>Valdez LD, Sibona GJ and Condat CA, Impact of rainfall on Aedes aegypti populations. Ecol Model 385:96-105 (2018).</Citation></Reference><Reference><Citation>Rajarethinam J, Ong J, Neo Z-W, Ng L-C and Aik J, Distribution and seasonal fluctuations of Ae. aegypti and Ae. albopictus larval and pupae in residential areas in an urban landscape. PLoS Negl Trop Dis 14:e0008209 (2020).</Citation></Reference><Reference><Citation>Francisco ME, Carvajal TM, Ryo M, Nukazawa K, Amalin DM and Watanabe K, Dengue disease dynamics are modulated by combinatory influences of precipitation and landscapes using a machine learning-based approach. Sci Total Environ 792:148406 (2021).</Citation></Reference><Reference><Citation>Unlu I, Farajollahi A, Healy SP, Crepeau T, Bartlett-Healy K, Williges E et al., Area-wide management of Aedes albopictus: choice of study sites based on geospatial characteristics, socioeconomic factors and mosquito populations. Pest Manag Sci 67:965-974 (2011).</Citation></Reference><Reference><Citation>Obenauer JF, Joyner TA and Harris JB, The importance of human population characteristics in modelling Aedes aegypti distributions and assessing risk of mosquito-borne infectious diseases. Trop Med Health 45:38 (2017).</Citation></Reference><Reference><Citation>Chen S, Whiteman A, Li A, Rapp T, Delmelle E, Chen G et al., An operational machine learning approach to predict mosquito abundance based on socioeconomic and landscape patterns. Landsc Ecol 34:1295-1311 (2019).</Citation></Reference><Reference><Citation>LaDeau SL, Allan BF, Leisnham PT and Levy MZ, The ecological foundations of transmission potential and vector-borne disease in urban landscape. Funct Ecol 29:889-901 (2015).</Citation></Reference><Reference><Citation>Madewell ZJ, Sosa S, Brouwer KC, Ju&#xe1;rez JG, Romero C, Lenhart A et al., Associations between household environmental factors and immature mosquito abundance in Quetzaltenango, Guatemala. BMC Public Health 19:1729 (2019).</Citation></Reference><Reference><Citation>Chen WJ, Dengue outbreaks and the geographic distribution of dengue vectors in Taiwan: a 20-year epidemiological analysis. Biom J 41:283-289 (2018).</Citation></Reference><Reference><Citation>World Health Organization, Dengue and severe dengue https://www.who.int/news-room/fact-sheets/detail/dengue-and-severe-dengue [accessed 16 February 2022].</Citation></Reference><Reference><Citation>Yang CF, Hou JN, Chen TH and Chen WJ, Discriminable roles of Aedes aegypti and Aedes albopictus in establishment of dengue outbreaks in Taiwan. Acta Trop 130:17-23 (2014).</Citation></Reference><Reference><Citation>Wang SF, Wang WH, Chang K, Chen YH, Tseng SP, Yen CH et al., Severe dengue fever outbreak in Taiwan. Am J Trop Med Hyg 94:193-197 (2016).</Citation></Reference><Reference><Citation>Chang LH, Hsu EL, Teng HJ and Ho CM, Differential survival of Aedes aegypti and Aedes albopictus (Diptera: Culicidae) larvae exposed to low temperatures in Taiwan. J Med Entomol 44:205-210 (2007).</Citation></Reference><Reference><Citation>Wu PC, Lay J-G, Guo H-R, Lin C-Y, Lung S-C and Su H-J, Higher temperature and urbanization affect the spatial patterns of dengue fever transmission in subtropical Taiwan. Sci Total Environ 407:2224-2233 (2009).</Citation></Reference><Reference><Citation>Kraemer MU, Sinka ME, Duda KA, Mylne AQ, Shearer FM, Barker CM et al., The global distribution of the arbovirus vectors Aedes aegypti and Ae. albopictus. elife 4:e08347 (2015).</Citation></Reference><Reference><Citation>Campbell LP, Luther C, Moo-Llanes D, Ramsey JM, Danis-Lozano R and Peterson AT, Climate change influences on global distributions of dengue and chikungunya virus vectors. Phil Trans R Soc B 370:20140135 (2014).</Citation></Reference><Reference><Citation>Tsuzuki A, Sunahara T, Duoc VT, Le NH, Higa Y, Phong TV et al., Effect of housing factors on infestation by Aedes aegypti (L.) and Aedes albopictus Skuse in urban Hanoi City, Vietnam. Southeast Asian J Trop Med Public Health 44:979-987 (2013).</Citation></Reference><Reference><Citation>Braks MAH, Honorio NA, Lounibos LP, Lourenco-De-Oliveira R and Juliano SA, Interspecific competition between two invasive species of container mosquitoes, Aedes aegypti and Aedes albopictus (Diptera: Culicidae), in Brazil. Ann Entomol Soc Am 97:130-139 (2004).</Citation></Reference><Reference><Citation>Farjana T, Tuno N and Higa Y, Effects of temperature and diet on development and interspecies competition in Aedes aegypti and Aedes albopictus. Med Vet Entomol 26:210-217 (2012).</Citation></Reference><Reference><Citation>Pilot E, Murthy GVS and Nittas V, Understanding India's urban dengue surveillance: a qualitative policy analysis of Hyderabad district. Glob Public Health 15:1702-1717 (2020).</Citation></Reference><Reference><Citation>Lau KW, Chen CD, Lee HL, Izzul AA, Asri-Isa M, Zulfadli M et al., Vertical distribution of Aedes mosquitoes in multiple storey buildings in Selangor and Kuala Lumpur, Malaysia. Asian Pac J Trop Biomed 30:36-45 (2013).</Citation></Reference><Reference><Citation>Schwarz M, Byrd BD, Marayati BF, Blum PW, Wells MB, Greene AD et al., Horizontal distribution affects the vertical distribution of native and invasive container-inhabiting Aedes mosquitoes within an urban landscape. J Vector Ecol 45:16-24 (2020).</Citation></Reference><Reference><Citation>Jatta E, Jawara M, Bradley J, Jeffries D, Kandeh B, Knudsen JB et al., How house design affects malaria mosquito density, temperature, and relative humidity: an experimental study in rural Gambia. Lancet Planet Health 2:e498-e508 (2018).</Citation></Reference><Reference><Citation>Jatta E, Carrasco-Tenezaca M, Jawara M, Bradley J, Ceesay S, D'Alessandro U et al., Impact of increased ventilation on indoor temperature and malaria mosquito density: an experimental study in The Gambia. J R Soc Interface 18:20201030 (2021).</Citation></Reference><Reference><Citation>Chen T, He T, Benesty M, Khotilovich V, Tang Y, Cho H et al., XGBoost: Extreme Gradient Boosting. R Package Version 1.6.0.1 https://CRAN.R-project.org/package=xgboost [accessed 7 April 2022].</Citation></Reference><Reference><Citation>Lundberg SM and Lee S-I, A unified approach to interpreting model predictions. Adv Neural Inf Process Syst 30:4768-4777 (2017).</Citation></Reference><Reference><Citation>Sellers RF, Weather, host and vector - their interplay in the spread of insect-borne animal virus diseases. J Hyg Camb 85:65-102 (1980).</Citation></Reference><Reference><Citation>Rowley WA and Graham CL, The effect of temperature and relative humidity on the flight performance of female Aedes aegypti. J Insect Physiol 14:1251-1257 (1968).</Citation></Reference><Reference><Citation>Koenraadt CJM and Harrington LC, Flushing effect of rain on container-inhabiting mosquitoes Aedes albopictus and Culex pipiens (Diptera: Culicidae). J Med Entomol 45:28-35 (2008).</Citation></Reference><Reference><Citation>Wilke ABB, Vasquez C, Carvajal A, Moreno M, Fuller DO, Cardenas G et al., Urbanization creates diverse aquatic habitats for immature mosquitoes in urban areas. Sci Rep 9:15335 (2019b).</Citation></Reference><Reference><Citation>Eisen L and Moore CG, Aedes (Stegomyia) aegypti in the continental United States: a vector at the cool margin of its geographic range. J Med Entomol 50:467-478 (2013).</Citation></Reference></ReferenceList></PubmedData></PubmedArticle></PubmedArticleSet>