<?xml version="1.0" ?>
<!DOCTYPE PubmedArticleSet PUBLIC "-//NLM//DTD PubMedArticle, 1st January 2023//EN" "https://dtd.nlm.nih.gov/ncbi/pubmed/out/pubmed_230101.dtd">
<PubmedArticleSet>
<PubmedArticle><MedlineCitation Status="MEDLINE" Owner="NLM" IndexingMethod="Automated"><PMID Version="1">37487418</PMID><DateCompleted><Year>2023</Year><Month>08</Month><Day>14</Day></DateCompleted><DateRevised><Year>2023</Year><Month>08</Month><Day>14</Day></DateRevised><Article PubModel="Print-Electronic"><Journal><ISSN IssnType="Electronic">2352-3964</ISSN><JournalIssue CitedMedium="Internet"><Volume>94</Volume><PubDate><Year>2023</Year><Month>Aug</Month></PubDate></JournalIssue><Title>EBioMedicine</Title><ISOAbbreviation>EBioMedicine</ISOAbbreviation></Journal><ArticleTitle>Mechanical transmission of dengue virus by Aedes aegypti may influence disease transmission dynamics during outbreaks.</ArticleTitle><Pagination><StartPage>104723</StartPage><MedlinePgn>104723</MedlinePgn></Pagination><ELocationID EIdType="pii" ValidYN="Y">104723</ELocationID><ELocationID EIdType="doi" ValidYN="Y">10.1016/j.ebiom.2023.104723</ELocationID><ELocationID EIdType="pii" ValidYN="Y">S2352-3964(23)00288-8</ELocationID><Abstract><AbstractText Label="BACKGROUND" NlmCategory="BACKGROUND">Dengue virus outbreaks are increasing in number and severity worldwide. Viral transmission is assumed to require a minimum time period of viral replication within the mosquito midgut. It is unknown if alternative transmission periods not requiring replication are possible.</AbstractText><AbstractText Label="METHODS" NlmCategory="METHODS">We used a mouse model of dengue virus transmission to investigate the potential of mechanical transmission of dengue virus. We investigated minimal viral titres necessary for development of symptoms in bitten mice and used resulting parameters to inform a new model of dengue virus transmission within a susceptible population.</AbstractText><AbstractText Label="FINDINGS" NlmCategory="RESULTS">Na&#xef;ve mice bitten by mosquitoes immediately after they took partial blood meals from dengue infected mice showed symptoms of dengue virus, followed by mortality. Incorporation of mechanical transmission into mathematical models of dengue virus transmission suggest that this supplemental transmission route could result in larger outbreaks which peak sooner.</AbstractText><AbstractText Label="INTERPRETATION" NlmCategory="CONCLUSIONS">The potential of dengue transmission routes independent of midgut viral replication has implications for vector control strategies that target mosquito lifespan and suggest the possibility of similar mechanical transmission routes in other disease-carrying mosquitoes.</AbstractText><AbstractText Label="FUNDING" NlmCategory="BACKGROUND">This study was funded by grants from the National Health Research Institutes, Taiwan (04D2-MMMOST02), the Human Frontier Science Program (RGP0033/2021), the National Institutes of Health (1R01AI143698-01A1, R01AI151004 and DP2AI152071) and the Ministry of Science and Technology, Taiwan (MOST104-2321-B-400-016).</AbstractText><CopyrightInformation>Copyright &#xa9; 2023 The Authors. Published by Elsevier B.V. All rights reserved.</CopyrightInformation></Abstract><AuthorList CompleteYN="Y"><Author ValidYN="Y"><LastName>Li</LastName><ForeName>Hsing-Han</ForeName><Initials>HH</Initials><AffiliationInfo><Affiliation>National Mosquito-Borne Disease Control Research Center, NHRI, Miaoli, 350401, Taiwan; National Institute of Infectious Diseases and Vaccinology, NHRI, Miaoli, 350401, Taiwan; Division of Biological Sciences, Section of Cell and Developmental Biology, University of California, San Diego, La Jolla, CA, 92093, USA.</Affiliation></AffiliationInfo></Author><Author ValidYN="Y"><LastName>Su</LastName><ForeName>Matthew P</ForeName><Initials>MP</Initials><AffiliationInfo><Affiliation>Graduate School of Science, Nagoya University, Nagoya, 464-8602, Japan; Institute for Advanced Research, Nagoya University, Nagoya, 464-8601, Japan.</Affiliation></AffiliationInfo></Author><Author ValidYN="Y"><LastName>Wu</LastName><ForeName>Shih-Cheng</ForeName><Initials>SC</Initials><AffiliationInfo><Affiliation>National Mosquito-Borne Disease Control Research Center, NHRI, Miaoli, 350401, Taiwan; National Institute of Infectious Diseases and Vaccinology, NHRI, Miaoli, 350401, Taiwan; Department of Clinical Laboratory Sciences and Medical Biotechnology, College of Medicine, National Taiwan University, Taipei, 10048, Taiwan; Department of Laboratory Medicine, National Taiwan University Hospital, College of Medicine, National Taiwan University, Taipei, 10021, Taiwan.</Affiliation></AffiliationInfo></Author><Author ValidYN="Y"><LastName>Tsou</LastName><ForeName>Hsiao-Hui</ForeName><Initials>HH</Initials><AffiliationInfo><Affiliation>Institute of Population Health Sciences, National Health Research Institutes, Zhunan, Miaoli, 350401, Taiwan; Graduate Institute of Biostatistics, College of Public Health, China Medical University, Taichung, 40402, Taiwan.</Affiliation></AffiliationInfo></Author><Author ValidYN="Y"><LastName>Chang</LastName><ForeName>Meng-Chun</ForeName><Initials>MC</Initials><AffiliationInfo><Affiliation>Department of Life Science &amp; Institute of Bioinformatics and Structural Biology, National Tsing Hua University, Hsinchu, Taiwan.</Affiliation></AffiliationInfo></Author><Author ValidYN="Y"><LastName>Cheng</LastName><ForeName>Yu-Chieh</ForeName><Initials>YC</Initials><AffiliationInfo><Affiliation>Institute of Population Health Sciences, National Health Research Institutes, Zhunan, Miaoli, 350401, Taiwan.</Affiliation></AffiliationInfo></Author><Author ValidYN="Y"><LastName>Tsai</LastName><ForeName>Kuen-Nan</ForeName><Initials>KN</Initials><AffiliationInfo><Affiliation>Institute of Molecular and Genomic Medicine, NHRI, Miaoli, 350401, Taiwan.</Affiliation></AffiliationInfo></Author><Author ValidYN="Y"><LastName>Wang</LastName><ForeName>Hsin-Wei</ForeName><Initials>HW</Initials><AffiliationInfo><Affiliation>National Mosquito-Borne Disease Control Research Center, NHRI, Miaoli, 350401, Taiwan; National Institute of Infectious Diseases and Vaccinology, NHRI, Miaoli, 350401, Taiwan.</Affiliation></AffiliationInfo></Author><Author ValidYN="Y"><LastName>Chen</LastName><ForeName>Guan-Hua</ForeName><Initials>GH</Initials><AffiliationInfo><Affiliation>National Institute of Infectious Diseases and Vaccinology, NHRI, Miaoli, 350401, Taiwan; Department of Biological Science and Technology, National Yang Ming Chiao Tung University, Hsinchu, 300, Taiwan.</Affiliation></AffiliationInfo></Author><Author ValidYN="Y"><LastName>Tang</LastName><ForeName>Cheng-Kang</ForeName><Initials>CK</Initials><AffiliationInfo><Affiliation>National Institute of Infectious Diseases and Vaccinology, NHRI, Miaoli, 350401, Taiwan; Program of Plant Protection and Health, Academy of Circular Economy, National Chung Hsing University, Taichung, 402202, Taiwan.</Affiliation></AffiliationInfo></Author><Author ValidYN="Y"><LastName>Chung</LastName><ForeName>Pei-Jung</ForeName><Initials>PJ</Initials><AffiliationInfo><Affiliation>National Institute of Infectious Diseases and Vaccinology, NHRI, Miaoli, 350401, Taiwan.</Affiliation></AffiliationInfo></Author><Author ValidYN="Y"><LastName>Tsai</LastName><ForeName>Wan-Ting</ForeName><Initials>WT</Initials><AffiliationInfo><Affiliation>National Institute of Infectious Diseases and Vaccinology, NHRI, Miaoli, 350401, Taiwan.</Affiliation></AffiliationInfo></Author><Author ValidYN="Y"><LastName>Huang</LastName><ForeName>Li-Rung</ForeName><Initials>LR</Initials><AffiliationInfo><Affiliation>Institute of Molecular and Genomic Medicine, NHRI, Miaoli, 350401, Taiwan.</Affiliation></AffiliationInfo></Author><Author ValidYN="Y"><LastName>Yueh</LastName><ForeName>Yueh Andrew</ForeName><Initials>YA</Initials><AffiliationInfo><Affiliation>Institute of Biotechnology and Pharmaceutical Research, NHRI, Miaoli, 350401, Taiwan.</Affiliation></AffiliationInfo></Author><Author ValidYN="Y"><LastName>Chen</LastName><ForeName>Hsin-Wei</ForeName><Initials>HW</Initials><AffiliationInfo><Affiliation>National Institute of Infectious Diseases and Vaccinology, NHRI, Miaoli, 350401, Taiwan.</Affiliation></AffiliationInfo></Author><Author ValidYN="Y"><LastName>Pan</LastName><ForeName>Chao-Ying</ForeName><Initials>CY</Initials><AffiliationInfo><Affiliation>Department of Health, Kaohsiung City Government, Kaohsiung, 800852, Taiwan.</Affiliation></AffiliationInfo></Author><Author ValidYN="Y"><LastName>Akbari</LastName><ForeName>Omar S</ForeName><Initials>OS</Initials><AffiliationInfo><Affiliation>Division of Biological Sciences, Section of Cell and Developmental Biology, University of California, San Diego, La Jolla, CA, 92093, USA.</Affiliation></AffiliationInfo></Author><Author ValidYN="Y"><LastName>Chang</LastName><ForeName>Hsiao-Han</ForeName><Initials>HH</Initials><AffiliationInfo><Affiliation>Department of Life Science &amp; Institute of Bioinformatics and Structural Biology, National Tsing Hua University, Hsinchu, Taiwan.</Affiliation></AffiliationInfo></Author><Author ValidYN="Y"><LastName>Yu</LastName><ForeName>Guann-Yi</ForeName><Initials>GY</Initials><AffiliationInfo><Affiliation>National Institute of Infectious Diseases and Vaccinology, NHRI, Miaoli, 350401, Taiwan.</Affiliation></AffiliationInfo></Author><Author ValidYN="Y"><LastName>Marshall</LastName><ForeName>John M</ForeName><Initials>JM</Initials><AffiliationInfo><Affiliation>Divisions of Biostatistics and Epidemiology, School of Public Health, University of California, Berkeley, CA, 94720, USA.</Affiliation></AffiliationInfo></Author><Author ValidYN="Y"><LastName>Chen</LastName><ForeName>Chun-Hong</ForeName><Initials>CH</Initials><AffiliationInfo><Affiliation>National Mosquito-Borne Disease Control Research Center, NHRI, Miaoli, 350401, Taiwan; National Institute of Infectious Diseases and Vaccinology, NHRI, Miaoli, 350401, Taiwan. Electronic address: chunhong@gmail.com.</Affiliation></AffiliationInfo></Author></AuthorList><Language>eng</Language><GrantList CompleteYN="Y"><Grant><GrantID>DP2 AI152071</GrantID><Acronym>AI</Acronym><Agency>NIAID NIH HHS</Agency><Country>United States</Country></Grant><Grant><GrantID>R01 AI143698</GrantID><Acronym>AI</Acronym><Agency>NIAID NIH HHS</Agency><Country>United States</Country></Grant><Grant><GrantID>R01 AI151004</GrantID><Acronym>AI</Acronym><Agency>NIAID NIH HHS</Agency><Country>United States</Country></Grant></GrantList><PublicationTypeList><PublicationType UI="D016428">Journal Article</PublicationType></PublicationTypeList><ArticleDate DateType="Electronic"><Year>2023</Year><Month>07</Month><Day>22</Day></ArticleDate></Article><MedlineJournalInfo><Country>Netherlands</Country><MedlineTA>EBioMedicine</MedlineTA><NlmUniqueID>101647039</NlmUniqueID><ISSNLinking>2352-3964</ISSNLinking></MedlineJournalInfo><CitationSubset>IM</CitationSubset><MeshHeadingList><MeshHeading><DescriptorName UI="D006801" MajorTopicYN="N">Humans</DescriptorName></MeshHeading><MeshHeading><DescriptorName UI="D000818" MajorTopicYN="N">Animals</DescriptorName></MeshHeading><MeshHeading><DescriptorName UI="D051379" MajorTopicYN="N">Mice</DescriptorName></MeshHeading><MeshHeading><DescriptorName UI="D003716" MajorTopicYN="Y">Dengue Virus</DescriptorName></MeshHeading><MeshHeading><DescriptorName UI="D003715" MajorTopicYN="Y">Dengue</DescriptorName><QualifierName UI="Q000453" MajorTopicYN="N">epidemiology</QualifierName></MeshHeading><MeshHeading><DescriptorName UI="D000330" MajorTopicYN="Y">Aedes</DescriptorName></MeshHeading><MeshHeading><DescriptorName UI="D004196" MajorTopicYN="N">Disease Outbreaks</DescriptorName></MeshHeading><MeshHeading><DescriptorName UI="D000072138" MajorTopicYN="N">Mosquito Vectors</DescriptorName></MeshHeading></MeshHeadingList><KeywordList Owner="NOTNLM"><Keyword MajorTopicYN="N">Aedes aegypti mosquito</Keyword><Keyword MajorTopicYN="N">Animal models of dengue virus</Keyword><Keyword MajorTopicYN="N">Dengue transmission</Keyword><Keyword MajorTopicYN="N">Mathematical modelling of disease outbreak</Keyword></KeywordList><CoiStatement>Declaration of interests OSA. is a founder of Agragene, Inc. with equity interest and a founder of Synvect with equity interest. The terms of this arrangement have been reviewed and approved by the University of California, San Diego in accordance with its conflict of interest policies. All remaining authors declare no competing interests.</CoiStatement></MedlineCitation><PubmedData><History><PubMedPubDate PubStatus="received"><Year>2023</Year><Month>3</Month><Day>30</Day></PubMedPubDate><PubMedPubDate PubStatus="revised"><Year>2023</Year><Month>7</Month><Day>2</Day></PubMedPubDate><PubMedPubDate PubStatus="accepted"><Year>2023</Year><Month>7</Month><Day>6</Day></PubMedPubDate><PubMedPubDate PubStatus="medline"><Year>2023</Year><Month>8</Month><Day>14</Day><Hour>6</Hour><Minute>42</Minute></PubMedPubDate><PubMedPubDate PubStatus="pubmed"><Year>2023</Year><Month>7</Month><Day>25</Day><Hour>1</Hour><Minute>9</Minute></PubMedPubDate><PubMedPubDate PubStatus="entrez"><Year>2023</Year><Month>7</Month><Day>24</Day><Hour>18</Hour><Minute>6</Minute></PubMedPubDate></History><PublicationStatus>ppublish</PublicationStatus><ArticleIdList><ArticleId IdType="pubmed">37487418</ArticleId><ArticleId IdType="pmc">PMC10382859</ArticleId><ArticleId IdType="doi">10.1016/j.ebiom.2023.104723</ArticleId><ArticleId IdType="pii">S2352-3964(23)00288-8</ArticleId></ArticleIdList><ReferenceList><Reference><Citation>Kraemer M.U.G., Reiner R.C., Jr., Brady O.J., et al. Publisher Correction: past and future spread of the arbovirus vectors Aedes aegypti and Aedes albopictus. Nat Microbiol. 2019;4(5):901.</Citation><ArticleIdList><ArticleId IdType="pmc">PMC7609323</ArticleId><ArticleId IdType="pubmed">30962571</ArticleId></ArticleIdList></Reference><Reference><Citation>Murray N.E.A., Quam M.B., Wilder-Smith A. Epidemiology of dengue: past, present and future prospects. Clin Epidemiol. 2013;5:299&#x2013;309.</Citation><ArticleIdList><ArticleId IdType="pmc">PMC3753061</ArticleId><ArticleId IdType="pubmed">23990732</ArticleId></ArticleIdList></Reference><Reference><Citation>Bhatt S., Gething P.W., Brady O.J., et al. The global distribution and burden of dengue. Nature. 2013;496(7446):504&#x2013;507.</Citation><ArticleIdList><ArticleId IdType="pmc">PMC3651993</ArticleId><ArticleId IdType="pubmed">23563266</ArticleId></ArticleIdList></Reference><Reference><Citation>Haryanto S., Hayati R.F., Yohan B., et al. The molecular and clinical features of dengue during outbreak in Jambi, Indonesia in 2015. Pathog Glob Health. 2016;110(3):119&#x2013;129.</Citation><ArticleIdList><ArticleId IdType="pmc">PMC4984957</ArticleId><ArticleId IdType="pubmed">27215933</ArticleId></ArticleIdList></Reference><Reference><Citation>Wang S.F., Chang K., Loh E.W., et al. Consecutive large dengue outbreaks in Taiwan in 2014-2015. Emerg Microbes Infect. 2016;5(12):e123.</Citation><ArticleIdList><ArticleId IdType="pmc">PMC5180368</ArticleId><ArticleId IdType="pubmed">27924810</ArticleId></ArticleIdList></Reference><Reference><Citation>Luo L., Jiang L.Y., Xiao X.C., et al. The dengue preface to endemic in mainland China: the historical largest outbreak by Aedes albopictus in Guangzhou, 2014. Infect Dis Poverty. 2017;6(1):148.</Citation><ArticleIdList><ArticleId IdType="pmc">PMC5609019</ArticleId><ArticleId IdType="pubmed">28934991</ArticleId></ArticleIdList></Reference><Reference><Citation>Guzman M.G., Halstead S.B., Artsob H., et al. Dengue: a continuing global threat. Nat Rev Microbiol. 2010;8:S7&#x2013;S16. doi: 10.1038/nrmicro2460. Available from:</Citation><ArticleIdList><ArticleId IdType="doi">10.1038/nrmicro2460</ArticleId><ArticleId IdType="pmc">PMC4333201</ArticleId><ArticleId IdType="pubmed">21079655</ArticleId></ArticleIdList></Reference><Reference><Citation>Focks D.A., Brenner R.J., Hayes J., Daniels E. Transmission thresholds for dengue in terms of Aedes aegypti pupae per person with discussion of their utility in source reduction efforts. Am J Trop Med Hyg. 2000;62(1):11&#x2013;18.</Citation><ArticleIdList><ArticleId IdType="pubmed">10761719</ArticleId></ArticleIdList></Reference><Reference><Citation>Halstead S.B. Dengue virus-mosquito interactions. Annu Rev Entomol. 2008;53:273&#x2013;291.</Citation><ArticleIdList><ArticleId IdType="pubmed">17803458</ArticleId></ArticleIdList></Reference><Reference><Citation>Wang C.C., Prather K.A., Sznitman J., et al. Airborne transmission of respiratory viruses. Science. 2021;373(6558) doi: 10.1126/science.abd9149. Available from:</Citation><ArticleIdList><ArticleId IdType="doi">10.1126/science.abd9149</ArticleId><ArticleId IdType="pmc">PMC8721651</ArticleId><ArticleId IdType="pubmed">34446582</ArticleId></ArticleIdList></Reference><Reference><Citation>Myburgh D., Rabie H., Slogrove A.L., Edson C., Cotton M.F., Dramowski A. Horizontal HIV transmission to children of HIV-uninfected mothers: a case series and review of the global literature. Int J Infect Dis. 2020;98:315&#x2013;320.</Citation><ArticleIdList><ArticleId IdType="pubmed">32615324</ArticleId></ArticleIdList></Reference><Reference><Citation>Graziano V.R., Wei J., Wilen C.B. Norovirus attachment and entry. Viruses. 2019;11(6):495. doi: 10.3390/v11060495. Available from:</Citation><ArticleIdList><ArticleId IdType="doi">10.3390/v11060495</ArticleId><ArticleId IdType="pmc">PMC6630345</ArticleId><ArticleId IdType="pubmed">31151248</ArticleId></ArticleIdList></Reference><Reference><Citation>Roy S.K., Bhattacharjee S. Dengue virus: epidemiology, biology, and disease aetiology. Can J Microbiol. 2021 Oct;67(10):687&#x2013;702.</Citation><ArticleIdList><ArticleId IdType="pubmed">34171205</ArticleId></ArticleIdList></Reference><Reference><Citation>Tjaden N.B., Thomas S.M., Fischer D., Beierkuhnlein C. Extrinsic incubation period of dengue: knowledge, backlog, and applications of temperature dependence. PLoS Negl Trop Dis. 2013;7(6)</Citation><ArticleIdList><ArticleId IdType="pmc">PMC3694834</ArticleId><ArticleId IdType="pubmed">23826399</ArticleId></ArticleIdList></Reference><Reference><Citation>Brady O.J., Johansson M.A., Guerra C.A., et al. Modelling adult Aedes aegypti and Aedes albopictus survival at different temperatures in laboratory and field settings. Parasit Vectors. 2013;6:351.</Citation><ArticleIdList><ArticleId IdType="pmc">PMC3867219</ArticleId><ArticleId IdType="pubmed">24330720</ArticleId></ArticleIdList></Reference><Reference><Citation>Luz P.M., Code&#xe7;o C.T., Massad E., Struchiner C.J. Uncertainties regarding dengue modeling in Rio de Janeiro, Brazil. Mem Inst Oswaldo Cruz. 2003;98(7):871&#x2013;878.</Citation><ArticleIdList><ArticleId IdType="pubmed">14765541</ArticleId></ArticleIdList></Reference><Reference><Citation>Barbazan P., Guiserix M., Boonyuan W., Tuntaprasart W., Pontier D., Gonzalez J.P. Modelling the effect of temperature on transmission of dengue. Med Vet Entomol. 2010;24:66&#x2013;73. doi: 10.1111/j.1365-2915.2009.00848.x. Available from:</Citation><ArticleIdList><ArticleId IdType="doi">10.1111/j.1365-2915.2009.00848.x</ArticleId><ArticleId IdType="pubmed">20377733</ArticleId></ArticleIdList></Reference><Reference><Citation>Mordecai E.A., Cohen J.M., Evans M.V., et al. Detecting the impact of temperature on transmission of Zika, dengue, and chikungunya using mechanistic models. PLoS Negl Trop Dis. 2017;11(4)</Citation><ArticleIdList><ArticleId IdType="pmc">PMC5423694</ArticleId><ArticleId IdType="pubmed">28448507</ArticleId></ArticleIdList></Reference><Reference><Citation>Lin J.J., Chung P.J., Dai S.S., et al. Aggressive organ penetration and high vector transmissibility of epidemic dengue virus-2 Cosmopolitan genotype in a transmission mouse model. PLoS Pathog. 2021;17(3)</Citation><ArticleIdList><ArticleId IdType="pmc">PMC8034735</ArticleId><ArticleId IdType="pubmed">33784371</ArticleId></ArticleIdList></Reference><Reference><Citation>Vicente C.R., Herbinger K.H., Cerutti Junior C., Malta Romano C., de Souza Areias Cabidelle A., Fr&#xf6;schl G. Determination of clusters and factors associated with dengue dispersion during the first epidemic related to dengue virus serotype 4 in Vit&#xf3;ria, Brazil. PLoS One. 2017;12(4)</Citation><ArticleIdList><ArticleId IdType="pmc">PMC5384768</ArticleId><ArticleId IdType="pubmed">28388694</ArticleId></ArticleIdList></Reference><Reference><Citation>Liang S., Hapuarachchi H.C., Rajarethinam J., et al. Construction sites as an important driver of dengue transmission: implications for disease control. BMC Infect Dis. 2018;18(1):382.</Citation><ArticleIdList><ArticleId IdType="pmc">PMC6083507</ArticleId><ArticleId IdType="pubmed">30089479</ArticleId></ArticleIdList></Reference><Reference><Citation>Yoon I.K., Getis A., Aldstadt J., et al. Fine scale spatiotemporal clustering of dengue virus transmission in children and Aedes aegypti in rural Thai villages. PLoS Negl Trop Dis. 2012;6(7)</Citation><ArticleIdList><ArticleId IdType="pmc">PMC3398976</ArticleId><ArticleId IdType="pubmed">22816001</ArticleId></ArticleIdList></Reference><Reference><Citation>Fenner F., Day M.F., Woodroofe G.M. The mechanism of the transmission of myxomatosis in the European rabbit (Oryctolagus cuniculus) by the mosquito Aedes aegypti. Aust J Exp Biol Med Sci. 1952;30(2):139&#x2013;152.</Citation><ArticleIdList><ArticleId IdType="pubmed">14934625</ArticleId></ArticleIdList></Reference><Reference><Citation>Chihota C.M., Rennie L.F., Kitching R.P., Mellor P.S. Mechanical transmission of lumpy skin disease virus by Aedes aegypti (Diptera: Culicidae) Epidemiol Infect. 2001;126(2):317&#x2013;321.</Citation><ArticleIdList><ArticleId IdType="pmc">PMC2869697</ArticleId><ArticleId IdType="pubmed">11349983</ArticleId></ArticleIdList></Reference><Reference><Citation>Rao T.R., Paul S.D., Singh K.R.P. Experimental studies on the mechanical transmission of chikungunya virus by Aedes aegypti. Mosq News. 1968;28(3):406&#x2013;408.</Citation></Reference><Reference><Citation>Bransfield A.B., Misencik M.J., Brackney D.E., Armstrong P.M. Limited capacity for Aedes aegypti to mechanically transmit chikungunya virus and dengue virus. Am J Trop Med Hyg. 2022;107(6):1239&#x2013;1241.</Citation><ArticleIdList><ArticleId IdType="pmc">PMC9768263</ArticleId><ArticleId IdType="pubmed">36315998</ArticleId></ArticleIdList></Reference><Reference><Citation>Hol F.J., Lambrechts L., Prakash M. BiteOscope, an open platform to study mosquito biting behavior. Elife. 2020;9 doi: 10.7554/eLife.56829. Available from:</Citation><ArticleIdList><ArticleId IdType="doi">10.7554/eLife.56829</ArticleId><ArticleId IdType="pmc">PMC7535929</ArticleId><ArticleId IdType="pubmed">32960173</ArticleId></ArticleIdList></Reference><Reference><Citation>Thongsripong P., Hyman J.M., Kapan D.D., Bennett S.N. Human-mosquito contact: a missing link in our understanding of mosquito-borne disease transmission dynamics. Ann Entomol Soc Am. 2021;114(4):397&#x2013;414.</Citation><ArticleIdList><ArticleId IdType="pmc">PMC8266639</ArticleId><ArticleId IdType="pubmed">34249219</ArticleId></ArticleIdList></Reference><Reference><Citation>Boullis A., Cordel N., Herrmann-Storck C., Vega-R&#xfa;a A. Experimental assessment of Zika virus mechanical transmission by Aedes aegypti. Viruses. 2019;11:695. doi: 10.3390/v11080695. Available from:</Citation><ArticleIdList><ArticleId IdType="doi">10.3390/v11080695</ArticleId><ArticleId IdType="pmc">PMC6723193</ArticleId><ArticleId IdType="pubmed">31370135</ArticleId></ArticleIdList></Reference><Reference><Citation>Hsu A.Y.H., Wu S.R., Tsai J.J., et al. Infectious dengue vesicles derived from CD61+ cells in acute patient plasma exhibited a diaphanous appearance. Sci Rep. 2015;5</Citation><ArticleIdList><ArticleId IdType="pmc">PMC4675971</ArticleId><ArticleId IdType="pubmed">26657027</ArticleId></ArticleIdList></Reference><Reference><Citation>Yu G.Y., He G., Li C.Y., et al. Hepatic expression of HCV RNA-dependent RNA polymerase triggers innate immune signaling and cytokine production. Mol Cell. 2012;48(2):313&#x2013;321.</Citation><ArticleIdList><ArticleId IdType="pmc">PMC3483424</ArticleId><ArticleId IdType="pubmed">22959272</ArticleId></ArticleIdList></Reference><Reference><Citation>Kuo Y.P., Tsai K.N., Luo Y.C., et al. Establishment of a mouse model for the complete mosquito-mediated transmission cycle of Zika virus. PLoS Negl Trop Dis. 2018;12(4)</Citation><ArticleIdList><ArticleId IdType="pmc">PMC5927462</ArticleId><ArticleId IdType="pubmed">29668683</ArticleId></ArticleIdList></Reference><Reference><Citation>Pompon J., Manuel M., Ng G.K., et al. Dengue subgenomic flaviviral RNA disrupts immunity in mosquito salivary glands to increase virus transmission. PLoS Pathog. 2017;13(7)</Citation><ArticleIdList><ArticleId IdType="pmc">PMC5555716</ArticleId><ArticleId IdType="pubmed">28753642</ArticleId></ArticleIdList></Reference><Reference><Citation>Esteva L., Vargas C. Influence of vertical and mechanical transmission on the dynamics of dengue disease. Math Biosci. 2000;167(1):51&#x2013;64.</Citation><ArticleIdList><ArticleId IdType="pubmed">10942786</ArticleId></ArticleIdList></Reference><Reference><Citation>Watts D.M., Burke D.S., Harrison B.A., Whitmire R.E., Nisalak A. Effect of temperature on the vector efficiency of Aedes aegypti for dengue 2 virus. Am J Trop Med Hyg. 1987;36(1):143&#x2013;152.</Citation><ArticleIdList><ArticleId IdType="pubmed">3812879</ArticleId></ArticleIdList></Reference><Reference><Citation>Dwivedi A., Keval R. Analysis for transmission of dengue disease with different class of human population. Epidemiol Method. 2021;10(1) https://www.degruyter.com/document/doi/10.1515/em-2020-0046/html [cited 2023 May 27] Available from:</Citation><ArticleIdList><ArticleId IdType="doi">10.1515/em-2020-0046/html</ArticleId></ArticleIdList></Reference><Reference><Citation>Agusto F.B., Khan M.A. Optimal control strategies for dengue transmission in Pakistan. Math Biosci. 2018;305:102&#x2013;121.</Citation><ArticleIdList><ArticleId IdType="pubmed">30218686</ArticleId></ArticleIdList></Reference><Reference><Citation>Liu Y., Lillepold K., Semenza J.C., Tozan Y., Quam M.B.M., Rockl&#xf6;v J. Reviewing estimates of the basic reproduction number for dengue, Zika and chikungunya across global climate zones. Environ Res. 2020;182</Citation><ArticleIdList><ArticleId IdType="pubmed">31927301</ArticleId></ArticleIdList></Reference><Reference><Citation>Johnson A.J., Roehrig J.T. New mouse model for dengue virus vaccine testing. J&#xa0;Virol. 1999;73(1):783&#x2013;786.</Citation><ArticleIdList><ArticleId IdType="pmc">PMC103889</ArticleId><ArticleId IdType="pubmed">9847388</ArticleId></ArticleIdList></Reference><Reference><Citation>Shresta S., Sharar K.L., Prigozhin D.M., Beatty P.R., Harris E. Murine model for dengue virus-induced lethal disease with increased vascular permeability. J&#xa0;Virol. 2006;80(20):10208&#x2013;10217.</Citation><ArticleIdList><ArticleId IdType="pmc">PMC1617308</ArticleId><ArticleId IdType="pubmed">17005698</ArticleId></ArticleIdList></Reference><Reference><Citation>Moore D.L. Needle stick injuries in the community. Paediatr Child Health. 2018;23(8):532&#x2013;546.</Citation><ArticleIdList><ArticleId IdType="pmc">PMC6241928</ArticleId><ArticleId IdType="pubmed">30894792</ArticleId></ArticleIdList></Reference><Reference><Citation>Wearing H.J., Rohani P. Ecological and immunological determinants of dengue epidemics. Proc Natl Acad Sci U S A. 2006;103(31):11802&#x2013;11807.</Citation><ArticleIdList><ArticleId IdType="pmc">PMC1544250</ArticleId><ArticleId IdType="pubmed">16868086</ArticleId></ArticleIdList></Reference><Reference><Citation>Garc&#xed;a-Algar &#xd3;., Vall O. Hepatitis B virus infection from a needle stick. Pediatr Infect Dis J. 1997;16(11):1099.</Citation><ArticleIdList><ArticleId IdType="pubmed">9384355</ArticleId></ArticleIdList></Reference><Reference><Citation>King K.C., Strony R.  StatPearls Publishing; Treasure Island (FL): 2023. Needlestick.https://www.ncbi.nlm.nih.gov/books/NBK493147/ Available from:</Citation><ArticleIdList><ArticleId IdType="pubmed">29630199</ArticleId></ArticleIdList></Reference><Reference><Citation>Cruz-Oliveira C., Freire J.M., Concei&#xe7;&#xe3;o T.M., Higa L.M., Castanho M.A.R.B., Da Poian A.T. Receptors and routes of dengue virus entry into the host cells. FEMS Microbiol Rev. 2015;39(2):155&#x2013;170.</Citation><ArticleIdList><ArticleId IdType="pubmed">25725010</ArticleId></ArticleIdList></Reference><Reference><Citation>Zhang H., Zhu Y., Liu Z., et al. A&#xa0;volatile from the skin microbiota of flavivirus-infected hosts promotes mosquito attractiveness. Cell. 2022;S0092-8674:00641. doi: 10.1016/j.cell.2022.05.016. Available from:</Citation><ArticleIdList><ArticleId IdType="doi">10.1016/j.cell.2022.05.016</ArticleId><ArticleId IdType="pubmed">35777355</ArticleId></ArticleIdList></Reference></ReferenceList></PubmedData></PubmedArticle></PubmedArticleSet>