<?xml version="1.0" ?>
<!DOCTYPE PubmedArticleSet PUBLIC "-//NLM//DTD PubMedArticle, 1st January 2023//EN" "https://dtd.nlm.nih.gov/ncbi/pubmed/out/pubmed_230101.dtd">
<PubmedArticleSet>
<PubmedArticle><MedlineCitation Status="MEDLINE" Owner="NLM" IndexingMethod="Automated"><PMID Version="1">37486786</PMID><DateCompleted><Year>2023</Year><Month>07</Month><Day>26</Day></DateCompleted><DateRevised><Year>2023</Year><Month>08</Month><Day>02</Day></DateRevised><Article PubModel="Print"><Journal><ISSN IssnType="Electronic">1080-6059</ISSN><JournalIssue CitedMedium="Internet"><Volume>29</Volume><Issue>8</Issue><PubDate><Year>2023</Year><Month>Aug</Month></PubDate></JournalIssue><Title>Emerging infectious diseases</Title><ISOAbbreviation>Emerg Infect Dis</ISOAbbreviation></Journal><ArticleTitle>Advanced Age and Increased Risk for Severe Outcomes of Dengue Infection, Taiwan, 2014-2015.</ArticleTitle><Pagination><StartPage>1701</StartPage><EndPage>1702</EndPage><MedlinePgn>1701-1702</MedlinePgn></Pagination><ELocationID EIdType="doi" ValidYN="Y">10.3201/eid2908.230014</ELocationID><Abstract><AbstractText>Dengue, a mosquitoborne flavivirus infection, is increasingly a disease of older adults who are more likely to have chronic diseases that confer risk for severe outcomes of dengue infection. In a population-based study in Taiwan, adjusted risks for dengue-related hospitalization, intensive care unit admission, and death increased progressively with age.</AbstractText></Abstract><AuthorList CompleteYN="Y"><Author ValidYN="Y"><LastName>Huang</LastName><ForeName>Nicole</ForeName><Initials>N</Initials></Author><Author ValidYN="Y"><LastName>Shen</LastName><ForeName>Yi Jung</ForeName><Initials>YJ</Initials></Author><Author ValidYN="Y"><LastName>Chou</LastName><ForeName>Yiing Jenq</ForeName><Initials>YJ</Initials></Author><Author ValidYN="Y"><LastName>Tsai</LastName><ForeName>Theodore F</ForeName><Initials>TF</Initials></Author><Author ValidYN="Y"><LastName>Lien</LastName><ForeName>Chia En</ForeName><Initials>CE</Initials></Author></AuthorList><Language>eng</Language><PublicationTypeList><PublicationType UI="D016428">Journal Article</PublicationType><PublicationType UI="D013485">Research Support, Non-U.S. Gov't</PublicationType></PublicationTypeList></Article><MedlineJournalInfo><Country>United States</Country><MedlineTA>Emerg Infect Dis</MedlineTA><NlmUniqueID>9508155</NlmUniqueID><ISSNLinking>1080-6040</ISSNLinking></MedlineJournalInfo><CitationSubset>IM</CitationSubset><MeshHeadingList><MeshHeading><DescriptorName UI="D006801" MajorTopicYN="N">Humans</DescriptorName></MeshHeading><MeshHeading><DescriptorName UI="D000368" MajorTopicYN="N">Aged</DescriptorName></MeshHeading><MeshHeading><DescriptorName UI="D013624" MajorTopicYN="N" Type="Geographic">Taiwan</DescriptorName></MeshHeading><MeshHeading><DescriptorName UI="D006760" MajorTopicYN="Y">Hospitalization</DescriptorName></MeshHeading><MeshHeading><DescriptorName UI="D007362" MajorTopicYN="N">Intensive Care Units</DescriptorName></MeshHeading><MeshHeading><DescriptorName UI="D003715" MajorTopicYN="Y">Dengue</DescriptorName></MeshHeading></MeshHeadingList><KeywordList Owner="NOTNLM"><Keyword MajorTopicYN="N">2014&#x2013;2015. Emerg Infect Dis. 2023 Aug [date cited]. https://doi.org/10.3201/eid2908.230014</Keyword><Keyword MajorTopicYN="N">Chou YJ</Keyword><Keyword MajorTopicYN="N">Lien CE. Advanced age and increased risk for severe outcomes of dengue infection</Keyword><Keyword MajorTopicYN="N">Shen YJ</Keyword><Keyword MajorTopicYN="N">Suggested citation for this article: Huang N</Keyword><Keyword MajorTopicYN="N">Taiwan</Keyword><Keyword MajorTopicYN="N">Tsai TF</Keyword><Keyword MajorTopicYN="N">dengue</Keyword><Keyword MajorTopicYN="N">dengue risk factors</Keyword><Keyword MajorTopicYN="N">flavivirus</Keyword><Keyword MajorTopicYN="N">immunosenescence</Keyword><Keyword MajorTopicYN="N">viruses</Keyword></KeywordList></MedlineCitation><PubmedData><History><PubMedPubDate PubStatus="medline"><Year>2023</Year><Month>7</Month><Day>26</Day><Hour>6</Hour><Minute>43</Minute></PubMedPubDate><PubMedPubDate PubStatus="pubmed"><Year>2023</Year><Month>7</Month><Day>24</Day><Hour>19</Hour><Minute>9</Minute></PubMedPubDate><PubMedPubDate PubStatus="entrez"><Year>2023</Year><Month>7</Month><Day>24</Day><Hour>12</Hour><Minute>13</Minute></PubMedPubDate></History><PublicationStatus>ppublish</PublicationStatus><ArticleIdList><ArticleId IdType="pubmed">37486786</ArticleId><ArticleId IdType="pmc">PMC10370833</ArticleId><ArticleId IdType="doi">10.3201/eid2908.230014</ArticleId></ArticleIdList><ReferenceList><Reference><Citation>Yang XR, Quam MBM, Zhang T, Sang S. Global burden for dengue and the evolving pattern in the past 30 years. J Travel Medicine. 2021;28:taab146.</Citation><ArticleIdList><ArticleId IdType="pubmed">34510205</ArticleId></ArticleIdList></Reference><Reference><Citation>Huang AT, Takahashi S, Salje H, Wang L, Garcia-Carreras B, Anderson K, et al. Assessing the role of multiple mechanisms increasing the age of dengue cases in Thailand. Proc Natl Acad Sci U S A. 2022;119:e2115790119. 10.1073/pnas.2115790119</Citation><ArticleIdList><ArticleId IdType="doi">10.1073/pnas.2115790119</ArticleId><ArticleId IdType="pmc">PMC9171776</ArticleId><ArticleId IdType="pubmed">35533273</ArticleId></ArticleIdList></Reference><Reference><Citation>Lien CE, Chou YJ, Shen YJ, Tsai T, Huang N. A population-based cohort study on chronic comorbidity risk factors for adverse dengue outcomes. Am J Trop Med Hyg. 2021;105:1544&#x2013;51. 10.4269/ajtmh.21-0716</Citation><ArticleIdList><ArticleId IdType="doi">10.4269/ajtmh.21-0716</ArticleId><ArticleId IdType="pmc">PMC8641312</ArticleId><ArticleId IdType="pubmed">34583328</ArticleId></ArticleIdList></Reference><Reference><Citation>Santana LMR, Santos-Baquero O, Yurika-Maeda A, Silva-Nogueira J, Chiaravalloti-Neto F. Spatio-temporal dynamics of dengue-related deaths and associated factors. Rev Inst Med Trop S Paulo. 2022;64:e30.</Citation><ArticleIdList><ArticleId IdType="pmc">PMC8993154</ArticleId><ArticleId IdType="pubmed">35384961</ArticleId></ArticleIdList></Reference><Reference><Citation>Freitas ARR, Donalisio MR. Excess of mortality in adults and elderly and circulation of subtypes of influenza virus in southern Brazil. Front Immunol. 2018;8:1903. 10.3389/fimmu.2017.01903</Citation><ArticleIdList><ArticleId IdType="doi">10.3389/fimmu.2017.01903</ArticleId><ArticleId IdType="pmc">PMC5767013</ArticleId><ArticleId IdType="pubmed">29375560</ArticleId></ArticleIdList></Reference><Reference><Citation>Pan American Health Organization. Dengue case fatality rate percentage for subregions of the Americas. 2023.  [cited May 12, 2023]. https://www3.paho.org/data/index.php/en/mnu-topics/indicadores-dengue-en/dengue-regional-en/317-reg-dengue-lethality-en.html</Citation></Reference><Reference><Citation>Bennett JE, Stevens GA, Mathers CD, Bonita R, Rehm J, Kruk ME, et al.; NCD Countdown 2030 collaborators. NCD Countdown 2030: worldwide trends in non-communicable disease mortality and progress towards Sustainable Development Goal target 3.4. Lancet. 2018;392:1072&#x2013;88. 10.1016/S0140-6736(18)31992-5</Citation><ArticleIdList><ArticleId IdType="doi">10.1016/S0140-6736(18)31992-5</ArticleId><ArticleId IdType="pubmed">30264707</ArticleId></ArticleIdList></Reference><Reference><Citation>Sangkaew S, Ming D, Boonyasiri A, Honeyford K, Kalayanarooj S, Yacoub S, et al. Risk predictors of progression to severe disease during the febrile phase of dengue: a systematic review and meta-analysis. Lancet Infect Dis. 2021;21:1014&#x2013;26. 10.1016/S1473-3099(20)30601-0</Citation><ArticleIdList><ArticleId IdType="doi">10.1016/S1473-3099(20)30601-0</ArticleId><ArticleId IdType="pmc">PMC8240557</ArticleId><ArticleId IdType="pubmed">33640077</ArticleId></ArticleIdList></Reference><Reference><Citation>Macias AE, Werneck GL, Castro R, Mascare&#xf1;as C, Coudeville L, Morley D, et al. Mortality among hospitalized dengue patients with comorbidities in Mexico, Brazil, and Colombia. Am J Trop Med Hyg. 2021;105:102&#x2013;9. 10.4269/ajtmh.20-1163</Citation><ArticleIdList><ArticleId IdType="doi">10.4269/ajtmh.20-1163</ArticleId><ArticleId IdType="pmc">PMC8274750</ArticleId><ArticleId IdType="pubmed">33970884</ArticleId></ArticleIdList></Reference><Reference><Citation>He W, Goodkind D, Kowal P, Almasarweh IS, Giang TL, Islan MM, et al. U.S. Census Bureau, International Population Reports, P95/22&#x2013;1. Asia aging: demographic, economic, and health transitions. Washington (DC): US Government Publishing Office; June 2022.</Citation></Reference></ReferenceList></PubmedData></PubmedArticle></PubmedArticleSet>