<?xml version="1.0" ?>
<!DOCTYPE PubmedArticleSet PUBLIC "-//NLM//DTD PubMedArticle, 1st January 2023//EN" "https://dtd.nlm.nih.gov/ncbi/pubmed/out/pubmed_230101.dtd">
<PubmedArticleSet>
<PubmedArticle><MedlineCitation Status="MEDLINE" Owner="NLM" IndexingMethod="Automated"><PMID Version="1">37494777</PMID><DateCompleted><Year>2023</Year><Month>08</Month><Day>11</Day></DateCompleted><DateRevised><Year>2023</Year><Month>08</Month><Day>11</Day></DateRevised><Article PubModel="Print-Electronic"><Journal><ISSN IssnType="Electronic">1876-035X</ISSN><JournalIssue CitedMedium="Internet"><Volume>16</Volume><Issue>9</Issue><PubDate><Year>2023</Year><Month>Sep</Month></PubDate></JournalIssue><Title>Journal of infection and public health</Title><ISOAbbreviation>J Infect Public Health</ISOAbbreviation></Journal><ArticleTitle>Reinvestigation of the risk of stroke after dengue virus infection: A population-based cohort study.</ArticleTitle><Pagination><StartPage>1427</StartPage><EndPage>1434</EndPage><MedlinePgn>1427-1434</MedlinePgn></Pagination><ELocationID EIdType="doi" ValidYN="Y">10.1016/j.jiph.2023.07.003</ELocationID><ELocationID EIdType="pii" ValidYN="Y">S1876-0341(23)00236-8</ELocationID><Abstract><AbstractText Label="BACKGROUND" NlmCategory="BACKGROUND">Dengue virus (DENV) infection is the most prevalent mosquito-borne viral disease. Stroke is a severe manifestation of dengue. However, few large-scale studies have investigated post-dengue risk of stroke.</AbstractText><AbstractText Label="METHODS" NlmCategory="METHODS">This population-based cohort study included 57,934 newly diagnosed, laboratory-confirmed dengue patients in Taiwan from 2002 to 2015; patients were matched to nondengue individuals by age, sex, and area of residence at a ratio of 1:4 (n&#xa0;=&#xa0;231,736). We used subdistribution hazard regression to evaluate short-term (&#x2264; 30 days), medium-term (31-365 days), and long-term (1-3 years) risk of stroke after DENV infection. The robustness of the results to unmeasured confounding was assessed with E-values.</AbstractText><AbstractText Label="RESULTS" NlmCategory="RESULTS">DENV infection was associated with a significantly increased risk of overall stroke (aSHR 4.51; 95% CI: 3.23-6.32; P&#xa0;&lt;&#xa0;0.0001; E-value = 8.49), hemorrhagic stroke (aSHR 4.13; 95% CI: 2.20-7.76; P&#xa0;&lt;&#xa0;0.0001; E-value =7.73), and ischemic stroke (aSHR 3.80; 95% CI: 2.37-6.11; P&#xa0;&lt;&#xa0;0.0001; E-value = 7.06) within 30 days. Stratified analysis by age showed that the aSHRs for overall stroke, hemorrhagic stroke, and ischemic stroke were larger among dengue patients aged &#x2265;&#xa0;65 during the first 30 days. The 30-day risks of overall stroke, hemorrhagic stroke, and ischemic stroke among elderly dengue patients were 6.71, 1.29, and 3.49 per 1000, respectively. No increased risk was observed after 30 days.</AbstractText><AbstractText Label="CONCLUSION" NlmCategory="CONCLUSIONS">DENV infection was associated with a significant short-term increased risk of stroke. Clinical practitioners should remain alert to patients with stroke-associated symptoms during epidemic seasons, especially elderly patients.</AbstractText><CopyrightInformation>Copyright &#xa9; 2023 The Authors. Published by Elsevier Ltd.. All rights reserved.</CopyrightInformation></Abstract><AuthorList CompleteYN="Y"><Author ValidYN="Y"><LastName>Chien</LastName><ForeName>Yu-Wen</ForeName><Initials>YW</Initials><AffiliationInfo><Affiliation>Department of Public Health, College of Medicine, National Cheng Kung University, Tainan, Taiwan; Department of Occupational and Environmental Medicine, National Cheng Kung University Hospital, College of Medicine, National Cheng Kung University, Tainan, Taiwan.</Affiliation></AffiliationInfo></Author><Author ValidYN="Y"><LastName>Wang</LastName><ForeName>Yu-Ping</ForeName><Initials>YP</Initials><AffiliationInfo><Affiliation>Department of Public Health, College of Medicine, National Cheng Kung University, Tainan, Taiwan.</Affiliation></AffiliationInfo></Author><Author ValidYN="Y"><LastName>Chi</LastName><ForeName>Chia-Yu</ForeName><Initials>CY</Initials><AffiliationInfo><Affiliation>National Mosquito-Borne Diseases Control Research Center, National Health Research Institutes, Miaoli County, Taiwan. Electronic address: pedchi@nhri.org.tw.</Affiliation></AffiliationInfo></Author><Author ValidYN="Y"><LastName>Shih</LastName><ForeName>Hsin-I</ForeName><Initials>HI</Initials><AffiliationInfo><Affiliation>Department of Emergency Medicine, National Cheng Kung University Hospital, College of Medicine, National Cheng Kung University, Tainan, Taiwan; School of Medicine, College of Medicine, National Cheng Kung University, Tainan, Taiwan. Electronic address: n506594@mail.hosp.ncku.edu.tw.</Affiliation></AffiliationInfo></Author></AuthorList><Language>eng</Language><PublicationTypeList><PublicationType UI="D016428">Journal Article</PublicationType></PublicationTypeList><ArticleDate DateType="Electronic"><Year>2023</Year><Month>07</Month><Day>07</Day></ArticleDate></Article><MedlineJournalInfo><Country>England</Country><MedlineTA>J Infect Public Health</MedlineTA><NlmUniqueID>101487384</NlmUniqueID><ISSNLinking>1876-0341</ISSNLinking></MedlineJournalInfo><CitationSubset>IM</CitationSubset><MeshHeadingList><MeshHeading><DescriptorName UI="D000368" MajorTopicYN="N">Aged</DescriptorName></MeshHeading><MeshHeading><DescriptorName UI="D000818" MajorTopicYN="N">Animals</DescriptorName></MeshHeading><MeshHeading><DescriptorName UI="D006801" MajorTopicYN="N">Humans</DescriptorName></MeshHeading><MeshHeading><DescriptorName UI="D003715" MajorTopicYN="Y">Dengue</DescriptorName><QualifierName UI="Q000150" MajorTopicYN="N">complications</QualifierName><QualifierName UI="Q000453" MajorTopicYN="N">epidemiology</QualifierName><QualifierName UI="Q000175" MajorTopicYN="N">diagnosis</QualifierName></MeshHeading><MeshHeading><DescriptorName UI="D003716" MajorTopicYN="Y">Dengue Virus</DescriptorName></MeshHeading><MeshHeading><DescriptorName UI="D015331" MajorTopicYN="N">Cohort Studies</DescriptorName></MeshHeading><MeshHeading><DescriptorName UI="D000083302" MajorTopicYN="Y">Hemorrhagic Stroke</DescriptorName></MeshHeading><MeshHeading><DescriptorName UI="D020521" MajorTopicYN="Y">Stroke</DescriptorName><QualifierName UI="Q000453" MajorTopicYN="N">epidemiology</QualifierName></MeshHeading><MeshHeading><DescriptorName UI="D000083242" MajorTopicYN="Y">Ischemic Stroke</DescriptorName></MeshHeading></MeshHeadingList><KeywordList Owner="NOTNLM"><Keyword MajorTopicYN="N">Dengue</Keyword><Keyword MajorTopicYN="N">Dengue virus</Keyword><Keyword MajorTopicYN="N">Expanded dengue syndrome</Keyword><Keyword MajorTopicYN="N">Hemorrhagic stroke</Keyword><Keyword MajorTopicYN="N">Ischemic stroke</Keyword><Keyword MajorTopicYN="N">Stroke</Keyword></KeywordList><CoiStatement>Declaration of Competing Interest The authors have not interest to declare.</CoiStatement></MedlineCitation><PubmedData><History><PubMedPubDate PubStatus="received"><Year>2023</Year><Month>1</Month><Day>12</Day></PubMedPubDate><PubMedPubDate PubStatus="revised"><Year>2023</Year><Month>6</Month><Day>13</Day></PubMedPubDate><PubMedPubDate PubStatus="accepted"><Year>2023</Year><Month>7</Month><Day>5</Day></PubMedPubDate><PubMedPubDate PubStatus="medline"><Year>2023</Year><Month>8</Month><Day>11</Day><Hour>6</Hour><Minute>43</Minute></PubMedPubDate><PubMedPubDate PubStatus="pubmed"><Year>2023</Year><Month>7</Month><Day>27</Day><Hour>1</Hour><Minute>9</Minute></PubMedPubDate><PubMedPubDate PubStatus="entrez"><Year>2023</Year><Month>7</Month><Day>26</Day><Hour>18</Hour><Minute>1</Minute></PubMedPubDate></History><PublicationStatus>ppublish</PublicationStatus><ArticleIdList><ArticleId IdType="pubmed">37494777</ArticleId><ArticleId IdType="doi">10.1016/j.jiph.2023.07.003</ArticleId><ArticleId IdType="pii">S1876-0341(23)00236-8</ArticleId></ArticleIdList></PubmedData></PubmedArticle></PubmedArticleSet>