<?xml version="1.0" ?>
<!DOCTYPE PubmedArticleSet PUBLIC "-//NLM//DTD PubMedArticle, 1st January 2023//EN" "https://dtd.nlm.nih.gov/ncbi/pubmed/out/pubmed_230101.dtd">
<PubmedArticleSet>
<PubmedArticle><MedlineCitation Status="MEDLINE" Owner="NLM" IndexingMethod="Automated"><PMID Version="1">37525106</PMID><DateCompleted><Year>2023</Year><Month>08</Month><Day>04</Day></DateCompleted><DateRevised><Year>2023</Year><Month>08</Month><Day>04</Day></DateRevised><Article PubModel="Electronic"><Journal><ISSN IssnType="Electronic">1471-2334</ISSN><JournalIssue CitedMedium="Internet"><Volume>23</Volume><Issue>1</Issue><PubDate><Year>2023</Year><Month>Jul</Month><Day>31</Day></PubDate></JournalIssue><Title>BMC infectious diseases</Title><ISOAbbreviation>BMC Infect Dis</ISOAbbreviation></Journal><ArticleTitle>Obesity as a clinical predictor for severe manifestation of dengue: a systematic review and meta-analysis.</ArticleTitle><Pagination><StartPage>502</StartPage><MedlinePgn>502</MedlinePgn></Pagination><ELocationID EIdType="pii" ValidYN="Y">502</ELocationID><ELocationID EIdType="doi" ValidYN="Y">10.1186/s12879-023-08481-9</ELocationID><Abstract><AbstractText Label="BACKGROUND" NlmCategory="BACKGROUND">Severe dengue often leads to poor clinical outcomes and high mortality; as a result, it is of vital importance to find prognostic factors associated with the severe form of dengue. Obesity is known to deteriorate many infectious diseases due to impaired immune responses. Several studies have suggested that obese patients with dengue infection tend to have more severe manifestations with poorer prognosis. However, a firm conclusion could not be drawn due to the varied results of these studies. Here, we aimed to conduct a systematic review and meta-analysis to investigate the association between obesity and dengue severity.</AbstractText><AbstractText Label="METHODS" NlmCategory="METHODS">A literature search for relevant studies was conducted in PubMed, Embase, Ovid Medline and Cochrane from inception to September 9, 2022. The two main keywords were "dengue" and "obesity". Mantel-Haenszel method and random effects model was used to analyze the pooled odds ratio with 95% confidence intervals.</AbstractText><AbstractText Label="RESULTS" NlmCategory="RESULTS">A total of 15 article involving a total of 6,508 patients were included in the meta-analysis. Included patients in most studies were hospitalized pediatric patients. Only one study included adulthood data. Three cohort studies, four case-control studies, and one cross-sectional studies found a significant association between obesity and dengue severity. In contrast, three cohort studies, three case-control studies, and one cross-sectional study reported no significant relationship between obesity and dengue severity. Our analysis results showed that patient with obesity is 50% (OR&#x2009;=&#x2009;1.50; 95%CI: 1.15-1.97) more likely to develop severe manifestation of dengue.</AbstractText><AbstractText Label="CONCLUSION" NlmCategory="CONCLUSIONS">This meta-analysis revealed that overweight could be a clinical predictor for severe disease for pediatric patients with dengue infection.</AbstractText><CopyrightInformation>&#xa9; 2023. The Author(s).</CopyrightInformation></Abstract><AuthorList CompleteYN="Y"><Author ValidYN="Y"><LastName>Chen</LastName><ForeName>Chao-Ying</ForeName><Initials>CY</Initials><AffiliationInfo><Affiliation>Division of Infectious Diseases, Department of Internal Medicine, Kaohsiung Medical University Hospital, Kaohsiung Medical University, Kaohsiung, 807, Taiwan.</Affiliation></AffiliationInfo></Author><Author ValidYN="Y"><LastName>Chiu</LastName><ForeName>Yu-Yao</ForeName><Initials>YY</Initials><AffiliationInfo><Affiliation>Division of Infectious Diseases, Department of Internal Medicine, Kaohsiung Medical University Hospital, Kaohsiung Medical University, Kaohsiung, 807, Taiwan.</Affiliation></AffiliationInfo><AffiliationInfo><Affiliation>School of Medicine, Graduate Institute of Medicine, College of Medicine, Center for Tropical Medicine and Infectious Disease Research, Kaohsiung Medical University, Kaohsiung, 807, Taiwan.</Affiliation></AffiliationInfo></Author><Author ValidYN="Y"><LastName>Chen</LastName><ForeName>Yu-Cheng</ForeName><Initials>YC</Initials><AffiliationInfo><Affiliation>Division of Infectious Diseases, Department of Internal Medicine, Kaohsiung Medical University Hospital, Kaohsiung Medical University, Kaohsiung, 807, Taiwan.</Affiliation></AffiliationInfo><AffiliationInfo><Affiliation>School of Medicine, Graduate Institute of Medicine, College of Medicine, Center for Tropical Medicine and Infectious Disease Research, Kaohsiung Medical University, Kaohsiung, 807, Taiwan.</Affiliation></AffiliationInfo></Author><Author ValidYN="Y"><LastName>Huang</LastName><ForeName>Chung-Hao</ForeName><Initials>CH</Initials><AffiliationInfo><Affiliation>Division of Infectious Diseases, Department of Internal Medicine, Kaohsiung Medical University Hospital, Kaohsiung Medical University, Kaohsiung, 807, Taiwan.</Affiliation></AffiliationInfo><AffiliationInfo><Affiliation>School of Medicine, Graduate Institute of Medicine, College of Medicine, Center for Tropical Medicine and Infectious Disease Research, Kaohsiung Medical University, Kaohsiung, 807, Taiwan.</Affiliation></AffiliationInfo></Author><Author ValidYN="Y"><LastName>Wang</LastName><ForeName>Wen-Hung</ForeName><Initials>WH</Initials><AffiliationInfo><Affiliation>Division of Infectious Diseases, Department of Internal Medicine, Kaohsiung Medical University Hospital, Kaohsiung Medical University, Kaohsiung, 807, Taiwan.</Affiliation></AffiliationInfo><AffiliationInfo><Affiliation>School of Medicine, Graduate Institute of Medicine, College of Medicine, Center for Tropical Medicine and Infectious Disease Research, Kaohsiung Medical University, Kaohsiung, 807, Taiwan.</Affiliation></AffiliationInfo><AffiliationInfo><Affiliation>Institute of Medical Science and Technology, School of Medicine, College of Medicine, National Sun Yat-Sen University, Kaohsiung, 804, Taiwan.</Affiliation></AffiliationInfo></Author><Author ValidYN="Y"><LastName>Chen</LastName><ForeName>Yen-Hsu</ForeName><Initials>YH</Initials><AffiliationInfo><Affiliation>Division of Infectious Diseases, Department of Internal Medicine, Kaohsiung Medical University Hospital, Kaohsiung Medical University, Kaohsiung, 807, Taiwan.</Affiliation></AffiliationInfo><AffiliationInfo><Affiliation>School of Medicine, Graduate Institute of Medicine, College of Medicine, Center for Tropical Medicine and Infectious Disease Research, Kaohsiung Medical University, Kaohsiung, 807, Taiwan.</Affiliation></AffiliationInfo><AffiliationInfo><Affiliation>Institute of Medical Science and Technology, School of Medicine, College of Medicine, National Sun Yat-Sen University, Kaohsiung, 804, Taiwan.</Affiliation></AffiliationInfo><AffiliationInfo><Affiliation>Department of Biological Science and Technology, College of Biological Science and Technology, National Yang Ming Chiao Tung University, HsinChu 100, Taiwan.</Affiliation></AffiliationInfo></Author><Author ValidYN="Y"><LastName>Lin</LastName><ForeName>Chun-Yu</ForeName><Initials>CY</Initials><AffiliationInfo><Affiliation>Division of Infectious Diseases, Department of Internal Medicine, Kaohsiung Medical University Hospital, Kaohsiung Medical University, Kaohsiung, 807, Taiwan. infectionman@gmail.com.</Affiliation></AffiliationInfo><AffiliationInfo><Affiliation>School of Medicine, Graduate Institute of Medicine, College of Medicine, Center for Tropical Medicine and Infectious Disease Research, Kaohsiung Medical University, Kaohsiung, 807, Taiwan. infectionman@gmail.com.</Affiliation></AffiliationInfo><AffiliationInfo><Affiliation>Department of Medical Biochemistry and Microbiology, Department of Surgical Sciences, Uppsala University, Uppsala, Sweden. infectionman@gmail.com.</Affiliation></AffiliationInfo></Author></AuthorList><Language>eng</Language><GrantList CompleteYN="Y"><Grant><GrantID>KMU-TC111B01</GrantID><Agency>Kaohsiung Medical University</Agency><Country/></Grant><Grant><GrantID>KMUH110-0R24</GrantID><Agency>Kaohsiung Medical University Hospital</Agency><Country/></Grant><Grant><GrantID>109-2314-B-037-126</GrantID><Agency>Ministry of Science and Technology, Taiwan</Agency><Country/></Grant></GrantList><PublicationTypeList><PublicationType UI="D017418">Meta-Analysis</PublicationType><PublicationType UI="D000078182">Systematic Review</PublicationType><PublicationType UI="D016428">Journal Article</PublicationType></PublicationTypeList><ArticleDate DateType="Electronic"><Year>2023</Year><Month>07</Month><Day>31</Day></ArticleDate></Article><MedlineJournalInfo><Country>England</Country><MedlineTA>BMC Infect Dis</MedlineTA><NlmUniqueID>100968551</NlmUniqueID><ISSNLinking>1471-2334</ISSNLinking></MedlineJournalInfo><CitationSubset>IM</CitationSubset><MeshHeadingList><MeshHeading><DescriptorName UI="D006801" MajorTopicYN="N">Humans</DescriptorName></MeshHeading><MeshHeading><DescriptorName UI="D002648" MajorTopicYN="N">Child</DescriptorName></MeshHeading><MeshHeading><DescriptorName UI="D000328" MajorTopicYN="N">Adult</DescriptorName></MeshHeading><MeshHeading><DescriptorName UI="D003430" MajorTopicYN="N">Cross-Sectional Studies</DescriptorName></MeshHeading><MeshHeading><DescriptorName UI="D009765" MajorTopicYN="Y">Obesity</DescriptorName><QualifierName UI="Q000150" MajorTopicYN="N">complications</QualifierName></MeshHeading><MeshHeading><DescriptorName UI="D019595" MajorTopicYN="Y">Severe Dengue</DescriptorName><QualifierName UI="Q000150" MajorTopicYN="N">complications</QualifierName><QualifierName UI="Q000175" MajorTopicYN="N">diagnosis</QualifierName></MeshHeading><MeshHeading><DescriptorName UI="D016017" MajorTopicYN="N">Odds Ratio</DescriptorName></MeshHeading><MeshHeading><DescriptorName UI="D016022" MajorTopicYN="N">Case-Control Studies</DescriptorName></MeshHeading></MeshHeadingList><KeywordList Owner="NOTNLM"><Keyword MajorTopicYN="N">Dengue</Keyword><Keyword MajorTopicYN="N">Obesity</Keyword><Keyword MajorTopicYN="N">Prognosis</Keyword></KeywordList><CoiStatement>The authors declare that they have no competing interests.</CoiStatement></MedlineCitation><PubmedData><History><PubMedPubDate PubStatus="received"><Year>2023</Year><Month>4</Month><Day>26</Day></PubMedPubDate><PubMedPubDate PubStatus="accepted"><Year>2023</Year><Month>7</Month><Day>24</Day></PubMedPubDate><PubMedPubDate PubStatus="medline"><Year>2023</Year><Month>8</Month><Day>4</Day><Hour>6</Hour><Minute>43</Minute></PubMedPubDate><PubMedPubDate PubStatus="pubmed"><Year>2023</Year><Month>8</Month><Day>1</Day><Hour>1</Hour><Minute>8</Minute></PubMedPubDate><PubMedPubDate PubStatus="entrez"><Year>2023</Year><Month>7</Month><Day>31</Day><Hour>23</Hour><Minute>36</Minute></PubMedPubDate></History><PublicationStatus>epublish</PublicationStatus><ArticleIdList><ArticleId IdType="pubmed">37525106</ArticleId><ArticleId IdType="pmc">PMC10388491</ArticleId><ArticleId IdType="doi">10.1186/s12879-023-08481-9</ArticleId><ArticleId IdType="pii">10.1186/s12879-023-08481-9</ArticleId></ArticleIdList><ReferenceList><Reference><Citation>Bhatt S, Gething PW, Brady OJ, Messina JP, Farlow AW, Moyes CL, Drake JM, Brownstein JS, Hoen AG, Sankoh O, et al. The global distribution and burden of dengue. Nature. 2013;496(7446):504&#x2013;7. doi: 10.1038/nature12060.</Citation><ArticleIdList><ArticleId IdType="doi">10.1038/nature12060</ArticleId><ArticleId IdType="pmc">PMC3651993</ArticleId><ArticleId IdType="pubmed">23563266</ArticleId></ArticleIdList></Reference><Reference><Citation>Wilder-Smith A, Ooi EE, Horstick O, Wills B. Dengue Lancet. 2019;393(10169):350&#x2013;63. doi: 10.1016/S0140-6736(18)32560-1.</Citation><ArticleIdList><ArticleId IdType="doi">10.1016/S0140-6736(18)32560-1</ArticleId><ArticleId IdType="pubmed">30696575</ArticleId></ArticleIdList></Reference><Reference><Citation>Luh D-L, Liu C-C, Luo Y-R, Chen S-C. Economic cost and burden of dengue during epidemics and non-epidemic years in Taiwan. J Infect Public Health. 2018;11(2):215&#x2013;23. doi: 10.1016/j.jiph.2017.07.021.</Citation><ArticleIdList><ArticleId IdType="doi">10.1016/j.jiph.2017.07.021</ArticleId><ArticleId IdType="pubmed">28757293</ArticleId></ArticleIdList></Reference><Reference><Citation>&lt;number&gt;4.&lt;/number&gt;In . Dengue: guidelines for diagnosis, treatment, Prevention and Control: New Edition. Edn. Geneva: World Health Organization; 2009.</Citation><ArticleIdList><ArticleId IdType="pubmed">23762963</ArticleId></ArticleIdList></Reference><Reference><Citation>Rigau-Perez JG, Clark GG, Gubler DJ, Reiter P, Sanders EJ, Vorndam AV. Dengue and dengue haemorrhagic fever. Lancet. 1998;352(9132):971&#x2013;7. doi: 10.1016/S0140-6736(97)12483-7.</Citation><ArticleIdList><ArticleId IdType="doi">10.1016/S0140-6736(97)12483-7</ArticleId><ArticleId IdType="pubmed">9752834</ArticleId></ArticleIdList></Reference><Reference><Citation>Simmons CP, Farrar JJ, Nguyen v V, Wills B. Dengue. The New England. J Med. 2012;366(15):1423&#x2013;32.</Citation><ArticleIdList><ArticleId IdType="pubmed">22494122</ArticleId></ArticleIdList></Reference><Reference><Citation>Medagama A, Dalugama C, Meiyalakan G, Lakmali D. Risk Factors Associated with Fatal Dengue Hemorrhagic Fever in Adults: A Case Control Study. Canadian Journal of Infectious Diseases and Medical Microbiology 2020, 2020:1042976.</Citation><ArticleIdList><ArticleId IdType="pmc">PMC7222550</ArticleId><ArticleId IdType="pubmed">32454916</ArticleId></ArticleIdList></Reference><Reference><Citation>Pugliese G, Liccardi A, Graziadio C, Barrea L, Muscogiuri G, Colao A. Obesity and infectious diseases: pathophysiology and epidemiology of a double pandemic condition. Int J Obes. 2022;46(3):449&#x2013;65. doi: 10.1038/s41366-021-01035-6.</Citation><ArticleIdList><ArticleId IdType="doi">10.1038/s41366-021-01035-6</ArticleId><ArticleId IdType="pubmed">35058571</ArticleId></ArticleIdList></Reference><Reference><Citation>Huy NT, Giang TV, Kikuchi M, Zamora J, Hirayama K. Risk factors for dengue shock syndrome: a systematic review and meta-analysis. Am J Trop Med Hyg. 2011;85(6):155.</Citation></Reference><Reference><Citation>Zulkipli MS, Rampal S, Bulgiba A, Peramalah D, Jamil NA, See LLC, Zaki RA, Omar SFS, Dahlui M. Is there any association between body mass index and severity of dengue infection? Trans R Soc Trop Med Hyg. 2021;115(7):764&#x2013;71. doi: 10.1093/trstmh/trab021.</Citation><ArticleIdList><ArticleId IdType="doi">10.1093/trstmh/trab021</ArticleId><ArticleId IdType="pubmed">33587144</ArticleId></ArticleIdList></Reference><Reference><Citation>Kyrou I, Randeva HS, Tsigos C, Kaltsas G, Weickert MO. Clinical Problems Caused by Obesity. In: Endotext. edn. Edited by Feingold KR, Anawalt B, Boyce A, Chrousos G, de Herder WW, Dhatariya K, Dungan K, Grossman A, Hershman JM, Hofland J South Dartmouth (MA); 2000.</Citation><ArticleIdList><ArticleId IdType="pubmed">25905207</ArticleId></ArticleIdList></Reference><Reference><Citation>Marti A, Marcos A, Martinez JA. Obesity and immune function relationships. Obes Rev. 2001;2(2):131&#x2013;40. doi: 10.1046/j.1467-789x.2001.00025.x.</Citation><ArticleIdList><ArticleId IdType="doi">10.1046/j.1467-789x.2001.00025.x</ArticleId><ArticleId IdType="pubmed">12119664</ArticleId></ArticleIdList></Reference><Reference><Citation>Huttunen R, Syrjanen J. Obesity and the risk and outcome of infection. Int J Obes. 2013;37(3):333&#x2013;40. doi: 10.1038/ijo.2012.62.</Citation><ArticleIdList><ArticleId IdType="doi">10.1038/ijo.2012.62</ArticleId><ArticleId IdType="pubmed">22546772</ArticleId></ArticleIdList></Reference><Reference><Citation>Torres L, Martins VD, Faria AMC, Maioli TU. The intriguing relationship between obesity and infection. J Infectiology 2018, 1(1).</Citation></Reference><Reference><Citation>Dhurandhar NV, Bailey D, Thomas D. Interaction of obesity and infections. Obes Rev. 2015;16(12):1017&#x2013;29. doi: 10.1111/obr.12320.</Citation><ArticleIdList><ArticleId IdType="doi">10.1111/obr.12320</ArticleId><ArticleId IdType="pubmed">26354800</ArticleId></ArticleIdList></Reference><Reference><Citation>Karlsson EA, Beck MA. The burden of obesity on infectious disease. Experimental Biology and Medicine. 2010;235(12):1412&#x2013;24. doi: 10.1258/ebm.2010.010227.</Citation><ArticleIdList><ArticleId IdType="doi">10.1258/ebm.2010.010227</ArticleId><ArticleId IdType="pubmed">21127339</ArticleId></ArticleIdList></Reference><Reference><Citation>Suki M, Leibovici Weissman Y, Boltin D, Itskoviz D, Tsadok Perets T, Comaneshter D, Cohen A, Niv Y, Dotan I, Leibovitzh H, et al. Helicobacter pylori infection is positively associated with an increased BMI, irrespective of socioeconomic status and other confounders: a cohort study. Eur J Gastroenterol Hepatol. 2018;30(2):143&#x2013;8. doi: 10.1097/MEG.0000000000001014.</Citation><ArticleIdList><ArticleId IdType="doi">10.1097/MEG.0000000000001014</ArticleId><ArticleId IdType="pubmed">29120907</ArticleId></ArticleIdList></Reference><Reference><Citation>Drucker DJ. Diabetes, obesity, metabolism, and SARS-CoV-2 infection: the end of the beginning. Cell Metabol. 2021;33(3):479&#x2013;98. doi: 10.1016/j.cmet.2021.01.016.</Citation><ArticleIdList><ArticleId IdType="doi">10.1016/j.cmet.2021.01.016</ArticleId><ArticleId IdType="pmc">PMC7825982</ArticleId><ArticleId IdType="pubmed">33529600</ArticleId></ArticleIdList></Reference><Reference><Citation>Huttunen R, Syrjanen J. Obesity and the outcome of infection. Lancet Infect Dis. 2010;10(7):442&#x2013;3. doi: 10.1016/S1473-3099(10)70103-1.</Citation><ArticleIdList><ArticleId IdType="doi">10.1016/S1473-3099(10)70103-1</ArticleId><ArticleId IdType="pubmed">20610324</ArticleId></ArticleIdList></Reference><Reference><Citation>Koethe JR, Hulgan T, Niswender K. Adipose tissue and immune function: a review of evidence relevant to HIV infection. J Infect Dis. 2013;208(8):1194&#x2013;201. doi: 10.1093/infdis/jit324.</Citation><ArticleIdList><ArticleId IdType="doi">10.1093/infdis/jit324</ArticleId><ArticleId IdType="pmc">PMC3778969</ArticleId><ArticleId IdType="pubmed">23878320</ArticleId></ArticleIdList></Reference><Reference><Citation>Constantine GR, Rajapakse S, Ranasinghe P, Parththipan B, Jayawardana P, Wijewickrama A. Hypocalcemia is associated with disease severity in patients with dengue. J Infect Developing Ctries. 2014;8(9):1205&#x2013;9. doi: 10.3855/jidc.4974.</Citation><ArticleIdList><ArticleId IdType="doi">10.3855/jidc.4974</ArticleId><ArticleId IdType="pubmed">25212087</ArticleId></ArticleIdList></Reference><Reference><Citation>Lin CY, Kolliopoulos C, Huang CH, Tenhunen J, Heldin CH, Chen YH, Heldin P. High levels of serum hyaluronan is an early predictor of dengue warning signs and perturbs vascular integrity. Ebiomedicine. 2019;48:425&#x2013;41. doi: 10.1016/j.ebiom.2019.09.014.</Citation><ArticleIdList><ArticleId IdType="doi">10.1016/j.ebiom.2019.09.014</ArticleId><ArticleId IdType="pmc">PMC6838418</ArticleId><ArticleId IdType="pubmed">31526718</ArticleId></ArticleIdList></Reference><Reference><Citation>Rathore AP, Farouk FS. St. John AL: risk factors and biomarkers of severe dengue. Curr Opin Virol. 2020;43:1&#x2013;8. doi: 10.1016/j.coviro.2020.06.008.</Citation><ArticleIdList><ArticleId IdType="doi">10.1016/j.coviro.2020.06.008</ArticleId><ArticleId IdType="pubmed">32688269</ArticleId></ArticleIdList></Reference><Reference><Citation>Diptyanusa A, Phumratanaprapin W, Phonrat B, Poovorawan K, Hanboonkunupakarn B, Sriboonvorakul N, Thisyakorn U. Characteristics and associated factors of acute kidney injury among adult dengue patients: a retrospective single-center study. PLoS ONE. 2019;14(1):e0210360. doi: 10.1371/journal.pone.0210360.</Citation><ArticleIdList><ArticleId IdType="doi">10.1371/journal.pone.0210360</ArticleId><ArticleId IdType="pmc">PMC6322747</ArticleId><ArticleId IdType="pubmed">30615667</ArticleId></ArticleIdList></Reference><Reference><Citation>Page MJ, McKenzie JE, Bossuyt PM, Boutron I, Hoffmann TC, Mulrow CD, Shamseer L, Tetzlaff JM, Akl EA, Brennan SE, et al. The PRISMA 2020 statement: an updated guideline for reporting systematic reviews. BMJ. 2021;372:n71. doi: 10.1136/bmj.n71.</Citation><ArticleIdList><ArticleId IdType="doi">10.1136/bmj.n71</ArticleId><ArticleId IdType="pmc">PMC8005924</ArticleId><ArticleId IdType="pubmed">33782057</ArticleId></ArticleIdList></Reference><Reference><Citation>Zulkipli MS, Dahlui M, Jamil Na, Peramalah D, Wai HVC, Bulgiba A, Rampal S. The association between obesity and dengue severity among pediatric patients: a systematic review and meta-analysis. PLoS Negl Trop Dis. 2018;12(2):e0006263. doi: 10.1371/journal.pntd.0006263.</Citation><ArticleIdList><ArticleId IdType="doi">10.1371/journal.pntd.0006263</ArticleId><ArticleId IdType="pmc">PMC5819989</ArticleId><ArticleId IdType="pubmed">29415036</ArticleId></ArticleIdList></Reference><Reference><Citation>Modesti PA, Reboldi G, Cappuccio FP, Agyemang C, Remuzzi G, Rapi S, Perruolo E, Parati G. Settings ESHWGoCRiLR: panethnic differences in blood pressure in Europe: a systematic review and Meta-analysis. PLoS ONE. 2016;11(1):e0147601. doi: 10.1371/journal.pone.0147601.</Citation><ArticleIdList><ArticleId IdType="doi">10.1371/journal.pone.0147601</ArticleId><ArticleId IdType="pmc">PMC4725677</ArticleId><ArticleId IdType="pubmed">26808317</ArticleId></ArticleIdList></Reference><Reference><Citation>Peterson J, Welch V, Losos M, Tugwell P. The Newcastle-Ottawa scale (NOS) for assessing the quality of nonrandomised studies in meta-analyses. Ottawa: Ottawa Hospital Research Institute 2011:1&#x2013;12.</Citation></Reference><Reference><Citation>McPheeters ML, Kripalani S, Peterson NB, Idowu RT, Jerome RN, Potter SA, Andrews JC. Closing the quality gap: revisiting the state of the science (vol. 3: quality improvement interventions to address health disparities). Evid Reports/Technology Assessments 2012(208.3):1&#x2013;475.</Citation><ArticleIdList><ArticleId IdType="pmc">PMC4781280</ArticleId><ArticleId IdType="pubmed">24422952</ArticleId></ArticleIdList></Reference><Reference><Citation>Trang NTH, Long NP, Hue TTM, Hung LP, Trung TD, Dinh DN, Luan NT, Huy NT, Hirayama K. Association between nutritional status and dengue infection: a systematic review and meta-analysis. BMC Infect Dis. 2016;16:172. doi: 10.1186/s12879-016-1498-y.</Citation><ArticleIdList><ArticleId IdType="doi">10.1186/s12879-016-1498-y</ArticleId><ArticleId IdType="pmc">PMC4839161</ArticleId><ArticleId IdType="pubmed">27097934</ArticleId></ArticleIdList></Reference><Reference><Citation>Basuki PS. A glance at the von Willebrand factor in dengue virus infection. Southeast Asian J Trop Med Public Health. 2003;34(3):559&#x2013;63.</Citation><ArticleIdList><ArticleId IdType="pubmed">15115128</ArticleId></ArticleIdList></Reference><Reference><Citation>Chuansumrit A, Phimolthares V, Tardtong P, Tapaneya-Olarn C, Tapaneya-Olarn W, Kowsathit P, Chantarojsiri T. Transfusion requirements in patients with dengue hemorrhagic fever. Southeast Asian J Trop Med Public Health. 2000;31(1):10&#x2013;4.</Citation><ArticleIdList><ArticleId IdType="pubmed">11023057</ArticleId></ArticleIdList></Reference><Reference><Citation>Dewi R, Tumbelaka AR, Sjarif DR. Clinical features of dengue hemorrhagic fever and risk factors of shock event. Paediatr Indonesiana. 2006;46(3):144&#x2013;8. doi: 10.14238/pi46.3.2006.144-8.</Citation><ArticleIdList><ArticleId IdType="doi">10.14238/pi46.3.2006.144-8</ArticleId></ArticleIdList></Reference><Reference><Citation>Kan EF, Rampengan T. Factors associated with shock in children with dengue hemorrhagic fever. Paediatr Indonesiana. 2004;44(5):171&#x2013;5. doi: 10.14238/pi44.5.2004.171-5.</Citation><ArticleIdList><ArticleId IdType="doi">10.14238/pi44.5.2004.171-5</ArticleId></ArticleIdList></Reference><Reference><Citation>Lovera D, Martinez de Cuellar C, Araya S, Amarilla S, Gonzalez N, Aguiar C, Acu&#xf1;a J, Arbo A. Clinical characteristics and risk factors of dengue shock syndrome in children. Pediatr Infect Dis J. 2016;35(12):1294&#x2013;9. doi: 10.1097/INF.0000000000001308.</Citation><ArticleIdList><ArticleId IdType="doi">10.1097/INF.0000000000001308</ArticleId><ArticleId IdType="pubmed">27455442</ArticleId></ArticleIdList></Reference><Reference><Citation>Tan VPK, Ngim CF, Lee EZ, Ramadas A, Pong LY, Ng JI, Hassan SS, Ng XY, Dhanoa A. The association between obesity and dengue virus (DENV) infection in hospitalised patients. PLoS ONE. 2018;13(7):e0200698. doi: 10.1371/journal.pone.0200698.</Citation><ArticleIdList><ArticleId IdType="doi">10.1371/journal.pone.0200698</ArticleId><ArticleId IdType="pmc">PMC6049924</ArticleId><ArticleId IdType="pubmed">30016369</ArticleId></ArticleIdList></Reference><Reference><Citation>Junia J, Garna H, Setiabudi D. Clinical risk factors for dengue shock syndrome in children. Paediatr Indonesiana. 2007;47(1):7&#x2013;11. doi: 10.14238/pi47.1.2007.7-11.</Citation><ArticleIdList><ArticleId IdType="doi">10.14238/pi47.1.2007.7-11</ArticleId></ArticleIdList></Reference><Reference><Citation>Kalayanarooj S, Nimmannitya S. Is dengue severity related to nutritional status? Southeast Asian J Trop Med Public Health. 2005;36(2):378&#x2013;84.</Citation><ArticleIdList><ArticleId IdType="pubmed">15916044</ArticleId></ArticleIdList></Reference><Reference><Citation>Kurnia B, Suryawan IWB. The association between obesity and severity of Dengue Hemorrhagic Fever in Children at Wangaya General Hospital. Open access Macedonian journal of medical sciences. 2019;7(15):2444&#x2013;6. doi: 10.3889/oamjms.2019.660.</Citation><ArticleIdList><ArticleId IdType="doi">10.3889/oamjms.2019.660</ArticleId><ArticleId IdType="pmc">PMC6814465</ArticleId><ArticleId IdType="pubmed">31666844</ArticleId></ArticleIdList></Reference><Reference><Citation>Pichainarong N, Mongkalangoon N, Kalayanarooj S, Chaveepojnkamjorn W. Relationship between body size and severity of dengue hemorrhagic fever among children aged 0&#x2013;14 years. Southeast Asian J Trop Med Public Health. 2006;37(2):283&#x2013;8.</Citation><ArticleIdList><ArticleId IdType="pubmed">17124987</ArticleId></ArticleIdList></Reference><Reference><Citation>Putra Y, Arhana BNP, Safitri I, Widiana R. Serum transaminase levels and dengue shock syndrome in children. Paediatr Indonesiana. 2014;54(3):181&#x2013;5. doi: 10.14238/pi54.3.2014.181-5.</Citation><ArticleIdList><ArticleId IdType="doi">10.14238/pi54.3.2014.181-5</ArticleId></ArticleIdList></Reference><Reference><Citation>Tantracheewathorn T, Tantracheewathorn S. Risk factors of dengue shock syndrome in children. J Med Association Thailand = Chotmaihet thangphaet. 2007;90(2):272&#x2013;7.</Citation><ArticleIdList><ArticleId IdType="pubmed">17375631</ArticleId></ArticleIdList></Reference><Reference><Citation>Widiyati MMT, Laksanawati IS, Prawirohartono EP. Obesity as a risk factor for dengue shock syndrome in children. Paediatr Indonesiana. 2013;53(4):187&#x2013;92. doi: 10.14238/pi53.4.2013.187-92.</Citation><ArticleIdList><ArticleId IdType="doi">10.14238/pi53.4.2013.187-92</ArticleId></ArticleIdList></Reference><Reference><Citation>Widagdo Blood zinc levels and clinical severity of dengue hemorrhagic fever in children. Southeast Asian J Trop Med Public Health. 2008;39(4):610&#x2013;6.</Citation><ArticleIdList><ArticleId IdType="pubmed">19058597</ArticleId></ArticleIdList></Reference><Reference><Citation>Te H, Sriburin P, Rattanamahaphoom J, Sittikul P, Hattasingh W, Chatchen S, Sirinam S, Limkittikul K. Association between nutritional status and dengue severity in thai children and adolescents. PLoS Negl Trop Dis. 2022;16(5):e0010398. doi: 10.1371/journal.pntd.0010398.</Citation><ArticleIdList><ArticleId IdType="doi">10.1371/journal.pntd.0010398</ArticleId><ArticleId IdType="pmc">PMC9159591</ArticleId><ArticleId IdType="pubmed">35587502</ArticleId></ArticleIdList></Reference><Reference><Citation>Tan VPK, Ngim CF, Lee EZ, Ramadas A, Pong LY, Ng JI, Hassan SS, Ng XY, Dhanoa A. The association between obesity and dengue virus (DENV) infection in hospitalised patients. PLoS ONE [Electronic Resource] 2018;13(7):e0200698. doi: 10.1371/journal.pone.0200698.</Citation><ArticleIdList><ArticleId IdType="doi">10.1371/journal.pone.0200698</ArticleId><ArticleId IdType="pmc">PMC6049924</ArticleId><ArticleId IdType="pubmed">30016369</ArticleId></ArticleIdList></Reference><Reference><Citation>Dengue haemorrhagic fever. Diagnosis, treatment, prevention and control. World Health Organization; 1997.</Citation></Reference><Reference><Citation>Anderson KB, Chunsuttiwat S, Nisalak A, Mammen MP, Libraty DH, Rothman AL, Green S, Vaughn DW, Ennis FA, Endy TP. Burden of symptomatic dengue infection in children at primary school in Thailand: a prospective study. Lancet. 2007;369(9571):1452&#x2013;9. doi: 10.1016/S0140-6736(07)60671-0.</Citation><ArticleIdList><ArticleId IdType="doi">10.1016/S0140-6736(07)60671-0</ArticleId><ArticleId IdType="pubmed">17467515</ArticleId></ArticleIdList></Reference><Reference><Citation>Comprehensive guideline for. Prevention and control of dengue and dengue haemorrhagic fever. World Health Organization; 2011.</Citation></Reference><Reference><Citation>Wichmann O, Gascon J, Schunk M, Puente S, Siikamaki H, Gjorup I, Lopez-Velez R, Clerinx J, Peyerl-Hoffmann G, Sundoy A, et al. Severe dengue virus infection in travelers: risk factors and laboratory indicators. J Infect Dis. 2007;195(8):1089&#x2013;96. doi: 10.1086/512680.</Citation><ArticleIdList><ArticleId IdType="doi">10.1086/512680</ArticleId><ArticleId IdType="pubmed">17357044</ArticleId></ArticleIdList></Reference><Reference><Citation>Phuong CX, Nhan NT, Kneen R, Thuy PT, van Thien C, Nga NT, Thuy TT, Solomon T, Stepniewska K, Wills B, et al. Clinical diagnosis and assessment of severity of confirmed dengue infections in vietnamese children: is the world health organization classification system helpful? Am J Trop Med Hyg. 2004;70(2):172&#x2013;9. doi: 10.4269/ajtmh.2004.70.172.</Citation><ArticleIdList><ArticleId IdType="doi">10.4269/ajtmh.2004.70.172</ArticleId><ArticleId IdType="pubmed">14993629</ArticleId></ArticleIdList></Reference><Reference><Citation>Tsheten T, Clements ACA, Gray DJ, Wangdi K. Dengue risk assessment using multicriteria decision analysis: a case study of Bhutan. PLoS Negl Trop Dis. 2021;15(2):e0009021. doi: 10.1371/journal.pntd.0009021.</Citation><ArticleIdList><ArticleId IdType="doi">10.1371/journal.pntd.0009021</ArticleId><ArticleId IdType="pmc">PMC7875403</ArticleId><ArticleId IdType="pubmed">33566797</ArticleId></ArticleIdList></Reference><Reference><Citation>Lima WG, Souza NA, Fernandes SOA, Cardoso VN, Godoi IP. Serum lipid profile as a predictor of dengue severity: a systematic review and meta-analysis. Rev Med Virol. 2019;29(5):e2056. doi: 10.1002/rmv.2056.</Citation><ArticleIdList><ArticleId IdType="doi">10.1002/rmv.2056</ArticleId><ArticleId IdType="pubmed">31172625</ArticleId></ArticleIdList></Reference><Reference><Citation>Chuong C, Bates TA, Akter S, Werre SR, LeRoith T, Weger-Lucarelli J. Nutritional status impacts dengue virus infection in mice. BMC Biol. 2020;18(1):106. doi: 10.1186/s12915-020-00828-x.</Citation><ArticleIdList><ArticleId IdType="doi">10.1186/s12915-020-00828-x</ArticleId><ArticleId IdType="pmc">PMC7453574</ArticleId><ArticleId IdType="pubmed">32854687</ArticleId></ArticleIdList></Reference><Reference><Citation>Laoprasopwattana K, Pruekprasert P, Dissaneewate P, Geater A, Vachvanichsanong P. Outcome of dengue hemorrhagic fever-caused acute kidney injury in thai children. J Pediatr. 2010;157(2):303&#x2013;9. doi: 10.1016/j.jpeds.2010.02.008.</Citation><ArticleIdList><ArticleId IdType="doi">10.1016/j.jpeds.2010.02.008</ArticleId><ArticleId IdType="pubmed">20362302</ArticleId></ArticleIdList></Reference><Reference><Citation>Gallagher P, Chan KR, Rivino L, Yacoub S. The association of obesity and severe dengue: possible pathophysiological mechanisms. J Infect. 2020;81(1):10&#x2013;6. doi: 10.1016/j.jinf.2020.04.039.</Citation><ArticleIdList><ArticleId IdType="doi">10.1016/j.jinf.2020.04.039</ArticleId><ArticleId IdType="pubmed">32413364</ArticleId></ArticleIdList></Reference></ReferenceList></PubmedData></PubmedArticle></PubmedArticleSet>