<?xml version="1.0" ?>
<!DOCTYPE PubmedArticleSet PUBLIC "-//NLM//DTD PubMedArticle, 1st January 2023//EN" "https://dtd.nlm.nih.gov/ncbi/pubmed/out/pubmed_230101.dtd">
<PubmedArticleSet>
<PubmedArticle><MedlineCitation Status="MEDLINE" Owner="NLM" IndexingMethod="Curated"><PMID Version="1">37595484</PMID><DateCompleted><Year>2023</Year><Month>09</Month><Day>13</Day></DateCompleted><DateRevised><Year>2023</Year><Month>09</Month><Day>13</Day></DateRevised><Article PubModel="Print-Electronic"><Journal><ISSN IssnType="Electronic">1876-035X</ISSN><JournalIssue CitedMedium="Internet"><Volume>16</Volume><Issue>10</Issue><PubDate><Year>2023</Year><Month>Oct</Month></PubDate></JournalIssue><Title>Journal of infection and public health</Title><ISOAbbreviation>J Infect Public Health</ISOAbbreviation></Journal><ArticleTitle>Dengue overview: An updated systemic review.</ArticleTitle><Pagination><StartPage>1625</StartPage><EndPage>1642</EndPage><MedlinePgn>1625-1642</MedlinePgn></Pagination><ELocationID EIdType="doi" ValidYN="Y">10.1016/j.jiph.2023.08.001</ELocationID><ELocationID EIdType="pii" ValidYN="Y">S1876-0341(23)00258-7</ELocationID><Abstract><AbstractText>Dengue is caused by the dengue virus (DENVs) infection and clinical manifestations include dengue fever (DF), dengue hemorrhagic fever (DHF), or dengue shock syndrome (DSS). Due to a lack of antiviral drugs and effective vaccines, several therapeutic and control strategies have been proposed. A systemic literature review was conducted according to PRISMA guidelines to select proper references to give an overview of DENV infection. Results indicate that understanding the virus characteristics and epidemiology are essential to gain the basic and clinical knowledge as well as dengue disseminated pattern and status. Different factors and mechanisms are thought to be involved in the presentation of DHF and DSS, including antibody-dependent enhancement, immune dysregulation, viral virulence, host genetic susceptibility, and preexisting dengue antibodies. This study suggests that dissecting pathogenesis and risk factors as well as developing different types of therapeutic and control strategies against DENV infection are urgently needed.</AbstractText><CopyrightInformation>Copyright &#xa9; 2023 The Author(s). Published by Elsevier Ltd.. All rights reserved.</CopyrightInformation></Abstract><AuthorList CompleteYN="Y"><Author ValidYN="Y"><LastName>Khan</LastName><ForeName>Muhammad Bilal</ForeName><Initials>MB</Initials><AffiliationInfo><Affiliation>Center for Tropical Medicine and Infectious Disease Research, Kaohsiung Medical University, Kaohsiung 80708, Taiwan; Department of Medical Laboratory Science and Biotechnology, Kaohsiung Medical University, Kaohsiung 80708, Taiwan.</Affiliation></AffiliationInfo></Author><Author ValidYN="Y"><LastName>Yang</LastName><ForeName>Zih-Syuan</ForeName><Initials>ZS</Initials><AffiliationInfo><Affiliation>Center for Tropical Medicine and Infectious Disease Research, Kaohsiung Medical University, Kaohsiung 80708, Taiwan; Department of Medical Laboratory Science and Biotechnology, Kaohsiung Medical University, Kaohsiung 80708, Taiwan.</Affiliation></AffiliationInfo></Author><Author ValidYN="Y"><LastName>Lin</LastName><ForeName>Chih-Yen</ForeName><Initials>CY</Initials><AffiliationInfo><Affiliation>Center for Tropical Medicine and Infectious Disease Research, Kaohsiung Medical University, Kaohsiung 80708, Taiwan; Department of Medical Laboratory Science and Biotechnology, Kaohsiung Medical University, Kaohsiung 80708, Taiwan.</Affiliation></AffiliationInfo></Author><Author ValidYN="Y"><LastName>Hsu</LastName><ForeName>Ming-Cheng</ForeName><Initials>MC</Initials><AffiliationInfo><Affiliation>Center for Tropical Medicine and Infectious Disease Research, Kaohsiung Medical University, Kaohsiung 80708, Taiwan; Department of Medical Laboratory Science and Biotechnology, Kaohsiung Medical University, Kaohsiung 80708, Taiwan.</Affiliation></AffiliationInfo></Author><Author ValidYN="Y"><LastName>Urbina</LastName><ForeName>Aspiro Nayim</ForeName><Initials>AN</Initials><AffiliationInfo><Affiliation>Center for Tropical Medicine and Infectious Disease Research, Kaohsiung Medical University, Kaohsiung 80708, Taiwan.</Affiliation></AffiliationInfo></Author><Author ValidYN="Y"><LastName>Assavalapsakul</LastName><ForeName>Wanchai</ForeName><Initials>W</Initials><AffiliationInfo><Affiliation>Department of Microbiology, Faculty of Science, Chulalongkorn University, Bangkok 10330, Thailand.</Affiliation></AffiliationInfo></Author><Author ValidYN="Y"><LastName>Wang</LastName><ForeName>Wen-Hung</ForeName><Initials>WH</Initials><AffiliationInfo><Affiliation>School of Medicine, College of Medicine, National Sun Yat-Sen University, Kaohsiung 804201, Taiwan.</Affiliation></AffiliationInfo></Author><Author ValidYN="Y"><LastName>Chen</LastName><ForeName>Yen-Hsu</ForeName><Initials>YH</Initials><AffiliationInfo><Affiliation>Center for Tropical Medicine and Infectious Disease Research, Kaohsiung Medical University, Kaohsiung 80708, Taiwan; School of Medicine, College of Medicine, National Sun Yat-Sen University, Kaohsiung 804201, Taiwan; Division of Infectious Disease, Department of Internal Medicine, Kaohsiung Medical University Hospital, Kaohsiung 80708, Taiwan.</Affiliation></AffiliationInfo></Author><Author ValidYN="Y"><LastName>Wang</LastName><ForeName>Sheng-Fan</ForeName><Initials>SF</Initials><AffiliationInfo><Affiliation>Center for Tropical Medicine and Infectious Disease Research, Kaohsiung Medical University, Kaohsiung 80708, Taiwan; Department of Medical Laboratory Science and Biotechnology, Kaohsiung Medical University, Kaohsiung 80708, Taiwan; Department of Medical Research, Kaohsiung Medical University Hospital, Kaohsiung 80708, Taiwan. Electronic address: wasf1234@kmu.edu.tw.</Affiliation></AffiliationInfo></Author></AuthorList><Language>eng</Language><PublicationTypeList><PublicationType UI="D016428">Journal Article</PublicationType><PublicationType UI="D000078182">Systematic Review</PublicationType></PublicationTypeList><ArticleDate DateType="Electronic"><Year>2023</Year><Month>08</Month><Day>03</Day></ArticleDate></Article><MedlineJournalInfo><Country>England</Country><MedlineTA>J Infect Public Health</MedlineTA><NlmUniqueID>101487384</NlmUniqueID><ISSNLinking>1876-0341</ISSNLinking></MedlineJournalInfo><ChemicalList><Chemical><RegistryNumber>0</RegistryNumber><NameOfSubstance UI="D000998">Antiviral Agents</NameOfSubstance></Chemical></ChemicalList><CitationSubset>IM</CitationSubset><MeshHeadingList><MeshHeading><DescriptorName UI="D006801" MajorTopicYN="N">Humans</DescriptorName></MeshHeading><MeshHeading><DescriptorName UI="D000998" MajorTopicYN="Y">Antiviral Agents</DescriptorName><QualifierName UI="Q000627" MajorTopicYN="N">therapeutic use</QualifierName></MeshHeading><MeshHeading><DescriptorName UI="D003715" MajorTopicYN="Y">Dengue</DescriptorName><QualifierName UI="Q000453" MajorTopicYN="N">epidemiology</QualifierName><QualifierName UI="Q000628" MajorTopicYN="N">therapy</QualifierName></MeshHeading><MeshHeading><DescriptorName UI="D020022" MajorTopicYN="N">Genetic Predisposition to Disease</DescriptorName></MeshHeading><MeshHeading><DescriptorName UI="D012307" MajorTopicYN="N">Risk Factors</DescriptorName></MeshHeading><MeshHeading><DescriptorName UI="D014774" MajorTopicYN="N">Virulence</DescriptorName></MeshHeading></MeshHeadingList><KeywordList Owner="NOTNLM"><Keyword MajorTopicYN="N">Dengue fever</Keyword><Keyword MajorTopicYN="N">Dengue hemorrhagic fever</Keyword><Keyword MajorTopicYN="N">Dengue shock syndrome</Keyword><Keyword MajorTopicYN="N">Dengue virus</Keyword><Keyword MajorTopicYN="N">PRISMA</Keyword><Keyword MajorTopicYN="N">Systemic review</Keyword></KeywordList><CoiStatement>Declaration of Competing Interest We have no conflict of interest to declare.</CoiStatement></MedlineCitation><PubmedData><History><PubMedPubDate PubStatus="received"><Year>2023</Year><Month>3</Month><Day>30</Day></PubMedPubDate><PubMedPubDate PubStatus="revised"><Year>2023</Year><Month>7</Month><Day>24</Day></PubMedPubDate><PubMedPubDate PubStatus="accepted"><Year>2023</Year><Month>8</Month><Day>1</Day></PubMedPubDate><PubMedPubDate PubStatus="medline"><Year>2023</Year><Month>9</Month><Day>11</Day><Hour>6</Hour><Minute>42</Minute></PubMedPubDate><PubMedPubDate PubStatus="pubmed"><Year>2023</Year><Month>8</Month><Day>19</Day><Hour>11</Hour><Minute>42</Minute></PubMedPubDate><PubMedPubDate PubStatus="entrez"><Year>2023</Year><Month>8</Month><Day>18</Day><Hour>18</Hour><Minute>7</Minute></PubMedPubDate></History><PublicationStatus>ppublish</PublicationStatus><ArticleIdList><ArticleId IdType="pubmed">37595484</ArticleId><ArticleId IdType="doi">10.1016/j.jiph.2023.08.001</ArticleId><ArticleId IdType="pii">S1876-0341(23)00258-7</ArticleId></ArticleIdList></PubmedData></PubmedArticle></PubmedArticleSet>