<?xml version="1.0" ?>
<!DOCTYPE PubmedArticleSet PUBLIC "-//NLM//DTD PubMedArticle, 1st January 2023//EN" "https://dtd.nlm.nih.gov/ncbi/pubmed/out/pubmed_230101.dtd">
<PubmedArticleSet>
<PubmedArticle><MedlineCitation Status="Publisher" Owner="NLM" IndexingMethod="Automated"><PMID Version="1">37604758</PMID><DateRevised><Year>2023</Year><Month>08</Month><Day>21</Day></DateRevised><Article PubModel="Print-Electronic"><Journal><ISSN IssnType="Electronic">1995-9133</ISSN><JournalIssue CitedMedium="Internet"><PubDate><Year>2023</Year><Month>Aug</Month><Day>09</Day></PubDate></JournalIssue><Title>Journal of microbiology, immunology, and infection = Wei mian yu gan ran za zhi</Title><ISOAbbreviation>J Microbiol Immunol Infect</ISOAbbreviation></Journal><ArticleTitle>In-hospital mortality predictors among hospitalized adults and those with chronic kidney disease with dengue.</ArticleTitle><ELocationID EIdType="pii" ValidYN="Y">S1684-1182(23)00155-X</ELocationID><ELocationID EIdType="doi" ValidYN="Y">10.1016/j.jmii.2023.08.004</ELocationID><Abstract><AbstractText Label="BACKGROUND" NlmCategory="BACKGROUND">Accurately identifying risk factors that predict fatality in dengue is crucial for patient triage and clinical management. Our objective was to identify predictors of death associated with dengue and investigate the clinical characteristics and risk factors among patients with chronic kidney disease (CKD) who died from dengue.</AbstractText><AbstractText Label="METHODS" NlmCategory="METHODS">A multicenter longitudinal observation study conducted from 2008 to 2019.</AbstractText><AbstractText Label="RESULTS" NlmCategory="RESULTS">A total of 1272 patients (113 who died and 1186 who recovered) diagnosed with dengue were included. Old age, CKD, and an elevated white blood cell count at hospital presentation were identified as independent predictors of in-hospital mortality among individuals infected with the dengue virus. In a subgroup analysis of 138 patients with CKD infected with dengue virus, 64 (46.3%) patients died, with 46 (33.3%) patients dying within 7 days after symptom onset. Among 64 fatal dengue patients with CKD, 34.4% were in stages 2 and 3 of kidney disease, 51.5% were in stages 4 and 5, and 14.1% had end stage renal disease as per the classification by Kidney Disease Improving Global Outcomes. Multivariate analysis revealed that initial altered consciousness, pulmonary edema, and leukocytosis during hospitalization were independently associated with in-hospital mortality in CKD patients infected with the dengue virus. Leukocytosis during hospitalization and severe hepatitis were independent risk factors for death within 7 days after dengue illness onset in CKD patients.</AbstractText><AbstractText Label="CONCLUSIONS" NlmCategory="CONCLUSIONS">This study offers valuable insights into predictors linked to fatality in dengue and reinforces the importance of optimizing patient triage to improve the quality of care.</AbstractText><CopyrightInformation>Copyright &#xa9; 2023. Published by Elsevier B.V.</CopyrightInformation></Abstract><AuthorList CompleteYN="Y"><Author ValidYN="Y"><LastName>Lee</LastName><ForeName>Ing-Kit</ForeName><Initials>IK</Initials><AffiliationInfo><Affiliation>Division of Infectious Diseases, Department of Internal Medicine, Kaohsiung Chang Gung Memorial Hospital, Kaohsiung, Taiwan; School of Medicine, College of Medicine, Chang Gung University, Taoyuan, Taiwan. Electronic address: leee@cgmh.org.tw.</Affiliation></AffiliationInfo></Author><Author ValidYN="Y"><LastName>Lee</LastName><ForeName>Nan-Yao</ForeName><Initials>NY</Initials><AffiliationInfo><Affiliation>Division of Infectious Diseases, Department of Internal Medicine, National Cheng Kung University Hospital, Tainan, Taiwan.</Affiliation></AffiliationInfo></Author><Author ValidYN="Y"><LastName>Huang</LastName><ForeName>Wen-Chi</ForeName><Initials>WC</Initials><AffiliationInfo><Affiliation>Division of Infectious Diseases, Department of Internal Medicine, Kaohsiung Chang Gung Memorial Hospital, Kaohsiung, Taiwan.</Affiliation></AffiliationInfo></Author><Author ValidYN="Y"><LastName>Hsu</LastName><ForeName>Jui-Chi</ForeName><Initials>JC</Initials><AffiliationInfo><Affiliation>Division of Infectious Diseases, Department of Internal Medicine, Kaohsiung Chang Gung Memorial Hospital, Kaohsiung, Taiwan.</Affiliation></AffiliationInfo></Author><Author ValidYN="Y"><LastName>Tai</LastName><ForeName>Chien-Hsiang</ForeName><Initials>CH</Initials><AffiliationInfo><Affiliation>Division of Infectious Diseases, Department of Internal Medicine, Kaohsiung Chang Gung Memorial Hospital, Kaohsiung, Taiwan.</Affiliation></AffiliationInfo></Author><Author ValidYN="Y"><LastName>Yang</LastName><ForeName>Cheng Hsun</ForeName><Initials>CH</Initials><AffiliationInfo><Affiliation>Division of Infectious Diseases, Department of Internal Medicine, Kaohsiung Chang Gung Memorial Hospital, Kaohsiung, Taiwan.</Affiliation></AffiliationInfo></Author><Author ValidYN="Y"><LastName>Huang</LastName><ForeName>Chung-Hao</ForeName><Initials>CH</Initials><AffiliationInfo><Affiliation>Division of Infectious Diseases, Department of Internal Medicine, Kaohsiung Medical University Hospital, Kaohsiung Medical University, Kaohsiung, Taiwan.</Affiliation></AffiliationInfo></Author><Author ValidYN="Y"><LastName>Lin</LastName><ForeName>Chun-Yu</ForeName><Initials>CY</Initials><AffiliationInfo><Affiliation>Division of Infectious Diseases, Department of Internal Medicine, Kaohsiung Medical University Hospital, Kaohsiung Medical University, Kaohsiung, Taiwan.</Affiliation></AffiliationInfo></Author><Author ValidYN="Y"><LastName>Chang</LastName><ForeName>Ko</ForeName><Initials>K</Initials><AffiliationInfo><Affiliation>Division of Infectious Diseases, Department of Internal Medicine, Kaohsiung Municipal Siaogang Hospital, Kaohsiung Medical University, Kaohsiung, Taiwan.</Affiliation></AffiliationInfo></Author><Author ValidYN="Y"><LastName>Chen</LastName><ForeName>Yen-Hsu</ForeName><Initials>YH</Initials><AffiliationInfo><Affiliation>Division of Infectious Diseases, Department of Internal Medicine, Center for Tropical Medicine and Infectious Disease Research, School of Medicine, College of Medicine, Kaohsiung Medical University Hospital, Kaohsiung Medical University, Kaohsiung, Taiwan; School of Medicine, College of Medicine, National Sun Yat-Sen University, Kaohsiung, Taiwan; College of Biological Science and Technology, National Yang Ming Chiao Tung University, Hsinchu, Taiwan. Electronic address: infchen@gmail.com.</Affiliation></AffiliationInfo></Author></AuthorList><Language>eng</Language><PublicationTypeList><PublicationType UI="D016428">Journal Article</PublicationType></PublicationTypeList><ArticleDate DateType="Electronic"><Year>2023</Year><Month>08</Month><Day>09</Day></ArticleDate></Article><MedlineJournalInfo><Country>England</Country><MedlineTA>J Microbiol Immunol Infect</MedlineTA><NlmUniqueID>100956211</NlmUniqueID><ISSNLinking>1684-1182</ISSNLinking></MedlineJournalInfo><CitationSubset>IM</CitationSubset><KeywordList Owner="NOTNLM"><Keyword MajorTopicYN="N">Chronic kidney disease</Keyword><Keyword MajorTopicYN="N">Dengue</Keyword><Keyword MajorTopicYN="N">Mortality</Keyword><Keyword MajorTopicYN="N">Risk factor</Keyword></KeywordList></MedlineCitation><PubmedData><History><PubMedPubDate PubStatus="received"><Year>2022</Year><Month>11</Month><Day>16</Day></PubMedPubDate><PubMedPubDate PubStatus="revised"><Year>2023</Year><Month>7</Month><Day>27</Day></PubMedPubDate><PubMedPubDate PubStatus="accepted"><Year>2023</Year><Month>8</Month><Day>6</Day></PubMedPubDate><PubMedPubDate PubStatus="medline"><Year>2023</Year><Month>8</Month><Day>22</Day><Hour>0</Hour><Minute>42</Minute></PubMedPubDate><PubMedPubDate PubStatus="pubmed"><Year>2023</Year><Month>8</Month><Day>22</Day><Hour>0</Hour><Minute>42</Minute></PubMedPubDate><PubMedPubDate PubStatus="entrez"><Year>2023</Year><Month>8</Month><Day>21</Day><Hour>22</Hour><Minute>2</Minute></PubMedPubDate></History><PublicationStatus>aheadofprint</PublicationStatus><ArticleIdList><ArticleId IdType="pubmed">37604758</ArticleId><ArticleId IdType="doi">10.1016/j.jmii.2023.08.004</ArticleId><ArticleId IdType="pii">S1684-1182(23)00155-X</ArticleId></ArticleIdList></PubmedData></PubmedArticle></PubmedArticleSet>