[
    {
      "ID": "1046654519583469568",
      "author_id": "3068587468",
      "Text": "1.10. Mo, Mineyama, Businesshotel Der Durchgang des Typhoon war ein n\u00e4chtliches Spektakel welches da und dort Spuren hinterlassen hat. Z\u00fcge gehen in dieser Region noch nicht, Strassen sind teilweise noch \u00fcberschwemmt. Der Wanderbeginn war etwas umst\u00e4ndlich.",
      "date": "2018-10-01 14:54:18",
      "Username": "",
      "Author ID": 3068587468,
      "Urls": "",
      "formatted_date": "Mon Oct 01 14:54:18 +0000 2018",
      "favorites": "0"
    }
]
